run,item_id,stage,language,direction,snr,noise_type,candidate_id,latency_s,peak_ram_mb,wer,cer,bleu,rtf,notes,audio_ref,input_text,output_audio_path,error
fleurs-asr/moonshine-tiny-en-hf-cpu,en-asr-1845-clean,ASR,en,,,clean,moonshine-tiny-en-hf-cpu,1.287,509.140625,0.21739130434782608,0.06201550387596899,,0.13295454545454546,,eval_data\mixed\en_1845_clean.wav,,,
fleurs-asr/moonshine-tiny-en-hf-cpu,en-asr-1845-steady-15,ASR,en,,15.0,steady,moonshine-tiny-en-hf-cpu,0.9667,510.94921875,0.21739130434782608,0.06201550387596899,,0.09986570247933885,,eval_data\mixed\en_1845_steady_15.wav,,,
fleurs-asr/moonshine-tiny-en-hf-cpu,en-asr-1845-steady-10,ASR,en,,10.0,steady,moonshine-tiny-en-hf-cpu,1.1197,510.94921875,0.17391304347826086,0.06976744186046512,,0.11567148760330578,,eval_data\mixed\en_1845_steady_10.wav,,,
fleurs-asr/moonshine-tiny-en-hf-cpu,en-asr-1845-steady-5,ASR,en,,5.0,steady,moonshine-tiny-en-hf-cpu,0.9976,510.94921875,0.30434782608695654,0.13178294573643412,,0.10305785123966943,,eval_data\mixed\en_1845_steady_5.wav,,,
fleurs-asr/moonshine-tiny-en-hf-cpu,en-asr-1845-steady-0,ASR,en,,0.0,steady,moonshine-tiny-en-hf-cpu,1.1351,510.94921875,0.6086956521739131,0.4108527131782946,,0.11726239669421488,,eval_data\mixed\en_1845_steady_0.wav,,,
fleurs-asr/moonshine-tiny-en-hf-cpu,en-asr-1845-impulsive-15,ASR,en,,15.0,impulsive,moonshine-tiny-en-hf-cpu,1.0523,510.94921875,0.17391304347826086,0.03875968992248062,,0.10870867768595041,,eval_data\mixed\en_1845_impulsive_15.wav,,,
fleurs-asr/moonshine-tiny-en-hf-cpu,en-asr-1845-impulsive-10,ASR,en,,10.0,impulsive,moonshine-tiny-en-hf-cpu,1.0189,510.94921875,0.17391304347826086,0.03875968992248062,,0.1052582644628099,,eval_data\mixed\en_1845_impulsive_10.wav,,,
fleurs-asr/moonshine-tiny-en-hf-cpu,en-asr-1845-impulsive-5,ASR,en,,5.0,impulsive,moonshine-tiny-en-hf-cpu,1.0433,512.32421875,0.17391304347826086,0.03875968992248062,,0.10777892561983471,,eval_data\mixed\en_1845_impulsive_5.wav,,,
fleurs-asr/moonshine-tiny-en-hf-cpu,en-asr-1845-impulsive-0,ASR,en,,0.0,impulsive,moonshine-tiny-en-hf-cpu,1.0369,512.3515625,0.17391304347826086,0.03875968992248062,,0.10711776859504132,,eval_data\mixed\en_1845_impulsive_0.wav,,,
fleurs-asr/moonshine-tiny-en-hf-cpu,en-asr-1662-clean,ASR,en,,,clean,moonshine-tiny-en-hf-cpu,1.0456,518.46484375,0.19047619047619047,0.06896551724137931,,0.09369175627240144,,eval_data\mixed\en_1662_clean.wav,,,
fleurs-asr/moonshine-tiny-en-hf-cpu,en-asr-1662-steady-15,ASR,en,,15.0,steady,moonshine-tiny-en-hf-cpu,1.1547,522.390625,0.19047619047619047,0.11206896551724138,,0.10346774193548387,,eval_data\mixed\en_1662_steady_15.wav,,,
fleurs-asr/moonshine-tiny-en-hf-cpu,en-asr-1662-steady-10,ASR,en,,10.0,steady,moonshine-tiny-en-hf-cpu,1.0851,522.390625,0.42857142857142855,0.23275862068965517,,0.09723118279569892,,eval_data\mixed\en_1662_steady_10.wav,,,
fleurs-asr/moonshine-tiny-en-hf-cpu,en-asr-1662-steady-5,ASR,en,,5.0,steady,moonshine-tiny-en-hf-cpu,1.1434,522.390625,0.42857142857142855,0.23275862068965517,,0.10245519713261649,,eval_data\mixed\en_1662_steady_5.wav,,,
fleurs-asr/moonshine-tiny-en-hf-cpu,en-asr-1662-steady-0,ASR,en,,0.0,steady,moonshine-tiny-en-hf-cpu,1.3813,522.390625,0.9523809523809523,0.6637931034482759,,0.12377240143369175,,eval_data\mixed\en_1662_steady_0.wav,,,
fleurs-asr/moonshine-tiny-en-hf-cpu,en-asr-1662-impulsive-15,ASR,en,,15.0,impulsive,moonshine-tiny-en-hf-cpu,1.0168,522.390625,0.2857142857142857,0.13793103448275862,,0.0911111111111111,,eval_data\mixed\en_1662_impulsive_15.wav,,,
fleurs-asr/moonshine-tiny-en-hf-cpu,en-asr-1662-impulsive-10,ASR,en,,10.0,impulsive,moonshine-tiny-en-hf-cpu,1.0506,528.14453125,0.2857142857142857,0.13793103448275862,,0.09413978494623655,,eval_data\mixed\en_1662_impulsive_10.wav,,,
fleurs-asr/moonshine-tiny-en-hf-cpu,en-asr-1662-impulsive-5,ASR,en,,5.0,impulsive,moonshine-tiny-en-hf-cpu,1.0055,528.14453125,0.2857142857142857,0.13793103448275862,,0.09009856630824373,,eval_data\mixed\en_1662_impulsive_5.wav,,,
fleurs-asr/moonshine-tiny-en-hf-cpu,en-asr-1662-impulsive-0,ASR,en,,0.0,impulsive,moonshine-tiny-en-hf-cpu,1.0425,528.14453125,0.3333333333333333,0.14655172413793102,,0.09341397849462366,,eval_data\mixed\en_1662_impulsive_0.wav,,,
fleurs-asr/moonshine-tiny-en-hf-cpu,en-asr-1762-clean,ASR,en,,,clean,moonshine-tiny-en-hf-cpu,0.6633,528.14453125,0.15384615384615385,0.038461538461538464,,0.07785211267605634,,eval_data\mixed\en_1762_clean.wav,,,
fleurs-asr/moonshine-tiny-en-hf-cpu,en-asr-1762-steady-15,ASR,en,,15.0,steady,moonshine-tiny-en-hf-cpu,0.736,528.14453125,0.15384615384615385,0.038461538461538464,,0.0863849765258216,,eval_data\mixed\en_1762_steady_15.wav,,,
fleurs-asr/moonshine-tiny-en-hf-cpu,en-asr-1762-steady-10,ASR,en,,10.0,steady,moonshine-tiny-en-hf-cpu,0.709,528.14453125,0.23076923076923078,0.10256410256410256,,0.08321596244131456,,eval_data\mixed\en_1762_steady_10.wav,,,
fleurs-asr/moonshine-tiny-en-hf-cpu,en-asr-1762-steady-5,ASR,en,,5.0,steady,moonshine-tiny-en-hf-cpu,0.6988,528.14453125,0.23076923076923078,0.10256410256410256,,0.082018779342723,,eval_data\mixed\en_1762_steady_5.wav,,,
fleurs-asr/moonshine-tiny-en-hf-cpu,en-asr-1762-steady-0,ASR,en,,0.0,steady,moonshine-tiny-en-hf-cpu,0.7068,528.14453125,0.23076923076923078,0.1282051282051282,,0.08295774647887325,,eval_data\mixed\en_1762_steady_0.wav,,,
fleurs-asr/moonshine-tiny-en-hf-cpu,en-asr-1762-impulsive-15,ASR,en,,15.0,impulsive,moonshine-tiny-en-hf-cpu,0.7008,528.14453125,0.07692307692307693,0.02564102564102564,,0.08225352112676057,,eval_data\mixed\en_1762_impulsive_15.wav,,,
fleurs-asr/moonshine-tiny-en-hf-cpu,en-asr-1762-impulsive-10,ASR,en,,10.0,impulsive,moonshine-tiny-en-hf-cpu,0.6061,528.14453125,0.07692307692307693,0.02564102564102564,,0.07113849765258216,,eval_data\mixed\en_1762_impulsive_10.wav,,,
fleurs-asr/moonshine-tiny-en-hf-cpu,en-asr-1762-impulsive-5,ASR,en,,5.0,impulsive,moonshine-tiny-en-hf-cpu,0.7243,529.86328125,0.15384615384615385,0.038461538461538464,,0.08501173708920189,,eval_data\mixed\en_1762_impulsive_5.wav,,,
fleurs-asr/moonshine-tiny-en-hf-cpu,en-asr-1762-impulsive-0,ASR,en,,0.0,impulsive,moonshine-tiny-en-hf-cpu,0.7343,529.86328125,0.15384615384615385,0.038461538461538464,,0.08618544600938967,,eval_data\mixed\en_1762_impulsive_0.wav,,,
fleurs-asr/moonshine-tiny-en-hf-cpu,en-asr-1996-clean,ASR,en,,,clean,moonshine-tiny-en-hf-cpu,1.704,535.6328125,0.47619047619047616,0.12738853503184713,,0.12188841201716738,,eval_data\mixed\en_1996_clean.wav,,,
fleurs-asr/moonshine-tiny-en-hf-cpu,en-asr-1996-steady-15,ASR,en,,15.0,steady,moonshine-tiny-en-hf-cpu,1.566,538.0859375,0.3333333333333333,0.15286624203821655,,0.11201716738197424,,eval_data\mixed\en_1996_steady_15.wav,,,
fleurs-asr/moonshine-tiny-en-hf-cpu,en-asr-1996-steady-10,ASR,en,,10.0,steady,moonshine-tiny-en-hf-cpu,2.0886,538.71875,0.5714285714285714,0.21019108280254778,,0.1493991416309013,,eval_data\mixed\en_1996_steady_10.wav,,,
fleurs-asr/moonshine-tiny-en-hf-cpu,en-asr-1996-steady-5,ASR,en,,5.0,steady,moonshine-tiny-en-hf-cpu,1.7667,541.09765625,0.5714285714285714,0.20382165605095542,,0.12637339055793992,,eval_data\mixed\en_1996_steady_5.wav,,,
fleurs-asr/moonshine-tiny-en-hf-cpu,en-asr-1996-steady-0,ASR,en,,0.0,steady,moonshine-tiny-en-hf-cpu,1.8181,541.09765625,0.6666666666666666,0.3821656050955414,,0.13005007153075823,,eval_data\mixed\en_1996_steady_0.wav,,,
fleurs-asr/moonshine-tiny-en-hf-cpu,en-asr-1996-impulsive-15,ASR,en,,15.0,impulsive,moonshine-tiny-en-hf-cpu,1.5492,541.09765625,0.47619047619047616,0.1464968152866242,,0.11081545064377682,,eval_data\mixed\en_1996_impulsive_15.wav,,,
fleurs-asr/moonshine-tiny-en-hf-cpu,en-asr-1996-impulsive-10,ASR,en,,10.0,impulsive,moonshine-tiny-en-hf-cpu,1.6884,541.09765625,0.42857142857142855,0.15286624203821655,,0.1207725321888412,,eval_data\mixed\en_1996_impulsive_10.wav,,,
fleurs-asr/moonshine-tiny-en-hf-cpu,en-asr-1996-impulsive-5,ASR,en,,5.0,impulsive,moonshine-tiny-en-hf-cpu,1.762,541.09765625,0.42857142857142855,0.15286624203821655,,0.12603719599427754,,eval_data\mixed\en_1996_impulsive_5.wav,,,
fleurs-asr/moonshine-tiny-en-hf-cpu,en-asr-1996-impulsive-0,ASR,en,,0.0,impulsive,moonshine-tiny-en-hf-cpu,1.9161,543.859375,0.38095238095238093,0.1910828025477707,,0.13706008583690987,,eval_data\mixed\en_1996_impulsive_0.wav,,,
fleurs-asr/moonshine-tiny-en-hf-cpu,en-asr-1865-clean,ASR,en,,,clean,moonshine-tiny-en-hf-cpu,1.0289,543.859375,0.17647058823529413,0.034482758620689655,,0.11991841491841491,,eval_data\mixed\en_1865_clean.wav,,,
fleurs-asr/moonshine-tiny-en-hf-cpu,en-asr-1865-steady-15,ASR,en,,15.0,steady,moonshine-tiny-en-hf-cpu,0.9814,543.859375,0.17647058823529413,0.034482758620689655,,0.11438228438228439,,eval_data\mixed\en_1865_steady_15.wav,,,
fleurs-asr/moonshine-tiny-en-hf-cpu,en-asr-1865-steady-10,ASR,en,,10.0,steady,moonshine-tiny-en-hf-cpu,0.9622,543.859375,0.23529411764705882,0.05172413793103448,,0.11214452214452215,,eval_data\mixed\en_1865_steady_10.wav,,,
fleurs-asr/moonshine-tiny-en-hf-cpu,en-asr-1865-steady-5,ASR,en,,5.0,steady,moonshine-tiny-en-hf-cpu,0.9082,543.859375,0.29411764705882354,0.06896551724137931,,0.10585081585081585,,eval_data\mixed\en_1865_steady_5.wav,,,
fleurs-asr/moonshine-tiny-en-hf-cpu,en-asr-1865-steady-0,ASR,en,,0.0,steady,moonshine-tiny-en-hf-cpu,0.9683,543.859375,0.5294117647058824,0.25862068965517243,,0.11285547785547786,,eval_data\mixed\en_1865_steady_0.wav,,,
fleurs-asr/moonshine-tiny-en-hf-cpu,en-asr-1865-impulsive-15,ASR,en,,15.0,impulsive,moonshine-tiny-en-hf-cpu,0.9179,543.859375,0.17647058823529413,0.034482758620689655,,0.10698135198135199,,eval_data\mixed\en_1865_impulsive_15.wav,,,
fleurs-asr/moonshine-tiny-en-hf-cpu,en-asr-1865-impulsive-10,ASR,en,,10.0,impulsive,moonshine-tiny-en-hf-cpu,0.9341,543.859375,0.17647058823529413,0.034482758620689655,,0.10886946386946388,,eval_data\mixed\en_1865_impulsive_10.wav,,,
fleurs-asr/moonshine-tiny-en-hf-cpu,en-asr-1865-impulsive-5,ASR,en,,5.0,impulsive,moonshine-tiny-en-hf-cpu,0.9039,543.859375,0.23529411764705882,0.06896551724137931,,0.10534965034965035,,eval_data\mixed\en_1865_impulsive_5.wav,,,
fleurs-asr/moonshine-tiny-en-hf-cpu,en-asr-1865-impulsive-0,ASR,en,,0.0,impulsive,moonshine-tiny-en-hf-cpu,0.9027,543.859375,0.35294117647058826,0.10344827586206896,,0.1052097902097902,,eval_data\mixed\en_1865_impulsive_0.wav,,,
fleurs-asr/moonshine-tiny-en-hf-cpu,en-asr-1853-clean,ASR,en,,,clean,moonshine-tiny-en-hf-cpu,0.9159,543.859375,0.75,0.42696629213483145,,0.15901041666666668,,eval_data\mixed\en_1853_clean.wav,,,
fleurs-asr/moonshine-tiny-en-hf-cpu,en-asr-1853-steady-15,ASR,en,,15.0,steady,moonshine-tiny-en-hf-cpu,0.8975,543.859375,0.75,0.4606741573033708,,0.1558159722222222,,eval_data\mixed\en_1853_steady_15.wav,,,
fleurs-asr/moonshine-tiny-en-hf-cpu,en-asr-1853-steady-10,ASR,en,,10.0,steady,moonshine-tiny-en-hf-cpu,0.8146,543.859375,0.6875,0.47191011235955055,,0.14142361111111112,,eval_data\mixed\en_1853_steady_10.wav,,,
fleurs-asr/moonshine-tiny-en-hf-cpu,en-asr-1853-steady-5,ASR,en,,5.0,steady,moonshine-tiny-en-hf-cpu,0.7948,543.859375,0.75,0.5280898876404494,,0.13798611111111111,,eval_data\mixed\en_1853_steady_5.wav,,,
fleurs-asr/moonshine-tiny-en-hf-cpu,en-asr-1853-steady-0,ASR,en,,0.0,steady,moonshine-tiny-en-hf-cpu,0.7391,543.859375,0.875,0.5280898876404494,,0.1283159722222222,,eval_data\mixed\en_1853_steady_0.wav,,,
fleurs-asr/moonshine-tiny-en-hf-cpu,en-asr-1853-impulsive-15,ASR,en,,15.0,impulsive,moonshine-tiny-en-hf-cpu,0.7886,543.859375,0.5625,0.2696629213483146,,0.13690972222222222,,eval_data\mixed\en_1853_impulsive_15.wav,,,
fleurs-asr/moonshine-tiny-en-hf-cpu,en-asr-1853-impulsive-10,ASR,en,,10.0,impulsive,moonshine-tiny-en-hf-cpu,0.9318,543.859375,0.4375,0.21348314606741572,,0.16177083333333334,,eval_data\mixed\en_1853_impulsive_10.wav,,,
fleurs-asr/moonshine-tiny-en-hf-cpu,en-asr-1853-impulsive-5,ASR,en,,5.0,impulsive,moonshine-tiny-en-hf-cpu,0.7197,543.859375,0.4375,0.2247191011235955,,0.12494791666666667,,eval_data\mixed\en_1853_impulsive_5.wav,,,
fleurs-asr/moonshine-tiny-en-hf-cpu,en-asr-1853-impulsive-0,ASR,en,,0.0,impulsive,moonshine-tiny-en-hf-cpu,0.6519,543.859375,0.5,0.25842696629213485,,0.11317708333333334,,eval_data\mixed\en_1853_impulsive_0.wav,,,
fleurs-asr/moonshine-tiny-en-hf-cpu,en-asr-1911-clean,ASR,en,,,clean,moonshine-tiny-en-hf-cpu,1.8269,549.8984375,0.2857142857142857,0.125,,0.12310646900269542,,eval_data\mixed\en_1911_clean.wav,,,
fleurs-asr/moonshine-tiny-en-hf-cpu,en-asr-1911-steady-15,ASR,en,,15.0,steady,moonshine-tiny-en-hf-cpu,1.5911,551.5,0.25,0.10625,,0.10721698113207546,,eval_data\mixed\en_1911_steady_15.wav,,,
fleurs-asr/moonshine-tiny-en-hf-cpu,en-asr-1911-steady-10,ASR,en,,10.0,steady,moonshine-tiny-en-hf-cpu,1.6112,551.90234375,0.25,0.125,,0.10857142857142857,,eval_data\mixed\en_1911_steady_10.wav,,,
fleurs-asr/moonshine-tiny-en-hf-cpu,en-asr-1911-steady-5,ASR,en,,5.0,steady,moonshine-tiny-en-hf-cpu,1.6493,551.90234375,0.5357142857142857,0.26875,,0.11113881401617251,,eval_data\mixed\en_1911_steady_5.wav,,,
fleurs-asr/moonshine-tiny-en-hf-cpu,en-asr-1911-steady-0,ASR,en,,0.0,steady,moonshine-tiny-en-hf-cpu,1.5851,551.90234375,0.8214285714285714,0.5875,,0.10681266846361186,,eval_data\mixed\en_1911_steady_0.wav,,,
fleurs-asr/moonshine-tiny-en-hf-cpu,en-asr-1911-impulsive-15,ASR,en,,15.0,impulsive,moonshine-tiny-en-hf-cpu,1.6111,551.90234375,0.2857142857142857,0.1,,0.10856469002695418,,eval_data\mixed\en_1911_impulsive_15.wav,,,
fleurs-asr/moonshine-tiny-en-hf-cpu,en-asr-1911-impulsive-10,ASR,en,,10.0,impulsive,moonshine-tiny-en-hf-cpu,1.6485,551.90234375,0.2857142857142857,0.1,,0.11108490566037736,,eval_data\mixed\en_1911_impulsive_10.wav,,,
fleurs-asr/moonshine-tiny-en-hf-cpu,en-asr-1911-impulsive-5,ASR,en,,5.0,impulsive,moonshine-tiny-en-hf-cpu,1.565,552.39453125,0.25,0.10625,,0.10545822102425875,,eval_data\mixed\en_1911_impulsive_5.wav,,,
fleurs-asr/moonshine-tiny-en-hf-cpu,en-asr-1911-impulsive-0,ASR,en,,0.0,impulsive,moonshine-tiny-en-hf-cpu,1.5918,552.39453125,0.25,0.10625,,0.10726415094339624,,eval_data\mixed\en_1911_impulsive_0.wav,,,
fleurs-asr/moonshine-tiny-en-hf-cpu,en-asr-1906-clean,ASR,en,,,clean,moonshine-tiny-en-hf-cpu,0.8614,552.39453125,0.2857142857142857,0.17894736842105263,,0.13544025157232706,,eval_data\mixed\en_1906_clean.wav,,,
fleurs-asr/moonshine-tiny-en-hf-cpu,en-asr-1906-steady-15,ASR,en,,15.0,steady,moonshine-tiny-en-hf-cpu,0.8284,552.39453125,0.23809523809523808,0.15789473684210525,,0.130251572327044,,eval_data\mixed\en_1906_steady_15.wav,,,
fleurs-asr/moonshine-tiny-en-hf-cpu,en-asr-1906-steady-10,ASR,en,,10.0,steady,moonshine-tiny-en-hf-cpu,0.7908,552.39453125,0.23809523809523808,0.15789473684210525,,0.12433962264150943,,eval_data\mixed\en_1906_steady_10.wav,,,
fleurs-asr/moonshine-tiny-en-hf-cpu,en-asr-1906-steady-5,ASR,en,,5.0,steady,moonshine-tiny-en-hf-cpu,0.8854,552.39453125,0.23809523809523808,0.15789473684210525,,0.1392138364779874,,eval_data\mixed\en_1906_steady_5.wav,,,
fleurs-asr/moonshine-tiny-en-hf-cpu,en-asr-1906-steady-0,ASR,en,,0.0,steady,moonshine-tiny-en-hf-cpu,0.9142,552.39453125,0.3333333333333333,0.29473684210526313,,0.14374213836477986,,eval_data\mixed\en_1906_steady_0.wav,,,
fleurs-asr/moonshine-tiny-en-hf-cpu,en-asr-1906-impulsive-15,ASR,en,,15.0,impulsive,moonshine-tiny-en-hf-cpu,0.7294,552.39453125,0.19047619047619047,0.10526315789473684,,0.11468553459119497,,eval_data\mixed\en_1906_impulsive_15.wav,,,
fleurs-asr/moonshine-tiny-en-hf-cpu,en-asr-1906-impulsive-10,ASR,en,,10.0,impulsive,moonshine-tiny-en-hf-cpu,0.8991,552.39453125,0.3333333333333333,0.23157894736842105,,0.14136792452830188,,eval_data\mixed\en_1906_impulsive_10.wav,,,
fleurs-asr/moonshine-tiny-en-hf-cpu,en-asr-1906-impulsive-5,ASR,en,,5.0,impulsive,moonshine-tiny-en-hf-cpu,0.9077,552.39453125,0.38095238095238093,0.2736842105263158,,0.1427201257861635,,eval_data\mixed\en_1906_impulsive_5.wav,,,
fleurs-asr/moonshine-tiny-en-hf-cpu,en-asr-1906-impulsive-0,ASR,en,,0.0,impulsive,moonshine-tiny-en-hf-cpu,0.7663,552.39453125,0.38095238095238093,0.2736842105263158,,0.12048742138364779,,eval_data\mixed\en_1906_impulsive_0.wav,,,
fleurs-asr/moonshine-tiny-en-hf-cpu,en-asr-1801-clean,ASR,en,,,clean,moonshine-tiny-en-hf-cpu,1.5271,552.39453125,0.06451612903225806,0.03529411764705882,,0.11657251908396946,,eval_data\mixed\en_1801_clean.wav,,,
fleurs-asr/moonshine-tiny-en-hf-cpu,en-asr-1801-steady-15,ASR,en,,15.0,steady,moonshine-tiny-en-hf-cpu,1.5638,552.39453125,0.0967741935483871,0.06470588235294118,,0.11937404580152673,,eval_data\mixed\en_1801_steady_15.wav,,,
fleurs-asr/moonshine-tiny-en-hf-cpu,en-asr-1801-steady-10,ASR,en,,10.0,steady,moonshine-tiny-en-hf-cpu,1.585,553.68359375,0.16129032258064516,0.07647058823529412,,0.12099236641221374,,eval_data\mixed\en_1801_steady_10.wav,,,
fleurs-asr/moonshine-tiny-en-hf-cpu,en-asr-1801-steady-5,ASR,en,,5.0,steady,moonshine-tiny-en-hf-cpu,1.3552,553.68359375,0.4838709677419355,0.31176470588235294,,0.10345038167938932,,eval_data\mixed\en_1801_steady_5.wav,,,
fleurs-asr/moonshine-tiny-en-hf-cpu,en-asr-1801-steady-0,ASR,en,,0.0,steady,moonshine-tiny-en-hf-cpu,1.2946,553.90234375,0.6129032258064516,0.40588235294117647,,0.09882442748091604,,eval_data\mixed\en_1801_steady_0.wav,,,
fleurs-asr/moonshine-tiny-en-hf-cpu,en-asr-1801-impulsive-15,ASR,en,,15.0,impulsive,moonshine-tiny-en-hf-cpu,1.5514,553.90234375,0.06451612903225806,0.03529411764705882,,0.11842748091603053,,eval_data\mixed\en_1801_impulsive_15.wav,,,
fleurs-asr/moonshine-tiny-en-hf-cpu,en-asr-1801-impulsive-10,ASR,en,,10.0,impulsive,moonshine-tiny-en-hf-cpu,1.538,553.90234375,0.06451612903225806,0.03529411764705882,,0.11740458015267176,,eval_data\mixed\en_1801_impulsive_10.wav,,,
fleurs-asr/moonshine-tiny-en-hf-cpu,en-asr-1801-impulsive-5,ASR,en,,5.0,impulsive,moonshine-tiny-en-hf-cpu,1.7463,553.90234375,0.06451612903225806,0.03529411764705882,,0.13330534351145037,,eval_data\mixed\en_1801_impulsive_5.wav,,,
fleurs-asr/moonshine-tiny-en-hf-cpu,en-asr-1801-impulsive-0,ASR,en,,0.0,impulsive,moonshine-tiny-en-hf-cpu,1.5265,553.90234375,0.06451612903225806,0.03529411764705882,,0.11652671755725191,,eval_data\mixed\en_1801_impulsive_0.wav,,,
fleurs-asr/moonshine-tiny-en-hf-cpu,en-asr-1715-clean,ASR,en,,,clean,moonshine-tiny-en-hf-cpu,1.7161,553.90234375,0.25,0.05339805825242718,,0.13120030581039754,,eval_data\mixed\en_1715_clean.wav,,,
fleurs-asr/moonshine-tiny-en-hf-cpu,en-asr-1715-steady-15,ASR,en,,15.0,steady,moonshine-tiny-en-hf-cpu,1.7374,557.36328125,0.21875,0.04854368932038835,,0.13282874617737003,,eval_data\mixed\en_1715_steady_15.wav,,,
fleurs-asr/moonshine-tiny-en-hf-cpu,en-asr-1715-steady-10,ASR,en,,10.0,steady,moonshine-tiny-en-hf-cpu,1.7291,557.36328125,0.21875,0.04854368932038835,,0.1321941896024465,,eval_data\mixed\en_1715_steady_10.wav,,,
fleurs-asr/moonshine-tiny-en-hf-cpu,en-asr-1715-steady-5,ASR,en,,5.0,steady,moonshine-tiny-en-hf-cpu,1.9692,557.36328125,0.40625,0.15048543689320387,,0.15055045871559633,,eval_data\mixed\en_1715_steady_5.wav,,,
fleurs-asr/moonshine-tiny-en-hf-cpu,en-asr-1715-steady-0,ASR,en,,0.0,steady,moonshine-tiny-en-hf-cpu,1.9024,557.36328125,0.625,0.3932038834951456,,0.1454434250764526,,eval_data\mixed\en_1715_steady_0.wav,,,
fleurs-asr/moonshine-tiny-en-hf-cpu,en-asr-1715-impulsive-15,ASR,en,,15.0,impulsive,moonshine-tiny-en-hf-cpu,1.9086,557.36328125,0.28125,0.06310679611650485,,0.14591743119266057,,eval_data\mixed\en_1715_impulsive_15.wav,,,
fleurs-asr/moonshine-tiny-en-hf-cpu,en-asr-1715-impulsive-10,ASR,en,,10.0,impulsive,moonshine-tiny-en-hf-cpu,2.0037,557.36328125,0.25,0.05825242718446602,,0.1531880733944954,,eval_data\mixed\en_1715_impulsive_10.wav,,,
fleurs-asr/moonshine-tiny-en-hf-cpu,en-asr-1715-impulsive-5,ASR,en,,5.0,impulsive,moonshine-tiny-en-hf-cpu,1.9376,557.36328125,0.25,0.05825242718446602,,0.14813455657492355,,eval_data\mixed\en_1715_impulsive_5.wav,,,
fleurs-asr/moonshine-tiny-en-hf-cpu,en-asr-1715-impulsive-0,ASR,en,,0.0,impulsive,moonshine-tiny-en-hf-cpu,1.8447,557.36328125,0.25,0.05825242718446602,,0.14103211009174313,,eval_data\mixed\en_1715_impulsive_0.wav,,,
fleurs-asr/moonshine-tiny-en-hf-cpu,en-asr-1924-clean,ASR,en,,,clean,moonshine-tiny-en-hf-cpu,1.6071,557.36328125,0.41379310344827586,0.3013698630136986,,0.12400462962962962,,eval_data\mixed\en_1924_clean.wav,,,
fleurs-asr/moonshine-tiny-en-hf-cpu,en-asr-1924-steady-15,ASR,en,,15.0,steady,moonshine-tiny-en-hf-cpu,1.5896,559.61328125,0.3103448275862069,0.2876712328767123,,0.1226543209876543,,eval_data\mixed\en_1924_steady_15.wav,,,
fleurs-asr/moonshine-tiny-en-hf-cpu,en-asr-1924-steady-10,ASR,en,,10.0,steady,moonshine-tiny-en-hf-cpu,1.5663,559.61328125,0.3103448275862069,0.2876712328767123,,0.12085648148148148,,eval_data\mixed\en_1924_steady_10.wav,,,
fleurs-asr/moonshine-tiny-en-hf-cpu,en-asr-1924-steady-5,ASR,en,,5.0,steady,moonshine-tiny-en-hf-cpu,1.82,559.61328125,0.3793103448275862,0.3082191780821918,,0.14043209876543208,,eval_data\mixed\en_1924_steady_5.wav,,,
fleurs-asr/moonshine-tiny-en-hf-cpu,en-asr-1924-steady-0,ASR,en,,0.0,steady,moonshine-tiny-en-hf-cpu,1.767,559.61328125,0.2413793103448276,0.08904109589041095,,0.13634259259259257,,eval_data\mixed\en_1924_steady_0.wav,,,
fleurs-asr/moonshine-tiny-en-hf-cpu,en-asr-1924-impulsive-15,ASR,en,,15.0,impulsive,moonshine-tiny-en-hf-cpu,1.6369,559.61328125,0.3103448275862069,0.2876712328767123,,0.126304012345679,,eval_data\mixed\en_1924_impulsive_15.wav,,,
fleurs-asr/moonshine-tiny-en-hf-cpu,en-asr-1924-impulsive-10,ASR,en,,10.0,impulsive,moonshine-tiny-en-hf-cpu,1.5238,559.61328125,0.3103448275862069,0.2876712328767123,,0.11757716049382716,,eval_data\mixed\en_1924_impulsive_10.wav,,,
fleurs-asr/moonshine-tiny-en-hf-cpu,en-asr-1924-impulsive-5,ASR,en,,5.0,impulsive,moonshine-tiny-en-hf-cpu,1.657,559.61328125,0.3103448275862069,0.2876712328767123,,0.12785493827160493,,eval_data\mixed\en_1924_impulsive_5.wav,,,
fleurs-asr/moonshine-tiny-en-hf-cpu,en-asr-1924-impulsive-0,ASR,en,,0.0,impulsive,moonshine-tiny-en-hf-cpu,1.6349,559.61328125,0.3448275862068966,0.3013698630136986,,0.12614969135802467,,eval_data\mixed\en_1924_impulsive_0.wav,,,
fleurs-asr/moonshine-tiny-en-hf-cpu,en-asr-1680-clean,ASR,en,,,clean,moonshine-tiny-en-hf-cpu,1.8532,561.8046875,0.38461538461538464,0.0948905109489051,,0.12454301075268816,,eval_data\mixed\en_1680_clean.wav,,,
fleurs-asr/moonshine-tiny-en-hf-cpu,en-asr-1680-steady-15,ASR,en,,15.0,steady,moonshine-tiny-en-hf-cpu,1.8782,563.328125,0.4230769230769231,0.1386861313868613,,0.1262231182795699,,eval_data\mixed\en_1680_steady_15.wav,,,
fleurs-asr/moonshine-tiny-en-hf-cpu,en-asr-1680-steady-10,ASR,en,,10.0,steady,moonshine-tiny-en-hf-cpu,1.6251,563.328125,0.46153846153846156,0.145985401459854,,0.10921370967741935,,eval_data\mixed\en_1680_steady_10.wav,,,
fleurs-asr/moonshine-tiny-en-hf-cpu,en-asr-1680-steady-5,ASR,en,,5.0,steady,moonshine-tiny-en-hf-cpu,1.3307,563.328125,0.6538461538461539,0.46715328467153283,,0.0894287634408602,,eval_data\mixed\en_1680_steady_5.wav,,,
fleurs-asr/moonshine-tiny-en-hf-cpu,en-asr-1680-steady-0,ASR,en,,0.0,steady,moonshine-tiny-en-hf-cpu,1.3936,563.328125,1.0,0.7445255474452555,,0.09365591397849461,,eval_data\mixed\en_1680_steady_0.wav,,,
fleurs-asr/moonshine-tiny-en-hf-cpu,en-asr-1680-impulsive-15,ASR,en,,15.0,impulsive,moonshine-tiny-en-hf-cpu,1.2987,563.328125,0.38461538461538464,0.13138686131386862,,0.0872782258064516,,eval_data\mixed\en_1680_impulsive_15.wav,,,
fleurs-asr/moonshine-tiny-en-hf-cpu,en-asr-1680-impulsive-10,ASR,en,,10.0,impulsive,moonshine-tiny-en-hf-cpu,1.4673,564.25390625,0.38461538461538464,0.13138686131386862,,0.09860887096774193,,eval_data\mixed\en_1680_impulsive_10.wav,,,
fleurs-asr/moonshine-tiny-en-hf-cpu,en-asr-1680-impulsive-5,ASR,en,,5.0,impulsive,moonshine-tiny-en-hf-cpu,1.471,564.25390625,0.38461538461538464,0.13138686131386862,,0.09885752688172043,,eval_data\mixed\en_1680_impulsive_5.wav,,,
fleurs-asr/moonshine-tiny-en-hf-cpu,en-asr-1680-impulsive-0,ASR,en,,0.0,impulsive,moonshine-tiny-en-hf-cpu,1.5198,564.9140625,0.4230769230769231,0.16058394160583941,,0.10213709677419354,,eval_data\mixed\en_1680_impulsive_0.wav,,,
fleurs-asr/moonshine-tiny-en-hf-cpu,en-asr-1909-clean,ASR,en,,,clean,moonshine-tiny-en-hf-cpu,0.5908,564.9140625,0.3333333333333333,0.11504424778761062,,0.09467948717948718,,eval_data\mixed\en_1909_clean.wav,,,
fleurs-asr/moonshine-tiny-en-hf-cpu,en-asr-1909-steady-15,ASR,en,,15.0,steady,moonshine-tiny-en-hf-cpu,0.5619,564.9140625,0.3333333333333333,0.11504424778761062,,0.09004807692307691,,eval_data\mixed\en_1909_steady_15.wav,,,
fleurs-asr/moonshine-tiny-en-hf-cpu,en-asr-1909-steady-10,ASR,en,,10.0,steady,moonshine-tiny-en-hf-cpu,0.5566,564.9140625,0.3333333333333333,0.11504424778761062,,0.08919871794871795,,eval_data\mixed\en_1909_steady_10.wav,,,
fleurs-asr/moonshine-tiny-en-hf-cpu,en-asr-1909-steady-5,ASR,en,,5.0,steady,moonshine-tiny-en-hf-cpu,0.622,564.9140625,0.6666666666666666,0.2831858407079646,,0.09967948717948717,,eval_data\mixed\en_1909_steady_5.wav,,,
fleurs-asr/moonshine-tiny-en-hf-cpu,en-asr-1909-steady-0,ASR,en,,0.0,steady,moonshine-tiny-en-hf-cpu,0.6397,564.9140625,0.7777777777777778,0.4336283185840708,,0.10251602564102565,,eval_data\mixed\en_1909_steady_0.wav,,,
fleurs-asr/moonshine-tiny-en-hf-cpu,en-asr-1909-impulsive-15,ASR,en,,15.0,impulsive,moonshine-tiny-en-hf-cpu,0.6182,564.9140625,0.3888888888888889,0.13274336283185842,,0.09907051282051281,,eval_data\mixed\en_1909_impulsive_15.wav,,,
fleurs-asr/moonshine-tiny-en-hf-cpu,en-asr-1909-impulsive-10,ASR,en,,10.0,impulsive,moonshine-tiny-en-hf-cpu,0.7194,564.9140625,0.5,0.18584070796460178,,0.11528846153846153,,eval_data\mixed\en_1909_impulsive_10.wav,,,
fleurs-asr/moonshine-tiny-en-hf-cpu,en-asr-1909-impulsive-5,ASR,en,,5.0,impulsive,moonshine-tiny-en-hf-cpu,0.693,564.9140625,0.5,0.18584070796460178,,0.1110576923076923,,eval_data\mixed\en_1909_impulsive_5.wav,,,
fleurs-asr/moonshine-tiny-en-hf-cpu,en-asr-1909-impulsive-0,ASR,en,,0.0,impulsive,moonshine-tiny-en-hf-cpu,0.708,564.9140625,0.5,0.18584070796460178,,0.11346153846153845,,eval_data\mixed\en_1909_impulsive_0.wav,,,
fleurs-asr/moonshine-tiny-en-hf-cpu,en-asr-2004-clean,ASR,en,,,clean,moonshine-tiny-en-hf-cpu,0.8828,564.9140625,0.29411764705882354,0.1414141414141414,,0.12683908045977013,,eval_data\mixed\en_2004_clean.wav,,,
fleurs-asr/moonshine-tiny-en-hf-cpu,en-asr-2004-steady-15,ASR,en,,15.0,steady,moonshine-tiny-en-hf-cpu,0.9052,564.9140625,0.17647058823529413,0.13131313131313133,,0.1300574712643678,,eval_data\mixed\en_2004_steady_15.wav,,,
fleurs-asr/moonshine-tiny-en-hf-cpu,en-asr-2004-steady-10,ASR,en,,10.0,steady,moonshine-tiny-en-hf-cpu,0.8242,564.9140625,0.29411764705882354,0.15151515151515152,,0.11841954022988506,,eval_data\mixed\en_2004_steady_10.wav,,,
fleurs-asr/moonshine-tiny-en-hf-cpu,en-asr-2004-steady-5,ASR,en,,5.0,steady,moonshine-tiny-en-hf-cpu,0.9431,564.9140625,0.35294117647058826,0.20202020202020202,,0.1355028735632184,,eval_data\mixed\en_2004_steady_5.wav,,,
fleurs-asr/moonshine-tiny-en-hf-cpu,en-asr-2004-steady-0,ASR,en,,0.0,steady,moonshine-tiny-en-hf-cpu,1.0645,564.9140625,0.47058823529411764,0.35353535353535354,,0.15294540229885056,,eval_data\mixed\en_2004_steady_0.wav,,,
fleurs-asr/moonshine-tiny-en-hf-cpu,en-asr-2004-impulsive-15,ASR,en,,15.0,impulsive,moonshine-tiny-en-hf-cpu,1.0184,564.9140625,0.17647058823529413,0.13131313131313133,,0.14632183908045976,,eval_data\mixed\en_2004_impulsive_15.wav,,,
fleurs-asr/moonshine-tiny-en-hf-cpu,en-asr-2004-impulsive-10,ASR,en,,10.0,impulsive,moonshine-tiny-en-hf-cpu,0.9851,564.9140625,0.23529411764705882,0.20202020202020202,,0.1415373563218391,,eval_data\mixed\en_2004_impulsive_10.wav,,,
fleurs-asr/moonshine-tiny-en-hf-cpu,en-asr-2004-impulsive-5,ASR,en,,5.0,impulsive,moonshine-tiny-en-hf-cpu,1.0761,564.9140625,0.4117647058823529,0.2222222222222222,,0.15461206896551724,,eval_data\mixed\en_2004_impulsive_5.wav,,,
fleurs-asr/moonshine-tiny-en-hf-cpu,en-asr-2004-impulsive-0,ASR,en,,0.0,impulsive,moonshine-tiny-en-hf-cpu,0.9671,564.9140625,0.35294117647058826,0.25252525252525254,,0.13895114942528736,,eval_data\mixed\en_2004_impulsive_0.wav,,,
fleurs-asr/moonshine-tiny-en-hf-cpu,en-asr-1836-clean,ASR,en,,,clean,moonshine-tiny-en-hf-cpu,1.6855,566.28125,0.11428571428571428,0.024509803921568627,,0.12320906432748538,,eval_data\mixed\en_1836_clean.wav,,,
fleurs-asr/moonshine-tiny-en-hf-cpu,en-asr-1836-steady-15,ASR,en,,15.0,steady,moonshine-tiny-en-hf-cpu,1.8165,566.28125,0.17142857142857143,0.04411764705882353,,0.13278508771929826,,eval_data\mixed\en_1836_steady_15.wav,,,
fleurs-asr/moonshine-tiny-en-hf-cpu,en-asr-1836-steady-10,ASR,en,,10.0,steady,moonshine-tiny-en-hf-cpu,1.7729,566.28125,0.2,0.058823529411764705,,0.12959795321637427,,eval_data\mixed\en_1836_steady_10.wav,,,
fleurs-asr/moonshine-tiny-en-hf-cpu,en-asr-1836-steady-5,ASR,en,,5.0,steady,moonshine-tiny-en-hf-cpu,1.7496,566.28125,0.22857142857142856,0.08823529411764706,,0.12789473684210526,,eval_data\mixed\en_1836_steady_5.wav,,,
fleurs-asr/moonshine-tiny-en-hf-cpu,en-asr-1836-steady-0,ASR,en,,0.0,steady,moonshine-tiny-en-hf-cpu,1.7059,566.28125,0.34285714285714286,0.17647058823529413,,0.12470029239766083,,eval_data\mixed\en_1836_steady_0.wav,,,
fleurs-asr/moonshine-tiny-en-hf-cpu,en-asr-1836-impulsive-15,ASR,en,,15.0,impulsive,moonshine-tiny-en-hf-cpu,1.5965,567.7578125,0.11428571428571428,0.029411764705882353,,0.11670321637426902,,eval_data\mixed\en_1836_impulsive_15.wav,,,
fleurs-asr/moonshine-tiny-en-hf-cpu,en-asr-1836-impulsive-10,ASR,en,,10.0,impulsive,moonshine-tiny-en-hf-cpu,1.6715,569.61328125,0.05714285714285714,0.0196078431372549,,0.12218567251461988,,eval_data\mixed\en_1836_impulsive_10.wav,,,
fleurs-asr/moonshine-tiny-en-hf-cpu,en-asr-1836-impulsive-5,ASR,en,,5.0,impulsive,moonshine-tiny-en-hf-cpu,1.6423,570.98828125,0.11428571428571428,0.029411764705882353,,0.12005116959064328,,eval_data\mixed\en_1836_impulsive_5.wav,,,
fleurs-asr/moonshine-tiny-en-hf-cpu,en-asr-1836-impulsive-0,ASR,en,,0.0,impulsive,moonshine-tiny-en-hf-cpu,1.7311,570.98828125,0.11428571428571428,0.029411764705882353,,0.12654239766081873,,eval_data\mixed\en_1836_impulsive_0.wav,,,
fleurs-asr/moonshine-tiny-en-hf-cpu,en-asr-1896-clean,ASR,en,,,clean,moonshine-tiny-en-hf-cpu,1.9067,570.98828125,0.3939393939393939,0.1111111111111111,,0.1672543859649123,,eval_data\mixed\en_1896_clean.wav,,,
fleurs-asr/moonshine-tiny-en-hf-cpu,en-asr-1896-steady-15,ASR,en,,15.0,steady,moonshine-tiny-en-hf-cpu,1.9261,570.98828125,0.36363636363636365,0.09523809523809523,,0.1689561403508772,,eval_data\mixed\en_1896_steady_15.wav,,,
fleurs-asr/moonshine-tiny-en-hf-cpu,en-asr-1896-steady-10,ASR,en,,10.0,steady,moonshine-tiny-en-hf-cpu,2.156,570.98828125,0.42424242424242425,0.1693121693121693,,0.18912280701754386,,eval_data\mixed\en_1896_steady_10.wav,,,
fleurs-asr/moonshine-tiny-en-hf-cpu,en-asr-1896-steady-5,ASR,en,,5.0,steady,moonshine-tiny-en-hf-cpu,2.0717,570.98828125,0.6060606060606061,0.24338624338624337,,0.18172807017543857,,eval_data\mixed\en_1896_steady_5.wav,,,
fleurs-asr/moonshine-tiny-en-hf-cpu,en-asr-1896-steady-0,ASR,en,,0.0,steady,moonshine-tiny-en-hf-cpu,2.0,570.98828125,0.8484848484848485,0.49206349206349204,,0.17543859649122806,,eval_data\mixed\en_1896_steady_0.wav,,,
fleurs-asr/moonshine-tiny-en-hf-cpu,en-asr-1896-impulsive-15,ASR,en,,15.0,impulsive,moonshine-tiny-en-hf-cpu,1.9548,570.98828125,0.42424242424242425,0.12698412698412698,,0.1714736842105263,,eval_data\mixed\en_1896_impulsive_15.wav,,,
fleurs-asr/moonshine-tiny-en-hf-cpu,en-asr-1896-impulsive-10,ASR,en,,10.0,impulsive,moonshine-tiny-en-hf-cpu,1.7404,570.98828125,0.30303030303030304,0.08994708994708994,,0.15266666666666664,,eval_data\mixed\en_1896_impulsive_10.wav,,,
fleurs-asr/moonshine-tiny-en-hf-cpu,en-asr-1896-impulsive-5,ASR,en,,5.0,impulsive,moonshine-tiny-en-hf-cpu,2.0861,570.98828125,0.30303030303030304,0.08994708994708994,,0.18299122807017543,,eval_data\mixed\en_1896_impulsive_5.wav,,,
fleurs-asr/moonshine-tiny-en-hf-cpu,en-asr-1896-impulsive-0,ASR,en,,0.0,impulsive,moonshine-tiny-en-hf-cpu,2.1976,570.98828125,0.36363636363636365,0.14814814814814814,,0.1927719298245614,,eval_data\mixed\en_1896_impulsive_0.wav,,,
fleurs-asr/moonshine-tiny-en-hf-cpu,en-asr-1973-clean,ASR,en,,,clean,moonshine-tiny-en-hf-cpu,1.9282,570.98828125,0.24242424242424243,0.13333333333333333,,0.19359437751004013,,eval_data\mixed\en_1973_clean.wav,,,
fleurs-asr/moonshine-tiny-en-hf-cpu,en-asr-1973-steady-15,ASR,en,,15.0,steady,moonshine-tiny-en-hf-cpu,1.5185,570.98828125,0.12121212121212122,0.04242424242424243,,0.1524598393574297,,eval_data\mixed\en_1973_steady_15.wav,,,
fleurs-asr/moonshine-tiny-en-hf-cpu,en-asr-1973-steady-10,ASR,en,,10.0,steady,moonshine-tiny-en-hf-cpu,1.4587,570.98828125,0.06060606060606061,0.030303030303030304,,0.1464558232931727,,eval_data\mixed\en_1973_steady_10.wav,,,
fleurs-asr/moonshine-tiny-en-hf-cpu,en-asr-1973-steady-5,ASR,en,,5.0,steady,moonshine-tiny-en-hf-cpu,1.6717,570.98828125,0.36363636363636365,0.15151515151515152,,0.16784136546184736,,eval_data\mixed\en_1973_steady_5.wav,,,
fleurs-asr/moonshine-tiny-en-hf-cpu,en-asr-1973-steady-0,ASR,en,,0.0,steady,moonshine-tiny-en-hf-cpu,1.5073,570.98828125,0.7272727272727273,0.503030303030303,,0.15133534136546184,,eval_data\mixed\en_1973_steady_0.wav,,,
fleurs-asr/moonshine-tiny-en-hf-cpu,en-asr-1973-impulsive-15,ASR,en,,15.0,impulsive,moonshine-tiny-en-hf-cpu,1.4503,570.98828125,0.15151515151515152,0.06060606060606061,,0.14561244979919677,,eval_data\mixed\en_1973_impulsive_15.wav,,,
fleurs-asr/moonshine-tiny-en-hf-cpu,en-asr-1973-impulsive-10,ASR,en,,10.0,impulsive,moonshine-tiny-en-hf-cpu,1.6278,570.98828125,0.2727272727272727,0.13333333333333333,,0.16343373493975902,,eval_data\mixed\en_1973_impulsive_10.wav,,,
fleurs-asr/moonshine-tiny-en-hf-cpu,en-asr-1973-impulsive-5,ASR,en,,5.0,impulsive,moonshine-tiny-en-hf-cpu,1.7291,570.98828125,0.2727272727272727,0.13333333333333333,,0.17360441767068271,,eval_data\mixed\en_1973_impulsive_5.wav,,,
fleurs-asr/moonshine-tiny-en-hf-cpu,en-asr-1973-impulsive-0,ASR,en,,0.0,impulsive,moonshine-tiny-en-hf-cpu,1.5725,570.98828125,0.30303030303030304,0.15151515151515152,,0.15788152610441766,,eval_data\mixed\en_1973_impulsive_0.wav,,,
fleurs-asr/moonshine-tiny-en-hf-cpu,en-asr-1913-clean,ASR,en,,,clean,moonshine-tiny-en-hf-cpu,1.0482,570.98828125,0.2857142857142857,0.08333333333333333,,0.16027522935779817,,eval_data\mixed\en_1913_clean.wav,,,
fleurs-asr/moonshine-tiny-en-hf-cpu,en-asr-1913-steady-15,ASR,en,,15.0,steady,moonshine-tiny-en-hf-cpu,0.9049,570.98828125,0.42857142857142855,0.16666666666666666,,0.1383639143730887,,eval_data\mixed\en_1913_steady_15.wav,,,
fleurs-asr/moonshine-tiny-en-hf-cpu,en-asr-1913-steady-10,ASR,en,,10.0,steady,moonshine-tiny-en-hf-cpu,0.9903,570.98828125,0.42857142857142855,0.14814814814814814,,0.15142201834862384,,eval_data\mixed\en_1913_steady_10.wav,,,
fleurs-asr/moonshine-tiny-en-hf-cpu,en-asr-1913-steady-5,ASR,en,,5.0,steady,moonshine-tiny-en-hf-cpu,1.1497,570.98828125,0.3333333333333333,0.17592592592592593,,0.17579510703363913,,eval_data\mixed\en_1913_steady_5.wav,,,
fleurs-asr/moonshine-tiny-en-hf-cpu,en-asr-1913-steady-0,ASR,en,,0.0,steady,moonshine-tiny-en-hf-cpu,0.9756,570.98828125,0.6190476190476191,0.39814814814814814,,0.14917431192660552,,eval_data\mixed\en_1913_steady_0.wav,,,
fleurs-asr/moonshine-tiny-en-hf-cpu,en-asr-1913-impulsive-15,ASR,en,,15.0,impulsive,moonshine-tiny-en-hf-cpu,1.0378,570.98828125,0.38095238095238093,0.12037037037037036,,0.1586850152905199,,eval_data\mixed\en_1913_impulsive_15.wav,,,
fleurs-asr/moonshine-tiny-en-hf-cpu,en-asr-1913-impulsive-10,ASR,en,,10.0,impulsive,moonshine-tiny-en-hf-cpu,1.1783,570.98828125,0.38095238095238093,0.12037037037037036,,0.18016819571865442,,eval_data\mixed\en_1913_impulsive_10.wav,,,
fleurs-asr/moonshine-tiny-en-hf-cpu,en-asr-1913-impulsive-5,ASR,en,,5.0,impulsive,moonshine-tiny-en-hf-cpu,1.0539,570.98828125,0.38095238095238093,0.12037037037037036,,0.16114678899082568,,eval_data\mixed\en_1913_impulsive_5.wav,,,
fleurs-asr/moonshine-tiny-en-hf-cpu,en-asr-1913-impulsive-0,ASR,en,,0.0,impulsive,moonshine-tiny-en-hf-cpu,0.892,570.98828125,0.38095238095238093,0.12037037037037036,,0.1363914373088685,,eval_data\mixed\en_1913_impulsive_0.wav,,,
fleurs-asr/moonshine-tiny-en-hf-cpu,en-asr-1790-clean,ASR,en,,,clean,moonshine-tiny-en-hf-cpu,1.4016,571.7109375,0.17857142857142858,0.075,,0.10814814814814813,,eval_data\mixed\en_1790_clean.wav,,,
fleurs-asr/moonshine-tiny-en-hf-cpu,en-asr-1790-steady-15,ASR,en,,15.0,steady,moonshine-tiny-en-hf-cpu,1.5599,571.7109375,0.21428571428571427,0.11875,,0.12036265432098765,,eval_data\mixed\en_1790_steady_15.wav,,,
fleurs-asr/moonshine-tiny-en-hf-cpu,en-asr-1790-steady-10,ASR,en,,10.0,steady,moonshine-tiny-en-hf-cpu,1.475,571.8515625,0.35714285714285715,0.175,,0.11381172839506173,,eval_data\mixed\en_1790_steady_10.wav,,,
fleurs-asr/moonshine-tiny-en-hf-cpu,en-asr-1790-steady-5,ASR,en,,5.0,steady,moonshine-tiny-en-hf-cpu,1.6355,571.8515625,0.6785714285714286,0.4625,,0.12619598765432097,,eval_data\mixed\en_1790_steady_5.wav,,,
fleurs-asr/moonshine-tiny-en-hf-cpu,en-asr-1790-steady-0,ASR,en,,0.0,steady,moonshine-tiny-en-hf-cpu,1.9068,573.19140625,1.0357142857142858,0.66875,,0.1471296296296296,,eval_data\mixed\en_1790_steady_0.wav,,,
fleurs-asr/moonshine-tiny-en-hf-cpu,en-asr-1790-impulsive-15,ASR,en,,15.0,impulsive,moonshine-tiny-en-hf-cpu,1.48,573.19140625,0.2857142857142857,0.11875,,0.11419753086419752,,eval_data\mixed\en_1790_impulsive_15.wav,,,
fleurs-asr/moonshine-tiny-en-hf-cpu,en-asr-1790-impulsive-10,ASR,en,,10.0,impulsive,moonshine-tiny-en-hf-cpu,1.492,573.19140625,0.2857142857142857,0.1125,,0.11512345679012345,,eval_data\mixed\en_1790_impulsive_10.wav,,,
fleurs-asr/moonshine-tiny-en-hf-cpu,en-asr-1790-impulsive-5,ASR,en,,5.0,impulsive,moonshine-tiny-en-hf-cpu,1.3453,573.19140625,0.17857142857142858,0.06875,,0.103804012345679,,eval_data\mixed\en_1790_impulsive_5.wav,,,
fleurs-asr/moonshine-tiny-en-hf-cpu,en-asr-1790-impulsive-0,ASR,en,,0.0,impulsive,moonshine-tiny-en-hf-cpu,1.4737,573.19140625,0.17857142857142858,0.1,,0.1137114197530864,,eval_data\mixed\en_1790_impulsive_0.wav,,,
fleurs-asr/moonshine-tiny-en-hf-cpu,en-asr-1692-clean,ASR,en,,,clean,moonshine-tiny-en-hf-cpu,1.0858,573.19140625,0.4666666666666667,0.21212121212121213,,0.10500967117988395,,eval_data\mixed\en_1692_clean.wav,,,
fleurs-asr/moonshine-tiny-en-hf-cpu,en-asr-1692-steady-15,ASR,en,,15.0,steady,moonshine-tiny-en-hf-cpu,1.1175,573.19140625,0.4666666666666667,0.16161616161616163,,0.10807543520309477,,eval_data\mixed\en_1692_steady_15.wav,,,
fleurs-asr/moonshine-tiny-en-hf-cpu,en-asr-1692-steady-10,ASR,en,,10.0,steady,moonshine-tiny-en-hf-cpu,0.9723,573.19140625,0.26666666666666666,0.12121212121212122,,0.09403288201160542,,eval_data\mixed\en_1692_steady_10.wav,,,
fleurs-asr/moonshine-tiny-en-hf-cpu,en-asr-1692-steady-5,ASR,en,,5.0,steady,moonshine-tiny-en-hf-cpu,0.8428,573.19140625,0.5333333333333333,0.23232323232323232,,0.08150870406189555,,eval_data\mixed\en_1692_steady_5.wav,,,
fleurs-asr/moonshine-tiny-en-hf-cpu,en-asr-1692-steady-0,ASR,en,,0.0,steady,moonshine-tiny-en-hf-cpu,1.0291,573.19140625,1.4,0.797979797979798,,0.09952611218568665,,eval_data\mixed\en_1692_steady_0.wav,,,
fleurs-asr/moonshine-tiny-en-hf-cpu,en-asr-1692-impulsive-15,ASR,en,,15.0,impulsive,moonshine-tiny-en-hf-cpu,1.2515,573.19140625,0.4,0.1414141414141414,,0.12103481624758221,,eval_data\mixed\en_1692_impulsive_15.wav,,,
fleurs-asr/moonshine-tiny-en-hf-cpu,en-asr-1692-impulsive-10,ASR,en,,10.0,impulsive,moonshine-tiny-en-hf-cpu,1.0966,573.19140625,0.5333333333333333,0.1717171717171717,,0.1060541586073501,,eval_data\mixed\en_1692_impulsive_10.wav,,,
fleurs-asr/moonshine-tiny-en-hf-cpu,en-asr-1692-impulsive-5,ASR,en,,5.0,impulsive,moonshine-tiny-en-hf-cpu,1.0054,573.19140625,0.5333333333333333,0.1919191919191919,,0.0972340425531915,,eval_data\mixed\en_1692_impulsive_5.wav,,,
fleurs-asr/moonshine-tiny-en-hf-cpu,en-asr-1692-impulsive-0,ASR,en,,0.0,impulsive,moonshine-tiny-en-hf-cpu,0.9165,573.19140625,0.2,0.10101010101010101,,0.08863636363636364,,eval_data\mixed\en_1692_impulsive_0.wav,,,
fleurs-asr/moonshine-tiny-en-hf-cpu,en-asr-1711-clean,ASR,en,,,clean,moonshine-tiny-en-hf-cpu,1.3684,573.19140625,0.029411764705882353,0.0056179775280898875,,0.1390650406504065,,eval_data\mixed\en_1711_clean.wav,,,
fleurs-asr/moonshine-tiny-en-hf-cpu,en-asr-1711-steady-15,ASR,en,,15.0,steady,moonshine-tiny-en-hf-cpu,1.2776,573.19140625,0.058823529411764705,0.011235955056179775,,0.12983739837398375,,eval_data\mixed\en_1711_steady_15.wav,,,
fleurs-asr/moonshine-tiny-en-hf-cpu,en-asr-1711-steady-10,ASR,en,,10.0,steady,moonshine-tiny-en-hf-cpu,1.3788,573.19140625,0.058823529411764705,0.011235955056179775,,0.1401219512195122,,eval_data\mixed\en_1711_steady_10.wav,,,
fleurs-asr/moonshine-tiny-en-hf-cpu,en-asr-1711-steady-5,ASR,en,,5.0,steady,moonshine-tiny-en-hf-cpu,1.433,573.19140625,0.14705882352941177,0.0449438202247191,,0.145630081300813,,eval_data\mixed\en_1711_steady_5.wav,,,
fleurs-asr/moonshine-tiny-en-hf-cpu,en-asr-1711-steady-0,ASR,en,,0.0,steady,moonshine-tiny-en-hf-cpu,1.3943,573.19140625,0.38235294117647056,0.23595505617977527,,0.14169715447154474,,eval_data\mixed\en_1711_steady_0.wav,,,
fleurs-asr/moonshine-tiny-en-hf-cpu,en-asr-1711-impulsive-15,ASR,en,,15.0,impulsive,moonshine-tiny-en-hf-cpu,1.6141,573.19140625,0.029411764705882353,0.0056179775280898875,,0.16403455284552845,,eval_data\mixed\en_1711_impulsive_15.wav,,,
fleurs-asr/moonshine-tiny-en-hf-cpu,en-asr-1711-impulsive-10,ASR,en,,10.0,impulsive,moonshine-tiny-en-hf-cpu,1.2527,573.19140625,0.029411764705882353,0.0056179775280898875,,0.12730691056910567,,eval_data\mixed\en_1711_impulsive_10.wav,,,
fleurs-asr/moonshine-tiny-en-hf-cpu,en-asr-1711-impulsive-5,ASR,en,,5.0,impulsive,moonshine-tiny-en-hf-cpu,1.2304,573.19140625,0.029411764705882353,0.0056179775280898875,,0.12504065040650406,,eval_data\mixed\en_1711_impulsive_5.wav,,,
fleurs-asr/moonshine-tiny-en-hf-cpu,en-asr-1711-impulsive-0,ASR,en,,0.0,impulsive,moonshine-tiny-en-hf-cpu,1.2677,573.19140625,0.029411764705882353,0.0056179775280898875,,0.12883130081300814,,eval_data\mixed\en_1711_impulsive_0.wav,,,
fleurs-asr/moonshine-tiny-en-hf-cpu,en-asr-1793-clean,ASR,en,,,clean,moonshine-tiny-en-hf-cpu,1.2498,573.19140625,0.22727272727272727,0.03968253968253968,,0.15094202898550726,,eval_data\mixed\en_1793_clean.wav,,,
fleurs-asr/moonshine-tiny-en-hf-cpu,en-asr-1793-steady-15,ASR,en,,15.0,steady,moonshine-tiny-en-hf-cpu,1.1367,573.19140625,0.22727272727272727,0.03968253968253968,,0.1372826086956522,,eval_data\mixed\en_1793_steady_15.wav,,,
fleurs-asr/moonshine-tiny-en-hf-cpu,en-asr-1793-steady-10,ASR,en,,10.0,steady,moonshine-tiny-en-hf-cpu,1.1751,573.19140625,0.22727272727272727,0.05555555555555555,,0.1419202898550725,,eval_data\mixed\en_1793_steady_10.wav,,,
fleurs-asr/moonshine-tiny-en-hf-cpu,en-asr-1793-steady-5,ASR,en,,5.0,steady,moonshine-tiny-en-hf-cpu,1.1868,573.19140625,0.36363636363636365,0.14285714285714285,,0.14333333333333334,,eval_data\mixed\en_1793_steady_5.wav,,,
fleurs-asr/moonshine-tiny-en-hf-cpu,en-asr-1793-steady-0,ASR,en,,0.0,steady,moonshine-tiny-en-hf-cpu,1.2153,573.19140625,0.4090909090909091,0.16666666666666666,,0.14677536231884059,,eval_data\mixed\en_1793_steady_0.wav,,,
fleurs-asr/moonshine-tiny-en-hf-cpu,en-asr-1793-impulsive-15,ASR,en,,15.0,impulsive,moonshine-tiny-en-hf-cpu,1.2157,573.19140625,0.22727272727272727,0.03968253968253968,,0.14682367149758455,,eval_data\mixed\en_1793_impulsive_15.wav,,,
fleurs-asr/moonshine-tiny-en-hf-cpu,en-asr-1793-impulsive-10,ASR,en,,10.0,impulsive,moonshine-tiny-en-hf-cpu,1.1081,573.19140625,0.2727272727272727,0.05555555555555555,,0.13382850241545896,,eval_data\mixed\en_1793_impulsive_10.wav,,,
fleurs-asr/moonshine-tiny-en-hf-cpu,en-asr-1793-impulsive-5,ASR,en,,5.0,impulsive,moonshine-tiny-en-hf-cpu,1.1382,573.19140625,0.3181818181818182,0.07142857142857142,,0.13746376811594205,,eval_data\mixed\en_1793_impulsive_5.wav,,,
fleurs-asr/moonshine-tiny-en-hf-cpu,en-asr-1793-impulsive-0,ASR,en,,0.0,impulsive,moonshine-tiny-en-hf-cpu,1.1832,573.19140625,0.3181818181818182,0.09523809523809523,,0.1428985507246377,,eval_data\mixed\en_1793_impulsive_0.wav,,,
fleurs-asr/moonshine-tiny-en-hf-cpu,en-asr-1738-clean,ASR,en,,,clean,moonshine-tiny-en-hf-cpu,0.9676,573.19140625,0.18181818181818182,0.027522935779816515,,0.11685990338164252,,eval_data\mixed\en_1738_clean.wav,,,
fleurs-asr/moonshine-tiny-en-hf-cpu,en-asr-1738-steady-15,ASR,en,,15.0,steady,moonshine-tiny-en-hf-cpu,0.9546,573.19140625,0.18181818181818182,0.027522935779816515,,0.11528985507246378,,eval_data\mixed\en_1738_steady_15.wav,,,
fleurs-asr/moonshine-tiny-en-hf-cpu,en-asr-1738-steady-10,ASR,en,,10.0,steady,moonshine-tiny-en-hf-cpu,0.9517,573.19140625,0.22727272727272727,0.045871559633027525,,0.11493961352657006,,eval_data\mixed\en_1738_steady_10.wav,,,
fleurs-asr/moonshine-tiny-en-hf-cpu,en-asr-1738-steady-5,ASR,en,,5.0,steady,moonshine-tiny-en-hf-cpu,0.89,573.19140625,0.4090909090909091,0.2018348623853211,,0.10748792270531402,,eval_data\mixed\en_1738_steady_5.wav,,,
fleurs-asr/moonshine-tiny-en-hf-cpu,en-asr-1738-steady-0,ASR,en,,0.0,steady,moonshine-tiny-en-hf-cpu,1.0085,573.19140625,0.5454545454545454,0.43119266055045874,,0.12179951690821256,,eval_data\mixed\en_1738_steady_0.wav,,,
fleurs-asr/moonshine-tiny-en-hf-cpu,en-asr-1738-impulsive-15,ASR,en,,15.0,impulsive,moonshine-tiny-en-hf-cpu,0.9423,573.19140625,0.18181818181818182,0.027522935779816515,,0.11380434782608696,,eval_data\mixed\en_1738_impulsive_15.wav,,,
fleurs-asr/moonshine-tiny-en-hf-cpu,en-asr-1738-impulsive-10,ASR,en,,10.0,impulsive,moonshine-tiny-en-hf-cpu,1.1993,573.19140625,0.22727272727272727,0.045871559633027525,,0.14484299516908214,,eval_data\mixed\en_1738_impulsive_10.wav,,,
fleurs-asr/moonshine-tiny-en-hf-cpu,en-asr-1738-impulsive-5,ASR,en,,5.0,impulsive,moonshine-tiny-en-hf-cpu,0.9932,573.19140625,0.18181818181818182,0.027522935779816515,,0.11995169082125605,,eval_data\mixed\en_1738_impulsive_5.wav,,,
fleurs-asr/moonshine-tiny-en-hf-cpu,en-asr-1738-impulsive-0,ASR,en,,0.0,impulsive,moonshine-tiny-en-hf-cpu,1.0069,573.19140625,0.22727272727272727,0.06422018348623854,,0.12160628019323672,,eval_data\mixed\en_1738_impulsive_0.wav,,,
fleurs-asr/moonshine-tiny-en-hf-cpu,en-asr-1795-clean,ASR,en,,,clean,moonshine-tiny-en-hf-cpu,2.5439,591.73828125,0.175,0.1415929203539823,,0.1399284928492849,,eval_data\mixed\en_1795_clean.wav,,,
fleurs-asr/moonshine-tiny-en-hf-cpu,en-asr-1795-steady-15,ASR,en,,15.0,steady,moonshine-tiny-en-hf-cpu,2.5022,591.73828125,0.075,0.04424778761061947,,0.13763476347634765,,eval_data\mixed\en_1795_steady_15.wav,,,
fleurs-asr/moonshine-tiny-en-hf-cpu,en-asr-1795-steady-10,ASR,en,,10.0,steady,moonshine-tiny-en-hf-cpu,2.8486,591.73828125,0.175,0.08849557522123894,,0.15668866886688668,,eval_data\mixed\en_1795_steady_10.wav,,,
fleurs-asr/moonshine-tiny-en-hf-cpu,en-asr-1795-steady-5,ASR,en,,5.0,steady,moonshine-tiny-en-hf-cpu,2.583,591.73828125,0.25,0.15486725663716813,,0.1420792079207921,,eval_data\mixed\en_1795_steady_5.wav,,,
fleurs-asr/moonshine-tiny-en-hf-cpu,en-asr-1795-steady-0,ASR,en,,0.0,steady,moonshine-tiny-en-hf-cpu,2.3255,591.73828125,0.725,0.5176991150442478,,0.1279152915291529,,eval_data\mixed\en_1795_steady_0.wav,,,
fleurs-asr/moonshine-tiny-en-hf-cpu,en-asr-1795-impulsive-15,ASR,en,,15.0,impulsive,moonshine-tiny-en-hf-cpu,2.6167,591.73828125,0.2,0.07079646017699115,,0.14393289328932893,,eval_data\mixed\en_1795_impulsive_15.wav,,,
fleurs-asr/moonshine-tiny-en-hf-cpu,en-asr-1795-impulsive-10,ASR,en,,10.0,impulsive,moonshine-tiny-en-hf-cpu,2.6431,591.73828125,0.175,0.07964601769911504,,0.1453850385038504,,eval_data\mixed\en_1795_impulsive_10.wav,,,
fleurs-asr/moonshine-tiny-en-hf-cpu,en-asr-1795-impulsive-5,ASR,en,,5.0,impulsive,moonshine-tiny-en-hf-cpu,2.5731,591.73828125,0.2,0.10176991150442478,,0.14153465346534655,,eval_data\mixed\en_1795_impulsive_5.wav,,,
fleurs-asr/moonshine-tiny-en-hf-cpu,en-asr-1795-impulsive-0,ASR,en,,0.0,impulsive,moonshine-tiny-en-hf-cpu,2.5551,591.73828125,0.25,0.13274336283185842,,0.14054455445544553,,eval_data\mixed\en_1795_impulsive_0.wav,,,
fleurs-asr/moonshine-tiny-en-hf-cpu,en-asr-1733-clean,ASR,en,,,clean,moonshine-tiny-en-hf-cpu,2.1813,591.73828125,0.11428571428571428,0.06550218340611354,,0.16676605504587155,,eval_data\mixed\en_1733_clean.wav,,,
fleurs-asr/moonshine-tiny-en-hf-cpu,en-asr-1733-steady-15,ASR,en,,15.0,steady,moonshine-tiny-en-hf-cpu,2.0996,591.73828125,0.14285714285714285,0.08296943231441048,,0.160519877675841,,eval_data\mixed\en_1733_steady_15.wav,,,
fleurs-asr/moonshine-tiny-en-hf-cpu,en-asr-1733-steady-10,ASR,en,,10.0,steady,moonshine-tiny-en-hf-cpu,1.6051,591.73828125,0.14285714285714285,0.08296943231441048,,0.12271406727828746,,eval_data\mixed\en_1733_steady_10.wav,,,
fleurs-asr/moonshine-tiny-en-hf-cpu,en-asr-1733-steady-5,ASR,en,,5.0,steady,moonshine-tiny-en-hf-cpu,1.7553,591.73828125,0.08571428571428572,0.026200873362445413,,0.13419724770642202,,eval_data\mixed\en_1733_steady_5.wav,,,
fleurs-asr/moonshine-tiny-en-hf-cpu,en-asr-1733-steady-0,ASR,en,,0.0,steady,moonshine-tiny-en-hf-cpu,2.0327,591.73828125,0.22857142857142856,0.13537117903930132,,0.15540519877675843,,eval_data\mixed\en_1733_steady_0.wav,,,
fleurs-asr/moonshine-tiny-en-hf-cpu,en-asr-1733-impulsive-15,ASR,en,,15.0,impulsive,moonshine-tiny-en-hf-cpu,2.0399,591.73828125,0.08571428571428572,0.026200873362445413,,0.15595565749235474,,eval_data\mixed\en_1733_impulsive_15.wav,,,
fleurs-asr/moonshine-tiny-en-hf-cpu,en-asr-1733-impulsive-10,ASR,en,,10.0,impulsive,moonshine-tiny-en-hf-cpu,1.9795,591.73828125,0.08571428571428572,0.026200873362445413,,0.15133792048929665,,eval_data\mixed\en_1733_impulsive_10.wav,,,
fleurs-asr/moonshine-tiny-en-hf-cpu,en-asr-1733-impulsive-5,ASR,en,,5.0,impulsive,moonshine-tiny-en-hf-cpu,2.0646,591.73828125,0.08571428571428572,0.026200873362445413,,0.1578440366972477,,eval_data\mixed\en_1733_impulsive_5.wav,,,
fleurs-asr/moonshine-tiny-en-hf-cpu,en-asr-1733-impulsive-0,ASR,en,,0.0,impulsive,moonshine-tiny-en-hf-cpu,1.9914,591.73828125,0.08571428571428572,0.026200873362445413,,0.15224770642201835,,eval_data\mixed\en_1733_impulsive_0.wav,,,
fleurs-asr/moonshine-tiny-en-hf-cpu,en-asr-1716-clean,ASR,en,,,clean,moonshine-tiny-en-hf-cpu,3.325,596.43359375,0.1836734693877551,0.037037037037037035,,0.1753691983122363,,eval_data\mixed\en_1716_clean.wav,,,
fleurs-asr/moonshine-tiny-en-hf-cpu,en-asr-1716-steady-15,ASR,en,,15.0,steady,moonshine-tiny-en-hf-cpu,3.186,596.43359375,0.1836734693877551,0.05246913580246913,,0.16803797468354428,,eval_data\mixed\en_1716_steady_15.wav,,,
fleurs-asr/moonshine-tiny-en-hf-cpu,en-asr-1716-steady-10,ASR,en,,10.0,steady,moonshine-tiny-en-hf-cpu,3.3588,596.5703125,0.1836734693877551,0.05864197530864197,,0.17715189873417722,,eval_data\mixed\en_1716_steady_10.wav,,,
fleurs-asr/moonshine-tiny-en-hf-cpu,en-asr-1716-steady-5,ASR,en,,5.0,steady,moonshine-tiny-en-hf-cpu,3.1673,596.5703125,0.24489795918367346,0.08024691358024691,,0.16705168776371307,,eval_data\mixed\en_1716_steady_5.wav,,,
fleurs-asr/moonshine-tiny-en-hf-cpu,en-asr-1716-steady-0,ASR,en,,0.0,steady,moonshine-tiny-en-hf-cpu,3.3544,596.5703125,0.673469387755102,0.30246913580246915,,0.1769198312236287,,eval_data\mixed\en_1716_steady_0.wav,,,
fleurs-asr/moonshine-tiny-en-hf-cpu,en-asr-1716-impulsive-15,ASR,en,,15.0,impulsive,moonshine-tiny-en-hf-cpu,3.2755,597.921875,0.08163265306122448,0.027777777777777776,,0.1727584388185654,,eval_data\mixed\en_1716_impulsive_15.wav,,,
fleurs-asr/moonshine-tiny-en-hf-cpu,en-asr-1716-impulsive-10,ASR,en,,10.0,impulsive,moonshine-tiny-en-hf-cpu,2.9121,597.921875,0.08163265306122448,0.027777777777777776,,0.15359177215189873,,eval_data\mixed\en_1716_impulsive_10.wav,,,
fleurs-asr/moonshine-tiny-en-hf-cpu,en-asr-1716-impulsive-5,ASR,en,,5.0,impulsive,moonshine-tiny-en-hf-cpu,2.8795,597.921875,0.10204081632653061,0.04938271604938271,,0.1518723628691983,,eval_data\mixed\en_1716_impulsive_5.wav,,,
fleurs-asr/moonshine-tiny-en-hf-cpu,en-asr-1716-impulsive-0,ASR,en,,0.0,impulsive,moonshine-tiny-en-hf-cpu,2.803,597.921875,0.10204081632653061,0.05555555555555555,,0.14783755274261604,,eval_data\mixed\en_1716_impulsive_0.wav,,,
fleurs-asr/moonshine-tiny-en-hf-cpu,en-asr-1876-clean,ASR,en,,,clean,moonshine-tiny-en-hf-cpu,0.8175,597.921875,0.1875,0.038461538461538464,,0.07364864864864865,,eval_data\mixed\en_1876_clean.wav,,,
fleurs-asr/moonshine-tiny-en-hf-cpu,en-asr-1876-steady-15,ASR,en,,15.0,steady,moonshine-tiny-en-hf-cpu,0.8931,597.921875,0.1875,0.038461538461538464,,0.08045945945945947,,eval_data\mixed\en_1876_steady_15.wav,,,
fleurs-asr/moonshine-tiny-en-hf-cpu,en-asr-1876-steady-10,ASR,en,,10.0,steady,moonshine-tiny-en-hf-cpu,0.8513,597.921875,0.1875,0.038461538461538464,,0.07669369369369369,,eval_data\mixed\en_1876_steady_10.wav,,,
fleurs-asr/moonshine-tiny-en-hf-cpu,en-asr-1876-steady-5,ASR,en,,5.0,steady,moonshine-tiny-en-hf-cpu,0.8497,597.921875,0.1875,0.038461538461538464,,0.07654954954954955,,eval_data\mixed\en_1876_steady_5.wav,,,
fleurs-asr/moonshine-tiny-en-hf-cpu,en-asr-1876-steady-0,ASR,en,,0.0,steady,moonshine-tiny-en-hf-cpu,1.0208,597.921875,0.25,0.1346153846153846,,0.09196396396396396,,eval_data\mixed\en_1876_steady_0.wav,,,
fleurs-asr/moonshine-tiny-en-hf-cpu,en-asr-1876-impulsive-15,ASR,en,,15.0,impulsive,moonshine-tiny-en-hf-cpu,1.0623,597.921875,0.1875,0.038461538461538464,,0.0957027027027027,,eval_data\mixed\en_1876_impulsive_15.wav,,,
fleurs-asr/moonshine-tiny-en-hf-cpu,en-asr-1876-impulsive-10,ASR,en,,10.0,impulsive,moonshine-tiny-en-hf-cpu,0.889,597.921875,0.1875,0.038461538461538464,,0.08009009009009009,,eval_data\mixed\en_1876_impulsive_10.wav,,,
fleurs-asr/moonshine-tiny-en-hf-cpu,en-asr-1876-impulsive-5,ASR,en,,5.0,impulsive,moonshine-tiny-en-hf-cpu,0.915,597.921875,0.1875,0.038461538461538464,,0.08243243243243244,,eval_data\mixed\en_1876_impulsive_5.wav,,,
fleurs-asr/moonshine-tiny-en-hf-cpu,en-asr-1876-impulsive-0,ASR,en,,0.0,impulsive,moonshine-tiny-en-hf-cpu,0.9715,597.921875,0.1875,0.038461538461538464,,0.08752252252252253,,eval_data\mixed\en_1876_impulsive_0.wav,,,
fleurs-asr/moonshine-tiny-en-hf-cpu,en-asr-1689-clean,ASR,en,,,clean,moonshine-tiny-en-hf-cpu,1.6498,597.921875,0.45454545454545453,0.13733905579399142,,0.12671274961597542,,eval_data\mixed\en_1689_clean.wav,,,
fleurs-asr/moonshine-tiny-en-hf-cpu,en-asr-1689-steady-15,ASR,en,,15.0,steady,moonshine-tiny-en-hf-cpu,1.8148,597.921875,0.48484848484848486,0.1630901287553648,,0.13938556067588326,,eval_data\mixed\en_1689_steady_15.wav,,,
fleurs-asr/moonshine-tiny-en-hf-cpu,en-asr-1689-steady-10,ASR,en,,10.0,steady,moonshine-tiny-en-hf-cpu,1.5675,597.921875,0.5151515151515151,0.21888412017167383,,0.12039170506912442,,eval_data\mixed\en_1689_steady_10.wav,,,
fleurs-asr/moonshine-tiny-en-hf-cpu,en-asr-1689-steady-5,ASR,en,,5.0,steady,moonshine-tiny-en-hf-cpu,1.729,597.921875,0.6060606060606061,0.20600858369098712,,0.1327956989247312,,eval_data\mixed\en_1689_steady_5.wav,,,
fleurs-asr/moonshine-tiny-en-hf-cpu,en-asr-1689-steady-0,ASR,en,,0.0,steady,moonshine-tiny-en-hf-cpu,1.854,597.921875,0.9090909090909091,0.45493562231759654,,0.1423963133640553,,eval_data\mixed\en_1689_steady_0.wav,,,
fleurs-asr/moonshine-tiny-en-hf-cpu,en-asr-1689-impulsive-15,ASR,en,,15.0,impulsive,moonshine-tiny-en-hf-cpu,1.5115,597.921875,0.3333333333333333,0.10300429184549356,,0.11609062980030722,,eval_data\mixed\en_1689_impulsive_15.wav,,,
fleurs-asr/moonshine-tiny-en-hf-cpu,en-asr-1689-impulsive-10,ASR,en,,10.0,impulsive,moonshine-tiny-en-hf-cpu,1.5205,597.921875,0.36363636363636365,0.1072961373390558,,0.11678187403993856,,eval_data\mixed\en_1689_impulsive_10.wav,,,
fleurs-asr/moonshine-tiny-en-hf-cpu,en-asr-1689-impulsive-5,ASR,en,,5.0,impulsive,moonshine-tiny-en-hf-cpu,1.6137,597.921875,0.3939393939393939,0.1630901287553648,,0.12394009216589862,,eval_data\mixed\en_1689_impulsive_5.wav,,,
fleurs-asr/moonshine-tiny-en-hf-cpu,en-asr-1689-impulsive-0,ASR,en,,0.0,impulsive,moonshine-tiny-en-hf-cpu,1.4694,597.921875,0.3939393939393939,0.15879828326180256,,0.11285714285714286,,eval_data\mixed\en_1689_impulsive_0.wav,,,
fleurs-asr/moonshine-tiny-en-hf-cpu,en-asr-1986-clean,ASR,en,,,clean,moonshine-tiny-en-hf-cpu,1.1563,597.921875,0.38095238095238093,0.1592920353982301,,0.13383101851851853,,eval_data\mixed\en_1986_clean.wav,,,
fleurs-asr/moonshine-tiny-en-hf-cpu,en-asr-1986-steady-15,ASR,en,,15.0,steady,moonshine-tiny-en-hf-cpu,1.3517,597.921875,0.47619047619047616,0.22123893805309736,,0.15644675925925924,,eval_data\mixed\en_1986_steady_15.wav,,,
fleurs-asr/moonshine-tiny-en-hf-cpu,en-asr-1986-steady-10,ASR,en,,10.0,steady,moonshine-tiny-en-hf-cpu,1.2778,597.921875,0.3333333333333333,0.13274336283185842,,0.1478935185185185,,eval_data\mixed\en_1986_steady_10.wav,,,
fleurs-asr/moonshine-tiny-en-hf-cpu,en-asr-1986-steady-5,ASR,en,,5.0,steady,moonshine-tiny-en-hf-cpu,1.1868,597.921875,0.6190476190476191,0.3274336283185841,,0.1373611111111111,,eval_data\mixed\en_1986_steady_5.wav,,,
fleurs-asr/moonshine-tiny-en-hf-cpu,en-asr-1986-steady-0,ASR,en,,0.0,steady,moonshine-tiny-en-hf-cpu,1.176,597.921875,0.7619047619047619,0.5221238938053098,,0.1361111111111111,,eval_data\mixed\en_1986_steady_0.wav,,,
fleurs-asr/moonshine-tiny-en-hf-cpu,en-asr-1986-impulsive-15,ASR,en,,15.0,impulsive,moonshine-tiny-en-hf-cpu,1.4731,597.921875,0.5238095238095238,0.2743362831858407,,0.17049768518518518,,eval_data\mixed\en_1986_impulsive_15.wav,,,
fleurs-asr/moonshine-tiny-en-hf-cpu,en-asr-1986-impulsive-10,ASR,en,,10.0,impulsive,moonshine-tiny-en-hf-cpu,1.2178,597.921875,0.3333333333333333,0.13274336283185842,,0.14094907407407406,,eval_data\mixed\en_1986_impulsive_10.wav,,,
fleurs-asr/moonshine-tiny-en-hf-cpu,en-asr-1986-impulsive-5,ASR,en,,5.0,impulsive,moonshine-tiny-en-hf-cpu,1.261,597.921875,0.3333333333333333,0.13274336283185842,,0.14594907407407406,,eval_data\mixed\en_1986_impulsive_5.wav,,,
fleurs-asr/moonshine-tiny-en-hf-cpu,en-asr-1986-impulsive-0,ASR,en,,0.0,impulsive,moonshine-tiny-en-hf-cpu,1.22,597.921875,0.3333333333333333,0.13274336283185842,,0.1412037037037037,,eval_data\mixed\en_1986_impulsive_0.wav,,,
fleurs-asr/moonshine-tiny-en-hf-cpu,en-asr-1822-clean,ASR,en,,,clean,moonshine-tiny-en-hf-cpu,1.2493,597.921875,0.2916666666666667,0.0763888888888889,,0.1210562015503876,,eval_data\mixed\en_1822_clean.wav,,,
fleurs-asr/moonshine-tiny-en-hf-cpu,en-asr-1822-steady-15,ASR,en,,15.0,steady,moonshine-tiny-en-hf-cpu,1.3603,597.921875,0.2916666666666667,0.06944444444444445,,0.13181201550387597,,eval_data\mixed\en_1822_steady_15.wav,,,
fleurs-asr/moonshine-tiny-en-hf-cpu,en-asr-1822-steady-10,ASR,en,,10.0,steady,moonshine-tiny-en-hf-cpu,1.3476,597.921875,0.3333333333333333,0.1111111111111111,,0.1305813953488372,,eval_data\mixed\en_1822_steady_10.wav,,,
fleurs-asr/moonshine-tiny-en-hf-cpu,en-asr-1822-steady-5,ASR,en,,5.0,steady,moonshine-tiny-en-hf-cpu,1.4805,597.921875,0.4166666666666667,0.2013888888888889,,0.14345930232558138,,eval_data\mixed\en_1822_steady_5.wav,,,
fleurs-asr/moonshine-tiny-en-hf-cpu,en-asr-1822-steady-0,ASR,en,,0.0,steady,moonshine-tiny-en-hf-cpu,1.3915,597.921875,0.8333333333333334,0.5902777777777778,,0.13483527131782944,,eval_data\mixed\en_1822_steady_0.wav,,,
fleurs-asr/moonshine-tiny-en-hf-cpu,en-asr-1822-impulsive-15,ASR,en,,15.0,impulsive,moonshine-tiny-en-hf-cpu,1.3271,597.921875,0.2916666666666667,0.09027777777777778,,0.12859496124031006,,eval_data\mixed\en_1822_impulsive_15.wav,,,
fleurs-asr/moonshine-tiny-en-hf-cpu,en-asr-1822-impulsive-10,ASR,en,,10.0,impulsive,moonshine-tiny-en-hf-cpu,1.4244,597.921875,0.2916666666666667,0.0763888888888889,,0.1380232558139535,,eval_data\mixed\en_1822_impulsive_10.wav,,,
fleurs-asr/moonshine-tiny-en-hf-cpu,en-asr-1822-impulsive-5,ASR,en,,5.0,impulsive,moonshine-tiny-en-hf-cpu,1.3138,597.921875,0.3333333333333333,0.1111111111111111,,0.1273062015503876,,eval_data\mixed\en_1822_impulsive_5.wav,,,
fleurs-asr/moonshine-tiny-en-hf-cpu,en-asr-1822-impulsive-0,ASR,en,,0.0,impulsive,moonshine-tiny-en-hf-cpu,1.483,597.921875,0.375,0.1736111111111111,,0.1437015503875969,,eval_data\mixed\en_1822_impulsive_0.wav,,,
fleurs-asr/moonshine-tiny-vi-hf-cpu,vi-asr-1824-clean,ASR,vi,,,clean,moonshine-tiny-vi-hf-cpu,2.5932,474.05859375,0.4888888888888889,0.18974358974358974,,0.17150793650793653,,eval_data\mixed\vi_1824_clean.wav,,,
fleurs-asr/moonshine-tiny-vi-hf-cpu,vi-asr-1824-steady-15,ASR,vi,,15.0,steady,moonshine-tiny-vi-hf-cpu,2.1369,480.3828125,0.5333333333333333,0.20512820512820512,,0.14132936507936508,,eval_data\mixed\vi_1824_steady_15.wav,,,
fleurs-asr/moonshine-tiny-vi-hf-cpu,vi-asr-1824-steady-10,ASR,vi,,10.0,steady,moonshine-tiny-vi-hf-cpu,2.3583,480.3828125,0.6666666666666666,0.3128205128205128,,0.1559722222222222,,eval_data\mixed\vi_1824_steady_10.wav,,,
fleurs-asr/moonshine-tiny-vi-hf-cpu,vi-asr-1824-steady-5,ASR,vi,,5.0,steady,moonshine-tiny-vi-hf-cpu,2.1415,483.76171875,0.6888888888888889,0.3641025641025641,,0.1416335978835979,,eval_data\mixed\vi_1824_steady_5.wav,,,
fleurs-asr/moonshine-tiny-vi-hf-cpu,vi-asr-1824-steady-0,ASR,vi,,0.0,steady,moonshine-tiny-vi-hf-cpu,2.3776,483.76171875,0.8666666666666667,0.5128205128205128,,0.15724867724867728,,eval_data\mixed\vi_1824_steady_0.wav,,,
fleurs-asr/moonshine-tiny-vi-hf-cpu,vi-asr-1824-impulsive-15,ASR,vi,,15.0,impulsive,moonshine-tiny-vi-hf-cpu,2.0568,483.76171875,0.5555555555555556,0.22564102564102564,,0.13603174603174603,,eval_data\mixed\vi_1824_impulsive_15.wav,,,
fleurs-asr/moonshine-tiny-vi-hf-cpu,vi-asr-1824-impulsive-10,ASR,vi,,10.0,impulsive,moonshine-tiny-vi-hf-cpu,1.4103,483.76171875,0.6666666666666666,0.2923076923076923,,0.09327380952380954,,eval_data\mixed\vi_1824_impulsive_10.wav,,,
fleurs-asr/moonshine-tiny-vi-hf-cpu,vi-asr-1824-impulsive-5,ASR,vi,,5.0,impulsive,moonshine-tiny-vi-hf-cpu,1.3496,483.76171875,0.4888888888888889,0.20512820512820512,,0.08925925925925926,,eval_data\mixed\vi_1824_impulsive_5.wav,,,
fleurs-asr/moonshine-tiny-vi-hf-cpu,vi-asr-1824-impulsive-0,ASR,vi,,0.0,impulsive,moonshine-tiny-vi-hf-cpu,1.5862,483.76171875,0.6444444444444445,0.3128205128205128,,0.10490740740740742,,eval_data\mixed\vi_1824_impulsive_0.wav,,,
fleurs-asr/moonshine-tiny-vi-hf-cpu,vi-asr-1816-clean,ASR,vi,,,clean,moonshine-tiny-vi-hf-cpu,0.9291,486.62890625,0.25925925925925924,0.15873015873015872,,0.06912946428571429,,eval_data\mixed\vi_1816_clean.wav,,,
fleurs-asr/moonshine-tiny-vi-hf-cpu,vi-asr-1816-steady-15,ASR,vi,,15.0,steady,moonshine-tiny-vi-hf-cpu,0.9815,486.62890625,0.2222222222222222,0.12698412698412698,,0.07302827380952381,,eval_data\mixed\vi_1816_steady_15.wav,,,
fleurs-asr/moonshine-tiny-vi-hf-cpu,vi-asr-1816-steady-10,ASR,vi,,10.0,steady,moonshine-tiny-vi-hf-cpu,1.1277,486.62890625,0.4074074074074074,0.2222222222222222,,0.08390625,,eval_data\mixed\vi_1816_steady_10.wav,,,
fleurs-asr/moonshine-tiny-vi-hf-cpu,vi-asr-1816-steady-5,ASR,vi,,5.0,steady,moonshine-tiny-vi-hf-cpu,2.4617,486.62890625,0.5555555555555556,0.3888888888888889,,0.18316220238095238,,eval_data\mixed\vi_1816_steady_5.wav,,,
fleurs-asr/moonshine-tiny-vi-hf-cpu,vi-asr-1816-steady-0,ASR,vi,,0.0,steady,moonshine-tiny-vi-hf-cpu,1.1955,489.29296875,0.8148148148148148,0.5555555555555556,,0.08895089285714286,,eval_data\mixed\vi_1816_steady_0.wav,,,
fleurs-asr/moonshine-tiny-vi-hf-cpu,vi-asr-1816-impulsive-15,ASR,vi,,15.0,impulsive,moonshine-tiny-vi-hf-cpu,1.7337,489.29296875,0.2962962962962963,0.1746031746031746,,0.1289955357142857,,eval_data\mixed\vi_1816_impulsive_15.wav,,,
fleurs-asr/moonshine-tiny-vi-hf-cpu,vi-asr-1816-impulsive-10,ASR,vi,,10.0,impulsive,moonshine-tiny-vi-hf-cpu,1.422,489.29296875,0.3333333333333333,0.1984126984126984,,0.10580357142857143,,eval_data\mixed\vi_1816_impulsive_10.wav,,,
fleurs-asr/moonshine-tiny-vi-hf-cpu,vi-asr-1816-impulsive-5,ASR,vi,,5.0,impulsive,moonshine-tiny-vi-hf-cpu,1.409,489.29296875,0.5185185185185185,0.3412698412698413,,0.10483630952380953,,eval_data\mixed\vi_1816_impulsive_5.wav,,,
fleurs-asr/moonshine-tiny-vi-hf-cpu,vi-asr-1816-impulsive-0,ASR,vi,,0.0,impulsive,moonshine-tiny-vi-hf-cpu,1.8229,489.29296875,0.5555555555555556,0.373015873015873,,0.13563244047619047,,eval_data\mixed\vi_1816_impulsive_0.wav,,,
fleurs-asr/moonshine-tiny-vi-hf-cpu,vi-asr-1951-clean,ASR,vi,,,clean,moonshine-tiny-vi-hf-cpu,1.9865,492.90234375,0.3333333333333333,0.11585365853658537,,0.1258871989860583,,eval_data\mixed\vi_1951_clean.wav,,,
fleurs-asr/moonshine-tiny-vi-hf-cpu,vi-asr-1951-steady-15,ASR,vi,,15.0,steady,moonshine-tiny-vi-hf-cpu,1.9093,492.90234375,0.3888888888888889,0.17682926829268292,,0.12099493029150825,,eval_data\mixed\vi_1951_steady_15.wav,,,
fleurs-asr/moonshine-tiny-vi-hf-cpu,vi-asr-1951-steady-10,ASR,vi,,10.0,steady,moonshine-tiny-vi-hf-cpu,1.9185,492.90234375,0.5,0.27439024390243905,,0.12157794676806084,,eval_data\mixed\vi_1951_steady_10.wav,,,
fleurs-asr/moonshine-tiny-vi-hf-cpu,vi-asr-1951-steady-5,ASR,vi,,5.0,steady,moonshine-tiny-vi-hf-cpu,1.9678,492.90234375,0.6388888888888888,0.36585365853658536,,0.12470215462610901,,eval_data\mixed\vi_1951_steady_5.wav,,,
fleurs-asr/moonshine-tiny-vi-hf-cpu,vi-asr-1951-steady-0,ASR,vi,,0.0,steady,moonshine-tiny-vi-hf-cpu,2.2611,492.90234375,1.1666666666666667,0.7865853658536586,,0.1432889733840304,,eval_data\mixed\vi_1951_steady_0.wav,,,
fleurs-asr/moonshine-tiny-vi-hf-cpu,vi-asr-1951-impulsive-15,ASR,vi,,15.0,impulsive,moonshine-tiny-vi-hf-cpu,1.5751,492.90234375,0.4166666666666667,0.1402439024390244,,0.09981622306717364,,eval_data\mixed\vi_1951_impulsive_15.wav,,,
fleurs-asr/moonshine-tiny-vi-hf-cpu,vi-asr-1951-impulsive-10,ASR,vi,,10.0,impulsive,moonshine-tiny-vi-hf-cpu,1.5304,492.90234375,0.3888888888888889,0.12804878048780488,,0.09698352344740177,,eval_data\mixed\vi_1951_impulsive_10.wav,,,
fleurs-asr/moonshine-tiny-vi-hf-cpu,vi-asr-1951-impulsive-5,ASR,vi,,5.0,impulsive,moonshine-tiny-vi-hf-cpu,1.7579,492.90234375,0.3333333333333333,0.10975609756097561,,0.11140050697084918,,eval_data\mixed\vi_1951_impulsive_5.wav,,,
fleurs-asr/moonshine-tiny-vi-hf-cpu,vi-asr-1951-impulsive-0,ASR,vi,,0.0,impulsive,moonshine-tiny-vi-hf-cpu,1.6584,492.90234375,0.3888888888888889,0.13414634146341464,,0.10509505703422055,,eval_data\mixed\vi_1951_impulsive_0.wav,,,
fleurs-asr/moonshine-tiny-vi-hf-cpu,vi-asr-1822-clean,ASR,vi,,,clean,moonshine-tiny-vi-hf-cpu,1.825,496.51953125,0.25,0.11956521739130435,,0.08740421455938698,,eval_data\mixed\vi_1822_clean.wav,,,
fleurs-asr/moonshine-tiny-vi-hf-cpu,vi-asr-1822-steady-15,ASR,vi,,15.0,steady,moonshine-tiny-vi-hf-cpu,2.063,498.87109375,0.275,0.1358695652173913,,0.09880268199233717,,eval_data\mixed\vi_1822_steady_15.wav,,,
fleurs-asr/moonshine-tiny-vi-hf-cpu,vi-asr-1822-steady-10,ASR,vi,,10.0,steady,moonshine-tiny-vi-hf-cpu,1.9463,502.0234375,0.325,0.16847826086956522,,0.09321360153256705,,eval_data\mixed\vi_1822_steady_10.wav,,,
fleurs-asr/moonshine-tiny-vi-hf-cpu,vi-asr-1822-steady-5,ASR,vi,,5.0,steady,moonshine-tiny-vi-hf-cpu,2.0358,504.2265625,0.325,0.16847826086956522,,0.0975,,eval_data\mixed\vi_1822_steady_5.wav,,,
fleurs-asr/moonshine-tiny-vi-hf-cpu,vi-asr-1822-steady-0,ASR,vi,,0.0,steady,moonshine-tiny-vi-hf-cpu,2.2702,504.2265625,0.525,0.29891304347826086,,0.10872605363984675,,eval_data\mixed\vi_1822_steady_0.wav,,,
fleurs-asr/moonshine-tiny-vi-hf-cpu,vi-asr-1822-impulsive-15,ASR,vi,,15.0,impulsive,moonshine-tiny-vi-hf-cpu,1.8455,504.2265625,0.275,0.10869565217391304,,0.0883860153256705,,eval_data\mixed\vi_1822_impulsive_15.wav,,,
fleurs-asr/moonshine-tiny-vi-hf-cpu,vi-asr-1822-impulsive-10,ASR,vi,,10.0,impulsive,moonshine-tiny-vi-hf-cpu,2.0909,504.2265625,0.25,0.09239130434782608,,0.10013888888888889,,eval_data\mixed\vi_1822_impulsive_10.wav,,,
fleurs-asr/moonshine-tiny-vi-hf-cpu,vi-asr-1822-impulsive-5,ASR,vi,,5.0,impulsive,moonshine-tiny-vi-hf-cpu,2.0259,504.2265625,0.35,0.1358695652173913,,0.09702586206896552,,eval_data\mixed\vi_1822_impulsive_5.wav,,,
fleurs-asr/moonshine-tiny-vi-hf-cpu,vi-asr-1822-impulsive-0,ASR,vi,,0.0,impulsive,moonshine-tiny-vi-hf-cpu,2.1668,504.2265625,0.3,0.14673913043478262,,0.10377394636015326,,eval_data\mixed\vi_1822_impulsive_0.wav,,,
fleurs-asr/moonshine-tiny-vi-hf-cpu,vi-asr-1899-clean,ASR,vi,,,clean,moonshine-tiny-vi-hf-cpu,1.7708,504.2265625,0.4117647058823529,0.18238993710691823,,0.09970720720720719,,eval_data\mixed\vi_1899_clean.wav,,,
fleurs-asr/moonshine-tiny-vi-hf-cpu,vi-asr-1899-steady-15,ASR,vi,,15.0,steady,moonshine-tiny-vi-hf-cpu,2.3394,504.2265625,0.4411764705882353,0.20125786163522014,,0.13172297297297295,,eval_data\mixed\vi_1899_steady_15.wav,,,
fleurs-asr/moonshine-tiny-vi-hf-cpu,vi-asr-1899-steady-10,ASR,vi,,10.0,steady,moonshine-tiny-vi-hf-cpu,2.2831,504.2265625,0.5882352941176471,0.31446540880503143,,0.1285529279279279,,eval_data\mixed\vi_1899_steady_10.wav,,,
fleurs-asr/moonshine-tiny-vi-hf-cpu,vi-asr-1899-steady-5,ASR,vi,,5.0,steady,moonshine-tiny-vi-hf-cpu,0.4488,504.2265625,1.0,0.9371069182389937,,0.025270270270270265,,eval_data\mixed\vi_1899_steady_5.wav,,,
fleurs-asr/moonshine-tiny-vi-hf-cpu,vi-asr-1899-steady-0,ASR,vi,,0.0,steady,moonshine-tiny-vi-hf-cpu,0.6808,504.2265625,1.0,0.8553459119496856,,0.03833333333333333,,eval_data\mixed\vi_1899_steady_0.wav,,,
fleurs-asr/moonshine-tiny-vi-hf-cpu,vi-asr-1899-impulsive-15,ASR,vi,,15.0,impulsive,moonshine-tiny-vi-hf-cpu,1.6171,504.2265625,0.7058823529411765,0.34591194968553457,,0.09105292792792792,,eval_data\mixed\vi_1899_impulsive_15.wav,,,
fleurs-asr/moonshine-tiny-vi-hf-cpu,vi-asr-1899-impulsive-10,ASR,vi,,10.0,impulsive,moonshine-tiny-vi-hf-cpu,1.5499,504.2265625,0.7352941176470589,0.36477987421383645,,0.08726914414414413,,eval_data\mixed\vi_1899_impulsive_10.wav,,,
fleurs-asr/moonshine-tiny-vi-hf-cpu,vi-asr-1899-impulsive-5,ASR,vi,,5.0,impulsive,moonshine-tiny-vi-hf-cpu,1.5272,504.2265625,0.7352941176470589,0.44654088050314467,,0.08599099099099097,,eval_data\mixed\vi_1899_impulsive_5.wav,,,
fleurs-asr/moonshine-tiny-vi-hf-cpu,vi-asr-1899-impulsive-0,ASR,vi,,0.0,impulsive,moonshine-tiny-vi-hf-cpu,1.4092,504.2265625,0.7941176470588235,0.44654088050314467,,0.07934684684684684,,eval_data\mixed\vi_1899_impulsive_0.wav,,,
fleurs-asr/moonshine-tiny-vi-hf-cpu,vi-asr-1660-clean,ASR,vi,,,clean,moonshine-tiny-vi-hf-cpu,1.1057,504.2265625,0.23076923076923078,0.20512820512820512,,0.07977633477633478,,eval_data\mixed\vi_1660_clean.wav,,,
fleurs-asr/moonshine-tiny-vi-hf-cpu,vi-asr-1660-steady-15,ASR,vi,,15.0,steady,moonshine-tiny-vi-hf-cpu,0.9734,504.2265625,0.11538461538461539,0.1282051282051282,,0.07023088023088024,,eval_data\mixed\vi_1660_steady_15.wav,,,
fleurs-asr/moonshine-tiny-vi-hf-cpu,vi-asr-1660-steady-10,ASR,vi,,10.0,steady,moonshine-tiny-vi-hf-cpu,0.9779,504.2265625,0.19230769230769232,0.1794871794871795,,0.07055555555555555,,eval_data\mixed\vi_1660_steady_10.wav,,,
fleurs-asr/moonshine-tiny-vi-hf-cpu,vi-asr-1660-steady-5,ASR,vi,,5.0,steady,moonshine-tiny-vi-hf-cpu,0.5457,504.2265625,1.0,0.8290598290598291,,0.03937229437229437,,eval_data\mixed\vi_1660_steady_5.wav,,,
fleurs-asr/moonshine-tiny-vi-hf-cpu,vi-asr-1660-steady-0,ASR,vi,,0.0,steady,moonshine-tiny-vi-hf-cpu,1.31,504.2265625,0.7307692307692307,0.4700854700854701,,0.09451659451659453,,eval_data\mixed\vi_1660_steady_0.wav,,,
fleurs-asr/moonshine-tiny-vi-hf-cpu,vi-asr-1660-impulsive-15,ASR,vi,,15.0,impulsive,moonshine-tiny-vi-hf-cpu,1.0296,504.2265625,0.2692307692307692,0.1794871794871795,,0.07428571428571429,,eval_data\mixed\vi_1660_impulsive_15.wav,,,
fleurs-asr/moonshine-tiny-vi-hf-cpu,vi-asr-1660-impulsive-10,ASR,vi,,10.0,impulsive,moonshine-tiny-vi-hf-cpu,1.2578,504.2265625,0.2692307692307692,0.1794871794871795,,0.09075036075036076,,eval_data\mixed\vi_1660_impulsive_10.wav,,,
fleurs-asr/moonshine-tiny-vi-hf-cpu,vi-asr-1660-impulsive-5,ASR,vi,,5.0,impulsive,moonshine-tiny-vi-hf-cpu,1.1134,504.2265625,0.2692307692307692,0.1794871794871795,,0.08033189033189034,,eval_data\mixed\vi_1660_impulsive_5.wav,,,
fleurs-asr/moonshine-tiny-vi-hf-cpu,vi-asr-1660-impulsive-0,ASR,vi,,0.0,impulsive,moonshine-tiny-vi-hf-cpu,1.0976,504.2265625,0.23076923076923078,0.1623931623931624,,0.07919191919191919,,eval_data\mixed\vi_1660_impulsive_0.wav,,,
fleurs-asr/moonshine-tiny-vi-hf-cpu,vi-asr-1922-clean,ASR,vi,,,clean,moonshine-tiny-vi-hf-cpu,1.1756,504.2265625,0.22580645161290322,0.06382978723404255,,0.09242138364779874,,eval_data\mixed\vi_1922_clean.wav,,,
fleurs-asr/moonshine-tiny-vi-hf-cpu,vi-asr-1922-steady-15,ASR,vi,,15.0,steady,moonshine-tiny-vi-hf-cpu,1.2186,504.2265625,0.3225806451612903,0.07801418439716312,,0.09580188679245281,,eval_data\mixed\vi_1922_steady_15.wav,,,
fleurs-asr/moonshine-tiny-vi-hf-cpu,vi-asr-1922-steady-10,ASR,vi,,10.0,steady,moonshine-tiny-vi-hf-cpu,1.6142,504.2265625,0.45161290322580644,0.1702127659574468,,0.12690251572327044,,eval_data\mixed\vi_1922_steady_10.wav,,,
fleurs-asr/moonshine-tiny-vi-hf-cpu,vi-asr-1922-steady-5,ASR,vi,,5.0,steady,moonshine-tiny-vi-hf-cpu,1.43,504.2265625,0.45161290322580644,0.20567375886524822,,0.11242138364779873,,eval_data\mixed\vi_1922_steady_5.wav,,,
fleurs-asr/moonshine-tiny-vi-hf-cpu,vi-asr-1922-steady-0,ASR,vi,,0.0,steady,moonshine-tiny-vi-hf-cpu,1.946,504.2265625,0.8387096774193549,0.49645390070921985,,0.1529874213836478,,eval_data\mixed\vi_1922_steady_0.wav,,,
fleurs-asr/moonshine-tiny-vi-hf-cpu,vi-asr-1922-impulsive-15,ASR,vi,,15.0,impulsive,moonshine-tiny-vi-hf-cpu,1.6567,504.2265625,0.25806451612903225,0.09219858156028368,,0.1302437106918239,,eval_data\mixed\vi_1922_impulsive_15.wav,,,
fleurs-asr/moonshine-tiny-vi-hf-cpu,vi-asr-1922-impulsive-10,ASR,vi,,10.0,impulsive,moonshine-tiny-vi-hf-cpu,1.7656,504.2265625,0.3870967741935484,0.10638297872340426,,0.13880503144654088,,eval_data\mixed\vi_1922_impulsive_10.wav,,,
fleurs-asr/moonshine-tiny-vi-hf-cpu,vi-asr-1922-impulsive-5,ASR,vi,,5.0,impulsive,moonshine-tiny-vi-hf-cpu,1.8209,504.2265625,0.41935483870967744,0.1347517730496454,,0.14315251572327042,,eval_data\mixed\vi_1922_impulsive_5.wav,,,
fleurs-asr/moonshine-tiny-vi-hf-cpu,vi-asr-1922-impulsive-0,ASR,vi,,0.0,impulsive,moonshine-tiny-vi-hf-cpu,1.5365,504.2265625,0.41935483870967744,0.1347517730496454,,0.1207940251572327,,eval_data\mixed\vi_1922_impulsive_0.wav,,,
fleurs-asr/moonshine-tiny-vi-hf-cpu,vi-asr-1743-clean,ASR,vi,,,clean,moonshine-tiny-vi-hf-cpu,4.0361,511.2578125,0.20634920634920634,0.09252669039145907,,0.18180630630630631,,eval_data\mixed\vi_1743_clean.wav,,,
fleurs-asr/moonshine-tiny-vi-hf-cpu,vi-asr-1743-steady-15,ASR,vi,,15.0,steady,moonshine-tiny-vi-hf-cpu,3.16,511.7265625,0.2222222222222222,0.10676156583629894,,0.14234234234234236,,eval_data\mixed\vi_1743_steady_15.wav,,,
fleurs-asr/moonshine-tiny-vi-hf-cpu,vi-asr-1743-steady-10,ASR,vi,,10.0,steady,moonshine-tiny-vi-hf-cpu,2.9228,513.65234375,0.2222222222222222,0.1103202846975089,,0.13165765765765766,,eval_data\mixed\vi_1743_steady_10.wav,,,
fleurs-asr/moonshine-tiny-vi-hf-cpu,vi-asr-1743-steady-5,ASR,vi,,5.0,steady,moonshine-tiny-vi-hf-cpu,2.972,514.00390625,0.2698412698412698,0.1601423487544484,,0.13387387387387387,,eval_data\mixed\vi_1743_steady_5.wav,,,
fleurs-asr/moonshine-tiny-vi-hf-cpu,vi-asr-1743-steady-0,ASR,vi,,0.0,steady,moonshine-tiny-vi-hf-cpu,3.2094,515.65625,0.5873015873015873,0.3807829181494662,,0.14456756756756758,,eval_data\mixed\vi_1743_steady_0.wav,,,
fleurs-asr/moonshine-tiny-vi-hf-cpu,vi-asr-1743-impulsive-15,ASR,vi,,15.0,impulsive,moonshine-tiny-vi-hf-cpu,3.1101,515.65625,0.23809523809523808,0.12811387900355872,,0.1400945945945946,,eval_data\mixed\vi_1743_impulsive_15.wav,,,
fleurs-asr/moonshine-tiny-vi-hf-cpu,vi-asr-1743-impulsive-10,ASR,vi,,10.0,impulsive,moonshine-tiny-vi-hf-cpu,3.0599,516.94921875,0.23809523809523808,0.12811387900355872,,0.13783333333333334,,eval_data\mixed\vi_1743_impulsive_10.wav,,,
fleurs-asr/moonshine-tiny-vi-hf-cpu,vi-asr-1743-impulsive-5,ASR,vi,,5.0,impulsive,moonshine-tiny-vi-hf-cpu,3.1214,516.94921875,0.19047619047619047,0.11743772241992882,,0.1406036036036036,,eval_data\mixed\vi_1743_impulsive_5.wav,,,
fleurs-asr/moonshine-tiny-vi-hf-cpu,vi-asr-1743-impulsive-0,ASR,vi,,0.0,impulsive,moonshine-tiny-vi-hf-cpu,3.1261,516.94921875,0.23809523809523808,0.11387900355871886,,0.14081531531531533,,eval_data\mixed\vi_1743_impulsive_0.wav,,,
fleurs-asr/moonshine-tiny-vi-hf-cpu,vi-asr-1730-clean,ASR,vi,,,clean,moonshine-tiny-vi-hf-cpu,1.8953,516.94921875,0.4594594594594595,0.27380952380952384,,0.10425192519251925,,eval_data\mixed\vi_1730_clean.wav,,,
fleurs-asr/moonshine-tiny-vi-hf-cpu,vi-asr-1730-steady-15,ASR,vi,,15.0,steady,moonshine-tiny-vi-hf-cpu,2.1257,516.94921875,0.5945945945945946,0.39285714285714285,,0.11692519251925193,,eval_data\mixed\vi_1730_steady_15.wav,,,
fleurs-asr/moonshine-tiny-vi-hf-cpu,vi-asr-1730-steady-10,ASR,vi,,10.0,steady,moonshine-tiny-vi-hf-cpu,2.1149,516.94921875,0.6486486486486487,0.4166666666666667,,0.11633113311331134,,eval_data\mixed\vi_1730_steady_10.wav,,,
fleurs-asr/moonshine-tiny-vi-hf-cpu,vi-asr-1730-steady-5,ASR,vi,,5.0,steady,moonshine-tiny-vi-hf-cpu,2.2253,516.94921875,0.8378378378378378,0.5059523809523809,,0.1224037403740374,,eval_data\mixed\vi_1730_steady_5.wav,,,
fleurs-asr/moonshine-tiny-vi-hf-cpu,vi-asr-1730-steady-0,ASR,vi,,0.0,steady,moonshine-tiny-vi-hf-cpu,2.0359,516.94921875,0.972972972972973,0.5773809523809523,,0.11198569856985698,,eval_data\mixed\vi_1730_steady_0.wav,,,
fleurs-asr/moonshine-tiny-vi-hf-cpu,vi-asr-1730-impulsive-15,ASR,vi,,15.0,impulsive,moonshine-tiny-vi-hf-cpu,1.9548,516.94921875,0.6486486486486487,0.39285714285714285,,0.10752475247524754,,eval_data\mixed\vi_1730_impulsive_15.wav,,,
fleurs-asr/moonshine-tiny-vi-hf-cpu,vi-asr-1730-impulsive-10,ASR,vi,,10.0,impulsive,moonshine-tiny-vi-hf-cpu,2.243,516.94921875,0.6486486486486487,0.42857142857142855,,0.12337733773377338,,eval_data\mixed\vi_1730_impulsive_10.wav,,,
fleurs-asr/moonshine-tiny-vi-hf-cpu,vi-asr-1730-impulsive-5,ASR,vi,,5.0,impulsive,moonshine-tiny-vi-hf-cpu,2.0309,516.94921875,0.6216216216216216,0.3869047619047619,,0.1117106710671067,,eval_data\mixed\vi_1730_impulsive_5.wav,,,
fleurs-asr/moonshine-tiny-vi-hf-cpu,vi-asr-1730-impulsive-0,ASR,vi,,0.0,impulsive,moonshine-tiny-vi-hf-cpu,2.1441,516.94921875,0.6756756756756757,0.44047619047619047,,0.11793729372937294,,eval_data\mixed\vi_1730_impulsive_0.wav,,,
fleurs-asr/moonshine-tiny-vi-hf-cpu,vi-asr-1847-clean,ASR,vi,,,clean,moonshine-tiny-vi-hf-cpu,1.2503,516.94921875,0.3,0.14788732394366197,,0.12478043912175649,,eval_data\mixed\vi_1847_clean.wav,,,
fleurs-asr/moonshine-tiny-vi-hf-cpu,vi-asr-1847-steady-15,ASR,vi,,15.0,steady,moonshine-tiny-vi-hf-cpu,1.2137,516.94921875,0.2,0.13380281690140844,,0.12112774451097805,,eval_data\mixed\vi_1847_steady_15.wav,,,
fleurs-asr/moonshine-tiny-vi-hf-cpu,vi-asr-1847-steady-10,ASR,vi,,10.0,steady,moonshine-tiny-vi-hf-cpu,1.2333,516.94921875,0.3333333333333333,0.19718309859154928,,0.12308383233532935,,eval_data\mixed\vi_1847_steady_10.wav,,,
fleurs-asr/moonshine-tiny-vi-hf-cpu,vi-asr-1847-steady-5,ASR,vi,,5.0,steady,moonshine-tiny-vi-hf-cpu,1.39,516.94921875,0.5,0.2746478873239437,,0.13872255489021956,,eval_data\mixed\vi_1847_steady_5.wav,,,
fleurs-asr/moonshine-tiny-vi-hf-cpu,vi-asr-1847-steady-0,ASR,vi,,0.0,steady,moonshine-tiny-vi-hf-cpu,0.7044,516.94921875,1.0,0.8169014084507042,,0.07029940119760479,,eval_data\mixed\vi_1847_steady_0.wav,,,
fleurs-asr/moonshine-tiny-vi-hf-cpu,vi-asr-1847-impulsive-15,ASR,vi,,15.0,impulsive,moonshine-tiny-vi-hf-cpu,1.2455,516.94921875,0.2,0.14788732394366197,,0.12430139720558883,,eval_data\mixed\vi_1847_impulsive_15.wav,,,
fleurs-asr/moonshine-tiny-vi-hf-cpu,vi-asr-1847-impulsive-10,ASR,vi,,10.0,impulsive,moonshine-tiny-vi-hf-cpu,1.2437,516.94921875,0.23333333333333334,0.1619718309859155,,0.12412175648702596,,eval_data\mixed\vi_1847_impulsive_10.wav,,,
fleurs-asr/moonshine-tiny-vi-hf-cpu,vi-asr-1847-impulsive-5,ASR,vi,,5.0,impulsive,moonshine-tiny-vi-hf-cpu,1.3067,516.94921875,0.26666666666666666,0.15492957746478872,,0.13040918163672655,,eval_data\mixed\vi_1847_impulsive_5.wav,,,
fleurs-asr/moonshine-tiny-vi-hf-cpu,vi-asr-1847-impulsive-0,ASR,vi,,0.0,impulsive,moonshine-tiny-vi-hf-cpu,1.2722,516.94921875,0.43333333333333335,0.22535211267605634,,0.12696606786427148,,eval_data\mixed\vi_1847_impulsive_0.wav,,,
fleurs-asr/moonshine-tiny-vi-hf-cpu,vi-asr-1874-clean,ASR,vi,,,clean,moonshine-tiny-vi-hf-cpu,1.8955,516.94921875,0.2,0.0759493670886076,,0.12842140921409215,,eval_data\mixed\vi_1874_clean.wav,,,
fleurs-asr/moonshine-tiny-vi-hf-cpu,vi-asr-1874-steady-15,ASR,vi,,15.0,steady,moonshine-tiny-vi-hf-cpu,1.8379,516.94921875,0.22857142857142856,0.0759493670886076,,0.1245189701897019,,eval_data\mixed\vi_1874_steady_15.wav,,,
fleurs-asr/moonshine-tiny-vi-hf-cpu,vi-asr-1874-steady-10,ASR,vi,,10.0,steady,moonshine-tiny-vi-hf-cpu,1.8617,516.94921875,0.3142857142857143,0.12658227848101267,,0.12613143631436313,,eval_data\mixed\vi_1874_steady_10.wav,,,
fleurs-asr/moonshine-tiny-vi-hf-cpu,vi-asr-1874-steady-5,ASR,vi,,5.0,steady,moonshine-tiny-vi-hf-cpu,1.7693,516.94921875,0.5142857142857142,0.25949367088607594,,0.11987127371273713,,eval_data\mixed\vi_1874_steady_5.wav,,,
fleurs-asr/moonshine-tiny-vi-hf-cpu,vi-asr-1874-steady-0,ASR,vi,,0.0,steady,moonshine-tiny-vi-hf-cpu,1.9485,516.94921875,0.5428571428571428,0.2848101265822785,,0.13201219512195123,,eval_data\mixed\vi_1874_steady_0.wav,,,
fleurs-asr/moonshine-tiny-vi-hf-cpu,vi-asr-1874-impulsive-15,ASR,vi,,15.0,impulsive,moonshine-tiny-vi-hf-cpu,1.8086,516.94921875,0.2,0.08227848101265822,,0.12253387533875339,,eval_data\mixed\vi_1874_impulsive_15.wav,,,
fleurs-asr/moonshine-tiny-vi-hf-cpu,vi-asr-1874-impulsive-10,ASR,vi,,10.0,impulsive,moonshine-tiny-vi-hf-cpu,1.7566,516.94921875,0.22857142857142856,0.0949367088607595,,0.11901084010840109,,eval_data\mixed\vi_1874_impulsive_10.wav,,,
fleurs-asr/moonshine-tiny-vi-hf-cpu,vi-asr-1874-impulsive-5,ASR,vi,,5.0,impulsive,moonshine-tiny-vi-hf-cpu,1.8453,516.94921875,0.22857142857142856,0.0949367088607595,,0.12502032520325204,,eval_data\mixed\vi_1874_impulsive_5.wav,,,
fleurs-asr/moonshine-tiny-vi-hf-cpu,vi-asr-1874-impulsive-0,ASR,vi,,0.0,impulsive,moonshine-tiny-vi-hf-cpu,1.8345,516.94921875,0.2857142857142857,0.13291139240506328,,0.12428861788617887,,eval_data\mixed\vi_1874_impulsive_0.wav,,,
fleurs-asr/moonshine-tiny-vi-hf-cpu,vi-asr-1675-clean,ASR,vi,,,clean,moonshine-tiny-vi-hf-cpu,1.067,516.94921875,0.20833333333333334,0.0625,,0.0971766848816029,,eval_data\mixed\vi_1675_clean.wav,,,
fleurs-asr/moonshine-tiny-vi-hf-cpu,vi-asr-1675-steady-15,ASR,vi,,15.0,steady,moonshine-tiny-vi-hf-cpu,1.1275,516.94921875,0.25,0.10416666666666667,,0.10268670309653916,,eval_data\mixed\vi_1675_steady_15.wav,,,
fleurs-asr/moonshine-tiny-vi-hf-cpu,vi-asr-1675-steady-10,ASR,vi,,10.0,steady,moonshine-tiny-vi-hf-cpu,1.2256,516.94921875,0.2916666666666667,0.16666666666666666,,0.11162112932604736,,eval_data\mixed\vi_1675_steady_10.wav,,,
fleurs-asr/moonshine-tiny-vi-hf-cpu,vi-asr-1675-steady-5,ASR,vi,,5.0,steady,moonshine-tiny-vi-hf-cpu,0.9825,516.94921875,0.5,0.2916666666666667,,0.08948087431693989,,eval_data\mixed\vi_1675_steady_5.wav,,,
fleurs-asr/moonshine-tiny-vi-hf-cpu,vi-asr-1675-steady-0,ASR,vi,,0.0,steady,moonshine-tiny-vi-hf-cpu,1.1039,516.94921875,0.5833333333333334,0.4166666666666667,,0.10053734061930784,,eval_data\mixed\vi_1675_steady_0.wav,,,
fleurs-asr/moonshine-tiny-vi-hf-cpu,vi-asr-1675-impulsive-15,ASR,vi,,15.0,impulsive,moonshine-tiny-vi-hf-cpu,0.9543,516.94921875,0.25,0.10416666666666667,,0.08691256830601093,,eval_data\mixed\vi_1675_impulsive_15.wav,,,
fleurs-asr/moonshine-tiny-vi-hf-cpu,vi-asr-1675-impulsive-10,ASR,vi,,10.0,impulsive,moonshine-tiny-vi-hf-cpu,0.9864,516.94921875,0.2916666666666667,0.13541666666666666,,0.0898360655737705,,eval_data\mixed\vi_1675_impulsive_10.wav,,,
fleurs-asr/moonshine-tiny-vi-hf-cpu,vi-asr-1675-impulsive-5,ASR,vi,,5.0,impulsive,moonshine-tiny-vi-hf-cpu,0.9736,516.94921875,0.16666666666666666,0.10416666666666667,,0.08867030965391622,,eval_data\mixed\vi_1675_impulsive_5.wav,,,
fleurs-asr/moonshine-tiny-vi-hf-cpu,vi-asr-1675-impulsive-0,ASR,vi,,0.0,impulsive,moonshine-tiny-vi-hf-cpu,0.951,516.94921875,0.20833333333333334,0.14583333333333334,,0.0866120218579235,,eval_data\mixed\vi_1675_impulsive_0.wav,,,
fleurs-asr/moonshine-tiny-vi-hf-cpu,vi-asr-1929-clean,ASR,vi,,,clean,moonshine-tiny-vi-hf-cpu,0.9234,516.94921875,0.44,0.2403846153846154,,0.08186170212765959,,eval_data\mixed\vi_1929_clean.wav,,,
fleurs-asr/moonshine-tiny-vi-hf-cpu,vi-asr-1929-steady-15,ASR,vi,,15.0,steady,moonshine-tiny-vi-hf-cpu,0.9444,516.94921875,0.48,0.2692307692307692,,0.08372340425531916,,eval_data\mixed\vi_1929_steady_15.wav,,,
fleurs-asr/moonshine-tiny-vi-hf-cpu,vi-asr-1929-steady-10,ASR,vi,,10.0,steady,moonshine-tiny-vi-hf-cpu,0.9264,516.94921875,0.44,0.27884615384615385,,0.08212765957446809,,eval_data\mixed\vi_1929_steady_10.wav,,,
fleurs-asr/moonshine-tiny-vi-hf-cpu,vi-asr-1929-steady-5,ASR,vi,,5.0,steady,moonshine-tiny-vi-hf-cpu,0.8749,516.94921875,0.44,0.2980769230769231,,0.07756205673758866,,eval_data\mixed\vi_1929_steady_5.wav,,,
fleurs-asr/moonshine-tiny-vi-hf-cpu,vi-asr-1929-steady-0,ASR,vi,,0.0,steady,moonshine-tiny-vi-hf-cpu,0.7731,516.94921875,0.64,0.4519230769230769,,0.0685372340425532,,eval_data\mixed\vi_1929_steady_0.wav,,,
fleurs-asr/moonshine-tiny-vi-hf-cpu,vi-asr-1929-impulsive-15,ASR,vi,,15.0,impulsive,moonshine-tiny-vi-hf-cpu,0.9021,516.94921875,0.48,0.3076923076923077,,0.07997340425531915,,eval_data\mixed\vi_1929_impulsive_15.wav,,,
fleurs-asr/moonshine-tiny-vi-hf-cpu,vi-asr-1929-impulsive-10,ASR,vi,,10.0,impulsive,moonshine-tiny-vi-hf-cpu,0.8925,516.94921875,0.48,0.3076923076923077,,0.07912234042553191,,eval_data\mixed\vi_1929_impulsive_10.wav,,,
fleurs-asr/moonshine-tiny-vi-hf-cpu,vi-asr-1929-impulsive-5,ASR,vi,,5.0,impulsive,moonshine-tiny-vi-hf-cpu,0.565,516.94921875,1.0,0.8173076923076923,,0.0500886524822695,,eval_data\mixed\vi_1929_impulsive_5.wav,,,
fleurs-asr/moonshine-tiny-vi-hf-cpu,vi-asr-1929-impulsive-0,ASR,vi,,0.0,impulsive,moonshine-tiny-vi-hf-cpu,0.5094,516.94921875,1.0,0.8173076923076923,,0.045159574468085106,,eval_data\mixed\vi_1929_impulsive_0.wav,,,
fleurs-asr/moonshine-tiny-vi-hf-cpu,vi-asr-1961-clean,ASR,vi,,,clean,moonshine-tiny-vi-hf-cpu,2.6585,526.34765625,0.21666666666666667,0.20676691729323307,,0.142470525187567,,eval_data\mixed\vi_1961_clean.wav,,,
fleurs-asr/moonshine-tiny-vi-hf-cpu,vi-asr-1961-steady-15,ASR,vi,,15.0,steady,moonshine-tiny-vi-hf-cpu,2.5279,526.34765625,0.23333333333333334,0.21804511278195488,,0.1354715969989282,,eval_data\mixed\vi_1961_steady_15.wav,,,
fleurs-asr/moonshine-tiny-vi-hf-cpu,vi-asr-1961-steady-10,ASR,vi,,10.0,steady,moonshine-tiny-vi-hf-cpu,2.5094,526.68359375,0.26666666666666666,0.22556390977443608,,0.13448017148981778,,eval_data\mixed\vi_1961_steady_10.wav,,,
fleurs-asr/moonshine-tiny-vi-hf-cpu,vi-asr-1961-steady-5,ASR,vi,,5.0,steady,moonshine-tiny-vi-hf-cpu,2.9513,528.81640625,0.31666666666666665,0.16165413533834586,,0.15816184351554124,,eval_data\mixed\vi_1961_steady_5.wav,,,
fleurs-asr/moonshine-tiny-vi-hf-cpu,vi-asr-1961-steady-0,ASR,vi,,0.0,steady,moonshine-tiny-vi-hf-cpu,2.8299,528.81640625,0.6666666666666666,0.40601503759398494,,0.15165594855305464,,eval_data\mixed\vi_1961_steady_0.wav,,,
fleurs-asr/moonshine-tiny-vi-hf-cpu,vi-asr-1961-impulsive-15,ASR,vi,,15.0,impulsive,moonshine-tiny-vi-hf-cpu,2.3858,530.0703125,0.21666666666666667,0.20676691729323307,,0.12785637727759916,,eval_data\mixed\vi_1961_impulsive_15.wav,,,
fleurs-asr/moonshine-tiny-vi-hf-cpu,vi-asr-1961-impulsive-10,ASR,vi,,10.0,impulsive,moonshine-tiny-vi-hf-cpu,2.6692,530.0703125,0.23333333333333334,0.22180451127819548,,0.14304394426580921,,eval_data\mixed\vi_1961_impulsive_10.wav,,,
fleurs-asr/moonshine-tiny-vi-hf-cpu,vi-asr-1961-impulsive-5,ASR,vi,,5.0,impulsive,moonshine-tiny-vi-hf-cpu,2.4629,530.0703125,0.23333333333333334,0.22180451127819548,,0.13198821007502679,,eval_data\mixed\vi_1961_impulsive_5.wav,,,
fleurs-asr/moonshine-tiny-vi-hf-cpu,vi-asr-1961-impulsive-0,ASR,vi,,0.0,impulsive,moonshine-tiny-vi-hf-cpu,2.4812,530.0703125,0.25,0.22932330827067668,,0.13296891747052517,,eval_data\mixed\vi_1961_impulsive_0.wav,,,
fleurs-asr/moonshine-tiny-vi-hf-cpu,vi-asr-1707-clean,ASR,vi,,,clean,moonshine-tiny-vi-hf-cpu,1.7708,530.0703125,0.1935483870967742,0.125,,0.1412121212121212,,eval_data\mixed\vi_1707_clean.wav,,,
fleurs-asr/moonshine-tiny-vi-hf-cpu,vi-asr-1707-steady-15,ASR,vi,,15.0,steady,moonshine-tiny-vi-hf-cpu,1.2941,530.0703125,0.22580645161290322,0.1323529411764706,,0.10319776714513558,,eval_data\mixed\vi_1707_steady_15.wav,,,
fleurs-asr/moonshine-tiny-vi-hf-cpu,vi-asr-1707-steady-10,ASR,vi,,10.0,steady,moonshine-tiny-vi-hf-cpu,1.428,530.0703125,0.22580645161290322,0.15441176470588236,,0.11387559808612441,,eval_data\mixed\vi_1707_steady_10.wav,,,
fleurs-asr/moonshine-tiny-vi-hf-cpu,vi-asr-1707-steady-5,ASR,vi,,5.0,steady,moonshine-tiny-vi-hf-cpu,1.3951,530.0703125,0.6129032258064516,0.39705882352941174,,0.11125199362041469,,eval_data\mixed\vi_1707_steady_5.wav,,,
fleurs-asr/moonshine-tiny-vi-hf-cpu,vi-asr-1707-steady-0,ASR,vi,,0.0,steady,moonshine-tiny-vi-hf-cpu,1.3036,530.0703125,0.6774193548387096,0.49264705882352944,,0.10395534290271134,,eval_data\mixed\vi_1707_steady_0.wav,,,
fleurs-asr/moonshine-tiny-vi-hf-cpu,vi-asr-1707-impulsive-15,ASR,vi,,15.0,impulsive,moonshine-tiny-vi-hf-cpu,1.2821,530.0703125,0.1935483870967742,0.11764705882352941,,0.10224082934609251,,eval_data\mixed\vi_1707_impulsive_15.wav,,,
fleurs-asr/moonshine-tiny-vi-hf-cpu,vi-asr-1707-impulsive-10,ASR,vi,,10.0,impulsive,moonshine-tiny-vi-hf-cpu,1.2375,530.0703125,0.25806451612903225,0.13970588235294118,,0.0986842105263158,,eval_data\mixed\vi_1707_impulsive_10.wav,,,
fleurs-asr/moonshine-tiny-vi-hf-cpu,vi-asr-1707-impulsive-5,ASR,vi,,5.0,impulsive,moonshine-tiny-vi-hf-cpu,1.3296,530.0703125,0.16129032258064516,0.09558823529411764,,0.10602870813397129,,eval_data\mixed\vi_1707_impulsive_5.wav,,,
fleurs-asr/moonshine-tiny-vi-hf-cpu,vi-asr-1707-impulsive-0,ASR,vi,,0.0,impulsive,moonshine-tiny-vi-hf-cpu,1.3108,530.0703125,0.16129032258064516,0.11764705882352941,,0.10452950558213717,,eval_data\mixed\vi_1707_impulsive_0.wav,,,
fleurs-asr/moonshine-tiny-vi-hf-cpu,vi-asr-1748-clean,ASR,vi,,,clean,moonshine-tiny-vi-hf-cpu,0.8991,530.0703125,0.4666666666666667,0.16666666666666666,,0.11018382352941176,,eval_data\mixed\vi_1748_clean.wav,,,
fleurs-asr/moonshine-tiny-vi-hf-cpu,vi-asr-1748-steady-15,ASR,vi,,15.0,steady,moonshine-tiny-vi-hf-cpu,0.8744,530.0703125,0.6666666666666666,0.3181818181818182,,0.10715686274509803,,eval_data\mixed\vi_1748_steady_15.wav,,,
fleurs-asr/moonshine-tiny-vi-hf-cpu,vi-asr-1748-steady-10,ASR,vi,,10.0,steady,moonshine-tiny-vi-hf-cpu,0.9424,530.0703125,0.7333333333333333,0.3484848484848485,,0.11549019607843138,,eval_data\mixed\vi_1748_steady_10.wav,,,
fleurs-asr/moonshine-tiny-vi-hf-cpu,vi-asr-1748-steady-5,ASR,vi,,5.0,steady,moonshine-tiny-vi-hf-cpu,0.8292,530.0703125,0.6666666666666666,0.36363636363636365,,0.10161764705882353,,eval_data\mixed\vi_1748_steady_5.wav,,,
fleurs-asr/moonshine-tiny-vi-hf-cpu,vi-asr-1748-steady-0,ASR,vi,,0.0,steady,moonshine-tiny-vi-hf-cpu,0.5678,530.0703125,1.0,0.7575757575757576,,0.06958333333333333,,eval_data\mixed\vi_1748_steady_0.wav,,,
fleurs-asr/moonshine-tiny-vi-hf-cpu,vi-asr-1748-impulsive-15,ASR,vi,,15.0,impulsive,moonshine-tiny-vi-hf-cpu,0.9015,530.0703125,0.6,0.2878787878787879,,0.11047794117647058,,eval_data\mixed\vi_1748_impulsive_15.wav,,,
fleurs-asr/moonshine-tiny-vi-hf-cpu,vi-asr-1748-impulsive-10,ASR,vi,,10.0,impulsive,moonshine-tiny-vi-hf-cpu,0.8634,530.0703125,0.6,0.30303030303030304,,0.10580882352941176,,eval_data\mixed\vi_1748_impulsive_10.wav,,,
fleurs-asr/moonshine-tiny-vi-hf-cpu,vi-asr-1748-impulsive-5,ASR,vi,,5.0,impulsive,moonshine-tiny-vi-hf-cpu,0.8982,530.0703125,0.5333333333333333,0.25757575757575757,,0.11007352941176471,,eval_data\mixed\vi_1748_impulsive_5.wav,,,
fleurs-asr/moonshine-tiny-vi-hf-cpu,vi-asr-1748-impulsive-0,ASR,vi,,0.0,impulsive,moonshine-tiny-vi-hf-cpu,0.9014,530.0703125,0.6,0.3333333333333333,,0.1104656862745098,,eval_data\mixed\vi_1748_impulsive_0.wav,,,
fleurs-asr/moonshine-tiny-vi-hf-cpu,vi-asr-1931-clean,ASR,vi,,,clean,moonshine-tiny-vi-hf-cpu,1.6434,530.0703125,0.21212121212121213,0.08571428571428572,,0.11508403361344538,,eval_data\mixed\vi_1931_clean.wav,,,
fleurs-asr/moonshine-tiny-vi-hf-cpu,vi-asr-1931-steady-15,ASR,vi,,15.0,steady,moonshine-tiny-vi-hf-cpu,1.7946,530.0703125,0.21212121212121213,0.09285714285714286,,0.12567226890756303,,eval_data\mixed\vi_1931_steady_15.wav,,,
fleurs-asr/moonshine-tiny-vi-hf-cpu,vi-asr-1931-steady-10,ASR,vi,,10.0,steady,moonshine-tiny-vi-hf-cpu,1.6303,530.0703125,0.21212121212121213,0.11428571428571428,,0.11416666666666668,,eval_data\mixed\vi_1931_steady_10.wav,,,
fleurs-asr/moonshine-tiny-vi-hf-cpu,vi-asr-1931-steady-5,ASR,vi,,5.0,steady,moonshine-tiny-vi-hf-cpu,1.6906,530.0703125,0.36363636363636365,0.21428571428571427,,0.11838935574229693,,eval_data\mixed\vi_1931_steady_5.wav,,,
fleurs-asr/moonshine-tiny-vi-hf-cpu,vi-asr-1931-steady-0,ASR,vi,,0.0,steady,moonshine-tiny-vi-hf-cpu,1.6648,530.0703125,0.9090909090909091,0.6714285714285714,,0.1165826330532213,,eval_data\mixed\vi_1931_steady_0.wav,,,
fleurs-asr/moonshine-tiny-vi-hf-cpu,vi-asr-1931-impulsive-15,ASR,vi,,15.0,impulsive,moonshine-tiny-vi-hf-cpu,1.6018,530.0703125,0.24242424242424243,0.12142857142857143,,0.11217086834733893,,eval_data\mixed\vi_1931_impulsive_15.wav,,,
fleurs-asr/moonshine-tiny-vi-hf-cpu,vi-asr-1931-impulsive-10,ASR,vi,,10.0,impulsive,moonshine-tiny-vi-hf-cpu,1.6355,530.0703125,0.2727272727272727,0.1357142857142857,,0.11453081232492997,,eval_data\mixed\vi_1931_impulsive_10.wav,,,
fleurs-asr/moonshine-tiny-vi-hf-cpu,vi-asr-1931-impulsive-5,ASR,vi,,5.0,impulsive,moonshine-tiny-vi-hf-cpu,1.5307,530.0703125,0.30303030303030304,0.15,,0.10719187675070029,,eval_data\mixed\vi_1931_impulsive_5.wav,,,
fleurs-asr/moonshine-tiny-vi-hf-cpu,vi-asr-1931-impulsive-0,ASR,vi,,0.0,impulsive,moonshine-tiny-vi-hf-cpu,1.6759,530.0703125,0.36363636363636365,0.19285714285714287,,0.11735994397759104,,eval_data\mixed\vi_1931_impulsive_0.wav,,,
fleurs-asr/moonshine-tiny-vi-hf-cpu,vi-asr-2001-clean,ASR,vi,,,clean,moonshine-tiny-vi-hf-cpu,1.7805,530.0703125,0.2564102564102564,0.10404624277456648,,0.13802325581395347,,eval_data\mixed\vi_2001_clean.wav,,,
fleurs-asr/moonshine-tiny-vi-hf-cpu,vi-asr-2001-steady-15,ASR,vi,,15.0,steady,moonshine-tiny-vi-hf-cpu,1.9063,530.0703125,0.2564102564102564,0.10982658959537572,,0.1477751937984496,,eval_data\mixed\vi_2001_steady_15.wav,,,
fleurs-asr/moonshine-tiny-vi-hf-cpu,vi-asr-2001-steady-10,ASR,vi,,10.0,steady,moonshine-tiny-vi-hf-cpu,1.8369,530.0703125,0.23076923076923078,0.11560693641618497,,0.1423953488372093,,eval_data\mixed\vi_2001_steady_10.wav,,,
fleurs-asr/moonshine-tiny-vi-hf-cpu,vi-asr-2001-steady-5,ASR,vi,,5.0,steady,moonshine-tiny-vi-hf-cpu,1.8656,530.0703125,0.38461538461538464,0.20809248554913296,,0.1446201550387597,,eval_data\mixed\vi_2001_steady_5.wav,,,
fleurs-asr/moonshine-tiny-vi-hf-cpu,vi-asr-2001-steady-0,ASR,vi,,0.0,steady,moonshine-tiny-vi-hf-cpu,1.7597,530.0703125,0.8461538461538461,0.5606936416184971,,0.1364108527131783,,eval_data\mixed\vi_2001_steady_0.wav,,,
fleurs-asr/moonshine-tiny-vi-hf-cpu,vi-asr-2001-impulsive-15,ASR,vi,,15.0,impulsive,moonshine-tiny-vi-hf-cpu,2.3222,530.0703125,0.2564102564102564,0.09248554913294797,,0.18001550387596899,,eval_data\mixed\vi_2001_impulsive_15.wav,,,
fleurs-asr/moonshine-tiny-vi-hf-cpu,vi-asr-2001-impulsive-10,ASR,vi,,10.0,impulsive,moonshine-tiny-vi-hf-cpu,2.2326,530.0703125,0.28205128205128205,0.14450867052023122,,0.17306976744186048,,eval_data\mixed\vi_2001_impulsive_10.wav,,,
fleurs-asr/moonshine-tiny-vi-hf-cpu,vi-asr-2001-impulsive-5,ASR,vi,,5.0,impulsive,moonshine-tiny-vi-hf-cpu,1.8289,530.0703125,0.2564102564102564,0.10404624277456648,,0.1417751937984496,,eval_data\mixed\vi_2001_impulsive_5.wav,,,
fleurs-asr/moonshine-tiny-vi-hf-cpu,vi-asr-2001-impulsive-0,ASR,vi,,0.0,impulsive,moonshine-tiny-vi-hf-cpu,1.8822,530.0703125,0.2564102564102564,0.10982658959537572,,0.14590697674418604,,eval_data\mixed\vi_2001_impulsive_0.wav,,,
fleurs-asr/moonshine-tiny-vi-hf-cpu,vi-asr-1835-clean,ASR,vi,,,clean,moonshine-tiny-vi-hf-cpu,1.8944,530.625,0.2972972972972973,0.13414634146341464,,0.12993141289437588,,eval_data\mixed\vi_1835_clean.wav,,,
fleurs-asr/moonshine-tiny-vi-hf-cpu,vi-asr-1835-steady-15,ASR,vi,,15.0,steady,moonshine-tiny-vi-hf-cpu,2.0084,534.18359375,0.2972972972972973,0.12804878048780488,,0.13775034293552813,,eval_data\mixed\vi_1835_steady_15.wav,,,
fleurs-asr/moonshine-tiny-vi-hf-cpu,vi-asr-1835-steady-10,ASR,vi,,10.0,steady,moonshine-tiny-vi-hf-cpu,2.0146,534.18359375,0.2972972972972973,0.14634146341463414,,0.1381755829903978,,eval_data\mixed\vi_1835_steady_10.wav,,,
fleurs-asr/moonshine-tiny-vi-hf-cpu,vi-asr-1835-steady-5,ASR,vi,,5.0,steady,moonshine-tiny-vi-hf-cpu,2.1592,534.18359375,0.5675675675675675,0.4024390243902439,,0.1480932784636488,,eval_data\mixed\vi_1835_steady_5.wav,,,
fleurs-asr/moonshine-tiny-vi-hf-cpu,vi-asr-1835-steady-0,ASR,vi,,0.0,steady,moonshine-tiny-vi-hf-cpu,0.7925,534.18359375,1.0,0.8414634146341463,,0.05435528120713306,,eval_data\mixed\vi_1835_steady_0.wav,,,
fleurs-asr/moonshine-tiny-vi-hf-cpu,vi-asr-1835-impulsive-15,ASR,vi,,15.0,impulsive,moonshine-tiny-vi-hf-cpu,2.1196,534.18359375,0.32432432432432434,0.1402439024390244,,0.14537722908093278,,eval_data\mixed\vi_1835_impulsive_15.wav,,,
fleurs-asr/moonshine-tiny-vi-hf-cpu,vi-asr-1835-impulsive-10,ASR,vi,,10.0,impulsive,moonshine-tiny-vi-hf-cpu,1.8442,534.18359375,0.35135135135135137,0.13414634146341464,,0.1264883401920439,,eval_data\mixed\vi_1835_impulsive_10.wav,,,
fleurs-asr/moonshine-tiny-vi-hf-cpu,vi-asr-1835-impulsive-5,ASR,vi,,5.0,impulsive,moonshine-tiny-vi-hf-cpu,1.6432,534.18359375,0.35135135135135137,0.13414634146341464,,0.11270233196159123,,eval_data\mixed\vi_1835_impulsive_5.wav,,,
fleurs-asr/moonshine-tiny-vi-hf-cpu,vi-asr-1835-impulsive-0,ASR,vi,,0.0,impulsive,moonshine-tiny-vi-hf-cpu,1.829,534.18359375,0.4594594594594595,0.1951219512195122,,0.12544581618655692,,eval_data\mixed\vi_1835_impulsive_0.wav,,,
fleurs-asr/moonshine-tiny-vi-hf-cpu,vi-asr-1946-clean,ASR,vi,,,clean,moonshine-tiny-vi-hf-cpu,2.229,540.6328125,0.3111111111111111,0.12437810945273632,,0.10348189415041784,,eval_data\mixed\vi_1946_clean.wav,,,
fleurs-asr/moonshine-tiny-vi-hf-cpu,vi-asr-1946-steady-15,ASR,vi,,15.0,steady,moonshine-tiny-vi-hf-cpu,2.0632,543.91015625,0.3111111111111111,0.12437810945273632,,0.09578458681522749,,eval_data\mixed\vi_1946_steady_15.wav,,,
fleurs-asr/moonshine-tiny-vi-hf-cpu,vi-asr-1946-steady-10,ASR,vi,,10.0,steady,moonshine-tiny-vi-hf-cpu,2.0335,546.25,0.28888888888888886,0.13930348258706468,,0.09440575673166203,,eval_data\mixed\vi_1946_steady_10.wav,,,
fleurs-asr/moonshine-tiny-vi-hf-cpu,vi-asr-1946-steady-5,ASR,vi,,5.0,steady,moonshine-tiny-vi-hf-cpu,2.4008,546.25,0.3333333333333333,0.1791044776119403,,0.11145775301764159,,eval_data\mixed\vi_1946_steady_5.wav,,,
fleurs-asr/moonshine-tiny-vi-hf-cpu,vi-asr-1946-steady-0,ASR,vi,,0.0,steady,moonshine-tiny-vi-hf-cpu,2.0521,546.25,0.5777777777777777,0.3383084577114428,,0.09526926648096563,,eval_data\mixed\vi_1946_steady_0.wav,,,
fleurs-asr/moonshine-tiny-vi-hf-cpu,vi-asr-1946-impulsive-15,ASR,vi,,15.0,impulsive,moonshine-tiny-vi-hf-cpu,2.0207,546.25,0.28888888888888886,0.11442786069651742,,0.09381151346332406,,eval_data\mixed\vi_1946_impulsive_15.wav,,,
fleurs-asr/moonshine-tiny-vi-hf-cpu,vi-asr-1946-impulsive-10,ASR,vi,,10.0,impulsive,moonshine-tiny-vi-hf-cpu,2.2056,546.25,0.28888888888888886,0.11940298507462686,,0.10239554317548746,,eval_data\mixed\vi_1946_impulsive_10.wav,,,
fleurs-asr/moonshine-tiny-vi-hf-cpu,vi-asr-1946-impulsive-5,ASR,vi,,5.0,impulsive,moonshine-tiny-vi-hf-cpu,1.9904,546.25,0.28888888888888886,0.14925373134328357,,0.09240482822655524,,eval_data\mixed\vi_1946_impulsive_5.wav,,,
fleurs-asr/moonshine-tiny-vi-hf-cpu,vi-asr-1946-impulsive-0,ASR,vi,,0.0,impulsive,moonshine-tiny-vi-hf-cpu,2.0501,546.25,0.3333333333333333,0.1791044776119403,,0.09517641597028784,,eval_data\mixed\vi_1946_impulsive_0.wav,,,
fleurs-asr/moonshine-tiny-vi-hf-cpu,vi-asr-1689-clean,ASR,vi,,,clean,moonshine-tiny-vi-hf-cpu,1.8159,546.25,0.32432432432432434,0.13095238095238096,,0.1455048076923077,,eval_data\mixed\vi_1689_clean.wav,,,
fleurs-asr/moonshine-tiny-vi-hf-cpu,vi-asr-1689-steady-15,ASR,vi,,15.0,steady,moonshine-tiny-vi-hf-cpu,1.8781,546.25,0.32432432432432434,0.125,,0.15048878205128205,,eval_data\mixed\vi_1689_steady_15.wav,,,
fleurs-asr/moonshine-tiny-vi-hf-cpu,vi-asr-1689-steady-10,ASR,vi,,10.0,steady,moonshine-tiny-vi-hf-cpu,1.8625,546.25,0.35135135135135137,0.125,,0.14923878205128205,,eval_data\mixed\vi_1689_steady_10.wav,,,
fleurs-asr/moonshine-tiny-vi-hf-cpu,vi-asr-1689-steady-5,ASR,vi,,5.0,steady,moonshine-tiny-vi-hf-cpu,1.8908,546.25,0.5675675675675675,0.25595238095238093,,0.15150641025641026,,eval_data\mixed\vi_1689_steady_5.wav,,,
fleurs-asr/moonshine-tiny-vi-hf-cpu,vi-asr-1689-steady-0,ASR,vi,,0.0,steady,moonshine-tiny-vi-hf-cpu,2.1512,546.25,0.8648648648648649,0.5297619047619048,,0.17237179487179485,,eval_data\mixed\vi_1689_steady_0.wav,,,
fleurs-asr/moonshine-tiny-vi-hf-cpu,vi-asr-1689-impulsive-15,ASR,vi,,15.0,impulsive,moonshine-tiny-vi-hf-cpu,2.0947,546.25,0.4594594594594595,0.18452380952380953,,0.16784455128205128,,eval_data\mixed\vi_1689_impulsive_15.wav,,,
fleurs-asr/moonshine-tiny-vi-hf-cpu,vi-asr-1689-impulsive-10,ASR,vi,,10.0,impulsive,moonshine-tiny-vi-hf-cpu,1.8031,546.25,0.43243243243243246,0.17261904761904762,,0.14447916666666666,,eval_data\mixed\vi_1689_impulsive_10.wav,,,
fleurs-asr/moonshine-tiny-vi-hf-cpu,vi-asr-1689-impulsive-5,ASR,vi,,5.0,impulsive,moonshine-tiny-vi-hf-cpu,1.8687,546.25,0.32432432432432434,0.14285714285714285,,0.14973557692307693,,eval_data\mixed\vi_1689_impulsive_5.wav,,,
fleurs-asr/moonshine-tiny-vi-hf-cpu,vi-asr-1689-impulsive-0,ASR,vi,,0.0,impulsive,moonshine-tiny-vi-hf-cpu,1.8128,546.25,0.32432432432432434,0.13690476190476192,,0.14525641025641026,,eval_data\mixed\vi_1689_impulsive_0.wav,,,
fleurs-asr/moonshine-tiny-vi-hf-cpu,vi-asr-1969-clean,ASR,vi,,,clean,moonshine-tiny-vi-hf-cpu,1.5831,546.25,0.1111111111111111,0.025,,0.1099375,,eval_data\mixed\vi_1969_clean.wav,,,
fleurs-asr/moonshine-tiny-vi-hf-cpu,vi-asr-1969-steady-15,ASR,vi,,15.0,steady,moonshine-tiny-vi-hf-cpu,1.6197,546.25,0.1388888888888889,0.0375,,0.11247916666666666,,eval_data\mixed\vi_1969_steady_15.wav,,,
fleurs-asr/moonshine-tiny-vi-hf-cpu,vi-asr-1969-steady-10,ASR,vi,,10.0,steady,moonshine-tiny-vi-hf-cpu,1.5875,546.25,0.2222222222222222,0.08125,,0.11024305555555555,,eval_data\mixed\vi_1969_steady_10.wav,,,
fleurs-asr/moonshine-tiny-vi-hf-cpu,vi-asr-1969-steady-5,ASR,vi,,5.0,steady,moonshine-tiny-vi-hf-cpu,1.5175,546.25,0.3333333333333333,0.13125,,0.10538194444444444,,eval_data\mixed\vi_1969_steady_5.wav,,,
fleurs-asr/moonshine-tiny-vi-hf-cpu,vi-asr-1969-steady-0,ASR,vi,,0.0,steady,moonshine-tiny-vi-hf-cpu,1.9571,546.25,0.6944444444444444,0.4625,,0.13590972222222222,,eval_data\mixed\vi_1969_steady_0.wav,,,
fleurs-asr/moonshine-tiny-vi-hf-cpu,vi-asr-1969-impulsive-15,ASR,vi,,15.0,impulsive,moonshine-tiny-vi-hf-cpu,1.5621,546.25,0.1388888888888889,0.0375,,0.10847916666666667,,eval_data\mixed\vi_1969_impulsive_15.wav,,,
fleurs-asr/moonshine-tiny-vi-hf-cpu,vi-asr-1969-impulsive-10,ASR,vi,,10.0,impulsive,moonshine-tiny-vi-hf-cpu,1.5914,546.25,0.1388888888888889,0.0375,,0.11051388888888888,,eval_data\mixed\vi_1969_impulsive_10.wav,,,
fleurs-asr/moonshine-tiny-vi-hf-cpu,vi-asr-1969-impulsive-5,ASR,vi,,5.0,impulsive,moonshine-tiny-vi-hf-cpu,1.639,546.25,0.16666666666666666,0.05,,0.11381944444444445,,eval_data\mixed\vi_1969_impulsive_5.wav,,,
fleurs-asr/moonshine-tiny-vi-hf-cpu,vi-asr-1969-impulsive-0,ASR,vi,,0.0,impulsive,moonshine-tiny-vi-hf-cpu,1.8684,546.25,0.16666666666666666,0.05,,0.12975,,eval_data\mixed\vi_1969_impulsive_0.wav,,,
fleurs-asr/moonshine-tiny-vi-hf-cpu,vi-asr-1854-clean,ASR,vi,,,clean,moonshine-tiny-vi-hf-cpu,0.8945,546.25,0.2,0.1,,0.11556847545219637,,eval_data\mixed\vi_1854_clean.wav,,,
fleurs-asr/moonshine-tiny-vi-hf-cpu,vi-asr-1854-steady-15,ASR,vi,,15.0,steady,moonshine-tiny-vi-hf-cpu,1.0982,546.25,0.2,0.1,,0.14188630490956072,,eval_data\mixed\vi_1854_steady_15.wav,,,
fleurs-asr/moonshine-tiny-vi-hf-cpu,vi-asr-1854-steady-10,ASR,vi,,10.0,steady,moonshine-tiny-vi-hf-cpu,1.1521,546.25,0.25,0.1,,0.1488501291989664,,eval_data\mixed\vi_1854_steady_10.wav,,,
fleurs-asr/moonshine-tiny-vi-hf-cpu,vi-asr-1854-steady-5,ASR,vi,,5.0,steady,moonshine-tiny-vi-hf-cpu,1.1953,546.25,0.5,0.28888888888888886,,0.15443152454780362,,eval_data\mixed\vi_1854_steady_5.wav,,,
fleurs-asr/moonshine-tiny-vi-hf-cpu,vi-asr-1854-steady-0,ASR,vi,,0.0,steady,moonshine-tiny-vi-hf-cpu,0.9592,546.25,0.9,0.5777777777777777,,0.12392764857881138,,eval_data\mixed\vi_1854_steady_0.wav,,,
fleurs-asr/moonshine-tiny-vi-hf-cpu,vi-asr-1854-impulsive-15,ASR,vi,,15.0,impulsive,moonshine-tiny-vi-hf-cpu,1.0035,546.25,0.2,0.1,,0.1296511627906977,,eval_data\mixed\vi_1854_impulsive_15.wav,,,
fleurs-asr/moonshine-tiny-vi-hf-cpu,vi-asr-1854-impulsive-10,ASR,vi,,10.0,impulsive,moonshine-tiny-vi-hf-cpu,1.0942,546.25,0.25,0.1111111111111111,,0.14136950904392764,,eval_data\mixed\vi_1854_impulsive_10.wav,,,
fleurs-asr/moonshine-tiny-vi-hf-cpu,vi-asr-1854-impulsive-5,ASR,vi,,5.0,impulsive,moonshine-tiny-vi-hf-cpu,1.1635,546.25,0.25,0.1111111111111111,,0.15032299741602068,,eval_data\mixed\vi_1854_impulsive_5.wav,,,
fleurs-asr/moonshine-tiny-vi-hf-cpu,vi-asr-1854-impulsive-0,ASR,vi,,0.0,impulsive,moonshine-tiny-vi-hf-cpu,1.1875,546.25,0.25,0.12222222222222222,,0.15342377260981913,,eval_data\mixed\vi_1854_impulsive_0.wav,,,
fleurs-asr/moonshine-tiny-vi-hf-cpu,vi-asr-1798-clean,ASR,vi,,,clean,moonshine-tiny-vi-hf-cpu,1.8422,546.25,0.28125,0.10344827586206896,,0.1171882951653944,,eval_data\mixed\vi_1798_clean.wav,,,
fleurs-asr/moonshine-tiny-vi-hf-cpu,vi-asr-1798-steady-15,ASR,vi,,15.0,steady,moonshine-tiny-vi-hf-cpu,1.7163,547.09375,0.34375,0.14367816091954022,,0.10917938931297709,,eval_data\mixed\vi_1798_steady_15.wav,,,
fleurs-asr/moonshine-tiny-vi-hf-cpu,vi-asr-1798-steady-10,ASR,vi,,10.0,steady,moonshine-tiny-vi-hf-cpu,1.6635,549.19140625,0.28125,0.13793103448275862,,0.10582061068702289,,eval_data\mixed\vi_1798_steady_10.wav,,,
fleurs-asr/moonshine-tiny-vi-hf-cpu,vi-asr-1798-steady-5,ASR,vi,,5.0,steady,moonshine-tiny-vi-hf-cpu,1.7689,549.20703125,0.34375,0.19540229885057472,,0.11252544529262086,,eval_data\mixed\vi_1798_steady_5.wav,,,
fleurs-asr/moonshine-tiny-vi-hf-cpu,vi-asr-1798-steady-0,ASR,vi,,0.0,steady,moonshine-tiny-vi-hf-cpu,1.7011,549.20703125,0.5,0.2988505747126437,,0.10821246819338422,,eval_data\mixed\vi_1798_steady_0.wav,,,
fleurs-asr/moonshine-tiny-vi-hf-cpu,vi-asr-1798-impulsive-15,ASR,vi,,15.0,impulsive,moonshine-tiny-vi-hf-cpu,1.683,549.20703125,0.3125,0.09195402298850575,,0.10706106870229007,,eval_data\mixed\vi_1798_impulsive_15.wav,,,
fleurs-asr/moonshine-tiny-vi-hf-cpu,vi-asr-1798-impulsive-10,ASR,vi,,10.0,impulsive,moonshine-tiny-vi-hf-cpu,1.88,549.20703125,0.3125,0.09195402298850575,,0.11959287531806614,,eval_data\mixed\vi_1798_impulsive_10.wav,,,
fleurs-asr/moonshine-tiny-vi-hf-cpu,vi-asr-1798-impulsive-5,ASR,vi,,5.0,impulsive,moonshine-tiny-vi-hf-cpu,1.8439,549.20703125,0.3125,0.09195402298850575,,0.11729643765903308,,eval_data\mixed\vi_1798_impulsive_5.wav,,,
fleurs-asr/moonshine-tiny-vi-hf-cpu,vi-asr-1798-impulsive-0,ASR,vi,,0.0,impulsive,moonshine-tiny-vi-hf-cpu,1.6908,549.20703125,0.34375,0.12643678160919541,,0.10755725190839695,,eval_data\mixed\vi_1798_impulsive_0.wav,,,
fleurs-asr/moonshine-tiny-vi-hf-cpu,vi-asr-1804-clean,ASR,vi,,,clean,moonshine-tiny-vi-hf-cpu,1.9964,549.20703125,0.20512820512820512,0.06432748538011696,,0.15124242424242423,,eval_data\mixed\vi_1804_clean.wav,,,
fleurs-asr/moonshine-tiny-vi-hf-cpu,vi-asr-1804-steady-15,ASR,vi,,15.0,steady,moonshine-tiny-vi-hf-cpu,2.1216,549.20703125,0.23076923076923078,0.10526315789473684,,0.16072727272727272,,eval_data\mixed\vi_1804_steady_15.wav,,,
fleurs-asr/moonshine-tiny-vi-hf-cpu,vi-asr-1804-steady-10,ASR,vi,,10.0,steady,moonshine-tiny-vi-hf-cpu,1.9267,549.20703125,0.2564102564102564,0.16374269005847952,,0.14596212121212124,,eval_data\mixed\vi_1804_steady_10.wav,,,
fleurs-asr/moonshine-tiny-vi-hf-cpu,vi-asr-1804-steady-5,ASR,vi,,5.0,steady,moonshine-tiny-vi-hf-cpu,1.9945,549.20703125,0.28205128205128205,0.2046783625730994,,0.15109848484848484,,eval_data\mixed\vi_1804_steady_5.wav,,,
fleurs-asr/moonshine-tiny-vi-hf-cpu,vi-asr-1804-steady-0,ASR,vi,,0.0,steady,moonshine-tiny-vi-hf-cpu,1.8688,549.20703125,0.6666666666666666,0.4269005847953216,,0.14157575757575758,,eval_data\mixed\vi_1804_steady_0.wav,,,
fleurs-asr/moonshine-tiny-vi-hf-cpu,vi-asr-1804-impulsive-15,ASR,vi,,15.0,impulsive,moonshine-tiny-vi-hf-cpu,1.9788,549.20703125,0.2564102564102564,0.1286549707602339,,0.1499090909090909,,eval_data\mixed\vi_1804_impulsive_15.wav,,,
fleurs-asr/moonshine-tiny-vi-hf-cpu,vi-asr-1804-impulsive-10,ASR,vi,,10.0,impulsive,moonshine-tiny-vi-hf-cpu,1.9074,549.20703125,0.3076923076923077,0.18128654970760233,,0.14450000000000002,,eval_data\mixed\vi_1804_impulsive_10.wav,,,
fleurs-asr/moonshine-tiny-vi-hf-cpu,vi-asr-1804-impulsive-5,ASR,vi,,5.0,impulsive,moonshine-tiny-vi-hf-cpu,1.8181,549.20703125,0.2564102564102564,0.12280701754385964,,0.1377348484848485,,eval_data\mixed\vi_1804_impulsive_5.wav,,,
fleurs-asr/moonshine-tiny-vi-hf-cpu,vi-asr-1804-impulsive-0,ASR,vi,,0.0,impulsive,moonshine-tiny-vi-hf-cpu,1.8484,549.20703125,0.38461538461538464,0.25146198830409355,,0.14003030303030303,,eval_data\mixed\vi_1804_impulsive_0.wav,,,
fleurs-asr/moonshine-tiny-vi-hf-cpu,vi-asr-1898-clean,ASR,vi,,,clean,moonshine-tiny-vi-hf-cpu,2.2902,554.62890625,0.3695652173913043,0.1717171717171717,,0.13071917808219177,,eval_data\mixed\vi_1898_clean.wav,,,
fleurs-asr/moonshine-tiny-vi-hf-cpu,vi-asr-1898-steady-15,ASR,vi,,15.0,steady,moonshine-tiny-vi-hf-cpu,2.3342,556.76953125,0.3695652173913043,0.16161616161616163,,0.13323059360730594,,eval_data\mixed\vi_1898_steady_15.wav,,,
fleurs-asr/moonshine-tiny-vi-hf-cpu,vi-asr-1898-steady-10,ASR,vi,,10.0,steady,moonshine-tiny-vi-hf-cpu,2.4169,556.76953125,0.391304347826087,0.20707070707070707,,0.13795091324200914,,eval_data\mixed\vi_1898_steady_10.wav,,,
fleurs-asr/moonshine-tiny-vi-hf-cpu,vi-asr-1898-steady-5,ASR,vi,,5.0,steady,moonshine-tiny-vi-hf-cpu,2.4211,556.76953125,0.5,0.3333333333333333,,0.1381906392694064,,eval_data\mixed\vi_1898_steady_5.wav,,,
fleurs-asr/moonshine-tiny-vi-hf-cpu,vi-asr-1898-steady-0,ASR,vi,,0.0,steady,moonshine-tiny-vi-hf-cpu,2.1612,556.76953125,0.8260869565217391,0.5404040404040404,,0.12335616438356165,,eval_data\mixed\vi_1898_steady_0.wav,,,
fleurs-asr/moonshine-tiny-vi-hf-cpu,vi-asr-1898-impulsive-15,ASR,vi,,15.0,impulsive,moonshine-tiny-vi-hf-cpu,2.4973,556.76953125,0.3695652173913043,0.17676767676767677,,0.14253995433789954,,eval_data\mixed\vi_1898_impulsive_15.wav,,,
fleurs-asr/moonshine-tiny-vi-hf-cpu,vi-asr-1898-impulsive-10,ASR,vi,,10.0,impulsive,moonshine-tiny-vi-hf-cpu,2.4196,556.76953125,0.3695652173913043,0.18181818181818182,,0.13810502283105022,,eval_data\mixed\vi_1898_impulsive_10.wav,,,
fleurs-asr/moonshine-tiny-vi-hf-cpu,vi-asr-1898-impulsive-5,ASR,vi,,5.0,impulsive,moonshine-tiny-vi-hf-cpu,2.1445,556.76953125,0.41304347826086957,0.20707070707070707,,0.12240296803652967,,eval_data\mixed\vi_1898_impulsive_5.wav,,,
fleurs-asr/moonshine-tiny-vi-hf-cpu,vi-asr-1898-impulsive-0,ASR,vi,,0.0,impulsive,moonshine-tiny-vi-hf-cpu,2.0766,556.76953125,0.41304347826086957,0.23232323232323232,,0.11852739726027398,,eval_data\mixed\vi_1898_impulsive_0.wav,,,
fleurs-asr/moonshine-tiny-vi-hf-cpu,vi-asr-1772-clean,ASR,vi,,,clean,moonshine-tiny-vi-hf-cpu,0.7848,556.76953125,0.11764705882352941,0.09722222222222222,,0.11275862068965518,,eval_data\mixed\vi_1772_clean.wav,,,
fleurs-asr/moonshine-tiny-vi-hf-cpu,vi-asr-1772-steady-15,ASR,vi,,15.0,steady,moonshine-tiny-vi-hf-cpu,0.7701,556.76953125,0.23529411764705882,0.125,,0.11064655172413793,,eval_data\mixed\vi_1772_steady_15.wav,,,
fleurs-asr/moonshine-tiny-vi-hf-cpu,vi-asr-1772-steady-10,ASR,vi,,10.0,steady,moonshine-tiny-vi-hf-cpu,0.8442,556.76953125,0.17647058823529413,0.06944444444444445,,0.12129310344827586,,eval_data\mixed\vi_1772_steady_10.wav,,,
fleurs-asr/moonshine-tiny-vi-hf-cpu,vi-asr-1772-steady-5,ASR,vi,,5.0,steady,moonshine-tiny-vi-hf-cpu,0.8405,556.76953125,0.35294117647058826,0.25,,0.12076149425287357,,eval_data\mixed\vi_1772_steady_5.wav,,,
fleurs-asr/moonshine-tiny-vi-hf-cpu,vi-asr-1772-steady-0,ASR,vi,,0.0,steady,moonshine-tiny-vi-hf-cpu,0.7554,556.76953125,0.4117647058823529,0.3333333333333333,,0.10853448275862068,,eval_data\mixed\vi_1772_steady_0.wav,,,
fleurs-asr/moonshine-tiny-vi-hf-cpu,vi-asr-1772-impulsive-15,ASR,vi,,15.0,impulsive,moonshine-tiny-vi-hf-cpu,0.8385,556.76953125,0.11764705882352941,0.08333333333333333,,0.12047413793103448,,eval_data\mixed\vi_1772_impulsive_15.wav,,,
fleurs-asr/moonshine-tiny-vi-hf-cpu,vi-asr-1772-impulsive-10,ASR,vi,,10.0,impulsive,moonshine-tiny-vi-hf-cpu,0.8664,556.76953125,0.11764705882352941,0.041666666666666664,,0.12448275862068965,,eval_data\mixed\vi_1772_impulsive_10.wav,,,
fleurs-asr/moonshine-tiny-vi-hf-cpu,vi-asr-1772-impulsive-5,ASR,vi,,5.0,impulsive,moonshine-tiny-vi-hf-cpu,0.8485,556.76953125,0.11764705882352941,0.041666666666666664,,0.1219109195402299,,eval_data\mixed\vi_1772_impulsive_5.wav,,,
fleurs-asr/moonshine-tiny-vi-hf-cpu,vi-asr-1772-impulsive-0,ASR,vi,,0.0,impulsive,moonshine-tiny-vi-hf-cpu,0.8865,556.76953125,0.11764705882352941,0.041666666666666664,,0.1273706896551724,,eval_data\mixed\vi_1772_impulsive_0.wav,,,
fleurs-asr/moonshine-tiny-vi-hf-cpu,vi-asr-1715-clean,ASR,vi,,,clean,moonshine-tiny-vi-hf-cpu,2.8701,562.44140625,0.34615384615384615,0.132,,0.12688328912466842,,eval_data\mixed\vi_1715_clean.wav,,,
fleurs-asr/moonshine-tiny-vi-hf-cpu,vi-asr-1715-steady-15,ASR,vi,,15.0,steady,moonshine-tiny-vi-hf-cpu,2.8009,565.20703125,0.34615384615384615,0.128,,0.12382404951370468,,eval_data\mixed\vi_1715_steady_15.wav,,,
fleurs-asr/moonshine-tiny-vi-hf-cpu,vi-asr-1715-steady-10,ASR,vi,,10.0,steady,moonshine-tiny-vi-hf-cpu,2.7848,565.20703125,0.36538461538461536,0.156,,0.12311229000884173,,eval_data\mixed\vi_1715_steady_10.wav,,,
fleurs-asr/moonshine-tiny-vi-hf-cpu,vi-asr-1715-steady-5,ASR,vi,,5.0,steady,moonshine-tiny-vi-hf-cpu,2.6235,565.20703125,0.4423076923076923,0.216,,0.1159814323607427,,eval_data\mixed\vi_1715_steady_5.wav,,,
fleurs-asr/moonshine-tiny-vi-hf-cpu,vi-asr-1715-steady-0,ASR,vi,,0.0,steady,moonshine-tiny-vi-hf-cpu,3.2865,565.20703125,0.8269230769230769,0.448,,0.14529177718832892,,eval_data\mixed\vi_1715_steady_0.wav,,,
fleurs-asr/moonshine-tiny-vi-hf-cpu,vi-asr-1715-impulsive-15,ASR,vi,,15.0,impulsive,moonshine-tiny-vi-hf-cpu,2.7164,565.20703125,0.3076923076923077,0.12,,0.12008841732979664,,eval_data\mixed\vi_1715_impulsive_15.wav,,,
fleurs-asr/moonshine-tiny-vi-hf-cpu,vi-asr-1715-impulsive-10,ASR,vi,,10.0,impulsive,moonshine-tiny-vi-hf-cpu,2.5241,565.20703125,0.3076923076923077,0.12,,0.11158709106984968,,eval_data\mixed\vi_1715_impulsive_10.wav,,,
fleurs-asr/moonshine-tiny-vi-hf-cpu,vi-asr-1715-impulsive-5,ASR,vi,,5.0,impulsive,moonshine-tiny-vi-hf-cpu,2.948,565.20703125,0.3269230769230769,0.132,,0.13032714412024757,,eval_data\mixed\vi_1715_impulsive_5.wav,,,
fleurs-asr/moonshine-tiny-vi-hf-cpu,vi-asr-1715-impulsive-0,ASR,vi,,0.0,impulsive,moonshine-tiny-vi-hf-cpu,2.9707,565.20703125,0.38461538461538464,0.152,,0.13133068081343943,,eval_data\mixed\vi_1715_impulsive_0.wav,,,
fleurs-asr/moonshine-tiny-vi-hf-cpu,vi-asr-1692-clean,ASR,vi,,,clean,moonshine-tiny-vi-hf-cpu,1.084,565.20703125,0.17391304347826086,0.0970873786407767,,0.1196467991169978,,eval_data\mixed\vi_1692_clean.wav,,,
fleurs-asr/moonshine-tiny-vi-hf-cpu,vi-asr-1692-steady-15,ASR,vi,,15.0,steady,moonshine-tiny-vi-hf-cpu,1.1646,565.20703125,0.17391304347826086,0.0970873786407767,,0.1285430463576159,,eval_data\mixed\vi_1692_steady_15.wav,,,
fleurs-asr/moonshine-tiny-vi-hf-cpu,vi-asr-1692-steady-10,ASR,vi,,10.0,steady,moonshine-tiny-vi-hf-cpu,1.1984,565.20703125,0.21739130434782608,0.0970873786407767,,0.13227373068432668,,eval_data\mixed\vi_1692_steady_10.wav,,,
fleurs-asr/moonshine-tiny-vi-hf-cpu,vi-asr-1692-steady-5,ASR,vi,,5.0,steady,moonshine-tiny-vi-hf-cpu,1.2293,565.20703125,0.30434782608695654,0.1650485436893204,,0.1356843267108168,,eval_data\mixed\vi_1692_steady_5.wav,,,
fleurs-asr/moonshine-tiny-vi-hf-cpu,vi-asr-1692-steady-0,ASR,vi,,0.0,steady,moonshine-tiny-vi-hf-cpu,1.1318,565.20703125,0.782608695652174,0.4854368932038835,,0.12492273730684325,,eval_data\mixed\vi_1692_steady_0.wav,,,
fleurs-asr/moonshine-tiny-vi-hf-cpu,vi-asr-1692-impulsive-15,ASR,vi,,15.0,impulsive,moonshine-tiny-vi-hf-cpu,1.1357,565.20703125,0.21739130434782608,0.11650485436893204,,0.1253532008830022,,eval_data\mixed\vi_1692_impulsive_15.wav,,,
fleurs-asr/moonshine-tiny-vi-hf-cpu,vi-asr-1692-impulsive-10,ASR,vi,,10.0,impulsive,moonshine-tiny-vi-hf-cpu,1.0777,565.20703125,0.21739130434782608,0.10679611650485436,,0.1189514348785872,,eval_data\mixed\vi_1692_impulsive_10.wav,,,
fleurs-asr/moonshine-tiny-vi-hf-cpu,vi-asr-1692-impulsive-5,ASR,vi,,5.0,impulsive,moonshine-tiny-vi-hf-cpu,1.2882,565.20703125,0.17391304347826086,0.08737864077669903,,0.14218543046357615,,eval_data\mixed\vi_1692_impulsive_5.wav,,,
fleurs-asr/moonshine-tiny-vi-hf-cpu,vi-asr-1692-impulsive-0,ASR,vi,,0.0,impulsive,moonshine-tiny-vi-hf-cpu,1.2357,565.20703125,0.17391304347826086,0.08737864077669903,,0.13639072847682118,,eval_data\mixed\vi_1692_impulsive_0.wav,,,
fleurs-asr/moonshine-tiny-vi-hf-cpu,vi-asr-1932-clean,ASR,vi,,,clean,moonshine-tiny-vi-hf-cpu,3.5148,565.20703125,0.3492063492063492,0.16296296296296298,,0.16548022598870057,,eval_data\mixed\vi_1932_clean.wav,,,
fleurs-asr/moonshine-tiny-vi-hf-cpu,vi-asr-1932-steady-15,ASR,vi,,15.0,steady,moonshine-tiny-vi-hf-cpu,3.472,566.89453125,0.3333333333333333,0.14814814814814814,,0.16346516007532957,,eval_data\mixed\vi_1932_steady_15.wav,,,
fleurs-asr/moonshine-tiny-vi-hf-cpu,vi-asr-1932-steady-10,ASR,vi,,10.0,steady,moonshine-tiny-vi-hf-cpu,3.5724,566.89453125,0.3492063492063492,0.16296296296296298,,0.16819209039548025,,eval_data\mixed\vi_1932_steady_10.wav,,,
fleurs-asr/moonshine-tiny-vi-hf-cpu,vi-asr-1932-steady-5,ASR,vi,,5.0,steady,moonshine-tiny-vi-hf-cpu,3.3346,567.85546875,0.4444444444444444,0.21481481481481482,,0.15699623352165726,,eval_data\mixed\vi_1932_steady_5.wav,,,
fleurs-asr/moonshine-tiny-vi-hf-cpu,vi-asr-1932-steady-0,ASR,vi,,0.0,steady,moonshine-tiny-vi-hf-cpu,3.3417,570.2734375,0.6825396825396826,0.44814814814814813,,0.15733050847457627,,eval_data\mixed\vi_1932_steady_0.wav,,,
fleurs-asr/moonshine-tiny-vi-hf-cpu,vi-asr-1932-impulsive-15,ASR,vi,,15.0,impulsive,moonshine-tiny-vi-hf-cpu,3.4646,570.2734375,0.2857142857142857,0.14074074074074075,,0.16311676082862525,,eval_data\mixed\vi_1932_impulsive_15.wav,,,
fleurs-asr/moonshine-tiny-vi-hf-cpu,vi-asr-1932-impulsive-10,ASR,vi,,10.0,impulsive,moonshine-tiny-vi-hf-cpu,3.4758,570.2734375,0.30158730158730157,0.14444444444444443,,0.16364406779661017,,eval_data\mixed\vi_1932_impulsive_10.wav,,,
fleurs-asr/moonshine-tiny-vi-hf-cpu,vi-asr-1932-impulsive-5,ASR,vi,,5.0,impulsive,moonshine-tiny-vi-hf-cpu,3.2267,570.2734375,0.3492063492063492,0.16296296296296298,,0.15191619585687385,,eval_data\mixed\vi_1932_impulsive_5.wav,,,
fleurs-asr/moonshine-tiny-vi-hf-cpu,vi-asr-1932-impulsive-0,ASR,vi,,0.0,impulsive,moonshine-tiny-vi-hf-cpu,3.3498,570.2734375,0.3492063492063492,0.16296296296296298,,0.15771186440677967,,eval_data\mixed\vi_1932_impulsive_0.wav,,,
fleurs-asr/whisper-small-faster-whisper-cpu,vi-asr-1824-clean,ASR,vi,,,clean,whisper-small-faster-whisper-cpu,3.1404,923.14453125,0.5555555555555556,0.1641025641025641,,0.20769841269841272,,eval_data\mixed\vi_1824_clean.wav,,,
fleurs-asr/whisper-small-faster-whisper-cpu,vi-asr-1824-steady-15,ASR,vi,,15.0,steady,whisper-small-faster-whisper-cpu,2.9985,923.14453125,0.4888888888888889,0.15384615384615385,,0.19831349206349208,,eval_data\mixed\vi_1824_steady_15.wav,,,
fleurs-asr/whisper-small-faster-whisper-cpu,vi-asr-1824-steady-10,ASR,vi,,10.0,steady,whisper-small-faster-whisper-cpu,2.908,923.14453125,0.37777777777777777,0.1282051282051282,,0.19232804232804232,,eval_data\mixed\vi_1824_steady_10.wav,,,
fleurs-asr/whisper-small-faster-whisper-cpu,vi-asr-1824-steady-5,ASR,vi,,5.0,steady,whisper-small-faster-whisper-cpu,3.0774,923.14453125,0.5333333333333333,0.24102564102564103,,0.20353174603174604,,eval_data\mixed\vi_1824_steady_5.wav,,,
fleurs-asr/whisper-small-faster-whisper-cpu,vi-asr-1824-steady-0,ASR,vi,,0.0,steady,whisper-small-faster-whisper-cpu,4.4014,923.14453125,0.7777777777777778,0.4153846153846154,,0.2910978835978836,,eval_data\mixed\vi_1824_steady_0.wav,,,
fleurs-asr/whisper-small-faster-whisper-cpu,vi-asr-1824-impulsive-15,ASR,vi,,15.0,impulsive,whisper-small-faster-whisper-cpu,4.5487,923.14453125,0.5111111111111111,0.14871794871794872,,0.3008399470899471,,eval_data\mixed\vi_1824_impulsive_15.wav,,,
fleurs-asr/whisper-small-faster-whisper-cpu,vi-asr-1824-impulsive-10,ASR,vi,,10.0,impulsive,whisper-small-faster-whisper-cpu,4.3333,923.14453125,0.4888888888888889,0.13846153846153847,,0.2865939153439154,,eval_data\mixed\vi_1824_impulsive_10.wav,,,
fleurs-asr/whisper-small-faster-whisper-cpu,vi-asr-1824-impulsive-5,ASR,vi,,5.0,impulsive,whisper-small-faster-whisper-cpu,4.4552,923.14453125,0.4888888888888889,0.13846153846153847,,0.29465608465608467,,eval_data\mixed\vi_1824_impulsive_5.wav,,,
fleurs-asr/whisper-small-faster-whisper-cpu,vi-asr-1824-impulsive-0,ASR,vi,,0.0,impulsive,whisper-small-faster-whisper-cpu,4.4146,923.14453125,0.4888888888888889,0.14871794871794872,,0.2919708994708995,,eval_data\mixed\vi_1824_impulsive_0.wav,,,
fleurs-asr/whisper-small-faster-whisper-cpu,vi-asr-1816-clean,ASR,vi,,,clean,whisper-small-faster-whisper-cpu,3.414,923.14453125,0.18518518518518517,0.1111111111111111,,0.2540178571428572,,eval_data\mixed\vi_1816_clean.wav,,,
fleurs-asr/whisper-small-faster-whisper-cpu,vi-asr-1816-steady-15,ASR,vi,,15.0,steady,whisper-small-faster-whisper-cpu,3.4396,923.14453125,0.2222222222222222,0.11904761904761904,,0.25592261904761904,,eval_data\mixed\vi_1816_steady_15.wav,,,
fleurs-asr/whisper-small-faster-whisper-cpu,vi-asr-1816-steady-10,ASR,vi,,10.0,steady,whisper-small-faster-whisper-cpu,3.4221,923.14453125,0.4444444444444444,0.2777777777777778,,0.2546205357142857,,eval_data\mixed\vi_1816_steady_10.wav,,,
fleurs-asr/whisper-small-faster-whisper-cpu,vi-asr-1816-steady-5,ASR,vi,,5.0,steady,whisper-small-faster-whisper-cpu,3.4612,923.14453125,0.5555555555555556,0.42063492063492064,,0.2575297619047619,,eval_data\mixed\vi_1816_steady_5.wav,,,
fleurs-asr/whisper-small-faster-whisper-cpu,vi-asr-1816-steady-0,ASR,vi,,0.0,steady,whisper-small-faster-whisper-cpu,3.8539,923.14453125,0.9259259259259259,0.6825396825396826,,0.2867485119047619,,eval_data\mixed\vi_1816_steady_0.wav,,,
fleurs-asr/whisper-small-faster-whisper-cpu,vi-asr-1816-impulsive-15,ASR,vi,,15.0,impulsive,whisper-small-faster-whisper-cpu,3.1443,923.14453125,0.2222222222222222,0.14285714285714285,,0.23395089285714285,,eval_data\mixed\vi_1816_impulsive_15.wav,,,
fleurs-asr/whisper-small-faster-whisper-cpu,vi-asr-1816-impulsive-10,ASR,vi,,10.0,impulsive,whisper-small-faster-whisper-cpu,3.6899,923.14453125,0.2222222222222222,0.14285714285714285,,0.27454613095238095,,eval_data\mixed\vi_1816_impulsive_10.wav,,,
fleurs-asr/whisper-small-faster-whisper-cpu,vi-asr-1816-impulsive-5,ASR,vi,,5.0,impulsive,whisper-small-faster-whisper-cpu,3.3272,923.14453125,0.25925925925925924,0.1746031746031746,,0.2475595238095238,,eval_data\mixed\vi_1816_impulsive_5.wav,,,
fleurs-asr/whisper-small-faster-whisper-cpu,vi-asr-1816-impulsive-0,ASR,vi,,0.0,impulsive,whisper-small-faster-whisper-cpu,3.2916,923.14453125,0.2962962962962963,0.18253968253968253,,0.2449107142857143,,eval_data\mixed\vi_1816_impulsive_0.wav,,,
fleurs-asr/whisper-small-faster-whisper-cpu,vi-asr-1951-clean,ASR,vi,,,clean,whisper-small-faster-whisper-cpu,4.0161,923.14453125,0.3333333333333333,0.13414634146341464,,0.25450570342205325,,eval_data\mixed\vi_1951_clean.wav,,,
fleurs-asr/whisper-small-faster-whisper-cpu,vi-asr-1951-steady-15,ASR,vi,,15.0,steady,whisper-small-faster-whisper-cpu,4.131,923.14453125,0.3888888888888889,0.1402439024390244,,0.261787072243346,,eval_data\mixed\vi_1951_steady_15.wav,,,
fleurs-asr/whisper-small-faster-whisper-cpu,vi-asr-1951-steady-10,ASR,vi,,10.0,steady,whisper-small-faster-whisper-cpu,4.3445,923.14453125,0.3611111111111111,0.13414634146341464,,0.27531685678073514,,eval_data\mixed\vi_1951_steady_10.wav,,,
fleurs-asr/whisper-small-faster-whisper-cpu,vi-asr-1951-steady-5,ASR,vi,,5.0,steady,whisper-small-faster-whisper-cpu,3.8871,923.14453125,0.6388888888888888,0.2865853658536585,,0.24633079847908748,,eval_data\mixed\vi_1951_steady_5.wav,,,
fleurs-asr/whisper-small-faster-whisper-cpu,vi-asr-1951-steady-0,ASR,vi,,0.0,steady,whisper-small-faster-whisper-cpu,4.1571,923.14453125,0.7777777777777778,0.5121951219512195,,0.26344106463878325,,eval_data\mixed\vi_1951_steady_0.wav,,,
fleurs-asr/whisper-small-faster-whisper-cpu,vi-asr-1951-impulsive-15,ASR,vi,,15.0,impulsive,whisper-small-faster-whisper-cpu,4.4146,923.14453125,0.3055555555555556,0.12804878048780488,,0.27975918884664136,,eval_data\mixed\vi_1951_impulsive_15.wav,,,
fleurs-asr/whisper-small-faster-whisper-cpu,vi-asr-1951-impulsive-10,ASR,vi,,10.0,impulsive,whisper-small-faster-whisper-cpu,4.3128,923.14453125,0.3333333333333333,0.1402439024390244,,0.27330798479087454,,eval_data\mixed\vi_1951_impulsive_10.wav,,,
fleurs-asr/whisper-small-faster-whisper-cpu,vi-asr-1951-impulsive-5,ASR,vi,,5.0,impulsive,whisper-small-faster-whisper-cpu,3.3684,923.14453125,0.3333333333333333,0.13414634146341464,,0.21346007604562736,,eval_data\mixed\vi_1951_impulsive_5.wav,,,
fleurs-asr/whisper-small-faster-whisper-cpu,vi-asr-1951-impulsive-0,ASR,vi,,0.0,impulsive,whisper-small-faster-whisper-cpu,3.3376,923.14453125,0.3333333333333333,0.12804878048780488,,0.21150823827629914,,eval_data\mixed\vi_1951_impulsive_0.wav,,,
fleurs-asr/whisper-small-faster-whisper-cpu,vi-asr-1822-clean,ASR,vi,,,clean,whisper-small-faster-whisper-cpu,3.3,923.14453125,0.275,0.11956521739130435,,0.15804597701149425,,eval_data\mixed\vi_1822_clean.wav,,,
fleurs-asr/whisper-small-faster-whisper-cpu,vi-asr-1822-steady-15,ASR,vi,,15.0,steady,whisper-small-faster-whisper-cpu,3.3293,923.14453125,0.25,0.11956521739130435,,0.1594492337164751,,eval_data\mixed\vi_1822_steady_15.wav,,,
fleurs-asr/whisper-small-faster-whisper-cpu,vi-asr-1822-steady-10,ASR,vi,,10.0,steady,whisper-small-faster-whisper-cpu,3.8622,923.14453125,0.3,0.15217391304347827,,0.1849712643678161,,eval_data\mixed\vi_1822_steady_10.wav,,,
fleurs-asr/whisper-small-faster-whisper-cpu,vi-asr-1822-steady-5,ASR,vi,,5.0,steady,whisper-small-faster-whisper-cpu,3.7196,923.14453125,0.35,0.16847826086956522,,0.17814176245210728,,eval_data\mixed\vi_1822_steady_5.wav,,,
fleurs-asr/whisper-small-faster-whisper-cpu,vi-asr-1822-steady-0,ASR,vi,,0.0,steady,whisper-small-faster-whisper-cpu,3.3638,923.14453125,0.625,0.5163043478260869,,0.16110153256704982,,eval_data\mixed\vi_1822_steady_0.wav,,,
fleurs-asr/whisper-small-faster-whisper-cpu,vi-asr-1822-impulsive-15,ASR,vi,,15.0,impulsive,whisper-small-faster-whisper-cpu,3.8216,923.14453125,0.275,0.11413043478260869,,0.18302681992337166,,eval_data\mixed\vi_1822_impulsive_15.wav,,,
fleurs-asr/whisper-small-faster-whisper-cpu,vi-asr-1822-impulsive-10,ASR,vi,,10.0,impulsive,whisper-small-faster-whisper-cpu,3.6978,923.14453125,0.3,0.125,,0.1770977011494253,,eval_data\mixed\vi_1822_impulsive_10.wav,,,
fleurs-asr/whisper-small-faster-whisper-cpu,vi-asr-1822-impulsive-5,ASR,vi,,5.0,impulsive,whisper-small-faster-whisper-cpu,3.9447,923.14453125,0.275,0.11413043478260869,,0.18892241379310346,,eval_data\mixed\vi_1822_impulsive_5.wav,,,
fleurs-asr/whisper-small-faster-whisper-cpu,vi-asr-1822-impulsive-0,ASR,vi,,0.0,impulsive,whisper-small-faster-whisper-cpu,3.8209,923.14453125,0.25,0.10869565217391304,,0.1829932950191571,,eval_data\mixed\vi_1822_impulsive_0.wav,,,
fleurs-asr/whisper-small-faster-whisper-cpu,vi-asr-1899-clean,ASR,vi,,,clean,whisper-small-faster-whisper-cpu,3.5325,923.14453125,0.5,0.22012578616352202,,0.19890202702702703,,eval_data\mixed\vi_1899_clean.wav,,,
fleurs-asr/whisper-small-faster-whisper-cpu,vi-asr-1899-steady-15,ASR,vi,,15.0,steady,whisper-small-faster-whisper-cpu,3.9357,923.14453125,0.4411764705882353,0.1949685534591195,,0.22160472972972972,,eval_data\mixed\vi_1899_steady_15.wav,,,
fleurs-asr/whisper-small-faster-whisper-cpu,vi-asr-1899-steady-10,ASR,vi,,10.0,steady,whisper-small-faster-whisper-cpu,3.8017,923.14453125,0.47058823529411764,0.27672955974842767,,0.21405968468468467,,eval_data\mixed\vi_1899_steady_10.wav,,,
fleurs-asr/whisper-small-faster-whisper-cpu,vi-asr-1899-steady-5,ASR,vi,,5.0,steady,whisper-small-faster-whisper-cpu,4.2293,923.14453125,0.8235294117647058,0.5283018867924528,,0.23813626126126125,,eval_data\mixed\vi_1899_steady_5.wav,,,
fleurs-asr/whisper-small-faster-whisper-cpu,vi-asr-1899-steady-0,ASR,vi,,0.0,steady,whisper-small-faster-whisper-cpu,7.5892,923.14453125,2.3529411764705883,2.89937106918239,,0.42731981981981976,,eval_data\mixed\vi_1899_steady_0.wav,,,
fleurs-asr/whisper-small-faster-whisper-cpu,vi-asr-1899-impulsive-15,ASR,vi,,15.0,impulsive,whisper-small-faster-whisper-cpu,3.6326,923.14453125,0.47058823529411764,0.20754716981132076,,0.20453828828828827,,eval_data\mixed\vi_1899_impulsive_15.wav,,,
fleurs-asr/whisper-small-faster-whisper-cpu,vi-asr-1899-impulsive-10,ASR,vi,,10.0,impulsive,whisper-small-faster-whisper-cpu,3.8493,923.14453125,0.5294117647058824,0.24528301886792453,,0.21673986486486485,,eval_data\mixed\vi_1899_impulsive_10.wav,,,
fleurs-asr/whisper-small-faster-whisper-cpu,vi-asr-1899-impulsive-5,ASR,vi,,5.0,impulsive,whisper-small-faster-whisper-cpu,4.4148,923.14453125,0.38235294117647056,0.1949685534591195,,0.24858108108108104,,eval_data\mixed\vi_1899_impulsive_5.wav,,,
fleurs-asr/whisper-small-faster-whisper-cpu,vi-asr-1899-impulsive-0,ASR,vi,,0.0,impulsive,whisper-small-faster-whisper-cpu,3.7207,923.14453125,0.4411764705882353,0.2138364779874214,,0.20949887387387384,,eval_data\mixed\vi_1899_impulsive_0.wav,,,
fleurs-asr/whisper-small-faster-whisper-cpu,vi-asr-1660-clean,ASR,vi,,,clean,whisper-small-faster-whisper-cpu,3.2822,923.14453125,0.34615384615384615,0.23076923076923078,,0.23681096681096683,,eval_data\mixed\vi_1660_clean.wav,,,
fleurs-asr/whisper-small-faster-whisper-cpu,vi-asr-1660-steady-15,ASR,vi,,15.0,steady,whisper-small-faster-whisper-cpu,3.3971,923.14453125,0.3076923076923077,0.2222222222222222,,0.24510101010101012,,eval_data\mixed\vi_1660_steady_15.wav,,,
fleurs-asr/whisper-small-faster-whisper-cpu,vi-asr-1660-steady-10,ASR,vi,,10.0,steady,whisper-small-faster-whisper-cpu,3.3798,923.14453125,0.38461538461538464,0.24786324786324787,,0.24385281385281385,,eval_data\mixed\vi_1660_steady_10.wav,,,
fleurs-asr/whisper-small-faster-whisper-cpu,vi-asr-1660-steady-5,ASR,vi,,5.0,steady,whisper-small-faster-whisper-cpu,3.3254,923.14453125,0.5384615384615384,0.3418803418803419,,0.23992784992784993,,eval_data\mixed\vi_1660_steady_5.wav,,,
fleurs-asr/whisper-small-faster-whisper-cpu,vi-asr-1660-steady-0,ASR,vi,,0.0,steady,whisper-small-faster-whisper-cpu,3.6841,923.14453125,0.8846153846153846,0.46153846153846156,,0.2658080808080808,,eval_data\mixed\vi_1660_steady_0.wav,,,
fleurs-asr/whisper-small-faster-whisper-cpu,vi-asr-1660-impulsive-15,ASR,vi,,15.0,impulsive,whisper-small-faster-whisper-cpu,3.5656,923.14453125,0.2692307692307692,0.17094017094017094,,0.25725829725829724,,eval_data\mixed\vi_1660_impulsive_15.wav,,,
fleurs-asr/whisper-small-faster-whisper-cpu,vi-asr-1660-impulsive-10,ASR,vi,,10.0,impulsive,whisper-small-faster-whisper-cpu,3.3387,923.14453125,0.2692307692307692,0.1794871794871795,,0.24088744588744587,,eval_data\mixed\vi_1660_impulsive_10.wav,,,
fleurs-asr/whisper-small-faster-whisper-cpu,vi-asr-1660-impulsive-5,ASR,vi,,5.0,impulsive,whisper-small-faster-whisper-cpu,3.3097,923.14453125,0.34615384615384615,0.19658119658119658,,0.23879509379509378,,eval_data\mixed\vi_1660_impulsive_5.wav,,,
fleurs-asr/whisper-small-faster-whisper-cpu,vi-asr-1660-impulsive-0,ASR,vi,,0.0,impulsive,whisper-small-faster-whisper-cpu,3.4486,923.14453125,0.5,0.27350427350427353,,0.24881673881673882,,eval_data\mixed\vi_1660_impulsive_0.wav,,,
fleurs-asr/whisper-small-faster-whisper-cpu,vi-asr-1922-clean,ASR,vi,,,clean,whisper-small-faster-whisper-cpu,4.0807,923.14453125,0.3548387096774194,0.0851063829787234,,0.32080974842767296,,eval_data\mixed\vi_1922_clean.wav,,,
fleurs-asr/whisper-small-faster-whisper-cpu,vi-asr-1922-steady-15,ASR,vi,,15.0,steady,whisper-small-faster-whisper-cpu,3.7679,923.14453125,0.3870967741935484,0.09929078014184398,,0.29621855345911946,,eval_data\mixed\vi_1922_steady_15.wav,,,
fleurs-asr/whisper-small-faster-whisper-cpu,vi-asr-1922-steady-10,ASR,vi,,10.0,steady,whisper-small-faster-whisper-cpu,3.9592,923.14453125,0.3870967741935484,0.11347517730496454,,0.3112578616352201,,eval_data\mixed\vi_1922_steady_10.wav,,,
fleurs-asr/whisper-small-faster-whisper-cpu,vi-asr-1922-steady-5,ASR,vi,,5.0,steady,whisper-small-faster-whisper-cpu,3.7166,923.14453125,0.41935483870967744,0.20567375886524822,,0.29218553459119495,,eval_data\mixed\vi_1922_steady_5.wav,,,
fleurs-asr/whisper-small-faster-whisper-cpu,vi-asr-1922-steady-0,ASR,vi,,0.0,steady,whisper-small-faster-whisper-cpu,3.8911,923.14453125,0.6129032258064516,0.3120567375886525,,0.30590408805031444,,eval_data\mixed\vi_1922_steady_0.wav,,,
fleurs-asr/whisper-small-faster-whisper-cpu,vi-asr-1922-impulsive-15,ASR,vi,,15.0,impulsive,whisper-small-faster-whisper-cpu,3.6399,923.14453125,0.3548387096774194,0.1276595744680851,,0.28615566037735846,,eval_data\mixed\vi_1922_impulsive_15.wav,,,
fleurs-asr/whisper-small-faster-whisper-cpu,vi-asr-1922-impulsive-10,ASR,vi,,10.0,impulsive,whisper-small-faster-whisper-cpu,3.5213,923.14453125,0.25806451612903225,0.11347517730496454,,0.2768317610062893,,eval_data\mixed\vi_1922_impulsive_10.wav,,,
fleurs-asr/whisper-small-faster-whisper-cpu,vi-asr-1922-impulsive-5,ASR,vi,,5.0,impulsive,whisper-small-faster-whisper-cpu,3.6494,923.14453125,0.3225806451612903,0.11347517730496454,,0.2869025157232704,,eval_data\mixed\vi_1922_impulsive_5.wav,,,
fleurs-asr/whisper-small-faster-whisper-cpu,vi-asr-1922-impulsive-0,ASR,vi,,0.0,impulsive,whisper-small-faster-whisper-cpu,3.7383,923.14453125,0.25806451612903225,0.12056737588652482,,0.29389150943396225,,eval_data\mixed\vi_1922_impulsive_0.wav,,,
fleurs-asr/whisper-small-faster-whisper-cpu,vi-asr-1743-clean,ASR,vi,,,clean,whisper-small-faster-whisper-cpu,4.662,923.14453125,0.14285714285714285,0.07473309608540925,,0.21,,eval_data\mixed\vi_1743_clean.wav,,,
fleurs-asr/whisper-small-faster-whisper-cpu,vi-asr-1743-steady-15,ASR,vi,,15.0,steady,whisper-small-faster-whisper-cpu,4.7299,923.14453125,0.14285714285714285,0.07473309608540925,,0.21305855855855854,,eval_data\mixed\vi_1743_steady_15.wav,,,
fleurs-asr/whisper-small-faster-whisper-cpu,vi-asr-1743-steady-10,ASR,vi,,10.0,steady,whisper-small-faster-whisper-cpu,3.638,923.14453125,0.1746031746031746,0.099644128113879,,0.16387387387387387,,eval_data\mixed\vi_1743_steady_10.wav,,,
fleurs-asr/whisper-small-faster-whisper-cpu,vi-asr-1743-steady-5,ASR,vi,,5.0,steady,whisper-small-faster-whisper-cpu,3.5143,923.14453125,0.20634920634920634,0.12811387900355872,,0.1583018018018018,,eval_data\mixed\vi_1743_steady_5.wav,,,
fleurs-asr/whisper-small-faster-whisper-cpu,vi-asr-1743-steady-0,ASR,vi,,0.0,steady,whisper-small-faster-whisper-cpu,3.5208,923.14453125,0.5238095238095238,0.3238434163701068,,0.1585945945945946,,eval_data\mixed\vi_1743_steady_0.wav,,,
fleurs-asr/whisper-small-faster-whisper-cpu,vi-asr-1743-impulsive-15,ASR,vi,,15.0,impulsive,whisper-small-faster-whisper-cpu,3.4208,923.14453125,0.12698412698412698,0.05693950177935943,,0.1540900900900901,,eval_data\mixed\vi_1743_impulsive_15.wav,,,
fleurs-asr/whisper-small-faster-whisper-cpu,vi-asr-1743-impulsive-10,ASR,vi,,10.0,impulsive,whisper-small-faster-whisper-cpu,3.3432,923.14453125,0.12698412698412698,0.06405693950177936,,0.1505945945945946,,eval_data\mixed\vi_1743_impulsive_10.wav,,,
fleurs-asr/whisper-small-faster-whisper-cpu,vi-asr-1743-impulsive-5,ASR,vi,,5.0,impulsive,whisper-small-faster-whisper-cpu,4.5806,923.14453125,0.1111111111111111,0.05693950177935943,,0.2063333333333333,,eval_data\mixed\vi_1743_impulsive_5.wav,,,
fleurs-asr/whisper-small-faster-whisper-cpu,vi-asr-1743-impulsive-0,ASR,vi,,0.0,impulsive,whisper-small-faster-whisper-cpu,4.3527,923.14453125,0.15873015873015872,0.07829181494661921,,0.19606756756756755,,eval_data\mixed\vi_1743_impulsive_0.wav,,,
fleurs-asr/whisper-small-faster-whisper-cpu,vi-asr-1730-clean,ASR,vi,,,clean,whisper-small-faster-whisper-cpu,3.5303,923.14453125,0.6756756756756757,0.5059523809523809,,0.19418591859185919,,eval_data\mixed\vi_1730_clean.wav,,,
fleurs-asr/whisper-small-faster-whisper-cpu,vi-asr-1730-steady-15,ASR,vi,,15.0,steady,whisper-small-faster-whisper-cpu,3.6728,923.14453125,0.6486486486486487,0.5,,0.20202420242024202,,eval_data\mixed\vi_1730_steady_15.wav,,,
fleurs-asr/whisper-small-faster-whisper-cpu,vi-asr-1730-steady-10,ASR,vi,,10.0,steady,whisper-small-faster-whisper-cpu,6.9355,923.14453125,3.027027027027027,2.2976190476190474,,0.3814906490649065,,eval_data\mixed\vi_1730_steady_10.wav,,,
fleurs-asr/whisper-small-faster-whisper-cpu,vi-asr-1730-steady-5,ASR,vi,,5.0,steady,whisper-small-faster-whisper-cpu,3.6695,923.14453125,0.7297297297297297,0.4523809523809524,,0.20184268426842686,,eval_data\mixed\vi_1730_steady_5.wav,,,
fleurs-asr/whisper-small-faster-whisper-cpu,vi-asr-1730-steady-0,ASR,vi,,0.0,steady,whisper-small-faster-whisper-cpu,3.7932,923.14453125,0.8648648648648649,0.5297619047619048,,0.20864686468646865,,eval_data\mixed\vi_1730_steady_0.wav,,,
fleurs-asr/whisper-small-faster-whisper-cpu,vi-asr-1730-impulsive-15,ASR,vi,,15.0,impulsive,whisper-small-faster-whisper-cpu,3.7138,923.14453125,0.5135135135135135,0.2976190476190476,,0.20427942794279427,,eval_data\mixed\vi_1730_impulsive_15.wav,,,
fleurs-asr/whisper-small-faster-whisper-cpu,vi-asr-1730-impulsive-10,ASR,vi,,10.0,impulsive,whisper-small-faster-whisper-cpu,3.8363,923.14453125,0.5675675675675675,0.3273809523809524,,0.21101760176017603,,eval_data\mixed\vi_1730_impulsive_10.wav,,,
fleurs-asr/whisper-small-faster-whisper-cpu,vi-asr-1730-impulsive-5,ASR,vi,,5.0,impulsive,whisper-small-faster-whisper-cpu,3.876,923.14453125,0.6486486486486487,0.3630952380952381,,0.2132013201320132,,eval_data\mixed\vi_1730_impulsive_5.wav,,,
fleurs-asr/whisper-small-faster-whisper-cpu,vi-asr-1730-impulsive-0,ASR,vi,,0.0,impulsive,whisper-small-faster-whisper-cpu,3.7656,923.14453125,0.6216216216216216,0.34523809523809523,,0.20712871287128715,,eval_data\mixed\vi_1730_impulsive_0.wav,,,
fleurs-asr/whisper-small-faster-whisper-cpu,vi-asr-1847-clean,ASR,vi,,,clean,whisper-small-faster-whisper-cpu,3.4374,923.14453125,0.3333333333333333,0.13380281690140844,,0.34305389221556887,,eval_data\mixed\vi_1847_clean.wav,,,
fleurs-asr/whisper-small-faster-whisper-cpu,vi-asr-1847-steady-15,ASR,vi,,15.0,steady,whisper-small-faster-whisper-cpu,3.4454,923.14453125,0.3,0.13380281690140844,,0.3438522954091816,,eval_data\mixed\vi_1847_steady_15.wav,,,
fleurs-asr/whisper-small-faster-whisper-cpu,vi-asr-1847-steady-10,ASR,vi,,10.0,steady,whisper-small-faster-whisper-cpu,3.5987,923.14453125,0.3,0.13380281690140844,,0.3591516966067864,,eval_data\mixed\vi_1847_steady_10.wav,,,
fleurs-asr/whisper-small-faster-whisper-cpu,vi-asr-1847-steady-5,ASR,vi,,5.0,steady,whisper-small-faster-whisper-cpu,3.5045,923.14453125,0.4666666666666667,0.20422535211267606,,0.34975049900199606,,eval_data\mixed\vi_1847_steady_5.wav,,,
fleurs-asr/whisper-small-faster-whisper-cpu,vi-asr-1847-steady-0,ASR,vi,,0.0,steady,whisper-small-faster-whisper-cpu,3.5594,923.14453125,0.43333333333333335,0.22535211267605634,,0.3552295409181637,,eval_data\mixed\vi_1847_steady_0.wav,,,
fleurs-asr/whisper-small-faster-whisper-cpu,vi-asr-1847-impulsive-15,ASR,vi,,15.0,impulsive,whisper-small-faster-whisper-cpu,3.5671,923.14453125,0.3333333333333333,0.1267605633802817,,0.355998003992016,,eval_data\mixed\vi_1847_impulsive_15.wav,,,
fleurs-asr/whisper-small-faster-whisper-cpu,vi-asr-1847-impulsive-10,ASR,vi,,10.0,impulsive,whisper-small-faster-whisper-cpu,3.5063,923.14453125,0.36666666666666664,0.14788732394366197,,0.3499301397205589,,eval_data\mixed\vi_1847_impulsive_10.wav,,,
fleurs-asr/whisper-small-faster-whisper-cpu,vi-asr-1847-impulsive-5,ASR,vi,,5.0,impulsive,whisper-small-faster-whisper-cpu,3.6796,923.14453125,0.36666666666666664,0.14084507042253522,,0.36722554890219566,,eval_data\mixed\vi_1847_impulsive_5.wav,,,
fleurs-asr/whisper-small-faster-whisper-cpu,vi-asr-1847-impulsive-0,ASR,vi,,0.0,impulsive,whisper-small-faster-whisper-cpu,3.3222,923.14453125,0.3333333333333333,0.1267605633802817,,0.3315568862275449,,eval_data\mixed\vi_1847_impulsive_0.wav,,,
fleurs-asr/whisper-small-faster-whisper-cpu,vi-asr-1874-clean,ASR,vi,,,clean,whisper-small-faster-whisper-cpu,3.1163,923.14453125,0.17142857142857143,0.04430379746835443,,0.21113143631436312,,eval_data\mixed\vi_1874_clean.wav,,,
fleurs-asr/whisper-small-faster-whisper-cpu,vi-asr-1874-steady-15,ASR,vi,,15.0,steady,whisper-small-faster-whisper-cpu,2.9354,923.14453125,0.14285714285714285,0.0379746835443038,,0.19887533875338753,,eval_data\mixed\vi_1874_steady_15.wav,,,
fleurs-asr/whisper-small-faster-whisper-cpu,vi-asr-1874-steady-10,ASR,vi,,10.0,steady,whisper-small-faster-whisper-cpu,3.3075,923.14453125,0.2,0.056962025316455694,,0.22408536585365854,,eval_data\mixed\vi_1874_steady_10.wav,,,
fleurs-asr/whisper-small-faster-whisper-cpu,vi-asr-1874-steady-5,ASR,vi,,5.0,steady,whisper-small-faster-whisper-cpu,3.6885,923.14453125,0.3142857142857143,0.12025316455696203,,0.24989837398373985,,eval_data\mixed\vi_1874_steady_5.wav,,,
fleurs-asr/whisper-small-faster-whisper-cpu,vi-asr-1874-steady-0,ASR,vi,,0.0,steady,whisper-small-faster-whisper-cpu,3.3734,923.14453125,0.5428571428571428,0.27848101265822783,,0.22855013550135503,,eval_data\mixed\vi_1874_steady_0.wav,,,
fleurs-asr/whisper-small-faster-whisper-cpu,vi-asr-1874-impulsive-15,ASR,vi,,15.0,impulsive,whisper-small-faster-whisper-cpu,3.468,923.14453125,0.17142857142857143,0.04430379746835443,,0.23495934959349593,,eval_data\mixed\vi_1874_impulsive_15.wav,,,
fleurs-asr/whisper-small-faster-whisper-cpu,vi-asr-1874-impulsive-10,ASR,vi,,10.0,impulsive,whisper-small-faster-whisper-cpu,3.4674,923.14453125,0.2,0.05063291139240506,,0.23491869918699188,,eval_data\mixed\vi_1874_impulsive_10.wav,,,
fleurs-asr/whisper-small-faster-whisper-cpu,vi-asr-1874-impulsive-5,ASR,vi,,5.0,impulsive,whisper-small-faster-whisper-cpu,3.7186,923.14453125,0.2,0.05063291139240506,,0.25193766937669376,,eval_data\mixed\vi_1874_impulsive_5.wav,,,
fleurs-asr/whisper-small-faster-whisper-cpu,vi-asr-1874-impulsive-0,ASR,vi,,0.0,impulsive,whisper-small-faster-whisper-cpu,3.4811,923.14453125,0.2,0.05063291139240506,,0.2358468834688347,,eval_data\mixed\vi_1874_impulsive_0.wav,,,
fleurs-asr/whisper-small-faster-whisper-cpu,vi-asr-1675-clean,ASR,vi,,,clean,whisper-small-faster-whisper-cpu,3.2914,923.14453125,0.16666666666666666,0.041666666666666664,,0.2997632058287796,,eval_data\mixed\vi_1675_clean.wav,,,
fleurs-asr/whisper-small-faster-whisper-cpu,vi-asr-1675-steady-15,ASR,vi,,15.0,steady,whisper-small-faster-whisper-cpu,3.1763,923.14453125,0.16666666666666666,0.041666666666666664,,0.2892805100182149,,eval_data\mixed\vi_1675_steady_15.wav,,,
fleurs-asr/whisper-small-faster-whisper-cpu,vi-asr-1675-steady-10,ASR,vi,,10.0,steady,whisper-small-faster-whisper-cpu,3.3159,923.14453125,0.2916666666666667,0.11458333333333333,,0.3019945355191257,,eval_data\mixed\vi_1675_steady_10.wav,,,
fleurs-asr/whisper-small-faster-whisper-cpu,vi-asr-1675-steady-5,ASR,vi,,5.0,steady,whisper-small-faster-whisper-cpu,3.3638,923.14453125,0.3333333333333333,0.16666666666666666,,0.30635701275045535,,eval_data\mixed\vi_1675_steady_5.wav,,,
fleurs-asr/whisper-small-faster-whisper-cpu,vi-asr-1675-steady-0,ASR,vi,,0.0,steady,whisper-small-faster-whisper-cpu,3.5347,923.14453125,0.4583333333333333,0.25,,0.3219216757741348,,eval_data\mixed\vi_1675_steady_0.wav,,,
fleurs-asr/whisper-small-faster-whisper-cpu,vi-asr-1675-impulsive-15,ASR,vi,,15.0,impulsive,whisper-small-faster-whisper-cpu,3.6104,923.14453125,0.20833333333333334,0.0625,,0.32881602914389796,,eval_data\mixed\vi_1675_impulsive_15.wav,,,
fleurs-asr/whisper-small-faster-whisper-cpu,vi-asr-1675-impulsive-10,ASR,vi,,10.0,impulsive,whisper-small-faster-whisper-cpu,3.6041,923.14453125,0.16666666666666666,0.041666666666666664,,0.32824225865209467,,eval_data\mixed\vi_1675_impulsive_10.wav,,,
fleurs-asr/whisper-small-faster-whisper-cpu,vi-asr-1675-impulsive-5,ASR,vi,,5.0,impulsive,whisper-small-faster-whisper-cpu,3.5854,923.14453125,0.16666666666666666,0.041666666666666664,,0.3265391621129326,,eval_data\mixed\vi_1675_impulsive_5.wav,,,
fleurs-asr/whisper-small-faster-whisper-cpu,vi-asr-1675-impulsive-0,ASR,vi,,0.0,impulsive,whisper-small-faster-whisper-cpu,3.5865,923.14453125,0.20833333333333334,0.0625,,0.3266393442622951,,eval_data\mixed\vi_1675_impulsive_0.wav,,,
fleurs-asr/whisper-small-faster-whisper-cpu,vi-asr-1929-clean,ASR,vi,,,clean,whisper-small-faster-whisper-cpu,3.7508,923.14453125,0.48,0.25,,0.3325177304964539,,eval_data\mixed\vi_1929_clean.wav,,,
fleurs-asr/whisper-small-faster-whisper-cpu,vi-asr-1929-steady-15,ASR,vi,,15.0,steady,whisper-small-faster-whisper-cpu,3.9647,923.14453125,0.52,0.28846153846153844,,0.3514804964539007,,eval_data\mixed\vi_1929_steady_15.wav,,,
fleurs-asr/whisper-small-faster-whisper-cpu,vi-asr-1929-steady-10,ASR,vi,,10.0,steady,whisper-small-faster-whisper-cpu,3.7263,923.14453125,0.56,0.3076923076923077,,0.3303457446808511,,eval_data\mixed\vi_1929_steady_10.wav,,,
fleurs-asr/whisper-small-faster-whisper-cpu,vi-asr-1929-steady-5,ASR,vi,,5.0,steady,whisper-small-faster-whisper-cpu,3.5907,923.14453125,0.52,0.27884615384615385,,0.3183244680851064,,eval_data\mixed\vi_1929_steady_5.wav,,,
fleurs-asr/whisper-small-faster-whisper-cpu,vi-asr-1929-steady-0,ASR,vi,,0.0,steady,whisper-small-faster-whisper-cpu,3.4904,923.14453125,0.68,0.4519230769230769,,0.3094326241134752,,eval_data\mixed\vi_1929_steady_0.wav,,,
fleurs-asr/whisper-small-faster-whisper-cpu,vi-asr-1929-impulsive-15,ASR,vi,,15.0,impulsive,whisper-small-faster-whisper-cpu,3.3564,923.14453125,0.52,0.3173076923076923,,0.2975531914893617,,eval_data\mixed\vi_1929_impulsive_15.wav,,,
fleurs-asr/whisper-small-faster-whisper-cpu,vi-asr-1929-impulsive-10,ASR,vi,,10.0,impulsive,whisper-small-faster-whisper-cpu,3.286,923.14453125,0.44,0.25,,0.2913120567375887,,eval_data\mixed\vi_1929_impulsive_10.wav,,,
fleurs-asr/whisper-small-faster-whisper-cpu,vi-asr-1929-impulsive-5,ASR,vi,,5.0,impulsive,whisper-small-faster-whisper-cpu,3.6653,923.14453125,0.44,0.25961538461538464,,0.3249379432624113,,eval_data\mixed\vi_1929_impulsive_5.wav,,,
fleurs-asr/whisper-small-faster-whisper-cpu,vi-asr-1929-impulsive-0,ASR,vi,,0.0,impulsive,whisper-small-faster-whisper-cpu,3.3693,923.14453125,0.48,0.2692307692307692,,0.2986968085106383,,eval_data\mixed\vi_1929_impulsive_0.wav,,,
fleurs-asr/whisper-small-faster-whisper-cpu,vi-asr-1961-clean,ASR,vi,,,clean,whisper-small-faster-whisper-cpu,4.3188,923.14453125,0.16666666666666666,0.05263157894736842,,0.2314469453376206,,eval_data\mixed\vi_1961_clean.wav,,,
fleurs-asr/whisper-small-faster-whisper-cpu,vi-asr-1961-steady-15,ASR,vi,,15.0,steady,whisper-small-faster-whisper-cpu,4.4533,923.14453125,0.18333333333333332,0.06390977443609022,,0.23865487674169344,,eval_data\mixed\vi_1961_steady_15.wav,,,
fleurs-asr/whisper-small-faster-whisper-cpu,vi-asr-1961-steady-10,ASR,vi,,10.0,steady,whisper-small-faster-whisper-cpu,4.5215,923.14453125,0.18333333333333332,0.06766917293233082,,0.2423097534833869,,eval_data\mixed\vi_1961_steady_10.wav,,,
fleurs-asr/whisper-small-faster-whisper-cpu,vi-asr-1961-steady-5,ASR,vi,,5.0,steady,whisper-small-faster-whisper-cpu,4.6902,923.14453125,0.23333333333333334,0.09774436090225563,,0.25135048231511253,,eval_data\mixed\vi_1961_steady_5.wav,,,
fleurs-asr/whisper-small-faster-whisper-cpu,vi-asr-1961-steady-0,ASR,vi,,0.0,steady,whisper-small-faster-whisper-cpu,4.62,923.14453125,0.4666666666666667,0.2819548872180451,,0.24758842443729903,,eval_data\mixed\vi_1961_steady_0.wav,,,
fleurs-asr/whisper-small-faster-whisper-cpu,vi-asr-1961-impulsive-15,ASR,vi,,15.0,impulsive,whisper-small-faster-whisper-cpu,4.3953,923.14453125,0.15,0.03759398496240601,,0.2355466237942122,,eval_data\mixed\vi_1961_impulsive_15.wav,,,
fleurs-asr/whisper-small-faster-whisper-cpu,vi-asr-1961-impulsive-10,ASR,vi,,10.0,impulsive,whisper-small-faster-whisper-cpu,4.5443,923.14453125,0.2,0.06390977443609022,,0.2435316184351554,,eval_data\mixed\vi_1961_impulsive_10.wav,,,
fleurs-asr/whisper-small-faster-whisper-cpu,vi-asr-1961-impulsive-5,ASR,vi,,5.0,impulsive,whisper-small-faster-whisper-cpu,4.3219,923.14453125,0.16666666666666666,0.045112781954887216,,0.23161307609860665,,eval_data\mixed\vi_1961_impulsive_5.wav,,,
fleurs-asr/whisper-small-faster-whisper-cpu,vi-asr-1961-impulsive-0,ASR,vi,,0.0,impulsive,whisper-small-faster-whisper-cpu,4.5222,923.14453125,0.13333333333333333,0.03383458646616541,,0.24234726688102892,,eval_data\mixed\vi_1961_impulsive_0.wav,,,
fleurs-asr/whisper-small-faster-whisper-cpu,vi-asr-1707-clean,ASR,vi,,,clean,whisper-small-faster-whisper-cpu,3.3033,923.14453125,0.22580645161290322,0.125,,0.263421052631579,,eval_data\mixed\vi_1707_clean.wav,,,
fleurs-asr/whisper-small-faster-whisper-cpu,vi-asr-1707-steady-15,ASR,vi,,15.0,steady,whisper-small-faster-whisper-cpu,3.3655,923.14453125,0.2903225806451613,0.18382352941176472,,0.2683811802232855,,eval_data\mixed\vi_1707_steady_15.wav,,,
fleurs-asr/whisper-small-faster-whisper-cpu,vi-asr-1707-steady-10,ASR,vi,,10.0,steady,whisper-small-faster-whisper-cpu,3.3669,923.14453125,0.3870967741935484,0.2426470588235294,,0.26849282296650717,,eval_data\mixed\vi_1707_steady_10.wav,,,
fleurs-asr/whisper-small-faster-whisper-cpu,vi-asr-1707-steady-5,ASR,vi,,5.0,steady,whisper-small-faster-whisper-cpu,3.3345,923.14453125,0.3870967741935484,0.23529411764705882,,0.26590909090909093,,eval_data\mixed\vi_1707_steady_5.wav,,,
fleurs-asr/whisper-small-faster-whisper-cpu,vi-asr-1707-steady-0,ASR,vi,,0.0,steady,whisper-small-faster-whisper-cpu,3.4202,923.14453125,0.6451612903225806,0.41911764705882354,,0.2727432216905901,,eval_data\mixed\vi_1707_steady_0.wav,,,
fleurs-asr/whisper-small-faster-whisper-cpu,vi-asr-1707-impulsive-15,ASR,vi,,15.0,impulsive,whisper-small-faster-whisper-cpu,3.4202,923.14453125,0.25806451612903225,0.13970588235294118,,0.2727432216905901,,eval_data\mixed\vi_1707_impulsive_15.wav,,,
fleurs-asr/whisper-small-faster-whisper-cpu,vi-asr-1707-impulsive-10,ASR,vi,,10.0,impulsive,whisper-small-faster-whisper-cpu,3.3396,923.14453125,0.3870967741935484,0.19117647058823528,,0.26631578947368423,,eval_data\mixed\vi_1707_impulsive_10.wav,,,
fleurs-asr/whisper-small-faster-whisper-cpu,vi-asr-1707-impulsive-5,ASR,vi,,5.0,impulsive,whisper-small-faster-whisper-cpu,3.3519,923.14453125,0.41935483870967744,0.19117647058823528,,0.26729665071770337,,eval_data\mixed\vi_1707_impulsive_5.wav,,,
fleurs-asr/whisper-small-faster-whisper-cpu,vi-asr-1707-impulsive-0,ASR,vi,,0.0,impulsive,whisper-small-faster-whisper-cpu,3.4103,923.14453125,0.41935483870967744,0.19117647058823528,,0.2719537480063796,,eval_data\mixed\vi_1707_impulsive_0.wav,,,
fleurs-asr/whisper-small-faster-whisper-cpu,vi-asr-1748-clean,ASR,vi,,,clean,whisper-small-faster-whisper-cpu,2.995,923.14453125,0.4666666666666667,0.18181818181818182,,0.3670343137254902,,eval_data\mixed\vi_1748_clean.wav,,,
fleurs-asr/whisper-small-faster-whisper-cpu,vi-asr-1748-steady-15,ASR,vi,,15.0,steady,whisper-small-faster-whisper-cpu,2.9789,923.14453125,0.5333333333333333,0.18181818181818182,,0.3650612745098039,,eval_data\mixed\vi_1748_steady_15.wav,,,
fleurs-asr/whisper-small-faster-whisper-cpu,vi-asr-1748-steady-10,ASR,vi,,10.0,steady,whisper-small-faster-whisper-cpu,3.0207,923.14453125,0.4666666666666667,0.21212121212121213,,0.37018382352941176,,eval_data\mixed\vi_1748_steady_10.wav,,,
fleurs-asr/whisper-small-faster-whisper-cpu,vi-asr-1748-steady-5,ASR,vi,,5.0,steady,whisper-small-faster-whisper-cpu,3.4988,923.14453125,0.4666666666666667,0.21212121212121213,,0.42877450980392157,,eval_data\mixed\vi_1748_steady_5.wav,,,
fleurs-asr/whisper-small-faster-whisper-cpu,vi-asr-1748-steady-0,ASR,vi,,0.0,steady,whisper-small-faster-whisper-cpu,3.4649,923.14453125,0.6666666666666666,0.3333333333333333,,0.4246200980392157,,eval_data\mixed\vi_1748_steady_0.wav,,,
fleurs-asr/whisper-small-faster-whisper-cpu,vi-asr-1748-impulsive-15,ASR,vi,,15.0,impulsive,whisper-small-faster-whisper-cpu,3.4598,923.14453125,0.4666666666666667,0.15151515151515152,,0.4239950980392157,,eval_data\mixed\vi_1748_impulsive_15.wav,,,
fleurs-asr/whisper-small-faster-whisper-cpu,vi-asr-1748-impulsive-10,ASR,vi,,10.0,impulsive,whisper-small-faster-whisper-cpu,3.6441,923.14453125,0.4666666666666667,0.15151515151515152,,0.44658088235294113,,eval_data\mixed\vi_1748_impulsive_10.wav,,,
fleurs-asr/whisper-small-faster-whisper-cpu,vi-asr-1748-impulsive-5,ASR,vi,,5.0,impulsive,whisper-small-faster-whisper-cpu,3.5333,923.14453125,0.4666666666666667,0.19696969696969696,,0.43300245098039214,,eval_data\mixed\vi_1748_impulsive_5.wav,,,
fleurs-asr/whisper-small-faster-whisper-cpu,vi-asr-1748-impulsive-0,ASR,vi,,0.0,impulsive,whisper-small-faster-whisper-cpu,3.4785,923.14453125,0.4666666666666667,0.19696969696969696,,0.42628676470588234,,eval_data\mixed\vi_1748_impulsive_0.wav,,,
fleurs-asr/whisper-small-faster-whisper-cpu,vi-asr-1931-clean,ASR,vi,,,clean,whisper-small-faster-whisper-cpu,3.8672,923.14453125,0.36363636363636365,0.16428571428571428,,0.270812324929972,,eval_data\mixed\vi_1931_clean.wav,,,
fleurs-asr/whisper-small-faster-whisper-cpu,vi-asr-1931-steady-15,ASR,vi,,15.0,steady,whisper-small-faster-whisper-cpu,3.0565,923.14453125,0.3333333333333333,0.15714285714285714,,0.21404061624649862,,eval_data\mixed\vi_1931_steady_15.wav,,,
fleurs-asr/whisper-small-faster-whisper-cpu,vi-asr-1931-steady-10,ASR,vi,,10.0,steady,whisper-small-faster-whisper-cpu,3.0,923.14453125,0.45454545454545453,0.24285714285714285,,0.21008403361344538,,eval_data\mixed\vi_1931_steady_10.wav,,,
fleurs-asr/whisper-small-faster-whisper-cpu,vi-asr-1931-steady-5,ASR,vi,,5.0,steady,whisper-small-faster-whisper-cpu,3.047,923.14453125,0.5454545454545454,0.3,,0.21337535014005604,,eval_data\mixed\vi_1931_steady_5.wav,,,
fleurs-asr/whisper-small-faster-whisper-cpu,vi-asr-1931-steady-0,ASR,vi,,0.0,steady,whisper-small-faster-whisper-cpu,3.9468,923.14453125,0.7575757575757576,0.4357142857142857,,0.27638655462184875,,eval_data\mixed\vi_1931_steady_0.wav,,,
fleurs-asr/whisper-small-faster-whisper-cpu,vi-asr-1931-impulsive-15,ASR,vi,,15.0,impulsive,whisper-small-faster-whisper-cpu,4.217,923.14453125,0.3939393939393939,0.18571428571428572,,0.2953081232492997,,eval_data\mixed\vi_1931_impulsive_15.wav,,,
fleurs-asr/whisper-small-faster-whisper-cpu,vi-asr-1931-impulsive-10,ASR,vi,,10.0,impulsive,whisper-small-faster-whisper-cpu,6.0667,923.14453125,0.42424242424242425,0.18571428571428572,,0.4248389355742297,,eval_data\mixed\vi_1931_impulsive_10.wav,,,
fleurs-asr/whisper-small-faster-whisper-cpu,vi-asr-1931-impulsive-5,ASR,vi,,5.0,impulsive,whisper-small-faster-whisper-cpu,4.0675,923.14453125,0.3939393939393939,0.15714285714285714,,0.2848389355742297,,eval_data\mixed\vi_1931_impulsive_5.wav,,,
fleurs-asr/whisper-small-faster-whisper-cpu,vi-asr-1931-impulsive-0,ASR,vi,,0.0,impulsive,whisper-small-faster-whisper-cpu,3.6775,923.14453125,0.3939393939393939,0.16428571428571428,,0.2575280112044818,,eval_data\mixed\vi_1931_impulsive_0.wav,,,
fleurs-asr/whisper-small-faster-whisper-cpu,vi-asr-2001-clean,ASR,vi,,,clean,whisper-small-faster-whisper-cpu,4.0801,923.14453125,0.15384615384615385,0.06358381502890173,,0.3162868217054263,,eval_data\mixed\vi_2001_clean.wav,,,
fleurs-asr/whisper-small-faster-whisper-cpu,vi-asr-2001-steady-15,ASR,vi,,15.0,steady,whisper-small-faster-whisper-cpu,3.9208,923.14453125,0.1794871794871795,0.057803468208092484,,0.303937984496124,,eval_data\mixed\vi_2001_steady_15.wav,,,
fleurs-asr/whisper-small-faster-whisper-cpu,vi-asr-2001-steady-10,ASR,vi,,10.0,steady,whisper-small-faster-whisper-cpu,4.1867,923.14453125,0.3333333333333333,0.17341040462427745,,0.32455038759689925,,eval_data\mixed\vi_2001_steady_10.wav,,,
fleurs-asr/whisper-small-faster-whisper-cpu,vi-asr-2001-steady-5,ASR,vi,,5.0,steady,whisper-small-faster-whisper-cpu,4.18,923.14453125,0.48717948717948717,0.3179190751445087,,0.32403100775193794,,eval_data\mixed\vi_2001_steady_5.wav,,,
fleurs-asr/whisper-small-faster-whisper-cpu,vi-asr-2001-steady-0,ASR,vi,,0.0,steady,whisper-small-faster-whisper-cpu,3.6132,923.14453125,0.7435897435897436,0.4508670520231214,,0.2800930232558139,,eval_data\mixed\vi_2001_steady_0.wav,,,
fleurs-asr/whisper-small-faster-whisper-cpu,vi-asr-2001-impulsive-15,ASR,vi,,15.0,impulsive,whisper-small-faster-whisper-cpu,3.9086,923.14453125,0.2564102564102564,0.11560693641618497,,0.30299224806201547,,eval_data\mixed\vi_2001_impulsive_15.wav,,,
fleurs-asr/whisper-small-faster-whisper-cpu,vi-asr-2001-impulsive-10,ASR,vi,,10.0,impulsive,whisper-small-faster-whisper-cpu,3.7302,923.14453125,0.28205128205128205,0.13872832369942195,,0.2891627906976744,,eval_data\mixed\vi_2001_impulsive_10.wav,,,
fleurs-asr/whisper-small-faster-whisper-cpu,vi-asr-2001-impulsive-5,ASR,vi,,5.0,impulsive,whisper-small-faster-whisper-cpu,3.9938,923.14453125,0.3333333333333333,0.18497109826589594,,0.30959689922480615,,eval_data\mixed\vi_2001_impulsive_5.wav,,,
fleurs-asr/whisper-small-faster-whisper-cpu,vi-asr-2001-impulsive-0,ASR,vi,,0.0,impulsive,whisper-small-faster-whisper-cpu,3.7014,923.14453125,0.3333333333333333,0.15606936416184972,,0.28693023255813954,,eval_data\mixed\vi_2001_impulsive_0.wav,,,
fleurs-asr/whisper-small-faster-whisper-cpu,vi-asr-1835-clean,ASR,vi,,,clean,whisper-small-faster-whisper-cpu,3.8037,923.14453125,0.32432432432432434,0.1524390243902439,,0.2608847736625514,,eval_data\mixed\vi_1835_clean.wav,,,
fleurs-asr/whisper-small-faster-whisper-cpu,vi-asr-1835-steady-15,ASR,vi,,15.0,steady,whisper-small-faster-whisper-cpu,3.7585,923.14453125,0.32432432432432434,0.16463414634146342,,0.2577846364883402,,eval_data\mixed\vi_1835_steady_15.wav,,,
fleurs-asr/whisper-small-faster-whisper-cpu,vi-asr-1835-steady-10,ASR,vi,,10.0,steady,whisper-small-faster-whisper-cpu,3.9113,923.14453125,0.32432432432432434,0.12804878048780488,,0.2682647462277092,,eval_data\mixed\vi_1835_steady_10.wav,,,
fleurs-asr/whisper-small-faster-whisper-cpu,vi-asr-1835-steady-5,ASR,vi,,5.0,steady,whisper-small-faster-whisper-cpu,3.6992,923.14453125,0.40540540540540543,0.2073170731707317,,0.25371742112482853,,eval_data\mixed\vi_1835_steady_5.wav,,,
fleurs-asr/whisper-small-faster-whisper-cpu,vi-asr-1835-steady-0,ASR,vi,,0.0,steady,whisper-small-faster-whisper-cpu,4.0253,923.14453125,0.6486486486486487,0.3353658536585366,,0.27608367626886143,,eval_data\mixed\vi_1835_steady_0.wav,,,
fleurs-asr/whisper-small-faster-whisper-cpu,vi-asr-1835-impulsive-15,ASR,vi,,15.0,impulsive,whisper-small-faster-whisper-cpu,3.7048,923.14453125,0.32432432432432434,0.1524390243902439,,0.2541015089163237,,eval_data\mixed\vi_1835_impulsive_15.wav,,,
fleurs-asr/whisper-small-faster-whisper-cpu,vi-asr-1835-impulsive-10,ASR,vi,,10.0,impulsive,whisper-small-faster-whisper-cpu,3.7529,923.14453125,0.32432432432432434,0.15853658536585366,,0.257400548696845,,eval_data\mixed\vi_1835_impulsive_10.wav,,,
fleurs-asr/whisper-small-faster-whisper-cpu,vi-asr-1835-impulsive-5,ASR,vi,,5.0,impulsive,whisper-small-faster-whisper-cpu,3.8057,923.14453125,0.3783783783783784,0.16463414634146342,,0.26102194787379973,,eval_data\mixed\vi_1835_impulsive_5.wav,,,
fleurs-asr/whisper-small-faster-whisper-cpu,vi-asr-1835-impulsive-0,ASR,vi,,0.0,impulsive,whisper-small-faster-whisper-cpu,3.7222,923.14453125,0.3783783783783784,0.16463414634146342,,0.2552949245541838,,eval_data\mixed\vi_1835_impulsive_0.wav,,,
fleurs-asr/whisper-small-faster-whisper-cpu,vi-asr-1946-clean,ASR,vi,,,clean,whisper-small-faster-whisper-cpu,3.9844,923.14453125,0.28888888888888886,0.17412935323383086,,0.18497678737233056,,eval_data\mixed\vi_1946_clean.wav,,,
fleurs-asr/whisper-small-faster-whisper-cpu,vi-asr-1946-steady-15,ASR,vi,,15.0,steady,whisper-small-faster-whisper-cpu,4.0958,923.14453125,0.3333333333333333,0.21393034825870647,,0.19014856081708448,,eval_data\mixed\vi_1946_steady_15.wav,,,
fleurs-asr/whisper-small-faster-whisper-cpu,vi-asr-1946-steady-10,ASR,vi,,10.0,steady,whisper-small-faster-whisper-cpu,3.899,923.14453125,0.35555555555555557,0.1791044776119403,,0.18101207056638813,,eval_data\mixed\vi_1946_steady_10.wav,,,
fleurs-asr/whisper-small-faster-whisper-cpu,vi-asr-1946-steady-5,ASR,vi,,5.0,steady,whisper-small-faster-whisper-cpu,4.0166,923.14453125,0.4888888888888889,0.19900497512437812,,0.1864716805942433,,eval_data\mixed\vi_1946_steady_5.wav,,,
fleurs-asr/whisper-small-faster-whisper-cpu,vi-asr-1946-steady-0,ASR,vi,,0.0,steady,whisper-small-faster-whisper-cpu,3.999,923.14453125,0.5777777777777777,0.30845771144278605,,0.18565459610027857,,eval_data\mixed\vi_1946_steady_0.wav,,,
fleurs-asr/whisper-small-faster-whisper-cpu,vi-asr-1946-impulsive-15,ASR,vi,,15.0,impulsive,whisper-small-faster-whisper-cpu,3.9105,923.14453125,0.24444444444444444,0.14925373134328357,,0.18154596100278553,,eval_data\mixed\vi_1946_impulsive_15.wav,,,
fleurs-asr/whisper-small-faster-whisper-cpu,vi-asr-1946-impulsive-10,ASR,vi,,10.0,impulsive,whisper-small-faster-whisper-cpu,4.0859,923.14453125,0.2222222222222222,0.14427860696517414,,0.18968895078922934,,eval_data\mixed\vi_1946_impulsive_10.wav,,,
fleurs-asr/whisper-small-faster-whisper-cpu,vi-asr-1946-impulsive-5,ASR,vi,,5.0,impulsive,whisper-small-faster-whisper-cpu,3.187,923.14453125,0.24444444444444444,0.14925373134328357,,0.1479572887650882,,eval_data\mixed\vi_1946_impulsive_5.wav,,,
fleurs-asr/whisper-small-faster-whisper-cpu,vi-asr-1946-impulsive-0,ASR,vi,,0.0,impulsive,whisper-small-faster-whisper-cpu,2.9073,923.14453125,0.7333333333333333,0.7014925373134329,,0.13497214484679668,,eval_data\mixed\vi_1946_impulsive_0.wav,,,
fleurs-asr/whisper-small-faster-whisper-cpu,vi-asr-1689-clean,ASR,vi,,,clean,whisper-small-faster-whisper-cpu,3.0585,923.14453125,0.43243243243243246,0.22023809523809523,,0.24507211538461537,,eval_data\mixed\vi_1689_clean.wav,,,
fleurs-asr/whisper-small-faster-whisper-cpu,vi-asr-1689-steady-15,ASR,vi,,15.0,steady,whisper-small-faster-whisper-cpu,3.0685,923.14453125,0.3783783783783784,0.18452380952380953,,0.24587339743589742,,eval_data\mixed\vi_1689_steady_15.wav,,,
fleurs-asr/whisper-small-faster-whisper-cpu,vi-asr-1689-steady-10,ASR,vi,,10.0,steady,whisper-small-faster-whisper-cpu,3.0325,923.14453125,0.3783783783783784,0.17857142857142858,,0.24298878205128205,,eval_data\mixed\vi_1689_steady_10.wav,,,
fleurs-asr/whisper-small-faster-whisper-cpu,vi-asr-1689-steady-5,ASR,vi,,5.0,steady,whisper-small-faster-whisper-cpu,3.0481,923.14453125,0.3783783783783784,0.18452380952380953,,0.24423878205128202,,eval_data\mixed\vi_1689_steady_5.wav,,,
fleurs-asr/whisper-small-faster-whisper-cpu,vi-asr-1689-steady-0,ASR,vi,,0.0,steady,whisper-small-faster-whisper-cpu,3.0009,923.14453125,0.6756756756756757,0.43452380952380953,,0.24045673076923077,,eval_data\mixed\vi_1689_steady_0.wav,,,
fleurs-asr/whisper-small-faster-whisper-cpu,vi-asr-1689-impulsive-15,ASR,vi,,15.0,impulsive,whisper-small-faster-whisper-cpu,3.2057,923.14453125,0.43243243243243246,0.22023809523809523,,0.2568669871794872,,eval_data\mixed\vi_1689_impulsive_15.wav,,,
fleurs-asr/whisper-small-faster-whisper-cpu,vi-asr-1689-impulsive-10,ASR,vi,,10.0,impulsive,whisper-small-faster-whisper-cpu,3.9963,923.14453125,0.43243243243243246,0.21428571428571427,,0.32021634615384614,,eval_data\mixed\vi_1689_impulsive_10.wav,,,
fleurs-asr/whisper-small-faster-whisper-cpu,vi-asr-1689-impulsive-5,ASR,vi,,5.0,impulsive,whisper-small-faster-whisper-cpu,3.47,923.14453125,0.43243243243243246,0.21428571428571427,,0.2780448717948718,,eval_data\mixed\vi_1689_impulsive_5.wav,,,
fleurs-asr/whisper-small-faster-whisper-cpu,vi-asr-1689-impulsive-0,ASR,vi,,0.0,impulsive,whisper-small-faster-whisper-cpu,3.2027,923.14453125,0.43243243243243246,0.21428571428571427,,0.2566266025641026,,eval_data\mixed\vi_1689_impulsive_0.wav,,,
fleurs-asr/whisper-small-faster-whisper-cpu,vi-asr-1969-clean,ASR,vi,,,clean,whisper-small-faster-whisper-cpu,3.1125,923.14453125,0.19444444444444445,0.075,,0.21614583333333331,,eval_data\mixed\vi_1969_clean.wav,,,
fleurs-asr/whisper-small-faster-whisper-cpu,vi-asr-1969-steady-15,ASR,vi,,15.0,steady,whisper-small-faster-whisper-cpu,3.0822,923.14453125,0.3055555555555556,0.10625,,0.21404166666666666,,eval_data\mixed\vi_1969_steady_15.wav,,,
fleurs-asr/whisper-small-faster-whisper-cpu,vi-asr-1969-steady-10,ASR,vi,,10.0,steady,whisper-small-faster-whisper-cpu,3.1789,923.14453125,0.3055555555555556,0.11875,,0.22075694444444444,,eval_data\mixed\vi_1969_steady_10.wav,,,
fleurs-asr/whisper-small-faster-whisper-cpu,vi-asr-1969-steady-5,ASR,vi,,5.0,steady,whisper-small-faster-whisper-cpu,3.2087,923.14453125,0.3333333333333333,0.16875,,0.22282638888888887,,eval_data\mixed\vi_1969_steady_5.wav,,,
fleurs-asr/whisper-small-faster-whisper-cpu,vi-asr-1969-steady-0,ASR,vi,,0.0,steady,whisper-small-faster-whisper-cpu,3.1856,923.14453125,0.5833333333333334,0.4,,0.2212222222222222,,eval_data\mixed\vi_1969_steady_0.wav,,,
fleurs-asr/whisper-small-faster-whisper-cpu,vi-asr-1969-impulsive-15,ASR,vi,,15.0,impulsive,whisper-small-faster-whisper-cpu,3.1449,923.14453125,0.2222222222222222,0.075,,0.21839583333333332,,eval_data\mixed\vi_1969_impulsive_15.wav,,,
fleurs-asr/whisper-small-faster-whisper-cpu,vi-asr-1969-impulsive-10,ASR,vi,,10.0,impulsive,whisper-small-faster-whisper-cpu,3.0769,923.14453125,0.2222222222222222,0.075,,0.2136736111111111,,eval_data\mixed\vi_1969_impulsive_10.wav,,,
fleurs-asr/whisper-small-faster-whisper-cpu,vi-asr-1969-impulsive-5,ASR,vi,,5.0,impulsive,whisper-small-faster-whisper-cpu,2.9746,923.14453125,0.19444444444444445,0.08125,,0.20656944444444444,,eval_data\mixed\vi_1969_impulsive_5.wav,,,
fleurs-asr/whisper-small-faster-whisper-cpu,vi-asr-1969-impulsive-0,ASR,vi,,0.0,impulsive,whisper-small-faster-whisper-cpu,3.0759,923.14453125,0.25,0.1125,,0.21360416666666665,,eval_data\mixed\vi_1969_impulsive_0.wav,,,
fleurs-asr/whisper-small-faster-whisper-cpu,vi-asr-1854-clean,ASR,vi,,,clean,whisper-small-faster-whisper-cpu,2.7496,923.14453125,0.25,0.12222222222222222,,0.35524547803617573,,eval_data\mixed\vi_1854_clean.wav,,,
fleurs-asr/whisper-small-faster-whisper-cpu,vi-asr-1854-steady-15,ASR,vi,,15.0,steady,whisper-small-faster-whisper-cpu,2.7902,923.14453125,0.35,0.14444444444444443,,0.36049095607235143,,eval_data\mixed\vi_1854_steady_15.wav,,,
fleurs-asr/whisper-small-faster-whisper-cpu,vi-asr-1854-steady-10,ASR,vi,,10.0,steady,whisper-small-faster-whisper-cpu,2.8861,923.14453125,0.3,0.13333333333333333,,0.37288113695090436,,eval_data\mixed\vi_1854_steady_10.wav,,,
fleurs-asr/whisper-small-faster-whisper-cpu,vi-asr-1854-steady-5,ASR,vi,,5.0,steady,whisper-small-faster-whisper-cpu,3.0331,923.14453125,0.35,0.17777777777777778,,0.3918733850129199,,eval_data\mixed\vi_1854_steady_5.wav,,,
fleurs-asr/whisper-small-faster-whisper-cpu,vi-asr-1854-steady-0,ASR,vi,,0.0,steady,whisper-small-faster-whisper-cpu,2.8111,923.14453125,0.55,0.26666666666666666,,0.36319121447028424,,eval_data\mixed\vi_1854_steady_0.wav,,,
fleurs-asr/whisper-small-faster-whisper-cpu,vi-asr-1854-impulsive-15,ASR,vi,,15.0,impulsive,whisper-small-faster-whisper-cpu,3.3629,923.14453125,0.35,0.2111111111111111,,0.43448320413436686,,eval_data\mixed\vi_1854_impulsive_15.wav,,,
fleurs-asr/whisper-small-faster-whisper-cpu,vi-asr-1854-impulsive-10,ASR,vi,,10.0,impulsive,whisper-small-faster-whisper-cpu,4.0274,923.14453125,0.35,0.2111111111111111,,0.5203359173126615,,eval_data\mixed\vi_1854_impulsive_10.wav,,,
fleurs-asr/whisper-small-faster-whisper-cpu,vi-asr-1854-impulsive-5,ASR,vi,,5.0,impulsive,whisper-small-faster-whisper-cpu,3.1938,923.14453125,0.25,0.1111111111111111,,0.41263565891472864,,eval_data\mixed\vi_1854_impulsive_5.wav,,,
fleurs-asr/whisper-small-faster-whisper-cpu,vi-asr-1854-impulsive-0,ASR,vi,,0.0,impulsive,whisper-small-faster-whisper-cpu,3.3261,923.14453125,0.35,0.15555555555555556,,0.4297286821705426,,eval_data\mixed\vi_1854_impulsive_0.wav,,,
fleurs-asr/whisper-small-faster-whisper-cpu,vi-asr-1798-clean,ASR,vi,,,clean,whisper-small-faster-whisper-cpu,3.9968,923.14453125,0.3125,0.12643678160919541,,0.2542493638676845,,eval_data\mixed\vi_1798_clean.wav,,,
fleurs-asr/whisper-small-faster-whisper-cpu,vi-asr-1798-steady-15,ASR,vi,,15.0,steady,whisper-small-faster-whisper-cpu,3.6007,923.14453125,0.3125,0.12643678160919541,,0.22905216284987276,,eval_data\mixed\vi_1798_steady_15.wav,,,
fleurs-asr/whisper-small-faster-whisper-cpu,vi-asr-1798-steady-10,ASR,vi,,10.0,steady,whisper-small-faster-whisper-cpu,4.325,923.14453125,0.34375,0.12643678160919541,,0.27512722646310434,,eval_data\mixed\vi_1798_steady_10.wav,,,
fleurs-asr/whisper-small-faster-whisper-cpu,vi-asr-1798-steady-5,ASR,vi,,5.0,steady,whisper-small-faster-whisper-cpu,4.5193,923.14453125,0.375,0.1206896551724138,,0.28748727735368956,,eval_data\mixed\vi_1798_steady_5.wav,,,
fleurs-asr/whisper-small-faster-whisper-cpu,vi-asr-1798-steady-0,ASR,vi,,0.0,steady,whisper-small-faster-whisper-cpu,4.0808,923.14453125,0.375,0.15517241379310345,,0.25959287531806613,,eval_data\mixed\vi_1798_steady_0.wav,,,
fleurs-asr/whisper-small-faster-whisper-cpu,vi-asr-1798-impulsive-15,ASR,vi,,15.0,impulsive,whisper-small-faster-whisper-cpu,3.8091,923.14453125,0.28125,0.08045977011494253,,0.2423091603053435,,eval_data\mixed\vi_1798_impulsive_15.wav,,,
fleurs-asr/whisper-small-faster-whisper-cpu,vi-asr-1798-impulsive-10,ASR,vi,,10.0,impulsive,whisper-small-faster-whisper-cpu,3.9764,923.14453125,0.21875,0.09770114942528736,,0.25295165394402036,,eval_data\mixed\vi_1798_impulsive_10.wav,,,
fleurs-asr/whisper-small-faster-whisper-cpu,vi-asr-1798-impulsive-5,ASR,vi,,5.0,impulsive,whisper-small-faster-whisper-cpu,3.9661,923.14453125,0.25,0.07471264367816093,,0.2522964376590331,,eval_data\mixed\vi_1798_impulsive_5.wav,,,
fleurs-asr/whisper-small-faster-whisper-cpu,vi-asr-1798-impulsive-0,ASR,vi,,0.0,impulsive,whisper-small-faster-whisper-cpu,4.3756,923.14453125,0.3125,0.14942528735632185,,0.2783460559796438,,eval_data\mixed\vi_1798_impulsive_0.wav,,,
fleurs-asr/whisper-small-faster-whisper-cpu,vi-asr-1804-clean,ASR,vi,,,clean,whisper-small-faster-whisper-cpu,4.3424,923.14453125,0.1794871794871795,0.07017543859649122,,0.32896969696969697,,eval_data\mixed\vi_1804_clean.wav,,,
fleurs-asr/whisper-small-faster-whisper-cpu,vi-asr-1804-steady-15,ASR,vi,,15.0,steady,whisper-small-faster-whisper-cpu,4.0036,923.14453125,0.23076923076923078,0.08771929824561403,,0.3033030303030303,,eval_data\mixed\vi_1804_steady_15.wav,,,
fleurs-asr/whisper-small-faster-whisper-cpu,vi-asr-1804-steady-10,ASR,vi,,10.0,steady,whisper-small-faster-whisper-cpu,4.1354,923.14453125,0.2564102564102564,0.13450292397660818,,0.3132878787878788,,eval_data\mixed\vi_1804_steady_10.wav,,,
fleurs-asr/whisper-small-faster-whisper-cpu,vi-asr-1804-steady-5,ASR,vi,,5.0,steady,whisper-small-faster-whisper-cpu,3.9542,923.14453125,0.3333333333333333,0.1871345029239766,,0.2995606060606061,,eval_data\mixed\vi_1804_steady_5.wav,,,
fleurs-asr/whisper-small-faster-whisper-cpu,vi-asr-1804-steady-0,ASR,vi,,0.0,steady,whisper-small-faster-whisper-cpu,4.5647,923.14453125,0.5128205128205128,0.2982456140350877,,0.3458106060606061,,eval_data\mixed\vi_1804_steady_0.wav,,,
fleurs-asr/whisper-small-faster-whisper-cpu,vi-asr-1804-impulsive-15,ASR,vi,,15.0,impulsive,whisper-small-faster-whisper-cpu,4.2617,923.14453125,0.20512820512820512,0.08187134502923976,,0.32285606060606065,,eval_data\mixed\vi_1804_impulsive_15.wav,,,
fleurs-asr/whisper-small-faster-whisper-cpu,vi-asr-1804-impulsive-10,ASR,vi,,10.0,impulsive,whisper-small-faster-whisper-cpu,4.6025,923.14453125,0.1794871794871795,0.07017543859649122,,0.34867424242424244,,eval_data\mixed\vi_1804_impulsive_10.wav,,,
fleurs-asr/whisper-small-faster-whisper-cpu,vi-asr-1804-impulsive-5,ASR,vi,,5.0,impulsive,whisper-small-faster-whisper-cpu,3.7908,923.14453125,0.1794871794871795,0.07017543859649122,,0.2871818181818182,,eval_data\mixed\vi_1804_impulsive_5.wav,,,
fleurs-asr/whisper-small-faster-whisper-cpu,vi-asr-1804-impulsive-0,ASR,vi,,0.0,impulsive,whisper-small-faster-whisper-cpu,3.8246,923.14453125,0.15384615384615385,0.06432748538011696,,0.2897424242424243,,eval_data\mixed\vi_1804_impulsive_0.wav,,,
fleurs-asr/whisper-small-faster-whisper-cpu,vi-asr-1898-clean,ASR,vi,,,clean,whisper-small-faster-whisper-cpu,3.7162,923.14453125,0.2826086956521739,0.12121212121212122,,0.21211187214611874,,eval_data\mixed\vi_1898_clean.wav,,,
fleurs-asr/whisper-small-faster-whisper-cpu,vi-asr-1898-steady-15,ASR,vi,,15.0,steady,whisper-small-faster-whisper-cpu,3.9264,923.14453125,0.2826086956521739,0.12121212121212122,,0.2241095890410959,,eval_data\mixed\vi_1898_steady_15.wav,,,
fleurs-asr/whisper-small-faster-whisper-cpu,vi-asr-1898-steady-10,ASR,vi,,10.0,steady,whisper-small-faster-whisper-cpu,4.083,923.14453125,0.30434782608695654,0.13636363636363635,,0.23304794520547947,,eval_data\mixed\vi_1898_steady_10.wav,,,
fleurs-asr/whisper-small-faster-whisper-cpu,vi-asr-1898-steady-5,ASR,vi,,5.0,steady,whisper-small-faster-whisper-cpu,4.1259,923.14453125,0.34782608695652173,0.18686868686868688,,0.23549657534246574,,eval_data\mixed\vi_1898_steady_5.wav,,,
fleurs-asr/whisper-small-faster-whisper-cpu,vi-asr-1898-steady-0,ASR,vi,,0.0,steady,whisper-small-faster-whisper-cpu,4.014,923.14453125,0.6086956521739131,0.37373737373737376,,0.2291095890410959,,eval_data\mixed\vi_1898_steady_0.wav,,,
fleurs-asr/whisper-small-faster-whisper-cpu,vi-asr-1898-impulsive-15,ASR,vi,,15.0,impulsive,whisper-small-faster-whisper-cpu,4.0193,923.14453125,0.32608695652173914,0.15656565656565657,,0.22941210045662103,,eval_data\mixed\vi_1898_impulsive_15.wav,,,
fleurs-asr/whisper-small-faster-whisper-cpu,vi-asr-1898-impulsive-10,ASR,vi,,10.0,impulsive,whisper-small-faster-whisper-cpu,4.1834,923.14453125,0.32608695652173914,0.16161616161616163,,0.23877853881278538,,eval_data\mixed\vi_1898_impulsive_10.wav,,,
fleurs-asr/whisper-small-faster-whisper-cpu,vi-asr-1898-impulsive-5,ASR,vi,,5.0,impulsive,whisper-small-faster-whisper-cpu,4.1511,923.14453125,0.30434782608695654,0.15151515151515152,,0.2369349315068493,,eval_data\mixed\vi_1898_impulsive_5.wav,,,
fleurs-asr/whisper-small-faster-whisper-cpu,vi-asr-1898-impulsive-0,ASR,vi,,0.0,impulsive,whisper-small-faster-whisper-cpu,3.9403,923.14453125,0.2826086956521739,0.1414141414141414,,0.2249029680365297,,eval_data\mixed\vi_1898_impulsive_0.wav,,,
fleurs-asr/whisper-small-faster-whisper-cpu,vi-asr-1772-clean,ASR,vi,,,clean,whisper-small-faster-whisper-cpu,3.46,923.14453125,0.058823529411764705,0.041666666666666664,,0.49712643678160917,,eval_data\mixed\vi_1772_clean.wav,,,
fleurs-asr/whisper-small-faster-whisper-cpu,vi-asr-1772-steady-15,ASR,vi,,15.0,steady,whisper-small-faster-whisper-cpu,3.1728,923.14453125,0.11764705882352941,0.06944444444444445,,0.45586206896551723,,eval_data\mixed\vi_1772_steady_15.wav,,,
fleurs-asr/whisper-small-faster-whisper-cpu,vi-asr-1772-steady-10,ASR,vi,,10.0,steady,whisper-small-faster-whisper-cpu,3.0741,923.14453125,0.29411764705882354,0.16666666666666666,,0.44168103448275864,,eval_data\mixed\vi_1772_steady_10.wav,,,
fleurs-asr/whisper-small-faster-whisper-cpu,vi-asr-1772-steady-5,ASR,vi,,5.0,steady,whisper-small-faster-whisper-cpu,3.1268,923.14453125,0.47058823529411764,0.2361111111111111,,0.44925287356321836,,eval_data\mixed\vi_1772_steady_5.wav,,,
fleurs-asr/whisper-small-faster-whisper-cpu,vi-asr-1772-steady-0,ASR,vi,,0.0,steady,whisper-small-faster-whisper-cpu,3.1639,923.14453125,0.5882352941176471,0.3055555555555556,,0.45458333333333334,,eval_data\mixed\vi_1772_steady_0.wav,,,
fleurs-asr/whisper-small-faster-whisper-cpu,vi-asr-1772-impulsive-15,ASR,vi,,15.0,impulsive,whisper-small-faster-whisper-cpu,3.0292,923.14453125,0.11764705882352941,0.05555555555555555,,0.43522988505747123,,eval_data\mixed\vi_1772_impulsive_15.wav,,,
fleurs-asr/whisper-small-faster-whisper-cpu,vi-asr-1772-impulsive-10,ASR,vi,,10.0,impulsive,whisper-small-faster-whisper-cpu,3.0739,923.14453125,0.11764705882352941,0.05555555555555555,,0.4416522988505747,,eval_data\mixed\vi_1772_impulsive_10.wav,,,
fleurs-asr/whisper-small-faster-whisper-cpu,vi-asr-1772-impulsive-5,ASR,vi,,5.0,impulsive,whisper-small-faster-whisper-cpu,3.0353,923.14453125,0.11764705882352941,0.05555555555555555,,0.43610632183908044,,eval_data\mixed\vi_1772_impulsive_5.wav,,,
fleurs-asr/whisper-small-faster-whisper-cpu,vi-asr-1772-impulsive-0,ASR,vi,,0.0,impulsive,whisper-small-faster-whisper-cpu,3.1562,923.14453125,0.17647058823529413,0.08333333333333333,,0.4534770114942529,,eval_data\mixed\vi_1772_impulsive_0.wav,,,
fleurs-asr/whisper-small-faster-whisper-cpu,vi-asr-1715-clean,ASR,vi,,,clean,whisper-small-faster-whisper-cpu,4.2998,923.14453125,0.25,0.076,,0.19008841732979664,,eval_data\mixed\vi_1715_clean.wav,,,
fleurs-asr/whisper-small-faster-whisper-cpu,vi-asr-1715-steady-15,ASR,vi,,15.0,steady,whisper-small-faster-whisper-cpu,5.0449,923.14453125,0.2692307692307692,0.076,,0.2230282935455349,,eval_data\mixed\vi_1715_steady_15.wav,,,
fleurs-asr/whisper-small-faster-whisper-cpu,vi-asr-1715-steady-10,ASR,vi,,10.0,steady,whisper-small-faster-whisper-cpu,3.6891,923.14453125,0.25,0.076,,0.16309018567639255,,eval_data\mixed\vi_1715_steady_10.wav,,,
fleurs-asr/whisper-small-faster-whisper-cpu,vi-asr-1715-steady-5,ASR,vi,,5.0,steady,whisper-small-faster-whisper-cpu,3.6356,923.14453125,0.34615384615384615,0.104,,0.16072502210433245,,eval_data\mixed\vi_1715_steady_5.wav,,,
fleurs-asr/whisper-small-faster-whisper-cpu,vi-asr-1715-steady-0,ASR,vi,,0.0,steady,whisper-small-faster-whisper-cpu,3.5187,923.14453125,0.5,0.24,,0.15555702917771883,,eval_data\mixed\vi_1715_steady_0.wav,,,
fleurs-asr/whisper-small-faster-whisper-cpu,vi-asr-1715-impulsive-15,ASR,vi,,15.0,impulsive,whisper-small-faster-whisper-cpu,3.3801,923.14453125,0.28846153846153844,0.088,,0.14942970822281168,,eval_data\mixed\vi_1715_impulsive_15.wav,,,
fleurs-asr/whisper-small-faster-whisper-cpu,vi-asr-1715-impulsive-10,ASR,vi,,10.0,impulsive,whisper-small-faster-whisper-cpu,3.9193,923.14453125,0.34615384615384615,0.108,,0.17326702033598584,,eval_data\mixed\vi_1715_impulsive_10.wav,,,
fleurs-asr/whisper-small-faster-whisper-cpu,vi-asr-1715-impulsive-5,ASR,vi,,5.0,impulsive,whisper-small-faster-whisper-cpu,3.4583,923.14453125,0.34615384615384615,0.104,,0.15288682581786028,,eval_data\mixed\vi_1715_impulsive_5.wav,,,
fleurs-asr/whisper-small-faster-whisper-cpu,vi-asr-1715-impulsive-0,ASR,vi,,0.0,impulsive,whisper-small-faster-whisper-cpu,3.5125,923.14453125,0.3269230769230769,0.1,,0.15528293545534924,,eval_data\mixed\vi_1715_impulsive_0.wav,,,
fleurs-asr/whisper-small-faster-whisper-cpu,vi-asr-1692-clean,ASR,vi,,,clean,whisper-small-faster-whisper-cpu,3.2759,923.14453125,0.34782608695652173,0.17475728155339806,,0.3615783664459161,,eval_data\mixed\vi_1692_clean.wav,,,
fleurs-asr/whisper-small-faster-whisper-cpu,vi-asr-1692-steady-15,ASR,vi,,15.0,steady,whisper-small-faster-whisper-cpu,3.781,923.14453125,0.34782608695652173,0.27184466019417475,,0.4173289183222958,,eval_data\mixed\vi_1692_steady_15.wav,,,
fleurs-asr/whisper-small-faster-whisper-cpu,vi-asr-1692-steady-10,ASR,vi,,10.0,steady,whisper-small-faster-whisper-cpu,2.9758,923.14453125,0.43478260869565216,0.3106796116504854,,0.3284547461368653,,eval_data\mixed\vi_1692_steady_10.wav,,,
fleurs-asr/whisper-small-faster-whisper-cpu,vi-asr-1692-steady-5,ASR,vi,,5.0,steady,whisper-small-faster-whisper-cpu,2.6376,923.14453125,0.6086956521739131,0.3592233009708738,,0.2911258278145695,,eval_data\mixed\vi_1692_steady_5.wav,,,
fleurs-asr/whisper-small-faster-whisper-cpu,vi-asr-1692-steady-0,ASR,vi,,0.0,steady,whisper-small-faster-whisper-cpu,2.706,923.14453125,0.8260869565217391,0.4854368932038835,,0.2986754966887417,,eval_data\mixed\vi_1692_steady_0.wav,,,
fleurs-asr/whisper-small-faster-whisper-cpu,vi-asr-1692-impulsive-15,ASR,vi,,15.0,impulsive,whisper-small-faster-whisper-cpu,2.7106,923.14453125,0.30434782608695654,0.14563106796116504,,0.2991832229580574,,eval_data\mixed\vi_1692_impulsive_15.wav,,,
fleurs-asr/whisper-small-faster-whisper-cpu,vi-asr-1692-impulsive-10,ASR,vi,,10.0,impulsive,whisper-small-faster-whisper-cpu,2.8091,923.14453125,0.34782608695652173,0.1553398058252427,,0.3100551876379691,,eval_data\mixed\vi_1692_impulsive_10.wav,,,
fleurs-asr/whisper-small-faster-whisper-cpu,vi-asr-1692-impulsive-5,ASR,vi,,5.0,impulsive,whisper-small-faster-whisper-cpu,2.669,923.14453125,0.2608695652173913,0.1262135922330097,,0.2945916114790287,,eval_data\mixed\vi_1692_impulsive_5.wav,,,
fleurs-asr/whisper-small-faster-whisper-cpu,vi-asr-1692-impulsive-0,ASR,vi,,0.0,impulsive,whisper-small-faster-whisper-cpu,2.6885,923.14453125,0.30434782608695654,0.13592233009708737,,0.29674392935982336,,eval_data\mixed\vi_1692_impulsive_0.wav,,,
fleurs-asr/whisper-small-faster-whisper-cpu,vi-asr-1932-clean,ASR,vi,,,clean,whisper-small-faster-whisper-cpu,3.7301,923.14453125,0.2222222222222222,0.07777777777777778,,0.17561676082862526,,eval_data\mixed\vi_1932_clean.wav,,,
fleurs-asr/whisper-small-faster-whisper-cpu,vi-asr-1932-steady-15,ASR,vi,,15.0,steady,whisper-small-faster-whisper-cpu,3.5884,923.14453125,0.2222222222222222,0.08148148148148149,,0.16894538606403015,,eval_data\mixed\vi_1932_steady_15.wav,,,
fleurs-asr/whisper-small-faster-whisper-cpu,vi-asr-1932-steady-10,ASR,vi,,10.0,steady,whisper-small-faster-whisper-cpu,3.6136,923.14453125,0.3333333333333333,0.13333333333333333,,0.17013182674199626,,eval_data\mixed\vi_1932_steady_10.wav,,,
fleurs-asr/whisper-small-faster-whisper-cpu,vi-asr-1932-steady-5,ASR,vi,,5.0,steady,whisper-small-faster-whisper-cpu,3.815,923.14453125,0.3492063492063492,0.15185185185185185,,0.1796139359698682,,eval_data\mixed\vi_1932_steady_5.wav,,,
fleurs-asr/whisper-small-faster-whisper-cpu,vi-asr-1932-steady-0,ASR,vi,,0.0,steady,whisper-small-faster-whisper-cpu,3.8571,923.14453125,0.5396825396825397,0.27037037037037037,,0.1815960451977401,,eval_data\mixed\vi_1932_steady_0.wav,,,
fleurs-asr/whisper-small-faster-whisper-cpu,vi-asr-1932-impulsive-15,ASR,vi,,15.0,impulsive,whisper-small-faster-whisper-cpu,3.658,923.14453125,0.2222222222222222,0.07777777777777778,,0.17222222222222222,,eval_data\mixed\vi_1932_impulsive_15.wav,,,
fleurs-asr/whisper-small-faster-whisper-cpu,vi-asr-1932-impulsive-10,ASR,vi,,10.0,impulsive,whisper-small-faster-whisper-cpu,4.3474,923.14453125,0.2222222222222222,0.07777777777777778,,0.20467984934086633,,eval_data\mixed\vi_1932_impulsive_10.wav,,,
fleurs-asr/whisper-small-faster-whisper-cpu,vi-asr-1932-impulsive-5,ASR,vi,,5.0,impulsive,whisper-small-faster-whisper-cpu,4.6607,923.14453125,0.2222222222222222,0.07777777777777778,,0.21943032015065916,,eval_data\mixed\vi_1932_impulsive_5.wav,,,
fleurs-asr/whisper-small-faster-whisper-cpu,vi-asr-1932-impulsive-0,ASR,vi,,0.0,impulsive,whisper-small-faster-whisper-cpu,4.3145,923.14453125,0.2698412698412698,0.1111111111111111,,0.20313088512241054,,eval_data\mixed\vi_1932_impulsive_0.wav,,,
fleurs-asr/whisper-small-faster-whisper-cpu,en-asr-1845-clean,ASR,en,,,clean,whisper-small-faster-whisper-cpu,2.9855,923.14453125,0.08695652173913043,0.023255813953488372,,0.3084194214876033,,eval_data\mixed\en_1845_clean.wav,,,
fleurs-asr/whisper-small-faster-whisper-cpu,en-asr-1845-steady-15,ASR,en,,15.0,steady,whisper-small-faster-whisper-cpu,2.9295,923.14453125,0.13043478260869565,0.031007751937984496,,0.3026342975206612,,eval_data\mixed\en_1845_steady_15.wav,,,
fleurs-asr/whisper-small-faster-whisper-cpu,en-asr-1845-steady-10,ASR,en,,10.0,steady,whisper-small-faster-whisper-cpu,2.9266,923.14453125,0.13043478260869565,0.031007751937984496,,0.3023347107438017,,eval_data\mixed\en_1845_steady_10.wav,,,
fleurs-asr/whisper-small-faster-whisper-cpu,en-asr-1845-steady-5,ASR,en,,5.0,steady,whisper-small-faster-whisper-cpu,3.1312,923.14453125,0.13043478260869565,0.06976744186046512,,0.3234710743801653,,eval_data\mixed\en_1845_steady_5.wav,,,
fleurs-asr/whisper-small-faster-whisper-cpu,en-asr-1845-steady-0,ASR,en,,0.0,steady,whisper-small-faster-whisper-cpu,3.2178,923.14453125,0.5217391304347826,0.32558139534883723,,0.3324173553719008,,eval_data\mixed\en_1845_steady_0.wav,,,
fleurs-asr/whisper-small-faster-whisper-cpu,en-asr-1845-impulsive-15,ASR,en,,15.0,impulsive,whisper-small-faster-whisper-cpu,3.0326,923.14453125,0.08695652173913043,0.023255813953488372,,0.31328512396694214,,eval_data\mixed\en_1845_impulsive_15.wav,,,
fleurs-asr/whisper-small-faster-whisper-cpu,en-asr-1845-impulsive-10,ASR,en,,10.0,impulsive,whisper-small-faster-whisper-cpu,3.2399,923.14453125,0.08695652173913043,0.023255813953488372,,0.3347004132231405,,eval_data\mixed\en_1845_impulsive_10.wav,,,
fleurs-asr/whisper-small-faster-whisper-cpu,en-asr-1845-impulsive-5,ASR,en,,5.0,impulsive,whisper-small-faster-whisper-cpu,3.301,923.14453125,0.08695652173913043,0.023255813953488372,,0.3410123966942149,,eval_data\mixed\en_1845_impulsive_5.wav,,,
fleurs-asr/whisper-small-faster-whisper-cpu,en-asr-1845-impulsive-0,ASR,en,,0.0,impulsive,whisper-small-faster-whisper-cpu,2.9166,923.14453125,0.08695652173913043,0.023255813953488372,,0.301301652892562,,eval_data\mixed\en_1845_impulsive_0.wav,,,
fleurs-asr/whisper-small-faster-whisper-cpu,en-asr-1662-clean,ASR,en,,,clean,whisper-small-faster-whisper-cpu,3.0777,923.14453125,0.047619047619047616,0.04310344827586207,,0.2757795698924731,,eval_data\mixed\en_1662_clean.wav,,,
fleurs-asr/whisper-small-faster-whisper-cpu,en-asr-1662-steady-15,ASR,en,,15.0,steady,whisper-small-faster-whisper-cpu,3.027,923.14453125,0.14285714285714285,0.0603448275862069,,0.27123655913978495,,eval_data\mixed\en_1662_steady_15.wav,,,
fleurs-asr/whisper-small-faster-whisper-cpu,en-asr-1662-steady-10,ASR,en,,10.0,steady,whisper-small-faster-whisper-cpu,2.9392,923.14453125,0.23809523809523808,0.08620689655172414,,0.26336917562724016,,eval_data\mixed\en_1662_steady_10.wav,,,
fleurs-asr/whisper-small-faster-whisper-cpu,en-asr-1662-steady-5,ASR,en,,5.0,steady,whisper-small-faster-whisper-cpu,3.3554,923.14453125,0.2857142857142857,0.1724137931034483,,0.30066308243727596,,eval_data\mixed\en_1662_steady_5.wav,,,
fleurs-asr/whisper-small-faster-whisper-cpu,en-asr-1662-steady-0,ASR,en,,0.0,steady,whisper-small-faster-whisper-cpu,3.061,923.14453125,0.38095238095238093,0.20689655172413793,,0.27428315412186377,,eval_data\mixed\en_1662_steady_0.wav,,,
fleurs-asr/whisper-small-faster-whisper-cpu,en-asr-1662-impulsive-15,ASR,en,,15.0,impulsive,whisper-small-faster-whisper-cpu,2.9552,923.14453125,0.047619047619047616,0.04310344827586207,,0.26480286738351255,,eval_data\mixed\en_1662_impulsive_15.wav,,,
fleurs-asr/whisper-small-faster-whisper-cpu,en-asr-1662-impulsive-10,ASR,en,,10.0,impulsive,whisper-small-faster-whisper-cpu,2.9538,923.14453125,0.09523809523809523,0.05172413793103448,,0.26467741935483874,,eval_data\mixed\en_1662_impulsive_10.wav,,,
fleurs-asr/whisper-small-faster-whisper-cpu,en-asr-1662-impulsive-5,ASR,en,,5.0,impulsive,whisper-small-faster-whisper-cpu,3.1371,923.14453125,0.14285714285714285,0.0603448275862069,,0.28110215053763443,,eval_data\mixed\en_1662_impulsive_5.wav,,,
fleurs-asr/whisper-small-faster-whisper-cpu,en-asr-1662-impulsive-0,ASR,en,,0.0,impulsive,whisper-small-faster-whisper-cpu,2.8977,923.14453125,0.09523809523809523,0.05172413793103448,,0.2596505376344086,,eval_data\mixed\en_1662_impulsive_0.wav,,,
fleurs-asr/whisper-small-faster-whisper-cpu,en-asr-1762-clean,ASR,en,,,clean,whisper-small-faster-whisper-cpu,3.1172,923.14453125,0.15384615384615385,0.038461538461538464,,0.365868544600939,,eval_data\mixed\en_1762_clean.wav,,,
fleurs-asr/whisper-small-faster-whisper-cpu,en-asr-1762-steady-15,ASR,en,,15.0,steady,whisper-small-faster-whisper-cpu,2.9003,923.14453125,0.15384615384615385,0.038461538461538464,,0.34041079812206576,,eval_data\mixed\en_1762_steady_15.wav,,,
fleurs-asr/whisper-small-faster-whisper-cpu,en-asr-1762-steady-10,ASR,en,,10.0,steady,whisper-small-faster-whisper-cpu,2.9163,923.14453125,0.15384615384615385,0.038461538461538464,,0.34228873239436625,,eval_data\mixed\en_1762_steady_10.wav,,,
fleurs-asr/whisper-small-faster-whisper-cpu,en-asr-1762-steady-5,ASR,en,,5.0,steady,whisper-small-faster-whisper-cpu,3.0387,923.14453125,0.15384615384615385,0.038461538461538464,,0.3566549295774648,,eval_data\mixed\en_1762_steady_5.wav,,,
fleurs-asr/whisper-small-faster-whisper-cpu,en-asr-1762-steady-0,ASR,en,,0.0,steady,whisper-small-faster-whisper-cpu,2.9584,923.14453125,0.23076923076923078,0.1282051282051282,,0.34723004694835685,,eval_data\mixed\en_1762_steady_0.wav,,,
fleurs-asr/whisper-small-faster-whisper-cpu,en-asr-1762-impulsive-15,ASR,en,,15.0,impulsive,whisper-small-faster-whisper-cpu,2.898,923.14453125,0.15384615384615385,0.038461538461538464,,0.3401408450704226,,eval_data\mixed\en_1762_impulsive_15.wav,,,
fleurs-asr/whisper-small-faster-whisper-cpu,en-asr-1762-impulsive-10,ASR,en,,10.0,impulsive,whisper-small-faster-whisper-cpu,2.9222,923.14453125,0.15384615384615385,0.038461538461538464,,0.34298122065727704,,eval_data\mixed\en_1762_impulsive_10.wav,,,
fleurs-asr/whisper-small-faster-whisper-cpu,en-asr-1762-impulsive-5,ASR,en,,5.0,impulsive,whisper-small-faster-whisper-cpu,3.1779,923.14453125,0.15384615384615385,0.038461538461538464,,0.3729929577464789,,eval_data\mixed\en_1762_impulsive_5.wav,,,
fleurs-asr/whisper-small-faster-whisper-cpu,en-asr-1762-impulsive-0,ASR,en,,0.0,impulsive,whisper-small-faster-whisper-cpu,3.179,923.14453125,0.15384615384615385,0.038461538461538464,,0.3731220657276995,,eval_data\mixed\en_1762_impulsive_0.wav,,,
fleurs-asr/whisper-small-faster-whisper-cpu,en-asr-1996-clean,ASR,en,,,clean,whisper-small-faster-whisper-cpu,3.6103,923.14453125,0.38095238095238093,0.1337579617834395,,0.25824749642346206,,eval_data\mixed\en_1996_clean.wav,,,
fleurs-asr/whisper-small-faster-whisper-cpu,en-asr-1996-steady-15,ASR,en,,15.0,steady,whisper-small-faster-whisper-cpu,3.5071,923.14453125,0.42857142857142855,0.16560509554140126,,0.25086552217453506,,eval_data\mixed\en_1996_steady_15.wav,,,
fleurs-asr/whisper-small-faster-whisper-cpu,en-asr-1996-steady-10,ASR,en,,10.0,steady,whisper-small-faster-whisper-cpu,3.3874,923.14453125,0.42857142857142855,0.1592356687898089,,0.2423032904148784,,eval_data\mixed\en_1996_steady_10.wav,,,
fleurs-asr/whisper-small-faster-whisper-cpu,en-asr-1996-steady-5,ASR,en,,5.0,steady,whisper-small-faster-whisper-cpu,3.1755,923.14453125,0.42857142857142855,0.17197452229299362,,0.2271459227467811,,eval_data\mixed\en_1996_steady_5.wav,,,
fleurs-asr/whisper-small-faster-whisper-cpu,en-asr-1996-steady-0,ASR,en,,0.0,steady,whisper-small-faster-whisper-cpu,3.1958,923.14453125,0.5714285714285714,0.21019108280254778,,0.2285979971387697,,eval_data\mixed\en_1996_steady_0.wav,,,
fleurs-asr/whisper-small-faster-whisper-cpu,en-asr-1996-impulsive-15,ASR,en,,15.0,impulsive,whisper-small-faster-whisper-cpu,3.147,923.14453125,0.42857142857142855,0.16560509554140126,,0.22510729613733904,,eval_data\mixed\en_1996_impulsive_15.wav,,,
fleurs-asr/whisper-small-faster-whisper-cpu,en-asr-1996-impulsive-10,ASR,en,,10.0,impulsive,whisper-small-faster-whisper-cpu,3.5014,923.14453125,0.42857142857142855,0.16560509554140126,,0.25045779685264663,,eval_data\mixed\en_1996_impulsive_10.wav,,,
fleurs-asr/whisper-small-faster-whisper-cpu,en-asr-1996-impulsive-5,ASR,en,,5.0,impulsive,whisper-small-faster-whisper-cpu,3.1122,923.14453125,0.42857142857142855,0.16560509554140126,,0.22261802575107295,,eval_data\mixed\en_1996_impulsive_5.wav,,,
fleurs-asr/whisper-small-faster-whisper-cpu,en-asr-1996-impulsive-0,ASR,en,,0.0,impulsive,whisper-small-faster-whisper-cpu,3.2385,923.14453125,0.42857142857142855,0.16560509554140126,,0.23165236051502147,,eval_data\mixed\en_1996_impulsive_0.wav,,,
fleurs-asr/whisper-small-faster-whisper-cpu,en-asr-1865-clean,ASR,en,,,clean,whisper-small-faster-whisper-cpu,2.9545,923.14453125,0.23529411764705882,0.06896551724137931,,0.3443473193473193,,eval_data\mixed\en_1865_clean.wav,,,
fleurs-asr/whisper-small-faster-whisper-cpu,en-asr-1865-steady-15,ASR,en,,15.0,steady,whisper-small-faster-whisper-cpu,2.9717,923.14453125,0.23529411764705882,0.06896551724137931,,0.3463519813519813,,eval_data\mixed\en_1865_steady_15.wav,,,
fleurs-asr/whisper-small-faster-whisper-cpu,en-asr-1865-steady-10,ASR,en,,10.0,steady,whisper-small-faster-whisper-cpu,3.0972,923.14453125,0.23529411764705882,0.06896551724137931,,0.36097902097902096,,eval_data\mixed\en_1865_steady_10.wav,,,
fleurs-asr/whisper-small-faster-whisper-cpu,en-asr-1865-steady-5,ASR,en,,5.0,steady,whisper-small-faster-whisper-cpu,3.0338,923.14453125,0.29411764705882354,0.09482758620689655,,0.35358974358974354,,eval_data\mixed\en_1865_steady_5.wav,,,
fleurs-asr/whisper-small-faster-whisper-cpu,en-asr-1865-steady-0,ASR,en,,0.0,steady,whisper-small-faster-whisper-cpu,3.2247,923.14453125,0.29411764705882354,0.12931034482758622,,0.3758391608391608,,eval_data\mixed\en_1865_steady_0.wav,,,
fleurs-asr/whisper-small-faster-whisper-cpu,en-asr-1865-impulsive-15,ASR,en,,15.0,impulsive,whisper-small-faster-whisper-cpu,3.2743,923.14453125,0.23529411764705882,0.06896551724137931,,0.3816200466200466,,eval_data\mixed\en_1865_impulsive_15.wav,,,
fleurs-asr/whisper-small-faster-whisper-cpu,en-asr-1865-impulsive-10,ASR,en,,10.0,impulsive,whisper-small-faster-whisper-cpu,3.2078,923.14453125,0.23529411764705882,0.06896551724137931,,0.3738694638694639,,eval_data\mixed\en_1865_impulsive_10.wav,,,
fleurs-asr/whisper-small-faster-whisper-cpu,en-asr-1865-impulsive-5,ASR,en,,5.0,impulsive,whisper-small-faster-whisper-cpu,3.2463,923.14453125,0.23529411764705882,0.06896551724137931,,0.3783566433566434,,eval_data\mixed\en_1865_impulsive_5.wav,,,
fleurs-asr/whisper-small-faster-whisper-cpu,en-asr-1865-impulsive-0,ASR,en,,0.0,impulsive,whisper-small-faster-whisper-cpu,3.2432,923.14453125,0.23529411764705882,0.06896551724137931,,0.37799533799533797,,eval_data\mixed\en_1865_impulsive_0.wav,,,
fleurs-asr/whisper-small-faster-whisper-cpu,en-asr-1853-clean,ASR,en,,,clean,whisper-small-faster-whisper-cpu,3.2276,923.14453125,0.0625,0.011235955056179775,,0.5603472222222222,,eval_data\mixed\en_1853_clean.wav,,,
fleurs-asr/whisper-small-faster-whisper-cpu,en-asr-1853-steady-15,ASR,en,,15.0,steady,whisper-small-faster-whisper-cpu,3.3057,923.14453125,0.0625,0.011235955056179775,,0.57390625,,eval_data\mixed\en_1853_steady_15.wav,,,
fleurs-asr/whisper-small-faster-whisper-cpu,en-asr-1853-steady-10,ASR,en,,10.0,steady,whisper-small-faster-whisper-cpu,2.8772,923.14453125,0.25,0.10112359550561797,,0.4995138888888889,,eval_data\mixed\en_1853_steady_10.wav,,,
fleurs-asr/whisper-small-faster-whisper-cpu,en-asr-1853-steady-5,ASR,en,,5.0,steady,whisper-small-faster-whisper-cpu,2.7357,923.14453125,1.0,0.5056179775280899,,0.4749479166666667,,eval_data\mixed\en_1853_steady_5.wav,,,
fleurs-asr/whisper-small-faster-whisper-cpu,en-asr-1853-steady-0,ASR,en,,0.0,steady,whisper-small-faster-whisper-cpu,2.7238,923.14453125,1.4375,0.7752808988764045,,0.4728819444444445,,eval_data\mixed\en_1853_steady_0.wav,,,
fleurs-asr/whisper-small-faster-whisper-cpu,en-asr-1853-impulsive-15,ASR,en,,15.0,impulsive,whisper-small-faster-whisper-cpu,2.6394,923.14453125,0.125,0.056179775280898875,,0.45822916666666674,,eval_data\mixed\en_1853_impulsive_15.wav,,,
fleurs-asr/whisper-small-faster-whisper-cpu,en-asr-1853-impulsive-10,ASR,en,,10.0,impulsive,whisper-small-faster-whisper-cpu,3.3382,923.14453125,0.0625,0.011235955056179775,,0.5795486111111111,,eval_data\mixed\en_1853_impulsive_10.wav,,,
fleurs-asr/whisper-small-faster-whisper-cpu,en-asr-1853-impulsive-5,ASR,en,,5.0,impulsive,whisper-small-faster-whisper-cpu,2.9227,923.14453125,0.0625,0.011235955056179775,,0.5074131944444444,,eval_data\mixed\en_1853_impulsive_5.wav,,,
fleurs-asr/whisper-small-faster-whisper-cpu,en-asr-1853-impulsive-0,ASR,en,,0.0,impulsive,whisper-small-faster-whisper-cpu,3.0362,923.14453125,0.0625,0.011235955056179775,,0.5271180555555556,,eval_data\mixed\en_1853_impulsive_0.wav,,,
fleurs-asr/whisper-small-faster-whisper-cpu,en-asr-1911-clean,ASR,en,,,clean,whisper-small-faster-whisper-cpu,3.2547,923.14453125,0.25,0.0875,,0.21931940700808628,,eval_data\mixed\en_1911_clean.wav,,,
fleurs-asr/whisper-small-faster-whisper-cpu,en-asr-1911-steady-15,ASR,en,,15.0,steady,whisper-small-faster-whisper-cpu,3.5489,923.14453125,0.35714285714285715,0.13125,,0.23914420485175203,,eval_data\mixed\en_1911_steady_15.wav,,,
fleurs-asr/whisper-small-faster-whisper-cpu,en-asr-1911-steady-10,ASR,en,,10.0,steady,whisper-small-faster-whisper-cpu,3.5696,923.14453125,0.35714285714285715,0.1875,,0.24053908355795148,,eval_data\mixed\en_1911_steady_10.wav,,,
fleurs-asr/whisper-small-faster-whisper-cpu,en-asr-1911-steady-5,ASR,en,,5.0,steady,whisper-small-faster-whisper-cpu,3.7683,923.14453125,0.39285714285714285,0.1875,,0.25392857142857145,,eval_data\mixed\en_1911_steady_5.wav,,,
fleurs-asr/whisper-small-faster-whisper-cpu,en-asr-1911-steady-0,ASR,en,,0.0,steady,whisper-small-faster-whisper-cpu,3.2053,923.14453125,0.5,0.30625,,0.21599056603773584,,eval_data\mixed\en_1911_steady_0.wav,,,
fleurs-asr/whisper-small-faster-whisper-cpu,en-asr-1911-impulsive-15,ASR,en,,15.0,impulsive,whisper-small-faster-whisper-cpu,3.2951,923.14453125,0.25,0.0875,,0.22204177897574126,,eval_data\mixed\en_1911_impulsive_15.wav,,,
fleurs-asr/whisper-small-faster-whisper-cpu,en-asr-1911-impulsive-10,ASR,en,,10.0,impulsive,whisper-small-faster-whisper-cpu,3.2257,923.14453125,0.25,0.0875,,0.21736522911051212,,eval_data\mixed\en_1911_impulsive_10.wav,,,
fleurs-asr/whisper-small-faster-whisper-cpu,en-asr-1911-impulsive-5,ASR,en,,5.0,impulsive,whisper-small-faster-whisper-cpu,3.2623,923.14453125,0.2857142857142857,0.09375,,0.21983153638814018,,eval_data\mixed\en_1911_impulsive_5.wav,,,
fleurs-asr/whisper-small-faster-whisper-cpu,en-asr-1911-impulsive-0,ASR,en,,0.0,impulsive,whisper-small-faster-whisper-cpu,3.419,923.14453125,0.25,0.0875,,0.23039083557951484,,eval_data\mixed\en_1911_impulsive_0.wav,,,
fleurs-asr/whisper-small-faster-whisper-cpu,en-asr-1906-clean,ASR,en,,,clean,whisper-small-faster-whisper-cpu,3.1287,923.14453125,0.23809523809523808,0.14736842105263157,,0.49193396226415087,,eval_data\mixed\en_1906_clean.wav,,,
fleurs-asr/whisper-small-faster-whisper-cpu,en-asr-1906-steady-15,ASR,en,,15.0,steady,whisper-small-faster-whisper-cpu,2.989,923.14453125,0.23809523809523808,0.14736842105263157,,0.4699685534591195,,eval_data\mixed\en_1906_steady_15.wav,,,
fleurs-asr/whisper-small-faster-whisper-cpu,en-asr-1906-steady-10,ASR,en,,10.0,steady,whisper-small-faster-whisper-cpu,3.6906,923.14453125,0.23809523809523808,0.14736842105263157,,0.5802830188679244,,eval_data\mixed\en_1906_steady_10.wav,,,
fleurs-asr/whisper-small-faster-whisper-cpu,en-asr-1906-steady-5,ASR,en,,5.0,steady,whisper-small-faster-whisper-cpu,3.3699,923.14453125,0.23809523809523808,0.14736842105263157,,0.5298584905660377,,eval_data\mixed\en_1906_steady_5.wav,,,
fleurs-asr/whisper-small-faster-whisper-cpu,en-asr-1906-steady-0,ASR,en,,0.0,steady,whisper-small-faster-whisper-cpu,3.6033,923.14453125,0.23809523809523808,0.14736842105263157,,0.5665566037735849,,eval_data\mixed\en_1906_steady_0.wav,,,
fleurs-asr/whisper-small-faster-whisper-cpu,en-asr-1906-impulsive-15,ASR,en,,15.0,impulsive,whisper-small-faster-whisper-cpu,3.1827,923.14453125,0.23809523809523808,0.14736842105263157,,0.5004245283018868,,eval_data\mixed\en_1906_impulsive_15.wav,,,
fleurs-asr/whisper-small-faster-whisper-cpu,en-asr-1906-impulsive-10,ASR,en,,10.0,impulsive,whisper-small-faster-whisper-cpu,3.2707,923.14453125,0.23809523809523808,0.14736842105263157,,0.5142610062893082,,eval_data\mixed\en_1906_impulsive_10.wav,,,
fleurs-asr/whisper-small-faster-whisper-cpu,en-asr-1906-impulsive-5,ASR,en,,5.0,impulsive,whisper-small-faster-whisper-cpu,3.1272,923.14453125,0.23809523809523808,0.14736842105263157,,0.4916981132075472,,eval_data\mixed\en_1906_impulsive_5.wav,,,
fleurs-asr/whisper-small-faster-whisper-cpu,en-asr-1906-impulsive-0,ASR,en,,0.0,impulsive,whisper-small-faster-whisper-cpu,3.0604,923.14453125,0.2857142857142857,0.16842105263157894,,0.4811949685534591,,eval_data\mixed\en_1906_impulsive_0.wav,,,
fleurs-asr/whisper-small-faster-whisper-cpu,en-asr-1801-clean,ASR,en,,,clean,whisper-small-faster-whisper-cpu,3.2815,923.14453125,0.06451612903225806,0.03529411764705882,,0.2504961832061069,,eval_data\mixed\en_1801_clean.wav,,,
fleurs-asr/whisper-small-faster-whisper-cpu,en-asr-1801-steady-15,ASR,en,,15.0,steady,whisper-small-faster-whisper-cpu,3.4174,923.14453125,0.06451612903225806,0.03529411764705882,,0.2608702290076336,,eval_data\mixed\en_1801_steady_15.wav,,,
fleurs-asr/whisper-small-faster-whisper-cpu,en-asr-1801-steady-10,ASR,en,,10.0,steady,whisper-small-faster-whisper-cpu,3.2408,923.14453125,0.0967741935483871,0.041176470588235294,,0.24738931297709926,,eval_data\mixed\en_1801_steady_10.wav,,,
fleurs-asr/whisper-small-faster-whisper-cpu,en-asr-1801-steady-5,ASR,en,,5.0,steady,whisper-small-faster-whisper-cpu,3.129,923.14453125,0.16129032258064516,0.07647058823529412,,0.23885496183206106,,eval_data\mixed\en_1801_steady_5.wav,,,
fleurs-asr/whisper-small-faster-whisper-cpu,en-asr-1801-steady-0,ASR,en,,0.0,steady,whisper-small-faster-whisper-cpu,3.2547,923.14453125,0.2903225806451613,0.19411764705882353,,0.24845038167938932,,eval_data\mixed\en_1801_steady_0.wav,,,
fleurs-asr/whisper-small-faster-whisper-cpu,en-asr-1801-impulsive-15,ASR,en,,15.0,impulsive,whisper-small-faster-whisper-cpu,3.1366,923.14453125,0.06451612903225806,0.03529411764705882,,0.2394351145038168,,eval_data\mixed\en_1801_impulsive_15.wav,,,
fleurs-asr/whisper-small-faster-whisper-cpu,en-asr-1801-impulsive-10,ASR,en,,10.0,impulsive,whisper-small-faster-whisper-cpu,3.1413,923.14453125,0.06451612903225806,0.03529411764705882,,0.239793893129771,,eval_data\mixed\en_1801_impulsive_10.wav,,,
fleurs-asr/whisper-small-faster-whisper-cpu,en-asr-1801-impulsive-5,ASR,en,,5.0,impulsive,whisper-small-faster-whisper-cpu,3.268,923.14453125,0.06451612903225806,0.03529411764705882,,0.24946564885496184,,eval_data\mixed\en_1801_impulsive_5.wav,,,
fleurs-asr/whisper-small-faster-whisper-cpu,en-asr-1801-impulsive-0,ASR,en,,0.0,impulsive,whisper-small-faster-whisper-cpu,3.289,923.14453125,0.06451612903225806,0.03529411764705882,,0.25106870229007633,,eval_data\mixed\en_1801_impulsive_0.wav,,,
fleurs-asr/whisper-small-faster-whisper-cpu,en-asr-1715-clean,ASR,en,,,clean,whisper-small-faster-whisper-cpu,3.3742,923.14453125,0.1875,0.02912621359223301,,0.2579663608562691,,eval_data\mixed\en_1715_clean.wav,,,
fleurs-asr/whisper-small-faster-whisper-cpu,en-asr-1715-steady-15,ASR,en,,15.0,steady,whisper-small-faster-whisper-cpu,3.2896,923.14453125,0.1875,0.02912621359223301,,0.25149847094801225,,eval_data\mixed\en_1715_steady_15.wav,,,
fleurs-asr/whisper-small-faster-whisper-cpu,en-asr-1715-steady-10,ASR,en,,10.0,steady,whisper-small-faster-whisper-cpu,3.3303,923.14453125,0.21875,0.04854368932038835,,0.25461009174311927,,eval_data\mixed\en_1715_steady_10.wav,,,
fleurs-asr/whisper-small-faster-whisper-cpu,en-asr-1715-steady-5,ASR,en,,5.0,steady,whisper-small-faster-whisper-cpu,3.5542,923.14453125,0.28125,0.06796116504854369,,0.27172782874617735,,eval_data\mixed\en_1715_steady_5.wav,,,
fleurs-asr/whisper-small-faster-whisper-cpu,en-asr-1715-steady-0,ASR,en,,0.0,steady,whisper-small-faster-whisper-cpu,3.935,923.14453125,0.40625,0.1650485436893204,,0.3008409785932722,,eval_data\mixed\en_1715_steady_0.wav,,,
fleurs-asr/whisper-small-faster-whisper-cpu,en-asr-1715-impulsive-15,ASR,en,,15.0,impulsive,whisper-small-faster-whisper-cpu,3.0616,923.14453125,0.1875,0.02912621359223301,,0.23406727828746177,,eval_data\mixed\en_1715_impulsive_15.wav,,,
fleurs-asr/whisper-small-faster-whisper-cpu,en-asr-1715-impulsive-10,ASR,en,,10.0,impulsive,whisper-small-faster-whisper-cpu,2.8914,923.14453125,0.1875,0.02912621359223301,,0.22105504587155964,,eval_data\mixed\en_1715_impulsive_10.wav,,,
fleurs-asr/whisper-small-faster-whisper-cpu,en-asr-1715-impulsive-5,ASR,en,,5.0,impulsive,whisper-small-faster-whisper-cpu,3.2665,923.14453125,0.1875,0.02912621359223301,,0.24973241590214068,,eval_data\mixed\en_1715_impulsive_5.wav,,,
fleurs-asr/whisper-small-faster-whisper-cpu,en-asr-1715-impulsive-0,ASR,en,,0.0,impulsive,whisper-small-faster-whisper-cpu,3.192,923.14453125,0.1875,0.02912621359223301,,0.24403669724770644,,eval_data\mixed\en_1715_impulsive_0.wav,,,
fleurs-asr/whisper-small-faster-whisper-cpu,en-asr-1924-clean,ASR,en,,,clean,whisper-small-faster-whisper-cpu,3.1727,923.14453125,0.06896551724137931,0.03424657534246575,,0.24480709876543208,,eval_data\mixed\en_1924_clean.wav,,,
fleurs-asr/whisper-small-faster-whisper-cpu,en-asr-1924-steady-15,ASR,en,,15.0,steady,whisper-small-faster-whisper-cpu,3.1616,923.14453125,0.10344827586206896,0.0410958904109589,,0.2439506172839506,,eval_data\mixed\en_1924_steady_15.wav,,,
fleurs-asr/whisper-small-faster-whisper-cpu,en-asr-1924-steady-10,ASR,en,,10.0,steady,whisper-small-faster-whisper-cpu,3.1532,923.14453125,0.13793103448275862,0.06164383561643835,,0.24330246913580245,,eval_data\mixed\en_1924_steady_10.wav,,,
fleurs-asr/whisper-small-faster-whisper-cpu,en-asr-1924-steady-5,ASR,en,,5.0,steady,whisper-small-faster-whisper-cpu,3.2609,923.14453125,0.1724137931034483,0.0958904109589041,,0.2516126543209876,,eval_data\mixed\en_1924_steady_5.wav,,,
fleurs-asr/whisper-small-faster-whisper-cpu,en-asr-1924-steady-0,ASR,en,,0.0,steady,whisper-small-faster-whisper-cpu,3.4353,923.14453125,0.06896551724137931,0.04794520547945205,,0.2650694444444444,,eval_data\mixed\en_1924_steady_0.wav,,,
fleurs-asr/whisper-small-faster-whisper-cpu,en-asr-1924-impulsive-15,ASR,en,,15.0,impulsive,whisper-small-faster-whisper-cpu,3.1477,923.14453125,0.13793103448275862,0.06164383561643835,,0.24287808641975306,,eval_data\mixed\en_1924_impulsive_15.wav,,,
fleurs-asr/whisper-small-faster-whisper-cpu,en-asr-1924-impulsive-10,ASR,en,,10.0,impulsive,whisper-small-faster-whisper-cpu,3.1884,923.14453125,0.13793103448275862,0.04794520547945205,,0.24601851851851853,,eval_data\mixed\en_1924_impulsive_10.wav,,,
fleurs-asr/whisper-small-faster-whisper-cpu,en-asr-1924-impulsive-5,ASR,en,,5.0,impulsive,whisper-small-faster-whisper-cpu,3.174,923.14453125,0.13793103448275862,0.06164383561643835,,0.24490740740740738,,eval_data\mixed\en_1924_impulsive_5.wav,,,
fleurs-asr/whisper-small-faster-whisper-cpu,en-asr-1924-impulsive-0,ASR,en,,0.0,impulsive,whisper-small-faster-whisper-cpu,3.2535,923.14453125,0.13793103448275862,0.04794520547945205,,0.25104166666666666,,eval_data\mixed\en_1924_impulsive_0.wav,,,
fleurs-asr/whisper-small-faster-whisper-cpu,en-asr-1680-clean,ASR,en,,,clean,whisper-small-faster-whisper-cpu,3.3392,923.14453125,0.34615384615384615,0.072992700729927,,0.22440860215053762,,eval_data\mixed\en_1680_clean.wav,,,
fleurs-asr/whisper-small-faster-whisper-cpu,en-asr-1680-steady-15,ASR,en,,15.0,steady,whisper-small-faster-whisper-cpu,2.863,923.14453125,0.2692307692307692,0.072992700729927,,0.1924059139784946,,eval_data\mixed\en_1680_steady_15.wav,,,
fleurs-asr/whisper-small-faster-whisper-cpu,en-asr-1680-steady-10,ASR,en,,10.0,steady,whisper-small-faster-whisper-cpu,3.1837,923.14453125,0.2692307692307692,0.072992700729927,,0.21395833333333333,,eval_data\mixed\en_1680_steady_10.wav,,,
fleurs-asr/whisper-small-faster-whisper-cpu,en-asr-1680-steady-5,ASR,en,,5.0,steady,whisper-small-faster-whisper-cpu,3.2579,923.14453125,0.5,0.27007299270072993,,0.21894489247311824,,eval_data\mixed\en_1680_steady_5.wav,,,
fleurs-asr/whisper-small-faster-whisper-cpu,en-asr-1680-steady-0,ASR,en,,0.0,steady,whisper-small-faster-whisper-cpu,3.4685,923.14453125,0.9230769230769231,0.7591240875912408,,0.2330981182795699,,eval_data\mixed\en_1680_steady_0.wav,,,
fleurs-asr/whisper-small-faster-whisper-cpu,en-asr-1680-impulsive-15,ASR,en,,15.0,impulsive,whisper-small-faster-whisper-cpu,3.2325,923.14453125,0.3076923076923077,0.051094890510948905,,0.21723790322580644,,eval_data\mixed\en_1680_impulsive_15.wav,,,
fleurs-asr/whisper-small-faster-whisper-cpu,en-asr-1680-impulsive-10,ASR,en,,10.0,impulsive,whisper-small-faster-whisper-cpu,3.4603,923.14453125,0.3076923076923077,0.051094890510948905,,0.23254704301075269,,eval_data\mixed\en_1680_impulsive_10.wav,,,
fleurs-asr/whisper-small-faster-whisper-cpu,en-asr-1680-impulsive-5,ASR,en,,5.0,impulsive,whisper-small-faster-whisper-cpu,3.161,923.14453125,0.3076923076923077,0.051094890510948905,,0.21243279569892473,,eval_data\mixed\en_1680_impulsive_5.wav,,,
fleurs-asr/whisper-small-faster-whisper-cpu,en-asr-1680-impulsive-0,ASR,en,,0.0,impulsive,whisper-small-faster-whisper-cpu,3.1831,923.14453125,0.3076923076923077,0.051094890510948905,,0.21391801075268815,,eval_data\mixed\en_1680_impulsive_0.wav,,,
fleurs-asr/whisper-small-faster-whisper-cpu,en-asr-1909-clean,ASR,en,,,clean,whisper-small-faster-whisper-cpu,3.0942,923.14453125,0.2777777777777778,0.061946902654867256,,0.4958653846153846,,eval_data\mixed\en_1909_clean.wav,,,
fleurs-asr/whisper-small-faster-whisper-cpu,en-asr-1909-steady-15,ASR,en,,15.0,steady,whisper-small-faster-whisper-cpu,2.8957,923.14453125,0.2777777777777778,0.061946902654867256,,0.46405448717948716,,eval_data\mixed\en_1909_steady_15.wav,,,
fleurs-asr/whisper-small-faster-whisper-cpu,en-asr-1909-steady-10,ASR,en,,10.0,steady,whisper-small-faster-whisper-cpu,2.9619,923.14453125,0.3888888888888889,0.11504424778761062,,0.4746634615384615,,eval_data\mixed\en_1909_steady_10.wav,,,
fleurs-asr/whisper-small-faster-whisper-cpu,en-asr-1909-steady-5,ASR,en,,5.0,steady,whisper-small-faster-whisper-cpu,2.9735,923.14453125,0.5,0.18584070796460178,,0.47652243589743587,,eval_data\mixed\en_1909_steady_5.wav,,,
fleurs-asr/whisper-small-faster-whisper-cpu,en-asr-1909-steady-0,ASR,en,,0.0,steady,whisper-small-faster-whisper-cpu,3.0678,923.14453125,0.5555555555555556,0.24778761061946902,,0.4916346153846154,,eval_data\mixed\en_1909_steady_0.wav,,,
fleurs-asr/whisper-small-faster-whisper-cpu,en-asr-1909-impulsive-15,ASR,en,,15.0,impulsive,whisper-small-faster-whisper-cpu,3.1139,923.14453125,0.4444444444444444,0.1415929203539823,,0.4990224358974359,,eval_data\mixed\en_1909_impulsive_15.wav,,,
fleurs-asr/whisper-small-faster-whisper-cpu,en-asr-1909-impulsive-10,ASR,en,,10.0,impulsive,whisper-small-faster-whisper-cpu,3.061,923.14453125,0.3888888888888889,0.10619469026548672,,0.4905448717948718,,eval_data\mixed\en_1909_impulsive_10.wav,,,
fleurs-asr/whisper-small-faster-whisper-cpu,en-asr-1909-impulsive-5,ASR,en,,5.0,impulsive,whisper-small-faster-whisper-cpu,2.621,923.14453125,0.3888888888888889,0.10619469026548672,,0.4200320512820513,,eval_data\mixed\en_1909_impulsive_5.wav,,,
fleurs-asr/whisper-small-faster-whisper-cpu,en-asr-1909-impulsive-0,ASR,en,,0.0,impulsive,whisper-small-faster-whisper-cpu,2.6832,923.14453125,0.5555555555555556,0.17699115044247787,,0.42999999999999994,,eval_data\mixed\en_1909_impulsive_0.wav,,,
fleurs-asr/whisper-small-faster-whisper-cpu,en-asr-2004-clean,ASR,en,,,clean,whisper-small-faster-whisper-cpu,3.0622,923.14453125,0.11764705882352941,0.12121212121212122,,0.4399712643678161,,eval_data\mixed\en_2004_clean.wav,,,
fleurs-asr/whisper-small-faster-whisper-cpu,en-asr-2004-steady-15,ASR,en,,15.0,steady,whisper-small-faster-whisper-cpu,2.661,923.14453125,0.11764705882352941,0.1414141414141414,,0.38232758620689655,,eval_data\mixed\en_2004_steady_15.wav,,,
fleurs-asr/whisper-small-faster-whisper-cpu,en-asr-2004-steady-10,ASR,en,,10.0,steady,whisper-small-faster-whisper-cpu,2.7391,923.14453125,0.11764705882352941,0.12121212121212122,,0.39354885057471267,,eval_data\mixed\en_2004_steady_10.wav,,,
fleurs-asr/whisper-small-faster-whisper-cpu,en-asr-2004-steady-5,ASR,en,,5.0,steady,whisper-small-faster-whisper-cpu,2.5925,923.14453125,0.17647058823529413,0.20202020202020202,,0.372485632183908,,eval_data\mixed\en_2004_steady_5.wav,,,
fleurs-asr/whisper-small-faster-whisper-cpu,en-asr-2004-steady-0,ASR,en,,0.0,steady,whisper-small-faster-whisper-cpu,2.5476,923.14453125,0.4117647058823529,0.40404040404040403,,0.3660344827586207,,eval_data\mixed\en_2004_steady_0.wav,,,
fleurs-asr/whisper-small-faster-whisper-cpu,en-asr-2004-impulsive-15,ASR,en,,15.0,impulsive,whisper-small-faster-whisper-cpu,2.5132,923.14453125,0.11764705882352941,0.12121212121212122,,0.3610919540229885,,eval_data\mixed\en_2004_impulsive_15.wav,,,
fleurs-asr/whisper-small-faster-whisper-cpu,en-asr-2004-impulsive-10,ASR,en,,10.0,impulsive,whisper-small-faster-whisper-cpu,2.6181,923.14453125,0.11764705882352941,0.12121212121212122,,0.3761637931034483,,eval_data\mixed\en_2004_impulsive_10.wav,,,
fleurs-asr/whisper-small-faster-whisper-cpu,en-asr-2004-impulsive-5,ASR,en,,5.0,impulsive,whisper-small-faster-whisper-cpu,2.5274,923.14453125,0.11764705882352941,0.12121212121212122,,0.36313218390804597,,eval_data\mixed\en_2004_impulsive_5.wav,,,
fleurs-asr/whisper-small-faster-whisper-cpu,en-asr-2004-impulsive-0,ASR,en,,0.0,impulsive,whisper-small-faster-whisper-cpu,2.6248,923.14453125,0.11764705882352941,0.12121212121212122,,0.3771264367816092,,eval_data\mixed\en_2004_impulsive_0.wav,,,
fleurs-asr/whisper-small-faster-whisper-cpu,en-asr-1836-clean,ASR,en,,,clean,whisper-small-faster-whisper-cpu,2.7688,923.14453125,0.2,0.06862745098039216,,0.20239766081871347,,eval_data\mixed\en_1836_clean.wav,,,
fleurs-asr/whisper-small-faster-whisper-cpu,en-asr-1836-steady-15,ASR,en,,15.0,steady,whisper-small-faster-whisper-cpu,3.1295,923.14453125,0.2,0.06862745098039216,,0.22876461988304095,,eval_data\mixed\en_1836_steady_15.wav,,,
fleurs-asr/whisper-small-faster-whisper-cpu,en-asr-1836-steady-10,ASR,en,,10.0,steady,whisper-small-faster-whisper-cpu,3.2634,923.14453125,0.2,0.06862745098039216,,0.23855263157894735,,eval_data\mixed\en_1836_steady_10.wav,,,
fleurs-asr/whisper-small-faster-whisper-cpu,en-asr-1836-steady-5,ASR,en,,5.0,steady,whisper-small-faster-whisper-cpu,3.2282,923.14453125,0.2,0.06372549019607843,,0.2359795321637427,,eval_data\mixed\en_1836_steady_5.wav,,,
fleurs-asr/whisper-small-faster-whisper-cpu,en-asr-1836-steady-0,ASR,en,,0.0,steady,whisper-small-faster-whisper-cpu,3.7842,923.14453125,0.2857142857142857,0.09803921568627451,,0.2766228070175438,,eval_data\mixed\en_1836_steady_0.wav,,,
fleurs-asr/whisper-small-faster-whisper-cpu,en-asr-1836-impulsive-15,ASR,en,,15.0,impulsive,whisper-small-faster-whisper-cpu,3.2735,923.14453125,0.2,0.06862745098039216,,0.2392909356725146,,eval_data\mixed\en_1836_impulsive_15.wav,,,
fleurs-asr/whisper-small-faster-whisper-cpu,en-asr-1836-impulsive-10,ASR,en,,10.0,impulsive,whisper-small-faster-whisper-cpu,3.4392,923.14453125,0.2,0.06862745098039216,,0.25140350877192985,,eval_data\mixed\en_1836_impulsive_10.wav,,,
fleurs-asr/whisper-small-faster-whisper-cpu,en-asr-1836-impulsive-5,ASR,en,,5.0,impulsive,whisper-small-faster-whisper-cpu,3.5879,923.14453125,0.2,0.06862745098039216,,0.2622733918128655,,eval_data\mixed\en_1836_impulsive_5.wav,,,
fleurs-asr/whisper-small-faster-whisper-cpu,en-asr-1836-impulsive-0,ASR,en,,0.0,impulsive,whisper-small-faster-whisper-cpu,3.818,923.14453125,0.2,0.06862745098039216,,0.279093567251462,,eval_data\mixed\en_1836_impulsive_0.wav,,,
fleurs-asr/whisper-small-faster-whisper-cpu,en-asr-1896-clean,ASR,en,,,clean,whisper-small-faster-whisper-cpu,3.3813,923.14453125,0.06060606060606061,0.010582010582010581,,0.2966052631578947,,eval_data\mixed\en_1896_clean.wav,,,
fleurs-asr/whisper-small-faster-whisper-cpu,en-asr-1896-steady-15,ASR,en,,15.0,steady,whisper-small-faster-whisper-cpu,3.1452,923.14453125,0.12121212121212122,0.037037037037037035,,0.27589473684210525,,eval_data\mixed\en_1896_steady_15.wav,,,
fleurs-asr/whisper-small-faster-whisper-cpu,en-asr-1896-steady-10,ASR,en,,10.0,steady,whisper-small-faster-whisper-cpu,3.1998,923.14453125,0.21212121212121213,0.05291005291005291,,0.2806842105263158,,eval_data\mixed\en_1896_steady_10.wav,,,
fleurs-asr/whisper-small-faster-whisper-cpu,en-asr-1896-steady-5,ASR,en,,5.0,steady,whisper-small-faster-whisper-cpu,3.6045,923.14453125,0.21212121212121213,0.05291005291005291,,0.3161842105263158,,eval_data\mixed\en_1896_steady_5.wav,,,
fleurs-asr/whisper-small-faster-whisper-cpu,en-asr-1896-steady-0,ASR,en,,0.0,steady,whisper-small-faster-whisper-cpu,3.2877,923.14453125,0.2727272727272727,0.10582010582010581,,0.28839473684210526,,eval_data\mixed\en_1896_steady_0.wav,,,
fleurs-asr/whisper-small-faster-whisper-cpu,en-asr-1896-impulsive-15,ASR,en,,15.0,impulsive,whisper-small-faster-whisper-cpu,3.3813,923.14453125,0.15151515151515152,0.026455026455026454,,0.2966052631578947,,eval_data\mixed\en_1896_impulsive_15.wav,,,
fleurs-asr/whisper-small-faster-whisper-cpu,en-asr-1896-impulsive-10,ASR,en,,10.0,impulsive,whisper-small-faster-whisper-cpu,3.3478,923.14453125,0.15151515151515152,0.026455026455026454,,0.29366666666666663,,eval_data\mixed\en_1896_impulsive_10.wav,,,
fleurs-asr/whisper-small-faster-whisper-cpu,en-asr-1896-impulsive-5,ASR,en,,5.0,impulsive,whisper-small-faster-whisper-cpu,3.3163,923.14453125,0.15151515151515152,0.026455026455026454,,0.29090350877192983,,eval_data\mixed\en_1896_impulsive_5.wav,,,
fleurs-asr/whisper-small-faster-whisper-cpu,en-asr-1896-impulsive-0,ASR,en,,0.0,impulsive,whisper-small-faster-whisper-cpu,3.3247,923.14453125,0.15151515151515152,0.026455026455026454,,0.291640350877193,,eval_data\mixed\en_1896_impulsive_0.wav,,,
fleurs-asr/whisper-small-faster-whisper-cpu,en-asr-1973-clean,ASR,en,,,clean,whisper-small-faster-whisper-cpu,3.409,923.14453125,0.18181818181818182,0.05454545454545454,,0.34226907630522085,,eval_data\mixed\en_1973_clean.wav,,,
fleurs-asr/whisper-small-faster-whisper-cpu,en-asr-1973-steady-15,ASR,en,,15.0,steady,whisper-small-faster-whisper-cpu,3.3505,923.14453125,0.15151515151515152,0.048484848484848485,,0.3363955823293172,,eval_data\mixed\en_1973_steady_15.wav,,,
fleurs-asr/whisper-small-faster-whisper-cpu,en-asr-1973-steady-10,ASR,en,,10.0,steady,whisper-small-faster-whisper-cpu,3.3671,923.14453125,0.18181818181818182,0.05454545454545454,,0.3380622489959839,,eval_data\mixed\en_1973_steady_10.wav,,,
fleurs-asr/whisper-small-faster-whisper-cpu,en-asr-1973-steady-5,ASR,en,,5.0,steady,whisper-small-faster-whisper-cpu,3.8773,923.14453125,0.18181818181818182,0.09090909090909091,,0.38928714859437746,,eval_data\mixed\en_1973_steady_5.wav,,,
fleurs-asr/whisper-small-faster-whisper-cpu,en-asr-1973-steady-0,ASR,en,,0.0,steady,whisper-small-faster-whisper-cpu,3.1561,923.14453125,0.3333333333333333,0.19393939393939394,,0.3168775100401606,,eval_data\mixed\en_1973_steady_0.wav,,,
fleurs-asr/whisper-small-faster-whisper-cpu,en-asr-1973-impulsive-15,ASR,en,,15.0,impulsive,whisper-small-faster-whisper-cpu,3.0515,923.14453125,0.18181818181818182,0.05454545454545454,,0.3063755020080321,,eval_data\mixed\en_1973_impulsive_15.wav,,,
fleurs-asr/whisper-small-faster-whisper-cpu,en-asr-1973-impulsive-10,ASR,en,,10.0,impulsive,whisper-small-faster-whisper-cpu,3.352,923.14453125,0.18181818181818182,0.05454545454545454,,0.33654618473895576,,eval_data\mixed\en_1973_impulsive_10.wav,,,
fleurs-asr/whisper-small-faster-whisper-cpu,en-asr-1973-impulsive-5,ASR,en,,5.0,impulsive,whisper-small-faster-whisper-cpu,3.3224,923.14453125,0.18181818181818182,0.05454545454545454,,0.333574297188755,,eval_data\mixed\en_1973_impulsive_5.wav,,,
fleurs-asr/whisper-small-faster-whisper-cpu,en-asr-1973-impulsive-0,ASR,en,,0.0,impulsive,whisper-small-faster-whisper-cpu,3.3506,923.14453125,0.18181818181818182,0.05454545454545454,,0.3364056224899598,,eval_data\mixed\en_1973_impulsive_0.wav,,,
fleurs-asr/whisper-small-faster-whisper-cpu,en-asr-1913-clean,ASR,en,,,clean,whisper-small-faster-whisper-cpu,3.1453,923.14453125,0.14285714285714285,0.027777777777777776,,0.48093272171253826,,eval_data\mixed\en_1913_clean.wav,,,
fleurs-asr/whisper-small-faster-whisper-cpu,en-asr-1913-steady-15,ASR,en,,15.0,steady,whisper-small-faster-whisper-cpu,3.2938,923.14453125,0.19047619047619047,0.037037037037037035,,0.5036391437308868,,eval_data\mixed\en_1913_steady_15.wav,,,
fleurs-asr/whisper-small-faster-whisper-cpu,en-asr-1913-steady-10,ASR,en,,10.0,steady,whisper-small-faster-whisper-cpu,3.0489,923.14453125,0.19047619047619047,0.037037037037037035,,0.4661926605504587,,eval_data\mixed\en_1913_steady_10.wav,,,
fleurs-asr/whisper-small-faster-whisper-cpu,en-asr-1913-steady-5,ASR,en,,5.0,steady,whisper-small-faster-whisper-cpu,3.1108,923.14453125,0.19047619047619047,0.037037037037037035,,0.47565749235474003,,eval_data\mixed\en_1913_steady_5.wav,,,
fleurs-asr/whisper-small-faster-whisper-cpu,en-asr-1913-steady-0,ASR,en,,0.0,steady,whisper-small-faster-whisper-cpu,2.9658,923.14453125,0.3333333333333333,0.2222222222222222,,0.4534862385321101,,eval_data\mixed\en_1913_steady_0.wav,,,
fleurs-asr/whisper-small-faster-whisper-cpu,en-asr-1913-impulsive-15,ASR,en,,15.0,impulsive,whisper-small-faster-whisper-cpu,3.058,923.14453125,0.14285714285714285,0.027777777777777776,,0.4675840978593272,,eval_data\mixed\en_1913_impulsive_15.wav,,,
fleurs-asr/whisper-small-faster-whisper-cpu,en-asr-1913-impulsive-10,ASR,en,,10.0,impulsive,whisper-small-faster-whisper-cpu,3.0831,923.14453125,0.14285714285714285,0.046296296296296294,,0.47142201834862385,,eval_data\mixed\en_1913_impulsive_10.wav,,,
fleurs-asr/whisper-small-faster-whisper-cpu,en-asr-1913-impulsive-5,ASR,en,,5.0,impulsive,whisper-small-faster-whisper-cpu,3.1112,923.14453125,0.09523809523809523,0.018518518518518517,,0.47571865443425077,,eval_data\mixed\en_1913_impulsive_5.wav,,,
fleurs-asr/whisper-small-faster-whisper-cpu,en-asr-1913-impulsive-0,ASR,en,,0.0,impulsive,whisper-small-faster-whisper-cpu,3.4243,923.14453125,0.19047619047619047,0.037037037037037035,,0.5235932721712538,,eval_data\mixed\en_1913_impulsive_0.wav,,,
fleurs-asr/whisper-small-faster-whisper-cpu,en-asr-1790-clean,ASR,en,,,clean,whisper-small-faster-whisper-cpu,3.1573,923.14453125,0.14285714285714285,0.05625,,0.24361882716049382,,eval_data\mixed\en_1790_clean.wav,,,
fleurs-asr/whisper-small-faster-whisper-cpu,en-asr-1790-steady-15,ASR,en,,15.0,steady,whisper-small-faster-whisper-cpu,3.2039,923.14453125,0.17857142857142858,0.0875,,0.2472145061728395,,eval_data\mixed\en_1790_steady_15.wav,,,
fleurs-asr/whisper-small-faster-whisper-cpu,en-asr-1790-steady-10,ASR,en,,10.0,steady,whisper-small-faster-whisper-cpu,3.1805,923.14453125,0.17857142857142858,0.0875,,0.24540895061728393,,eval_data\mixed\en_1790_steady_10.wav,,,
fleurs-asr/whisper-small-faster-whisper-cpu,en-asr-1790-steady-5,ASR,en,,5.0,steady,whisper-small-faster-whisper-cpu,3.121,923.14453125,0.17857142857142858,0.09375,,0.2408179012345679,,eval_data\mixed\en_1790_steady_5.wav,,,
fleurs-asr/whisper-small-faster-whisper-cpu,en-asr-1790-steady-0,ASR,en,,0.0,steady,whisper-small-faster-whisper-cpu,3.176,923.14453125,0.7857142857142857,0.44375,,0.2450617283950617,,eval_data\mixed\en_1790_steady_0.wav,,,
fleurs-asr/whisper-small-faster-whisper-cpu,en-asr-1790-impulsive-15,ASR,en,,15.0,impulsive,whisper-small-faster-whisper-cpu,3.1957,923.14453125,0.14285714285714285,0.05625,,0.24658179012345677,,eval_data\mixed\en_1790_impulsive_15.wav,,,
fleurs-asr/whisper-small-faster-whisper-cpu,en-asr-1790-impulsive-10,ASR,en,,10.0,impulsive,whisper-small-faster-whisper-cpu,3.2004,923.14453125,0.14285714285714285,0.05625,,0.24694444444444444,,eval_data\mixed\en_1790_impulsive_10.wav,,,
fleurs-asr/whisper-small-faster-whisper-cpu,en-asr-1790-impulsive-5,ASR,en,,5.0,impulsive,whisper-small-faster-whisper-cpu,3.1428,923.14453125,0.14285714285714285,0.05625,,0.24249999999999997,,eval_data\mixed\en_1790_impulsive_5.wav,,,
fleurs-asr/whisper-small-faster-whisper-cpu,en-asr-1790-impulsive-0,ASR,en,,0.0,impulsive,whisper-small-faster-whisper-cpu,3.1865,923.14453125,0.14285714285714285,0.05625,,0.2458719135802469,,eval_data\mixed\en_1790_impulsive_0.wav,,,
fleurs-asr/whisper-small-faster-whisper-cpu,en-asr-1692-clean,ASR,en,,,clean,whisper-small-faster-whisper-cpu,3.9421,923.14453125,0.13333333333333333,0.030303030303030304,,0.381247582205029,,eval_data\mixed\en_1692_clean.wav,,,
fleurs-asr/whisper-small-faster-whisper-cpu,en-asr-1692-steady-15,ASR,en,,15.0,steady,whisper-small-faster-whisper-cpu,3.6174,923.14453125,0.26666666666666666,0.15151515151515152,,0.3498452611218569,,eval_data\mixed\en_1692_steady_15.wav,,,
fleurs-asr/whisper-small-faster-whisper-cpu,en-asr-1692-steady-10,ASR,en,,10.0,steady,whisper-small-faster-whisper-cpu,3.0584,923.14453125,0.4,0.15151515151515152,,0.2957833655705996,,eval_data\mixed\en_1692_steady_10.wav,,,
fleurs-asr/whisper-small-faster-whisper-cpu,en-asr-1692-steady-5,ASR,en,,5.0,steady,whisper-small-faster-whisper-cpu,3.0261,923.14453125,0.4,0.15151515151515152,,0.2926595744680851,,eval_data\mixed\en_1692_steady_5.wav,,,
fleurs-asr/whisper-small-faster-whisper-cpu,en-asr-1692-steady-0,ASR,en,,0.0,steady,whisper-small-faster-whisper-cpu,2.9926,923.14453125,0.6,0.3434343434343434,,0.28941972920696324,,eval_data\mixed\en_1692_steady_0.wav,,,
fleurs-asr/whisper-small-faster-whisper-cpu,en-asr-1692-impulsive-15,ASR,en,,15.0,impulsive,whisper-small-faster-whisper-cpu,3.0831,923.14453125,0.2,0.04040404040404041,,0.29817214700193423,,eval_data\mixed\en_1692_impulsive_15.wav,,,
fleurs-asr/whisper-small-faster-whisper-cpu,en-asr-1692-impulsive-10,ASR,en,,10.0,impulsive,whisper-small-faster-whisper-cpu,3.0979,923.14453125,0.2,0.04040404040404041,,0.29960348162475825,,eval_data\mixed\en_1692_impulsive_10.wav,,,
fleurs-asr/whisper-small-faster-whisper-cpu,en-asr-1692-impulsive-5,ASR,en,,5.0,impulsive,whisper-small-faster-whisper-cpu,3.5307,923.14453125,0.3333333333333333,0.16161616161616163,,0.34146034816247584,,eval_data\mixed\en_1692_impulsive_5.wav,,,
fleurs-asr/whisper-small-faster-whisper-cpu,en-asr-1692-impulsive-0,ASR,en,,0.0,impulsive,whisper-small-faster-whisper-cpu,3.0056,923.14453125,0.3333333333333333,0.18181818181818182,,0.2906769825918762,,eval_data\mixed\en_1692_impulsive_0.wav,,,
fleurs-asr/whisper-small-faster-whisper-cpu,en-asr-1711-clean,ASR,en,,,clean,whisper-small-faster-whisper-cpu,3.4801,923.14453125,0.029411764705882353,0.0056179775280898875,,0.3536686991869919,,eval_data\mixed\en_1711_clean.wav,,,
fleurs-asr/whisper-small-faster-whisper-cpu,en-asr-1711-steady-15,ASR,en,,15.0,steady,whisper-small-faster-whisper-cpu,4.3337,923.14453125,0.029411764705882353,0.0056179775280898875,,0.44041666666666673,,eval_data\mixed\en_1711_steady_15.wav,,,
fleurs-asr/whisper-small-faster-whisper-cpu,en-asr-1711-steady-10,ASR,en,,10.0,steady,whisper-small-faster-whisper-cpu,3.7128,923.14453125,0.029411764705882353,0.0056179775280898875,,0.3773170731707317,,eval_data\mixed\en_1711_steady_10.wav,,,
fleurs-asr/whisper-small-faster-whisper-cpu,en-asr-1711-steady-5,ASR,en,,5.0,steady,whisper-small-faster-whisper-cpu,3.1991,923.14453125,0.029411764705882353,0.0056179775280898875,,0.3251117886178862,,eval_data\mixed\en_1711_steady_5.wav,,,
fleurs-asr/whisper-small-faster-whisper-cpu,en-asr-1711-steady-0,ASR,en,,0.0,steady,whisper-small-faster-whisper-cpu,3.1761,923.14453125,0.08823529411764706,0.03932584269662921,,0.3227743902439024,,eval_data\mixed\en_1711_steady_0.wav,,,
fleurs-asr/whisper-small-faster-whisper-cpu,en-asr-1711-impulsive-15,ASR,en,,15.0,impulsive,whisper-small-faster-whisper-cpu,3.3249,923.14453125,0.029411764705882353,0.0056179775280898875,,0.33789634146341463,,eval_data\mixed\en_1711_impulsive_15.wav,,,
fleurs-asr/whisper-small-faster-whisper-cpu,en-asr-1711-impulsive-10,ASR,en,,10.0,impulsive,whisper-small-faster-whisper-cpu,3.3049,923.14453125,0.029411764705882353,0.0056179775280898875,,0.3358638211382114,,eval_data\mixed\en_1711_impulsive_10.wav,,,
fleurs-asr/whisper-small-faster-whisper-cpu,en-asr-1711-impulsive-5,ASR,en,,5.0,impulsive,whisper-small-faster-whisper-cpu,3.2756,923.14453125,0.029411764705882353,0.0056179775280898875,,0.3328861788617886,,eval_data\mixed\en_1711_impulsive_5.wav,,,
fleurs-asr/whisper-small-faster-whisper-cpu,en-asr-1711-impulsive-0,ASR,en,,0.0,impulsive,whisper-small-faster-whisper-cpu,3.332,923.14453125,0.029411764705882353,0.0056179775280898875,,0.3386178861788618,,eval_data\mixed\en_1711_impulsive_0.wav,,,
fleurs-asr/whisper-small-faster-whisper-cpu,en-asr-1793-clean,ASR,en,,,clean,whisper-small-faster-whisper-cpu,3.2386,923.14453125,0.22727272727272727,0.03968253968253968,,0.3911352657004831,,eval_data\mixed\en_1793_clean.wav,,,
fleurs-asr/whisper-small-faster-whisper-cpu,en-asr-1793-steady-15,ASR,en,,15.0,steady,whisper-small-faster-whisper-cpu,3.336,923.14453125,0.18181818181818182,0.031746031746031744,,0.4028985507246377,,eval_data\mixed\en_1793_steady_15.wav,,,
fleurs-asr/whisper-small-faster-whisper-cpu,en-asr-1793-steady-10,ASR,en,,10.0,steady,whisper-small-faster-whisper-cpu,3.3273,923.14453125,0.22727272727272727,0.03968253968253968,,0.40184782608695657,,eval_data\mixed\en_1793_steady_10.wav,,,
fleurs-asr/whisper-small-faster-whisper-cpu,en-asr-1793-steady-5,ASR,en,,5.0,steady,whisper-small-faster-whisper-cpu,3.2483,923.14453125,0.22727272727272727,0.03968253968253968,,0.3923067632850242,,eval_data\mixed\en_1793_steady_5.wav,,,
fleurs-asr/whisper-small-faster-whisper-cpu,en-asr-1793-steady-0,ASR,en,,0.0,steady,whisper-small-faster-whisper-cpu,3.1822,923.14453125,0.45454545454545453,0.15873015873015872,,0.38432367149758456,,eval_data\mixed\en_1793_steady_0.wav,,,
fleurs-asr/whisper-small-faster-whisper-cpu,en-asr-1793-impulsive-15,ASR,en,,15.0,impulsive,whisper-small-faster-whisper-cpu,3.2391,923.14453125,0.22727272727272727,0.03968253968253968,,0.3911956521739131,,eval_data\mixed\en_1793_impulsive_15.wav,,,
fleurs-asr/whisper-small-faster-whisper-cpu,en-asr-1793-impulsive-10,ASR,en,,10.0,impulsive,whisper-small-faster-whisper-cpu,3.204,923.14453125,0.22727272727272727,0.03968253968253968,,0.3869565217391305,,eval_data\mixed\en_1793_impulsive_10.wav,,,
fleurs-asr/whisper-small-faster-whisper-cpu,en-asr-1793-impulsive-5,ASR,en,,5.0,impulsive,whisper-small-faster-whisper-cpu,3.1843,923.14453125,0.22727272727272727,0.03968253968253968,,0.38457729468599033,,eval_data\mixed\en_1793_impulsive_5.wav,,,
fleurs-asr/whisper-small-faster-whisper-cpu,en-asr-1793-impulsive-0,ASR,en,,0.0,impulsive,whisper-small-faster-whisper-cpu,3.1165,923.14453125,0.22727272727272727,0.03968253968253968,,0.3763888888888889,,eval_data\mixed\en_1793_impulsive_0.wav,,,
fleurs-asr/whisper-small-faster-whisper-cpu,en-asr-1738-clean,ASR,en,,,clean,whisper-small-faster-whisper-cpu,3.0499,923.14453125,0.18181818181818182,0.027522935779816515,,0.36834541062801934,,eval_data\mixed\en_1738_clean.wav,,,
fleurs-asr/whisper-small-faster-whisper-cpu,en-asr-1738-steady-15,ASR,en,,15.0,steady,whisper-small-faster-whisper-cpu,3.22,923.14453125,0.18181818181818182,0.027522935779816515,,0.38888888888888895,,eval_data\mixed\en_1738_steady_15.wav,,,
fleurs-asr/whisper-small-faster-whisper-cpu,en-asr-1738-steady-10,ASR,en,,10.0,steady,whisper-small-faster-whisper-cpu,3.2999,923.14453125,0.18181818181818182,0.027522935779816515,,0.3985386473429952,,eval_data\mixed\en_1738_steady_10.wav,,,
fleurs-asr/whisper-small-faster-whisper-cpu,en-asr-1738-steady-5,ASR,en,,5.0,steady,whisper-small-faster-whisper-cpu,2.9857,923.14453125,0.18181818181818182,0.027522935779816515,,0.36059178743961356,,eval_data\mixed\en_1738_steady_5.wav,,,
fleurs-asr/whisper-small-faster-whisper-cpu,en-asr-1738-steady-0,ASR,en,,0.0,steady,whisper-small-faster-whisper-cpu,3.2155,923.14453125,0.18181818181818182,0.027522935779816515,,0.38834541062801936,,eval_data\mixed\en_1738_steady_0.wav,,,
fleurs-asr/whisper-small-faster-whisper-cpu,en-asr-1738-impulsive-15,ASR,en,,15.0,impulsive,whisper-small-faster-whisper-cpu,3.4856,923.14453125,0.18181818181818182,0.027522935779816515,,0.42096618357487925,,eval_data\mixed\en_1738_impulsive_15.wav,,,
fleurs-asr/whisper-small-faster-whisper-cpu,en-asr-1738-impulsive-10,ASR,en,,10.0,impulsive,whisper-small-faster-whisper-cpu,2.9884,923.14453125,0.18181818181818182,0.027522935779816515,,0.36091787439613526,,eval_data\mixed\en_1738_impulsive_10.wav,,,
fleurs-asr/whisper-small-faster-whisper-cpu,en-asr-1738-impulsive-5,ASR,en,,5.0,impulsive,whisper-small-faster-whisper-cpu,2.9436,923.14453125,0.18181818181818182,0.027522935779816515,,0.35550724637681164,,eval_data\mixed\en_1738_impulsive_5.wav,,,
fleurs-asr/whisper-small-faster-whisper-cpu,en-asr-1738-impulsive-0,ASR,en,,0.0,impulsive,whisper-small-faster-whisper-cpu,2.9423,923.14453125,0.18181818181818182,0.027522935779816515,,0.35535024154589373,,eval_data\mixed\en_1738_impulsive_0.wav,,,
fleurs-asr/whisper-small-faster-whisper-cpu,en-asr-1795-clean,ASR,en,,,clean,whisper-small-faster-whisper-cpu,3.5425,923.14453125,0.05,0.008849557522123894,,0.19485698569856985,,eval_data\mixed\en_1795_clean.wav,,,
fleurs-asr/whisper-small-faster-whisper-cpu,en-asr-1795-steady-15,ASR,en,,15.0,steady,whisper-small-faster-whisper-cpu,3.3218,923.14453125,0.075,0.022123893805309734,,0.18271727172717273,,eval_data\mixed\en_1795_steady_15.wav,,,
fleurs-asr/whisper-small-faster-whisper-cpu,en-asr-1795-steady-10,ASR,en,,10.0,steady,whisper-small-faster-whisper-cpu,3.7548,923.14453125,0.075,0.022123893805309734,,0.20653465346534652,,eval_data\mixed\en_1795_steady_10.wav,,,
fleurs-asr/whisper-small-faster-whisper-cpu,en-asr-1795-steady-5,ASR,en,,5.0,steady,whisper-small-faster-whisper-cpu,3.2833,923.14453125,0.075,0.022123893805309734,,0.1805995599559956,,eval_data\mixed\en_1795_steady_5.wav,,,
fleurs-asr/whisper-small-faster-whisper-cpu,en-asr-1795-steady-0,ASR,en,,0.0,steady,whisper-small-faster-whisper-cpu,3.4317,923.14453125,0.125,0.06637168141592921,,0.18876237623762376,,eval_data\mixed\en_1795_steady_0.wav,,,
fleurs-asr/whisper-small-faster-whisper-cpu,en-asr-1795-impulsive-15,ASR,en,,15.0,impulsive,whisper-small-faster-whisper-cpu,4.7786,923.14453125,0.05,0.008849557522123894,,0.26284928492849285,,eval_data\mixed\en_1795_impulsive_15.wav,,,
fleurs-asr/whisper-small-faster-whisper-cpu,en-asr-1795-impulsive-10,ASR,en,,10.0,impulsive,whisper-small-faster-whisper-cpu,4.0856,923.14453125,0.05,0.008849557522123894,,0.22473047304730476,,eval_data\mixed\en_1795_impulsive_10.wav,,,
fleurs-asr/whisper-small-faster-whisper-cpu,en-asr-1795-impulsive-5,ASR,en,,5.0,impulsive,whisper-small-faster-whisper-cpu,3.4732,923.14453125,0.05,0.008849557522123894,,0.19104510451045104,,eval_data\mixed\en_1795_impulsive_5.wav,,,
fleurs-asr/whisper-small-faster-whisper-cpu,en-asr-1795-impulsive-0,ASR,en,,0.0,impulsive,whisper-small-faster-whisper-cpu,3.407,923.14453125,0.05,0.008849557522123894,,0.1874037403740374,,eval_data\mixed\en_1795_impulsive_0.wav,,,
fleurs-asr/whisper-small-faster-whisper-cpu,en-asr-1733-clean,ASR,en,,,clean,whisper-small-faster-whisper-cpu,3.3051,923.14453125,0.05714285714285714,0.008733624454148471,,0.2526834862385321,,eval_data\mixed\en_1733_clean.wav,,,
fleurs-asr/whisper-small-faster-whisper-cpu,en-asr-1733-steady-15,ASR,en,,15.0,steady,whisper-small-faster-whisper-cpu,3.2971,923.14453125,0.05714285714285714,0.008733624454148471,,0.2520718654434251,,eval_data\mixed\en_1733_steady_15.wav,,,
fleurs-asr/whisper-small-faster-whisper-cpu,en-asr-1733-steady-10,ASR,en,,10.0,steady,whisper-small-faster-whisper-cpu,3.728,923.14453125,0.05714285714285714,0.008733624454148471,,0.2850152905198777,,eval_data\mixed\en_1733_steady_10.wav,,,
fleurs-asr/whisper-small-faster-whisper-cpu,en-asr-1733-steady-5,ASR,en,,5.0,steady,whisper-small-faster-whisper-cpu,3.522,923.14453125,0.05714285714285714,0.008733624454148471,,0.26926605504587153,,eval_data\mixed\en_1733_steady_5.wav,,,
fleurs-asr/whisper-small-faster-whisper-cpu,en-asr-1733-steady-0,ASR,en,,0.0,steady,whisper-small-faster-whisper-cpu,3.3748,923.14453125,0.05714285714285714,0.034934497816593885,,0.25801223241590215,,eval_data\mixed\en_1733_steady_0.wav,,,
fleurs-asr/whisper-small-faster-whisper-cpu,en-asr-1733-impulsive-15,ASR,en,,15.0,impulsive,whisper-small-faster-whisper-cpu,3.2083,923.14453125,0.05714285714285714,0.008733624454148471,,0.24528287461773698,,eval_data\mixed\en_1733_impulsive_15.wav,,,
fleurs-asr/whisper-small-faster-whisper-cpu,en-asr-1733-impulsive-10,ASR,en,,10.0,impulsive,whisper-small-faster-whisper-cpu,3.5059,923.14453125,0.05714285714285714,0.008733624454148471,,0.26803516819571865,,eval_data\mixed\en_1733_impulsive_10.wav,,,
fleurs-asr/whisper-small-faster-whisper-cpu,en-asr-1733-impulsive-5,ASR,en,,5.0,impulsive,whisper-small-faster-whisper-cpu,3.1814,923.14453125,0.05714285714285714,0.008733624454148471,,0.2432262996941896,,eval_data\mixed\en_1733_impulsive_5.wav,,,
fleurs-asr/whisper-small-faster-whisper-cpu,en-asr-1733-impulsive-0,ASR,en,,0.0,impulsive,whisper-small-faster-whisper-cpu,3.2788,923.14453125,0.05714285714285714,0.008733624454148471,,0.25067278287461775,,eval_data\mixed\en_1733_impulsive_0.wav,,,
fleurs-asr/whisper-small-faster-whisper-cpu,en-asr-1716-clean,ASR,en,,,clean,whisper-small-faster-whisper-cpu,3.4616,923.14453125,0.12244897959183673,0.030864197530864196,,0.18257383966244725,,eval_data\mixed\en_1716_clean.wav,,,
fleurs-asr/whisper-small-faster-whisper-cpu,en-asr-1716-steady-15,ASR,en,,15.0,steady,whisper-small-faster-whisper-cpu,3.398,923.14453125,0.12244897959183673,0.030864197530864196,,0.17921940928270041,,eval_data\mixed\en_1716_steady_15.wav,,,
fleurs-asr/whisper-small-faster-whisper-cpu,en-asr-1716-steady-10,ASR,en,,10.0,steady,whisper-small-faster-whisper-cpu,3.4708,923.14453125,0.12244897959183673,0.030864197530864196,,0.1830590717299578,,eval_data\mixed\en_1716_steady_10.wav,,,
fleurs-asr/whisper-small-faster-whisper-cpu,en-asr-1716-steady-5,ASR,en,,5.0,steady,whisper-small-faster-whisper-cpu,3.5213,923.14453125,0.14285714285714285,0.05246913580246913,,0.18572257383966245,,eval_data\mixed\en_1716_steady_5.wav,,,
fleurs-asr/whisper-small-faster-whisper-cpu,en-asr-1716-steady-0,ASR,en,,0.0,steady,whisper-small-faster-whisper-cpu,3.4592,923.14453125,0.22448979591836735,0.08024691358024691,,0.18244725738396625,,eval_data\mixed\en_1716_steady_0.wav,,,
fleurs-asr/whisper-small-faster-whisper-cpu,en-asr-1716-impulsive-15,ASR,en,,15.0,impulsive,whisper-small-faster-whisper-cpu,3.3678,923.14453125,0.12244897959183673,0.030864197530864196,,0.177626582278481,,eval_data\mixed\en_1716_impulsive_15.wav,,,
fleurs-asr/whisper-small-faster-whisper-cpu,en-asr-1716-impulsive-10,ASR,en,,10.0,impulsive,whisper-small-faster-whisper-cpu,3.6799,923.14453125,0.12244897959183673,0.030864197530864196,,0.19408755274261602,,eval_data\mixed\en_1716_impulsive_10.wav,,,
fleurs-asr/whisper-small-faster-whisper-cpu,en-asr-1716-impulsive-5,ASR,en,,5.0,impulsive,whisper-small-faster-whisper-cpu,3.7239,923.14453125,0.12244897959183673,0.030864197530864196,,0.19640822784810125,,eval_data\mixed\en_1716_impulsive_5.wav,,,
fleurs-asr/whisper-small-faster-whisper-cpu,en-asr-1716-impulsive-0,ASR,en,,0.0,impulsive,whisper-small-faster-whisper-cpu,3.7374,923.14453125,0.12244897959183673,0.030864197530864196,,0.19712025316455695,,eval_data\mixed\en_1716_impulsive_0.wav,,,
fleurs-asr/whisper-small-faster-whisper-cpu,en-asr-1876-clean,ASR,en,,,clean,whisper-small-faster-whisper-cpu,3.1194,923.14453125,0.125,0.019230769230769232,,0.28102702702702703,,eval_data\mixed\en_1876_clean.wav,,,
fleurs-asr/whisper-small-faster-whisper-cpu,en-asr-1876-steady-15,ASR,en,,15.0,steady,whisper-small-faster-whisper-cpu,3.3452,923.14453125,0.125,0.019230769230769232,,0.3013693693693694,,eval_data\mixed\en_1876_steady_15.wav,,,
fleurs-asr/whisper-small-faster-whisper-cpu,en-asr-1876-steady-10,ASR,en,,10.0,steady,whisper-small-faster-whisper-cpu,3.3422,923.14453125,0.0625,0.009615384615384616,,0.3010990990990991,,eval_data\mixed\en_1876_steady_10.wav,,,
fleurs-asr/whisper-small-faster-whisper-cpu,en-asr-1876-steady-5,ASR,en,,5.0,steady,whisper-small-faster-whisper-cpu,3.4146,923.14453125,0.0625,0.009615384615384616,,0.30762162162162165,,eval_data\mixed\en_1876_steady_5.wav,,,
fleurs-asr/whisper-small-faster-whisper-cpu,en-asr-1876-steady-0,ASR,en,,0.0,steady,whisper-small-faster-whisper-cpu,3.1629,923.14453125,0.0625,0.009615384615384616,,0.28494594594594597,,eval_data\mixed\en_1876_steady_0.wav,,,
fleurs-asr/whisper-small-faster-whisper-cpu,en-asr-1876-impulsive-15,ASR,en,,15.0,impulsive,whisper-small-faster-whisper-cpu,2.6739,923.14453125,0.125,0.019230769230769232,,0.24089189189189192,,eval_data\mixed\en_1876_impulsive_15.wav,,,
fleurs-asr/whisper-small-faster-whisper-cpu,en-asr-1876-impulsive-10,ASR,en,,10.0,impulsive,whisper-small-faster-whisper-cpu,3.0215,923.14453125,0.125,0.019230769230769232,,0.2722072072072072,,eval_data\mixed\en_1876_impulsive_10.wav,,,
fleurs-asr/whisper-small-faster-whisper-cpu,en-asr-1876-impulsive-5,ASR,en,,5.0,impulsive,whisper-small-faster-whisper-cpu,2.9998,923.14453125,0.125,0.019230769230769232,,0.27025225225225225,,eval_data\mixed\en_1876_impulsive_5.wav,,,
fleurs-asr/whisper-small-faster-whisper-cpu,en-asr-1876-impulsive-0,ASR,en,,0.0,impulsive,whisper-small-faster-whisper-cpu,2.7928,923.14453125,0.125,0.019230769230769232,,0.2516036036036036,,eval_data\mixed\en_1876_impulsive_0.wav,,,
fleurs-asr/whisper-small-faster-whisper-cpu,en-asr-1689-clean,ASR,en,,,clean,whisper-small-faster-whisper-cpu,2.7317,923.14453125,0.21212121212121213,0.05150214592274678,,0.20980798771121353,,eval_data\mixed\en_1689_clean.wav,,,
fleurs-asr/whisper-small-faster-whisper-cpu,en-asr-1689-steady-15,ASR,en,,15.0,steady,whisper-small-faster-whisper-cpu,3.0821,923.14453125,0.21212121212121213,0.04721030042918455,,0.23672043010752689,,eval_data\mixed\en_1689_steady_15.wav,,,
fleurs-asr/whisper-small-faster-whisper-cpu,en-asr-1689-steady-10,ASR,en,,10.0,steady,whisper-small-faster-whisper-cpu,3.093,923.14453125,0.2727272727272727,0.09871244635193133,,0.23755760368663595,,eval_data\mixed\en_1689_steady_10.wav,,,
fleurs-asr/whisper-small-faster-whisper-cpu,en-asr-1689-steady-5,ASR,en,,5.0,steady,whisper-small-faster-whisper-cpu,3.6018,923.14453125,0.30303030303030304,0.0815450643776824,,0.2766359447004608,,eval_data\mixed\en_1689_steady_5.wav,,,
fleurs-asr/whisper-small-faster-whisper-cpu,en-asr-1689-steady-0,ASR,en,,0.0,steady,whisper-small-faster-whisper-cpu,3.2019,923.14453125,0.30303030303030304,0.1072961373390558,,0.24592165898617513,,eval_data\mixed\en_1689_steady_0.wav,,,
fleurs-asr/whisper-small-faster-whisper-cpu,en-asr-1689-impulsive-15,ASR,en,,15.0,impulsive,whisper-small-faster-whisper-cpu,3.2352,923.14453125,0.18181818181818182,0.03862660944206009,,0.24847926267281106,,eval_data\mixed\en_1689_impulsive_15.wav,,,
fleurs-asr/whisper-small-faster-whisper-cpu,en-asr-1689-impulsive-10,ASR,en,,10.0,impulsive,whisper-small-faster-whisper-cpu,3.1284,923.14453125,0.18181818181818182,0.03862660944206009,,0.24027649769585255,,eval_data\mixed\en_1689_impulsive_10.wav,,,
fleurs-asr/whisper-small-faster-whisper-cpu,en-asr-1689-impulsive-5,ASR,en,,5.0,impulsive,whisper-small-faster-whisper-cpu,3.1489,923.14453125,0.15151515151515152,0.034334763948497854,,0.24185099846390168,,eval_data\mixed\en_1689_impulsive_5.wav,,,
fleurs-asr/whisper-small-faster-whisper-cpu,en-asr-1689-impulsive-0,ASR,en,,0.0,impulsive,whisper-small-faster-whisper-cpu,3.2745,923.14453125,0.15151515151515152,0.034334763948497854,,0.25149769585253456,,eval_data\mixed\en_1689_impulsive_0.wav,,,
fleurs-asr/whisper-small-faster-whisper-cpu,en-asr-1986-clean,ASR,en,,,clean,whisper-small-faster-whisper-cpu,3.2952,923.14453125,0.2857142857142857,0.09734513274336283,,0.38138888888888883,,eval_data\mixed\en_1986_clean.wav,,,
fleurs-asr/whisper-small-faster-whisper-cpu,en-asr-1986-steady-15,ASR,en,,15.0,steady,whisper-small-faster-whisper-cpu,3.122,923.14453125,0.47619047619047616,0.1592920353982301,,0.36134259259259255,,eval_data\mixed\en_1986_steady_15.wav,,,
fleurs-asr/whisper-small-faster-whisper-cpu,en-asr-1986-steady-10,ASR,en,,10.0,steady,whisper-small-faster-whisper-cpu,3.1678,923.14453125,0.47619047619047616,0.1592920353982301,,0.3666435185185185,,eval_data\mixed\en_1986_steady_10.wav,,,
fleurs-asr/whisper-small-faster-whisper-cpu,en-asr-1986-steady-5,ASR,en,,5.0,steady,whisper-small-faster-whisper-cpu,3.1622,923.14453125,0.23809523809523808,0.08849557522123894,,0.36599537037037033,,eval_data\mixed\en_1986_steady_5.wav,,,
fleurs-asr/whisper-small-faster-whisper-cpu,en-asr-1986-steady-0,ASR,en,,0.0,steady,whisper-small-faster-whisper-cpu,3.1165,923.14453125,0.7619047619047619,0.45132743362831856,,0.36070601851851847,,eval_data\mixed\en_1986_steady_0.wav,,,
fleurs-asr/whisper-small-faster-whisper-cpu,en-asr-1986-impulsive-15,ASR,en,,15.0,impulsive,whisper-small-faster-whisper-cpu,3.0888,923.14453125,0.3333333333333333,0.10619469026548672,,0.3575,,eval_data\mixed\en_1986_impulsive_15.wav,,,
fleurs-asr/whisper-small-faster-whisper-cpu,en-asr-1986-impulsive-10,ASR,en,,10.0,impulsive,whisper-small-faster-whisper-cpu,3.0461,923.14453125,0.3333333333333333,0.10619469026548672,,0.35255787037037034,,eval_data\mixed\en_1986_impulsive_10.wav,,,
fleurs-asr/whisper-small-faster-whisper-cpu,en-asr-1986-impulsive-5,ASR,en,,5.0,impulsive,whisper-small-faster-whisper-cpu,3.1046,923.14453125,0.2857142857142857,0.09734513274336283,,0.3593287037037037,,eval_data\mixed\en_1986_impulsive_5.wav,,,
fleurs-asr/whisper-small-faster-whisper-cpu,en-asr-1986-impulsive-0,ASR,en,,0.0,impulsive,whisper-small-faster-whisper-cpu,3.1202,923.14453125,0.38095238095238093,0.12389380530973451,,0.36113425925925924,,eval_data\mixed\en_1986_impulsive_0.wav,,,
fleurs-asr/whisper-small-faster-whisper-cpu,en-asr-1822-clean,ASR,en,,,clean,whisper-small-faster-whisper-cpu,3.2561,923.14453125,0.125,0.0625,,0.31551356589147284,,eval_data\mixed\en_1822_clean.wav,,,
fleurs-asr/whisper-small-faster-whisper-cpu,en-asr-1822-steady-15,ASR,en,,15.0,steady,whisper-small-faster-whisper-cpu,3.1495,923.14453125,0.2916666666666667,0.09722222222222222,,0.3051841085271318,,eval_data\mixed\en_1822_steady_15.wav,,,
fleurs-asr/whisper-small-faster-whisper-cpu,en-asr-1822-steady-10,ASR,en,,10.0,steady,whisper-small-faster-whisper-cpu,3.1873,923.14453125,0.2916666666666667,0.09722222222222222,,0.3088468992248062,,eval_data\mixed\en_1822_steady_10.wav,,,
fleurs-asr/whisper-small-faster-whisper-cpu,en-asr-1822-steady-5,ASR,en,,5.0,steady,whisper-small-faster-whisper-cpu,3.1214,923.14453125,0.3333333333333333,0.09722222222222222,,0.3024612403100775,,eval_data\mixed\en_1822_steady_5.wav,,,
fleurs-asr/whisper-small-faster-whisper-cpu,en-asr-1822-steady-0,ASR,en,,0.0,steady,whisper-small-faster-whisper-cpu,3.2646,923.14453125,0.4166666666666667,0.1736111111111111,,0.31633720930232556,,eval_data\mixed\en_1822_steady_0.wav,,,
fleurs-asr/whisper-small-faster-whisper-cpu,en-asr-1822-impulsive-15,ASR,en,,15.0,impulsive,whisper-small-faster-whisper-cpu,3.1749,923.14453125,0.375,0.16666666666666666,,0.3076453488372093,,eval_data\mixed\en_1822_impulsive_15.wav,,,
fleurs-asr/whisper-small-faster-whisper-cpu,en-asr-1822-impulsive-10,ASR,en,,10.0,impulsive,whisper-small-faster-whisper-cpu,3.6469,923.14453125,0.375,0.1736111111111111,,0.3533817829457364,,eval_data\mixed\en_1822_impulsive_10.wav,,,
fleurs-asr/whisper-small-faster-whisper-cpu,en-asr-1822-impulsive-5,ASR,en,,5.0,impulsive,whisper-small-faster-whisper-cpu,3.8193,923.14453125,0.375,0.18055555555555555,,0.3700872093023256,,eval_data\mixed\en_1822_impulsive_5.wav,,,
fleurs-asr/whisper-small-faster-whisper-cpu,en-asr-1822-impulsive-0,ASR,en,,0.0,impulsive,whisper-small-faster-whisper-cpu,3.7536,923.14453125,0.375,0.1736111111111111,,0.36372093023255814,,eval_data\mixed\en_1822_impulsive_0.wav,,,
fleurs-asr/zipformer-en-sherpa-onnx-cpu,en-asr-1845-clean,ASR,en,,,clean,zipformer-en-sherpa-onnx-cpu,0.3889,482.4921875,0.21739130434782608,0.13953488372093023,,0.04017561983471075,,eval_data\mixed\en_1845_clean.wav,,,
fleurs-asr/zipformer-en-sherpa-onnx-cpu,en-asr-1845-steady-15,ASR,en,,15.0,steady,zipformer-en-sherpa-onnx-cpu,0.3491,523.4375,0.21739130434782608,0.13953488372093023,,0.036064049586776864,,eval_data\mixed\en_1845_steady_15.wav,,,
fleurs-asr/zipformer-en-sherpa-onnx-cpu,en-asr-1845-steady-10,ASR,en,,10.0,steady,zipformer-en-sherpa-onnx-cpu,0.384,523.453125,0.21739130434782608,0.13953488372093023,,0.03966942148760331,,eval_data\mixed\en_1845_steady_10.wav,,,
fleurs-asr/zipformer-en-sherpa-onnx-cpu,en-asr-1845-steady-5,ASR,en,,5.0,steady,zipformer-en-sherpa-onnx-cpu,0.3665,523.47265625,0.30434782608695654,0.21705426356589147,,0.037861570247933886,,eval_data\mixed\en_1845_steady_5.wav,,,
fleurs-asr/zipformer-en-sherpa-onnx-cpu,en-asr-1845-steady-0,ASR,en,,0.0,steady,zipformer-en-sherpa-onnx-cpu,0.3632,523.484375,0.43478260869565216,0.2713178294573643,,0.0375206611570248,,eval_data\mixed\en_1845_steady_0.wav,,,
fleurs-asr/zipformer-en-sherpa-onnx-cpu,en-asr-1845-impulsive-15,ASR,en,,15.0,impulsive,zipformer-en-sherpa-onnx-cpu,0.3615,523.5,0.21739130434782608,0.13953488372093023,,0.03734504132231405,,eval_data\mixed\en_1845_impulsive_15.wav,,,
fleurs-asr/zipformer-en-sherpa-onnx-cpu,en-asr-1845-impulsive-10,ASR,en,,10.0,impulsive,zipformer-en-sherpa-onnx-cpu,0.365,523.50390625,0.21739130434782608,0.13953488372093023,,0.03770661157024793,,eval_data\mixed\en_1845_impulsive_10.wav,,,
fleurs-asr/zipformer-en-sherpa-onnx-cpu,en-asr-1845-impulsive-5,ASR,en,,5.0,impulsive,zipformer-en-sherpa-onnx-cpu,0.3036,523.51171875,0.21739130434782608,0.13953488372093023,,0.031363636363636364,,eval_data\mixed\en_1845_impulsive_5.wav,,,
fleurs-asr/zipformer-en-sherpa-onnx-cpu,en-asr-1845-impulsive-0,ASR,en,,0.0,impulsive,zipformer-en-sherpa-onnx-cpu,0.3436,523.51171875,0.21739130434782608,0.13953488372093023,,0.03549586776859504,,eval_data\mixed\en_1845_impulsive_0.wav,,,
fleurs-asr/zipformer-en-sherpa-onnx-cpu,en-asr-1662-clean,ASR,en,,,clean,zipformer-en-sherpa-onnx-cpu,0.4007,539.05859375,0.14285714285714285,0.06896551724137931,,0.035905017921146955,,eval_data\mixed\en_1662_clean.wav,,,
fleurs-asr/zipformer-en-sherpa-onnx-cpu,en-asr-1662-steady-15,ASR,en,,15.0,steady,zipformer-en-sherpa-onnx-cpu,0.4424,551.32421875,0.23809523809523808,0.11206896551724138,,0.0396415770609319,,eval_data\mixed\en_1662_steady_15.wav,,,
fleurs-asr/zipformer-en-sherpa-onnx-cpu,en-asr-1662-steady-10,ASR,en,,10.0,steady,zipformer-en-sherpa-onnx-cpu,0.3844,551.421875,0.2857142857142857,0.1724137931034483,,0.034444444444444444,,eval_data\mixed\en_1662_steady_10.wav,,,
fleurs-asr/zipformer-en-sherpa-onnx-cpu,en-asr-1662-steady-5,ASR,en,,5.0,steady,zipformer-en-sherpa-onnx-cpu,0.3817,551.4296875,0.42857142857142855,0.25862068965517243,,0.034202508960573474,,eval_data\mixed\en_1662_steady_5.wav,,,
fleurs-asr/zipformer-en-sherpa-onnx-cpu,en-asr-1662-steady-0,ASR,en,,0.0,steady,zipformer-en-sherpa-onnx-cpu,0.4116,551.4296875,0.9523809523809523,0.7155172413793104,,0.036881720430107526,,eval_data\mixed\en_1662_steady_0.wav,,,
fleurs-asr/zipformer-en-sherpa-onnx-cpu,en-asr-1662-impulsive-15,ASR,en,,15.0,impulsive,zipformer-en-sherpa-onnx-cpu,0.3929,551.44140625,0.14285714285714285,0.06896551724137931,,0.035206093189964156,,eval_data\mixed\en_1662_impulsive_15.wav,,,
fleurs-asr/zipformer-en-sherpa-onnx-cpu,en-asr-1662-impulsive-10,ASR,en,,10.0,impulsive,zipformer-en-sherpa-onnx-cpu,0.3708,551.44140625,0.14285714285714285,0.06896551724137931,,0.0332258064516129,,eval_data\mixed\en_1662_impulsive_10.wav,,,
fleurs-asr/zipformer-en-sherpa-onnx-cpu,en-asr-1662-impulsive-5,ASR,en,,5.0,impulsive,zipformer-en-sherpa-onnx-cpu,0.4585,551.44140625,0.14285714285714285,0.06896551724137931,,0.041084229390681,,eval_data\mixed\en_1662_impulsive_5.wav,,,
fleurs-asr/zipformer-en-sherpa-onnx-cpu,en-asr-1662-impulsive-0,ASR,en,,0.0,impulsive,zipformer-en-sherpa-onnx-cpu,0.3878,551.453125,0.14285714285714285,0.06896551724137931,,0.03474910394265233,,eval_data\mixed\en_1662_impulsive_0.wav,,,
fleurs-asr/zipformer-en-sherpa-onnx-cpu,en-asr-1762-clean,ASR,en,,,clean,zipformer-en-sherpa-onnx-cpu,0.3237,551.6171875,0.07692307692307693,0.01282051282051282,,0.03799295774647887,,eval_data\mixed\en_1762_clean.wav,,,
fleurs-asr/zipformer-en-sherpa-onnx-cpu,en-asr-1762-steady-15,ASR,en,,15.0,steady,zipformer-en-sherpa-onnx-cpu,0.3143,554.421875,0.07692307692307693,0.01282051282051282,,0.036889671361502355,,eval_data\mixed\en_1762_steady_15.wav,,,
fleurs-asr/zipformer-en-sherpa-onnx-cpu,en-asr-1762-steady-10,ASR,en,,10.0,steady,zipformer-en-sherpa-onnx-cpu,0.3764,554.42578125,0.07692307692307693,0.01282051282051282,,0.044178403755868546,,eval_data\mixed\en_1762_steady_10.wav,,,
fleurs-asr/zipformer-en-sherpa-onnx-cpu,en-asr-1762-steady-5,ASR,en,,5.0,steady,zipformer-en-sherpa-onnx-cpu,0.4444,554.4296875,0.15384615384615385,0.0641025641025641,,0.05215962441314555,,eval_data\mixed\en_1762_steady_5.wav,,,
fleurs-asr/zipformer-en-sherpa-onnx-cpu,en-asr-1762-steady-0,ASR,en,,0.0,steady,zipformer-en-sherpa-onnx-cpu,0.5545,554.4296875,0.3076923076923077,0.21794871794871795,,0.06508215962441315,,eval_data\mixed\en_1762_steady_0.wav,,,
fleurs-asr/zipformer-en-sherpa-onnx-cpu,en-asr-1762-impulsive-15,ASR,en,,15.0,impulsive,zipformer-en-sherpa-onnx-cpu,0.3569,554.44140625,0.07692307692307693,0.01282051282051282,,0.04188967136150235,,eval_data\mixed\en_1762_impulsive_15.wav,,,
fleurs-asr/zipformer-en-sherpa-onnx-cpu,en-asr-1762-impulsive-10,ASR,en,,10.0,impulsive,zipformer-en-sherpa-onnx-cpu,0.3093,554.44140625,0.07692307692307693,0.01282051282051282,,0.036302816901408456,,eval_data\mixed\en_1762_impulsive_10.wav,,,
fleurs-asr/zipformer-en-sherpa-onnx-cpu,en-asr-1762-impulsive-5,ASR,en,,5.0,impulsive,zipformer-en-sherpa-onnx-cpu,0.5239,554.44140625,0.07692307692307693,0.01282051282051282,,0.061490610328638506,,eval_data\mixed\en_1762_impulsive_5.wav,,,
fleurs-asr/zipformer-en-sherpa-onnx-cpu,en-asr-1762-impulsive-0,ASR,en,,0.0,impulsive,zipformer-en-sherpa-onnx-cpu,0.482,554.44921875,0.07692307692307693,0.01282051282051282,,0.056572769953051646,,eval_data\mixed\en_1762_impulsive_0.wav,,,
fleurs-asr/zipformer-en-sherpa-onnx-cpu,en-asr-1996-clean,ASR,en,,,clean,zipformer-en-sherpa-onnx-cpu,0.8481,556.74609375,0.42857142857142855,0.12738853503184713,,0.06066523605150214,,eval_data\mixed\en_1996_clean.wav,,,
fleurs-asr/zipformer-en-sherpa-onnx-cpu,en-asr-1996-steady-15,ASR,en,,15.0,steady,zipformer-en-sherpa-onnx-cpu,0.8632,639.87109375,0.42857142857142855,0.1464968152866242,,0.0617453505007153,,eval_data\mixed\en_1996_steady_15.wav,,,
fleurs-asr/zipformer-en-sherpa-onnx-cpu,en-asr-1996-steady-10,ASR,en,,10.0,steady,zipformer-en-sherpa-onnx-cpu,0.8324,639.87109375,0.47619047619047616,0.1464968152866242,,0.05954220314735336,,eval_data\mixed\en_1996_steady_10.wav,,,
fleurs-asr/zipformer-en-sherpa-onnx-cpu,en-asr-1996-steady-5,ASR,en,,5.0,steady,zipformer-en-sherpa-onnx-cpu,0.803,639.875,0.47619047619047616,0.17834394904458598,,0.05743919885550787,,eval_data\mixed\en_1996_steady_5.wav,,,
fleurs-asr/zipformer-en-sherpa-onnx-cpu,en-asr-1996-steady-0,ASR,en,,0.0,steady,zipformer-en-sherpa-onnx-cpu,0.7531,639.8828125,0.6666666666666666,0.3184713375796178,,0.05386981402002861,,eval_data\mixed\en_1996_steady_0.wav,,,
fleurs-asr/zipformer-en-sherpa-onnx-cpu,en-asr-1996-impulsive-15,ASR,en,,15.0,impulsive,zipformer-en-sherpa-onnx-cpu,0.8942,639.8828125,0.42857142857142855,0.1464968152866242,,0.06396280400572246,,eval_data\mixed\en_1996_impulsive_15.wav,,,
fleurs-asr/zipformer-en-sherpa-onnx-cpu,en-asr-1996-impulsive-10,ASR,en,,10.0,impulsive,zipformer-en-sherpa-onnx-cpu,0.8336,639.88671875,0.47619047619047616,0.1464968152866242,,0.05962804005722461,,eval_data\mixed\en_1996_impulsive_10.wav,,,
fleurs-asr/zipformer-en-sherpa-onnx-cpu,en-asr-1996-impulsive-5,ASR,en,,5.0,impulsive,zipformer-en-sherpa-onnx-cpu,0.8852,639.89453125,0.5238095238095238,0.14012738853503184,,0.06331902718168812,,eval_data\mixed\en_1996_impulsive_5.wav,,,
fleurs-asr/zipformer-en-sherpa-onnx-cpu,en-asr-1996-impulsive-0,ASR,en,,0.0,impulsive,zipformer-en-sherpa-onnx-cpu,0.8841,639.8984375,0.5238095238095238,0.14012738853503184,,0.06324034334763948,,eval_data\mixed\en_1996_impulsive_0.wav,,,
fleurs-asr/zipformer-en-sherpa-onnx-cpu,en-asr-1865-clean,ASR,en,,,clean,zipformer-en-sherpa-onnx-cpu,0.443,639.8984375,0.47058823529411764,0.25862068965517243,,0.05163170163170163,,eval_data\mixed\en_1865_clean.wav,,,
fleurs-asr/zipformer-en-sherpa-onnx-cpu,en-asr-1865-steady-15,ASR,en,,15.0,steady,zipformer-en-sherpa-onnx-cpu,0.4198,639.8984375,0.5882352941176471,0.3275862068965517,,0.048927738927738926,,eval_data\mixed\en_1865_steady_15.wav,,,
fleurs-asr/zipformer-en-sherpa-onnx-cpu,en-asr-1865-steady-10,ASR,en,,10.0,steady,zipformer-en-sherpa-onnx-cpu,0.4146,639.8984375,0.6470588235294118,0.4051724137931034,,0.04832167832167832,,eval_data\mixed\en_1865_steady_10.wav,,,
fleurs-asr/zipformer-en-sherpa-onnx-cpu,en-asr-1865-steady-5,ASR,en,,5.0,steady,zipformer-en-sherpa-onnx-cpu,0.4531,639.8984375,0.7058823529411765,0.4224137931034483,,0.05280885780885781,,eval_data\mixed\en_1865_steady_5.wav,,,
fleurs-asr/zipformer-en-sherpa-onnx-cpu,en-asr-1865-steady-0,ASR,en,,0.0,steady,zipformer-en-sherpa-onnx-cpu,0.4747,639.8984375,0.7647058823529411,0.45689655172413796,,0.055326340326340324,,eval_data\mixed\en_1865_steady_0.wav,,,
fleurs-asr/zipformer-en-sherpa-onnx-cpu,en-asr-1865-impulsive-15,ASR,en,,15.0,impulsive,zipformer-en-sherpa-onnx-cpu,0.4513,639.8984375,0.4117647058823529,0.25,,0.052599067599067593,,eval_data\mixed\en_1865_impulsive_15.wav,,,
fleurs-asr/zipformer-en-sherpa-onnx-cpu,en-asr-1865-impulsive-10,ASR,en,,10.0,impulsive,zipformer-en-sherpa-onnx-cpu,0.4683,639.8984375,0.4117647058823529,0.25,,0.05458041958041958,,eval_data\mixed\en_1865_impulsive_10.wav,,,
fleurs-asr/zipformer-en-sherpa-onnx-cpu,en-asr-1865-impulsive-5,ASR,en,,5.0,impulsive,zipformer-en-sherpa-onnx-cpu,0.4683,639.8984375,0.5294117647058824,0.27586206896551724,,0.05458041958041958,,eval_data\mixed\en_1865_impulsive_5.wav,,,
fleurs-asr/zipformer-en-sherpa-onnx-cpu,en-asr-1865-impulsive-0,ASR,en,,0.0,impulsive,zipformer-en-sherpa-onnx-cpu,0.505,639.8984375,0.5882352941176471,0.3017241379310345,,0.058857808857808856,,eval_data\mixed\en_1865_impulsive_0.wav,,,
fleurs-asr/zipformer-en-sherpa-onnx-cpu,en-asr-1853-clean,ASR,en,,,clean,zipformer-en-sherpa-onnx-cpu,0.2985,639.8984375,0.375,0.34831460674157305,,0.05182291666666666,,eval_data\mixed\en_1853_clean.wav,,,
fleurs-asr/zipformer-en-sherpa-onnx-cpu,en-asr-1853-steady-15,ASR,en,,15.0,steady,zipformer-en-sherpa-onnx-cpu,0.2582,639.8984375,0.5625,0.43820224719101125,,0.04482638888888889,,eval_data\mixed\en_1853_steady_15.wav,,,
fleurs-asr/zipformer-en-sherpa-onnx-cpu,en-asr-1853-steady-10,ASR,en,,10.0,steady,zipformer-en-sherpa-onnx-cpu,0.2406,639.8984375,0.625,0.39325842696629215,,0.04177083333333333,,eval_data\mixed\en_1853_steady_10.wav,,,
fleurs-asr/zipformer-en-sherpa-onnx-cpu,en-asr-1853-steady-5,ASR,en,,5.0,steady,zipformer-en-sherpa-onnx-cpu,0.1978,639.8984375,0.6875,0.42696629213483145,,0.03434027777777778,,eval_data\mixed\en_1853_steady_5.wav,,,
fleurs-asr/zipformer-en-sherpa-onnx-cpu,en-asr-1853-steady-0,ASR,en,,0.0,steady,zipformer-en-sherpa-onnx-cpu,0.1819,639.8984375,0.9375,0.7528089887640449,,0.031579861111111114,,eval_data\mixed\en_1853_steady_0.wav,,,
fleurs-asr/zipformer-en-sherpa-onnx-cpu,en-asr-1853-impulsive-15,ASR,en,,15.0,impulsive,zipformer-en-sherpa-onnx-cpu,0.2022,639.8984375,0.625,0.4157303370786517,,0.035104166666666665,,eval_data\mixed\en_1853_impulsive_15.wav,,,
fleurs-asr/zipformer-en-sherpa-onnx-cpu,en-asr-1853-impulsive-10,ASR,en,,10.0,impulsive,zipformer-en-sherpa-onnx-cpu,0.3269,639.8984375,0.3125,0.34831460674157305,,0.056753472222222226,,eval_data\mixed\en_1853_impulsive_10.wav,,,
fleurs-asr/zipformer-en-sherpa-onnx-cpu,en-asr-1853-impulsive-5,ASR,en,,5.0,impulsive,zipformer-en-sherpa-onnx-cpu,0.4067,639.8984375,0.4375,0.42696629213483145,,0.0706076388888889,,eval_data\mixed\en_1853_impulsive_5.wav,,,
fleurs-asr/zipformer-en-sherpa-onnx-cpu,en-asr-1853-impulsive-0,ASR,en,,0.0,impulsive,zipformer-en-sherpa-onnx-cpu,0.347,639.8984375,0.4375,0.42696629213483145,,0.06024305555555556,,eval_data\mixed\en_1853_impulsive_0.wav,,,
fleurs-asr/zipformer-en-sherpa-onnx-cpu,en-asr-1911-clean,ASR,en,,,clean,zipformer-en-sherpa-onnx-cpu,1.0043,641.4296875,0.35714285714285715,0.0875,,0.06767520215633423,,eval_data\mixed\en_1911_clean.wav,,,
fleurs-asr/zipformer-en-sherpa-onnx-cpu,en-asr-1911-steady-15,ASR,en,,15.0,steady,zipformer-en-sherpa-onnx-cpu,0.8792,651.91015625,0.35714285714285715,0.13125,,0.059245283018867924,,eval_data\mixed\en_1911_steady_15.wav,,,
fleurs-asr/zipformer-en-sherpa-onnx-cpu,en-asr-1911-steady-10,ASR,en,,10.0,steady,zipformer-en-sherpa-onnx-cpu,0.8756,651.99609375,0.39285714285714285,0.18125,,0.05900269541778976,,eval_data\mixed\en_1911_steady_10.wav,,,
fleurs-asr/zipformer-en-sherpa-onnx-cpu,en-asr-1911-steady-5,ASR,en,,5.0,steady,zipformer-en-sherpa-onnx-cpu,1.0503,652.0,0.39285714285714285,0.28125,,0.07077493261455525,,eval_data\mixed\en_1911_steady_5.wav,,,
fleurs-asr/zipformer-en-sherpa-onnx-cpu,en-asr-1911-steady-0,ASR,en,,0.0,steady,zipformer-en-sherpa-onnx-cpu,0.9521,652.0,0.75,0.53125,,0.0641576819407008,,eval_data\mixed\en_1911_steady_0.wav,,,
fleurs-asr/zipformer-en-sherpa-onnx-cpu,en-asr-1911-impulsive-15,ASR,en,,15.0,impulsive,zipformer-en-sherpa-onnx-cpu,0.9097,652.0,0.35714285714285715,0.0875,,0.061300539083557946,,eval_data\mixed\en_1911_impulsive_15.wav,,,
fleurs-asr/zipformer-en-sherpa-onnx-cpu,en-asr-1911-impulsive-10,ASR,en,,10.0,impulsive,zipformer-en-sherpa-onnx-cpu,0.9525,652.0,0.35714285714285715,0.0875,,0.06418463611859838,,eval_data\mixed\en_1911_impulsive_10.wav,,,
fleurs-asr/zipformer-en-sherpa-onnx-cpu,en-asr-1911-impulsive-5,ASR,en,,5.0,impulsive,zipformer-en-sherpa-onnx-cpu,0.8647,652.0,0.35714285714285715,0.1,,0.05826819407008087,,eval_data\mixed\en_1911_impulsive_5.wav,,,
fleurs-asr/zipformer-en-sherpa-onnx-cpu,en-asr-1911-impulsive-0,ASR,en,,0.0,impulsive,zipformer-en-sherpa-onnx-cpu,0.8995,652.00390625,0.32142857142857145,0.1,,0.06061320754716981,,eval_data\mixed\en_1911_impulsive_0.wav,,,
fleurs-asr/zipformer-en-sherpa-onnx-cpu,en-asr-1906-clean,ASR,en,,,clean,zipformer-en-sherpa-onnx-cpu,0.3416,652.00390625,0.23809523809523808,0.1368421052631579,,0.05371069182389937,,eval_data\mixed\en_1906_clean.wav,,,
fleurs-asr/zipformer-en-sherpa-onnx-cpu,en-asr-1906-steady-15,ASR,en,,15.0,steady,zipformer-en-sherpa-onnx-cpu,0.3163,652.00390625,0.3333333333333333,0.2,,0.049732704402515725,,eval_data\mixed\en_1906_steady_15.wav,,,
fleurs-asr/zipformer-en-sherpa-onnx-cpu,en-asr-1906-steady-10,ASR,en,,10.0,steady,zipformer-en-sherpa-onnx-cpu,0.3021,652.00390625,0.23809523809523808,0.1368421052631579,,0.047499999999999994,,eval_data\mixed\en_1906_steady_10.wav,,,
fleurs-asr/zipformer-en-sherpa-onnx-cpu,en-asr-1906-steady-5,ASR,en,,5.0,steady,zipformer-en-sherpa-onnx-cpu,0.304,652.00390625,0.42857142857142855,0.2631578947368421,,0.047798742138364776,,eval_data\mixed\en_1906_steady_5.wav,,,
fleurs-asr/zipformer-en-sherpa-onnx-cpu,en-asr-1906-steady-0,ASR,en,,0.0,steady,zipformer-en-sherpa-onnx-cpu,0.3053,652.00390625,0.7619047619047619,0.7157894736842105,,0.04800314465408805,,eval_data\mixed\en_1906_steady_0.wav,,,
fleurs-asr/zipformer-en-sherpa-onnx-cpu,en-asr-1906-impulsive-15,ASR,en,,15.0,impulsive,zipformer-en-sherpa-onnx-cpu,0.3442,652.00390625,0.23809523809523808,0.1368421052631579,,0.05411949685534591,,eval_data\mixed\en_1906_impulsive_15.wav,,,
fleurs-asr/zipformer-en-sherpa-onnx-cpu,en-asr-1906-impulsive-10,ASR,en,,10.0,impulsive,zipformer-en-sherpa-onnx-cpu,0.329,652.00390625,0.23809523809523808,0.1368421052631579,,0.051729559748427675,,eval_data\mixed\en_1906_impulsive_10.wav,,,
fleurs-asr/zipformer-en-sherpa-onnx-cpu,en-asr-1906-impulsive-5,ASR,en,,5.0,impulsive,zipformer-en-sherpa-onnx-cpu,0.3625,652.00390625,0.23809523809523808,0.1368421052631579,,0.056996855345911944,,eval_data\mixed\en_1906_impulsive_5.wav,,,
fleurs-asr/zipformer-en-sherpa-onnx-cpu,en-asr-1906-impulsive-0,ASR,en,,0.0,impulsive,zipformer-en-sherpa-onnx-cpu,0.3686,652.00390625,0.23809523809523808,0.1368421052631579,,0.05795597484276729,,eval_data\mixed\en_1906_impulsive_0.wav,,,
fleurs-asr/zipformer-en-sherpa-onnx-cpu,en-asr-1801-clean,ASR,en,,,clean,zipformer-en-sherpa-onnx-cpu,0.6457,652.00390625,0.16129032258064516,0.052941176470588235,,0.04929007633587787,,eval_data\mixed\en_1801_clean.wav,,,
fleurs-asr/zipformer-en-sherpa-onnx-cpu,en-asr-1801-steady-15,ASR,en,,15.0,steady,zipformer-en-sherpa-onnx-cpu,0.7787,652.00390625,0.22580645161290322,0.09411764705882353,,0.05944274809160305,,eval_data\mixed\en_1801_steady_15.wav,,,
fleurs-asr/zipformer-en-sherpa-onnx-cpu,en-asr-1801-steady-10,ASR,en,,10.0,steady,zipformer-en-sherpa-onnx-cpu,0.7664,652.00390625,0.16129032258064516,0.08823529411764706,,0.05850381679389313,,eval_data\mixed\en_1801_steady_10.wav,,,
fleurs-asr/zipformer-en-sherpa-onnx-cpu,en-asr-1801-steady-5,ASR,en,,5.0,steady,zipformer-en-sherpa-onnx-cpu,0.754,652.00390625,0.22580645161290322,0.12352941176470589,,0.05755725190839695,,eval_data\mixed\en_1801_steady_5.wav,,,
fleurs-asr/zipformer-en-sherpa-onnx-cpu,en-asr-1801-steady-0,ASR,en,,0.0,steady,zipformer-en-sherpa-onnx-cpu,0.7845,652.00390625,0.6129032258064516,0.49411764705882355,,0.059885496183206106,,eval_data\mixed\en_1801_steady_0.wav,,,
fleurs-asr/zipformer-en-sherpa-onnx-cpu,en-asr-1801-impulsive-15,ASR,en,,15.0,impulsive,zipformer-en-sherpa-onnx-cpu,0.7787,652.00390625,0.16129032258064516,0.052941176470588235,,0.05944274809160305,,eval_data\mixed\en_1801_impulsive_15.wav,,,
fleurs-asr/zipformer-en-sherpa-onnx-cpu,en-asr-1801-impulsive-10,ASR,en,,10.0,impulsive,zipformer-en-sherpa-onnx-cpu,0.8684,652.00390625,0.16129032258064516,0.052941176470588235,,0.06629007633587786,,eval_data\mixed\en_1801_impulsive_10.wav,,,
fleurs-asr/zipformer-en-sherpa-onnx-cpu,en-asr-1801-impulsive-5,ASR,en,,5.0,impulsive,zipformer-en-sherpa-onnx-cpu,0.75,652.00390625,0.16129032258064516,0.052941176470588235,,0.05725190839694656,,eval_data\mixed\en_1801_impulsive_5.wav,,,
fleurs-asr/zipformer-en-sherpa-onnx-cpu,en-asr-1801-impulsive-0,ASR,en,,0.0,impulsive,zipformer-en-sherpa-onnx-cpu,0.7673,652.00390625,0.16129032258064516,0.052941176470588235,,0.05857251908396947,,eval_data\mixed\en_1801_impulsive_0.wav,,,
fleurs-asr/zipformer-en-sherpa-onnx-cpu,en-asr-1715-clean,ASR,en,,,clean,zipformer-en-sherpa-onnx-cpu,1.1064,652.00390625,0.25,0.10679611650485436,,0.08458715596330275,,eval_data\mixed\en_1715_clean.wav,,,
fleurs-asr/zipformer-en-sherpa-onnx-cpu,en-asr-1715-steady-15,ASR,en,,15.0,steady,zipformer-en-sherpa-onnx-cpu,0.8302,652.00390625,0.28125,0.13106796116504854,,0.06347094801223242,,eval_data\mixed\en_1715_steady_15.wav,,,
fleurs-asr/zipformer-en-sherpa-onnx-cpu,en-asr-1715-steady-10,ASR,en,,10.0,steady,zipformer-en-sherpa-onnx-cpu,0.9703,652.00390625,0.34375,0.19902912621359223,,0.07418195718654434,,eval_data\mixed\en_1715_steady_10.wav,,,
fleurs-asr/zipformer-en-sherpa-onnx-cpu,en-asr-1715-steady-5,ASR,en,,5.0,steady,zipformer-en-sherpa-onnx-cpu,0.8218,652.00390625,0.40625,0.27184466019417475,,0.06282874617737003,,eval_data\mixed\en_1715_steady_5.wav,,,
fleurs-asr/zipformer-en-sherpa-onnx-cpu,en-asr-1715-steady-0,ASR,en,,0.0,steady,zipformer-en-sherpa-onnx-cpu,0.7805,652.00390625,0.78125,0.558252427184466,,0.059671253822629965,,eval_data\mixed\en_1715_steady_0.wav,,,
fleurs-asr/zipformer-en-sherpa-onnx-cpu,en-asr-1715-impulsive-15,ASR,en,,15.0,impulsive,zipformer-en-sherpa-onnx-cpu,0.8077,652.00390625,0.1875,0.09223300970873786,,0.06175076452599388,,eval_data\mixed\en_1715_impulsive_15.wav,,,
fleurs-asr/zipformer-en-sherpa-onnx-cpu,en-asr-1715-impulsive-10,ASR,en,,10.0,impulsive,zipformer-en-sherpa-onnx-cpu,0.7845,652.00390625,0.21875,0.10194174757281553,,0.059977064220183486,,eval_data\mixed\en_1715_impulsive_10.wav,,,
fleurs-asr/zipformer-en-sherpa-onnx-cpu,en-asr-1715-impulsive-5,ASR,en,,5.0,impulsive,zipformer-en-sherpa-onnx-cpu,0.8212,652.00390625,0.21875,0.10679611650485436,,0.062782874617737,,eval_data\mixed\en_1715_impulsive_5.wav,,,
fleurs-asr/zipformer-en-sherpa-onnx-cpu,en-asr-1715-impulsive-0,ASR,en,,0.0,impulsive,zipformer-en-sherpa-onnx-cpu,0.9278,652.00390625,0.21875,0.10679611650485436,,0.07093272171253823,,eval_data\mixed\en_1715_impulsive_0.wav,,,
fleurs-asr/zipformer-en-sherpa-onnx-cpu,en-asr-1924-clean,ASR,en,,,clean,zipformer-en-sherpa-onnx-cpu,0.7681,652.00390625,0.4482758620689655,0.3424657534246575,,0.05926697530864197,,eval_data\mixed\en_1924_clean.wav,,,
fleurs-asr/zipformer-en-sherpa-onnx-cpu,en-asr-1924-steady-15,ASR,en,,15.0,steady,zipformer-en-sherpa-onnx-cpu,0.7919,652.00390625,0.4827586206896552,0.3356164383561644,,0.0611033950617284,,eval_data\mixed\en_1924_steady_15.wav,,,
fleurs-asr/zipformer-en-sherpa-onnx-cpu,en-asr-1924-steady-10,ASR,en,,10.0,steady,zipformer-en-sherpa-onnx-cpu,0.7905,652.00390625,0.4482758620689655,0.3561643835616438,,0.060995370370370366,,eval_data\mixed\en_1924_steady_10.wav,,,
fleurs-asr/zipformer-en-sherpa-onnx-cpu,en-asr-1924-steady-5,ASR,en,,5.0,steady,zipformer-en-sherpa-onnx-cpu,0.791,652.00390625,0.4827586206896552,0.3904109589041096,,0.06103395061728395,,eval_data\mixed\en_1924_steady_5.wav,,,
fleurs-asr/zipformer-en-sherpa-onnx-cpu,en-asr-1924-steady-0,ASR,en,,0.0,steady,zipformer-en-sherpa-onnx-cpu,0.7683,652.00390625,0.6551724137931034,0.4726027397260274,,0.0592824074074074,,eval_data\mixed\en_1924_steady_0.wav,,,
fleurs-asr/zipformer-en-sherpa-onnx-cpu,en-asr-1924-impulsive-15,ASR,en,,15.0,impulsive,zipformer-en-sherpa-onnx-cpu,0.7663,652.00390625,0.5172413793103449,0.3835616438356164,,0.05912808641975308,,eval_data\mixed\en_1924_impulsive_15.wav,,,
fleurs-asr/zipformer-en-sherpa-onnx-cpu,en-asr-1924-impulsive-10,ASR,en,,10.0,impulsive,zipformer-en-sherpa-onnx-cpu,0.808,652.00390625,0.5172413793103449,0.3835616438356164,,0.06234567901234568,,eval_data\mixed\en_1924_impulsive_10.wav,,,
fleurs-asr/zipformer-en-sherpa-onnx-cpu,en-asr-1924-impulsive-5,ASR,en,,5.0,impulsive,zipformer-en-sherpa-onnx-cpu,0.7613,652.00390625,0.4827586206896552,0.363013698630137,,0.05874228395061728,,eval_data\mixed\en_1924_impulsive_5.wav,,,
fleurs-asr/zipformer-en-sherpa-onnx-cpu,en-asr-1924-impulsive-0,ASR,en,,0.0,impulsive,zipformer-en-sherpa-onnx-cpu,0.801,652.00390625,0.5517241379310345,0.4315068493150685,,0.06180555555555556,,eval_data\mixed\en_1924_impulsive_0.wav,,,
fleurs-asr/zipformer-en-sherpa-onnx-cpu,en-asr-1680-clean,ASR,en,,,clean,zipformer-en-sherpa-onnx-cpu,0.8274,652.99609375,0.038461538461538464,0.029197080291970802,,0.05560483870967742,,eval_data\mixed\en_1680_clean.wav,,,
fleurs-asr/zipformer-en-sherpa-onnx-cpu,en-asr-1680-steady-15,ASR,en,,15.0,steady,zipformer-en-sherpa-onnx-cpu,0.8426,653.49609375,0.07692307692307693,0.058394160583941604,,0.056626344086021504,,eval_data\mixed\en_1680_steady_15.wav,,,
fleurs-asr/zipformer-en-sherpa-onnx-cpu,en-asr-1680-steady-10,ASR,en,,10.0,steady,zipformer-en-sherpa-onnx-cpu,0.865,653.49609375,0.2692307692307692,0.1678832116788321,,0.058131720430107524,,eval_data\mixed\en_1680_steady_10.wav,,,
fleurs-asr/zipformer-en-sherpa-onnx-cpu,en-asr-1680-steady-5,ASR,en,,5.0,steady,zipformer-en-sherpa-onnx-cpu,0.8704,653.5,0.5384615384615384,0.3795620437956204,,0.05849462365591397,,eval_data\mixed\en_1680_steady_5.wav,,,
fleurs-asr/zipformer-en-sherpa-onnx-cpu,en-asr-1680-steady-0,ASR,en,,0.0,steady,zipformer-en-sherpa-onnx-cpu,0.8799,653.50390625,0.8846153846153846,0.7737226277372263,,0.05913306451612903,,eval_data\mixed\en_1680_steady_0.wav,,,
fleurs-asr/zipformer-en-sherpa-onnx-cpu,en-asr-1680-impulsive-15,ASR,en,,15.0,impulsive,zipformer-en-sherpa-onnx-cpu,0.9307,653.5078125,0.07692307692307693,0.0364963503649635,,0.06254704301075269,,eval_data\mixed\en_1680_impulsive_15.wav,,,
fleurs-asr/zipformer-en-sherpa-onnx-cpu,en-asr-1680-impulsive-10,ASR,en,,10.0,impulsive,zipformer-en-sherpa-onnx-cpu,0.8147,653.5078125,0.07692307692307693,0.0364963503649635,,0.0547513440860215,,eval_data\mixed\en_1680_impulsive_10.wav,,,
fleurs-asr/zipformer-en-sherpa-onnx-cpu,en-asr-1680-impulsive-5,ASR,en,,5.0,impulsive,zipformer-en-sherpa-onnx-cpu,0.9057,653.51171875,0.07692307692307693,0.0364963503649635,,0.06086693548387096,,eval_data\mixed\en_1680_impulsive_5.wav,,,
fleurs-asr/zipformer-en-sherpa-onnx-cpu,en-asr-1680-impulsive-0,ASR,en,,0.0,impulsive,zipformer-en-sherpa-onnx-cpu,0.9003,653.51171875,0.07692307692307693,0.0364963503649635,,0.06050403225806451,,eval_data\mixed\en_1680_impulsive_0.wav,,,
fleurs-asr/zipformer-en-sherpa-onnx-cpu,en-asr-1909-clean,ASR,en,,,clean,zipformer-en-sherpa-onnx-cpu,0.5102,653.51171875,0.2777777777777778,0.09734513274336283,,0.08176282051282051,,eval_data\mixed\en_1909_clean.wav,,,
fleurs-asr/zipformer-en-sherpa-onnx-cpu,en-asr-1909-steady-15,ASR,en,,15.0,steady,zipformer-en-sherpa-onnx-cpu,0.3702,653.51171875,0.2222222222222222,0.08849557522123894,,0.05932692307692307,,eval_data\mixed\en_1909_steady_15.wav,,,
fleurs-asr/zipformer-en-sherpa-onnx-cpu,en-asr-1909-steady-10,ASR,en,,10.0,steady,zipformer-en-sherpa-onnx-cpu,0.328,653.51171875,0.2222222222222222,0.08849557522123894,,0.052564102564102565,,eval_data\mixed\en_1909_steady_10.wav,,,
fleurs-asr/zipformer-en-sherpa-onnx-cpu,en-asr-1909-steady-5,ASR,en,,5.0,steady,zipformer-en-sherpa-onnx-cpu,0.3344,653.51171875,0.6666666666666666,0.4336283185840708,,0.05358974358974358,,eval_data\mixed\en_1909_steady_5.wav,,,
fleurs-asr/zipformer-en-sherpa-onnx-cpu,en-asr-1909-steady-0,ASR,en,,0.0,steady,zipformer-en-sherpa-onnx-cpu,0.3144,653.51171875,0.7222222222222222,0.4690265486725664,,0.05038461538461538,,eval_data\mixed\en_1909_steady_0.wav,,,
fleurs-asr/zipformer-en-sherpa-onnx-cpu,en-asr-1909-impulsive-15,ASR,en,,15.0,impulsive,zipformer-en-sherpa-onnx-cpu,0.3429,653.51171875,0.3333333333333333,0.1415929203539823,,0.05495192307692307,,eval_data\mixed\en_1909_impulsive_15.wav,,,
fleurs-asr/zipformer-en-sherpa-onnx-cpu,en-asr-1909-impulsive-10,ASR,en,,10.0,impulsive,zipformer-en-sherpa-onnx-cpu,0.378,653.51171875,0.3333333333333333,0.1415929203539823,,0.06057692307692308,,eval_data\mixed\en_1909_impulsive_10.wav,,,
fleurs-asr/zipformer-en-sherpa-onnx-cpu,en-asr-1909-impulsive-5,ASR,en,,5.0,impulsive,zipformer-en-sherpa-onnx-cpu,0.3236,653.51171875,0.3333333333333333,0.13274336283185842,,0.05185897435897436,,eval_data\mixed\en_1909_impulsive_5.wav,,,
fleurs-asr/zipformer-en-sherpa-onnx-cpu,en-asr-1909-impulsive-0,ASR,en,,0.0,impulsive,zipformer-en-sherpa-onnx-cpu,0.3969,653.51171875,0.3333333333333333,0.168141592920354,,0.06360576923076923,,eval_data\mixed\en_1909_impulsive_0.wav,,,
fleurs-asr/zipformer-en-sherpa-onnx-cpu,en-asr-2004-clean,ASR,en,,,clean,zipformer-en-sherpa-onnx-cpu,0.3325,653.51171875,0.5882352941176471,0.24242424242424243,,0.04777298850574713,,eval_data\mixed\en_2004_clean.wav,,,
fleurs-asr/zipformer-en-sherpa-onnx-cpu,en-asr-2004-steady-15,ASR,en,,15.0,steady,zipformer-en-sherpa-onnx-cpu,0.3729,653.51171875,0.47058823529411764,0.26262626262626265,,0.05357758620689655,,eval_data\mixed\en_2004_steady_15.wav,,,
fleurs-asr/zipformer-en-sherpa-onnx-cpu,en-asr-2004-steady-10,ASR,en,,10.0,steady,zipformer-en-sherpa-onnx-cpu,0.3802,653.51171875,0.5294117647058824,0.26262626262626265,,0.054626436781609194,,eval_data\mixed\en_2004_steady_10.wav,,,
fleurs-asr/zipformer-en-sherpa-onnx-cpu,en-asr-2004-steady-5,ASR,en,,5.0,steady,zipformer-en-sherpa-onnx-cpu,0.4207,653.51171875,0.5882352941176471,0.29292929292929293,,0.06044540229885058,,eval_data\mixed\en_2004_steady_5.wav,,,
fleurs-asr/zipformer-en-sherpa-onnx-cpu,en-asr-2004-steady-0,ASR,en,,0.0,steady,zipformer-en-sherpa-onnx-cpu,0.3538,653.51171875,0.8823529411764706,0.7474747474747475,,0.050833333333333335,,eval_data\mixed\en_2004_steady_0.wav,,,
fleurs-asr/zipformer-en-sherpa-onnx-cpu,en-asr-2004-impulsive-15,ASR,en,,15.0,impulsive,zipformer-en-sherpa-onnx-cpu,0.4101,653.51171875,0.6470588235294118,0.26262626262626265,,0.05892241379310345,,eval_data\mixed\en_2004_impulsive_15.wav,,,
fleurs-asr/zipformer-en-sherpa-onnx-cpu,en-asr-2004-impulsive-10,ASR,en,,10.0,impulsive,zipformer-en-sherpa-onnx-cpu,0.3829,653.51171875,0.5294117647058824,0.25252525252525254,,0.05501436781609196,,eval_data\mixed\en_2004_impulsive_10.wav,,,
fleurs-asr/zipformer-en-sherpa-onnx-cpu,en-asr-2004-impulsive-5,ASR,en,,5.0,impulsive,zipformer-en-sherpa-onnx-cpu,0.368,653.51171875,0.5294117647058824,0.25252525252525254,,0.052873563218390804,,eval_data\mixed\en_2004_impulsive_5.wav,,,
fleurs-asr/zipformer-en-sherpa-onnx-cpu,en-asr-2004-impulsive-0,ASR,en,,0.0,impulsive,zipformer-en-sherpa-onnx-cpu,0.2805,653.51171875,0.47058823529411764,0.24242424242424243,,0.04030172413793104,,eval_data\mixed\en_2004_impulsive_0.wav,,,
fleurs-asr/zipformer-en-sherpa-onnx-cpu,en-asr-1836-clean,ASR,en,,,clean,zipformer-en-sherpa-onnx-cpu,0.7512,653.51171875,0.11428571428571428,0.06862745098039216,,0.054912280701754385,,eval_data\mixed\en_1836_clean.wav,,,
fleurs-asr/zipformer-en-sherpa-onnx-cpu,en-asr-1836-steady-15,ASR,en,,15.0,steady,zipformer-en-sherpa-onnx-cpu,0.8323,653.51171875,0.11428571428571428,0.06372549019607843,,0.060840643274853806,,eval_data\mixed\en_1836_steady_15.wav,,,
fleurs-asr/zipformer-en-sherpa-onnx-cpu,en-asr-1836-steady-10,ASR,en,,10.0,steady,zipformer-en-sherpa-onnx-cpu,0.8911,653.51171875,0.2,0.09803921568627451,,0.06513888888888889,,eval_data\mixed\en_1836_steady_10.wav,,,
fleurs-asr/zipformer-en-sherpa-onnx-cpu,en-asr-1836-steady-5,ASR,en,,5.0,steady,zipformer-en-sherpa-onnx-cpu,0.7426,653.53125,0.34285714285714286,0.27450980392156865,,0.054283625730994156,,eval_data\mixed\en_1836_steady_5.wav,,,
fleurs-asr/zipformer-en-sherpa-onnx-cpu,en-asr-1836-steady-0,ASR,en,,0.0,steady,zipformer-en-sherpa-onnx-cpu,0.7365,653.53125,0.4857142857142857,0.4264705882352941,,0.05383771929824562,,eval_data\mixed\en_1836_steady_0.wav,,,
fleurs-asr/zipformer-en-sherpa-onnx-cpu,en-asr-1836-impulsive-15,ASR,en,,15.0,impulsive,zipformer-en-sherpa-onnx-cpu,0.7539,653.53125,0.11428571428571428,0.06862745098039216,,0.05510964912280702,,eval_data\mixed\en_1836_impulsive_15.wav,,,
fleurs-asr/zipformer-en-sherpa-onnx-cpu,en-asr-1836-impulsive-10,ASR,en,,10.0,impulsive,zipformer-en-sherpa-onnx-cpu,1.1155,653.53125,0.17142857142857143,0.09313725490196079,,0.08154239766081871,,eval_data\mixed\en_1836_impulsive_10.wav,,,
fleurs-asr/zipformer-en-sherpa-onnx-cpu,en-asr-1836-impulsive-5,ASR,en,,5.0,impulsive,zipformer-en-sherpa-onnx-cpu,1.2033,653.53125,0.17142857142857143,0.09313725490196079,,0.08796052631578948,,eval_data\mixed\en_1836_impulsive_5.wav,,,
fleurs-asr/zipformer-en-sherpa-onnx-cpu,en-asr-1836-impulsive-0,ASR,en,,0.0,impulsive,zipformer-en-sherpa-onnx-cpu,1.1587,653.53125,0.17142857142857143,0.09313725490196079,,0.08470029239766083,,eval_data\mixed\en_1836_impulsive_0.wav,,,
fleurs-asr/zipformer-en-sherpa-onnx-cpu,en-asr-1896-clean,ASR,en,,,clean,zipformer-en-sherpa-onnx-cpu,0.6157,653.53125,0.24242424242424243,0.07407407407407407,,0.05400877192982456,,eval_data\mixed\en_1896_clean.wav,,,
fleurs-asr/zipformer-en-sherpa-onnx-cpu,en-asr-1896-steady-15,ASR,en,,15.0,steady,zipformer-en-sherpa-onnx-cpu,0.6786,655.44140625,0.21212121212121213,0.06349206349206349,,0.059526315789473684,,eval_data\mixed\en_1896_steady_15.wav,,,
fleurs-asr/zipformer-en-sherpa-onnx-cpu,en-asr-1896-steady-10,ASR,en,,10.0,steady,zipformer-en-sherpa-onnx-cpu,0.6729,655.44140625,0.3333333333333333,0.13227513227513227,,0.059026315789473684,,eval_data\mixed\en_1896_steady_10.wav,,,
fleurs-asr/zipformer-en-sherpa-onnx-cpu,en-asr-1896-steady-5,ASR,en,,5.0,steady,zipformer-en-sherpa-onnx-cpu,0.5286,655.44140625,0.36363636363636365,0.14285714285714285,,0.04636842105263157,,eval_data\mixed\en_1896_steady_5.wav,,,
fleurs-asr/zipformer-en-sherpa-onnx-cpu,en-asr-1896-steady-0,ASR,en,,0.0,steady,zipformer-en-sherpa-onnx-cpu,0.5881,655.44140625,0.5454545454545454,0.43915343915343913,,0.051587719298245606,,eval_data\mixed\en_1896_steady_0.wav,,,
fleurs-asr/zipformer-en-sherpa-onnx-cpu,en-asr-1896-impulsive-15,ASR,en,,15.0,impulsive,zipformer-en-sherpa-onnx-cpu,0.739,655.44140625,0.21212121212121213,0.06349206349206349,,0.06482456140350877,,eval_data\mixed\en_1896_impulsive_15.wav,,,
fleurs-asr/zipformer-en-sherpa-onnx-cpu,en-asr-1896-impulsive-10,ASR,en,,10.0,impulsive,zipformer-en-sherpa-onnx-cpu,0.7565,655.44140625,0.3333333333333333,0.13756613756613756,,0.06635964912280701,,eval_data\mixed\en_1896_impulsive_10.wav,,,
fleurs-asr/zipformer-en-sherpa-onnx-cpu,en-asr-1896-impulsive-5,ASR,en,,5.0,impulsive,zipformer-en-sherpa-onnx-cpu,0.6641,655.44140625,0.3333333333333333,0.13756613756613756,,0.05825438596491228,,eval_data\mixed\en_1896_impulsive_5.wav,,,
fleurs-asr/zipformer-en-sherpa-onnx-cpu,en-asr-1896-impulsive-0,ASR,en,,0.0,impulsive,zipformer-en-sherpa-onnx-cpu,0.6849,655.44140625,0.3333333333333333,0.13756613756613756,,0.060078947368421044,,eval_data\mixed\en_1896_impulsive_0.wav,,,
fleurs-asr/zipformer-en-sherpa-onnx-cpu,en-asr-1973-clean,ASR,en,,,clean,zipformer-en-sherpa-onnx-cpu,0.5474,655.48828125,0.09090909090909091,0.06060606060606061,,0.054959839357429714,,eval_data\mixed\en_1973_clean.wav,,,
fleurs-asr/zipformer-en-sherpa-onnx-cpu,en-asr-1973-steady-15,ASR,en,,15.0,steady,zipformer-en-sherpa-onnx-cpu,0.5167,655.48828125,0.12121212121212122,0.08484848484848485,,0.05187751004016064,,eval_data\mixed\en_1973_steady_15.wav,,,
fleurs-asr/zipformer-en-sherpa-onnx-cpu,en-asr-1973-steady-10,ASR,en,,10.0,steady,zipformer-en-sherpa-onnx-cpu,0.3932,655.49609375,0.21212121212121213,0.14545454545454545,,0.039477911646586344,,eval_data\mixed\en_1973_steady_10.wav,,,
fleurs-asr/zipformer-en-sherpa-onnx-cpu,en-asr-1973-steady-5,ASR,en,,5.0,steady,zipformer-en-sherpa-onnx-cpu,0.368,655.49609375,0.5454545454545454,0.36363636363636365,,0.03694779116465863,,eval_data\mixed\en_1973_steady_5.wav,,,
fleurs-asr/zipformer-en-sherpa-onnx-cpu,en-asr-1973-steady-0,ASR,en,,0.0,steady,zipformer-en-sherpa-onnx-cpu,0.453,655.49609375,0.9090909090909091,0.7272727272727273,,0.04548192771084337,,eval_data\mixed\en_1973_steady_0.wav,,,
fleurs-asr/zipformer-en-sherpa-onnx-cpu,en-asr-1973-impulsive-15,ASR,en,,15.0,impulsive,zipformer-en-sherpa-onnx-cpu,0.5753,655.49609375,0.21212121212121213,0.15757575757575756,,0.05776104417670683,,eval_data\mixed\en_1973_impulsive_15.wav,,,
fleurs-asr/zipformer-en-sherpa-onnx-cpu,en-asr-1973-impulsive-10,ASR,en,,10.0,impulsive,zipformer-en-sherpa-onnx-cpu,0.6523,655.49609375,0.21212121212121213,0.14545454545454545,,0.06549196787148594,,eval_data\mixed\en_1973_impulsive_10.wav,,,
fleurs-asr/zipformer-en-sherpa-onnx-cpu,en-asr-1973-impulsive-5,ASR,en,,5.0,impulsive,zipformer-en-sherpa-onnx-cpu,0.5139,655.49609375,0.21212121212121213,0.14545454545454545,,0.05159638554216867,,eval_data\mixed\en_1973_impulsive_5.wav,,,
fleurs-asr/zipformer-en-sherpa-onnx-cpu,en-asr-1973-impulsive-0,ASR,en,,0.0,impulsive,zipformer-en-sherpa-onnx-cpu,0.5884,655.5,0.21212121212121213,0.14545454545454545,,0.05907630522088353,,eval_data\mixed\en_1973_impulsive_0.wav,,,
fleurs-asr/zipformer-en-sherpa-onnx-cpu,en-asr-1913-clean,ASR,en,,,clean,zipformer-en-sherpa-onnx-cpu,0.4424,655.5,0.2857142857142857,0.14814814814814814,,0.06764525993883792,,eval_data\mixed\en_1913_clean.wav,,,
fleurs-asr/zipformer-en-sherpa-onnx-cpu,en-asr-1913-steady-15,ASR,en,,15.0,steady,zipformer-en-sherpa-onnx-cpu,0.379,655.5,0.2857142857142857,0.1388888888888889,,0.057951070336391436,,eval_data\mixed\en_1913_steady_15.wav,,,
fleurs-asr/zipformer-en-sherpa-onnx-cpu,en-asr-1913-steady-10,ASR,en,,10.0,steady,zipformer-en-sherpa-onnx-cpu,0.3107,655.5,0.2857142857142857,0.12962962962962962,,0.047507645259938835,,eval_data\mixed\en_1913_steady_10.wav,,,
fleurs-asr/zipformer-en-sherpa-onnx-cpu,en-asr-1913-steady-5,ASR,en,,5.0,steady,zipformer-en-sherpa-onnx-cpu,0.3623,655.5,0.2857142857142857,0.1388888888888889,,0.055397553516819575,,eval_data\mixed\en_1913_steady_5.wav,,,
fleurs-asr/zipformer-en-sherpa-onnx-cpu,en-asr-1913-steady-0,ASR,en,,0.0,steady,zipformer-en-sherpa-onnx-cpu,0.3868,655.5,0.47619047619047616,0.32407407407407407,,0.05914373088685015,,eval_data\mixed\en_1913_steady_0.wav,,,
fleurs-asr/zipformer-en-sherpa-onnx-cpu,en-asr-1913-impulsive-15,ASR,en,,15.0,impulsive,zipformer-en-sherpa-onnx-cpu,0.3296,655.5,0.2857142857142857,0.14814814814814814,,0.05039755351681957,,eval_data\mixed\en_1913_impulsive_15.wav,,,
fleurs-asr/zipformer-en-sherpa-onnx-cpu,en-asr-1913-impulsive-10,ASR,en,,10.0,impulsive,zipformer-en-sherpa-onnx-cpu,0.3863,655.5,0.2857142857142857,0.14814814814814814,,0.05906727828746177,,eval_data\mixed\en_1913_impulsive_10.wav,,,
fleurs-asr/zipformer-en-sherpa-onnx-cpu,en-asr-1913-impulsive-5,ASR,en,,5.0,impulsive,zipformer-en-sherpa-onnx-cpu,0.3526,655.5,0.2857142857142857,0.14814814814814814,,0.05391437308868502,,eval_data\mixed\en_1913_impulsive_5.wav,,,
fleurs-asr/zipformer-en-sherpa-onnx-cpu,en-asr-1913-impulsive-0,ASR,en,,0.0,impulsive,zipformer-en-sherpa-onnx-cpu,0.3893,655.5,0.2857142857142857,0.14814814814814814,,0.059525993883792046,,eval_data\mixed\en_1913_impulsive_0.wav,,,
fleurs-asr/zipformer-en-sherpa-onnx-cpu,en-asr-1790-clean,ASR,en,,,clean,zipformer-en-sherpa-onnx-cpu,0.7453,655.8828125,0.21428571428571427,0.125,,0.05750771604938271,,eval_data\mixed\en_1790_clean.wav,,,
fleurs-asr/zipformer-en-sherpa-onnx-cpu,en-asr-1790-steady-15,ASR,en,,15.0,steady,zipformer-en-sherpa-onnx-cpu,0.6384,655.8828125,0.25,0.15,,0.04925925925925925,,eval_data\mixed\en_1790_steady_15.wav,,,
fleurs-asr/zipformer-en-sherpa-onnx-cpu,en-asr-1790-steady-10,ASR,en,,10.0,steady,zipformer-en-sherpa-onnx-cpu,0.7014,655.8828125,0.35714285714285715,0.18125,,0.05412037037037037,,eval_data\mixed\en_1790_steady_10.wav,,,
fleurs-asr/zipformer-en-sherpa-onnx-cpu,en-asr-1790-steady-5,ASR,en,,5.0,steady,zipformer-en-sherpa-onnx-cpu,0.6389,655.8828125,0.5357142857142857,0.2625,,0.049297839506172836,,eval_data\mixed\en_1790_steady_5.wav,,,
fleurs-asr/zipformer-en-sherpa-onnx-cpu,en-asr-1790-steady-0,ASR,en,,0.0,steady,zipformer-en-sherpa-onnx-cpu,0.8804,655.8828125,0.5,0.3125,,0.06793209876543209,,eval_data\mixed\en_1790_steady_0.wav,,,
fleurs-asr/zipformer-en-sherpa-onnx-cpu,en-asr-1790-impulsive-15,ASR,en,,15.0,impulsive,zipformer-en-sherpa-onnx-cpu,0.7625,655.8828125,0.21428571428571427,0.13125,,0.05883487654320987,,eval_data\mixed\en_1790_impulsive_15.wav,,,
fleurs-asr/zipformer-en-sherpa-onnx-cpu,en-asr-1790-impulsive-10,ASR,en,,10.0,impulsive,zipformer-en-sherpa-onnx-cpu,0.7157,655.8828125,0.21428571428571427,0.13125,,0.05522376543209876,,eval_data\mixed\en_1790_impulsive_10.wav,,,
fleurs-asr/zipformer-en-sherpa-onnx-cpu,en-asr-1790-impulsive-5,ASR,en,,5.0,impulsive,zipformer-en-sherpa-onnx-cpu,0.7837,655.8828125,0.21428571428571427,0.13125,,0.06047067901234567,,eval_data\mixed\en_1790_impulsive_5.wav,,,
fleurs-asr/zipformer-en-sherpa-onnx-cpu,en-asr-1790-impulsive-0,ASR,en,,0.0,impulsive,zipformer-en-sherpa-onnx-cpu,0.7633,655.8828125,0.25,0.15,,0.0588966049382716,,eval_data\mixed\en_1790_impulsive_0.wav,,,
fleurs-asr/zipformer-en-sherpa-onnx-cpu,en-asr-1692-clean,ASR,en,,,clean,zipformer-en-sherpa-onnx-cpu,0.6127,655.8828125,0.4,0.13131313131313133,,0.05925531914893618,,eval_data\mixed\en_1692_clean.wav,,,
fleurs-asr/zipformer-en-sherpa-onnx-cpu,en-asr-1692-steady-15,ASR,en,,15.0,steady,zipformer-en-sherpa-onnx-cpu,0.6271,655.8828125,0.3333333333333333,0.20202020202020202,,0.060647969052224374,,eval_data\mixed\en_1692_steady_15.wav,,,
fleurs-asr/zipformer-en-sherpa-onnx-cpu,en-asr-1692-steady-10,ASR,en,,10.0,steady,zipformer-en-sherpa-onnx-cpu,0.8448,655.8828125,0.4,0.20202020202020202,,0.08170212765957446,,eval_data\mixed\en_1692_steady_10.wav,,,
fleurs-asr/zipformer-en-sherpa-onnx-cpu,en-asr-1692-steady-5,ASR,en,,5.0,steady,zipformer-en-sherpa-onnx-cpu,0.7753,655.8828125,0.5333333333333333,0.24242424242424243,,0.07498065764023211,,eval_data\mixed\en_1692_steady_5.wav,,,
fleurs-asr/zipformer-en-sherpa-onnx-cpu,en-asr-1692-steady-0,ASR,en,,0.0,steady,zipformer-en-sherpa-onnx-cpu,0.9014,655.8828125,0.7333333333333333,0.47474747474747475,,0.08717601547388781,,eval_data\mixed\en_1692_steady_0.wav,,,
fleurs-asr/zipformer-en-sherpa-onnx-cpu,en-asr-1692-impulsive-15,ASR,en,,15.0,impulsive,zipformer-en-sherpa-onnx-cpu,0.772,655.8828125,0.4,0.1414141414141414,,0.0746615087040619,,eval_data\mixed\en_1692_impulsive_15.wav,,,
fleurs-asr/zipformer-en-sherpa-onnx-cpu,en-asr-1692-impulsive-10,ASR,en,,10.0,impulsive,zipformer-en-sherpa-onnx-cpu,0.5883,655.8828125,0.4666666666666667,0.20202020202020202,,0.05689555125725339,,eval_data\mixed\en_1692_impulsive_10.wav,,,
fleurs-asr/zipformer-en-sherpa-onnx-cpu,en-asr-1692-impulsive-5,ASR,en,,5.0,impulsive,zipformer-en-sherpa-onnx-cpu,0.705,655.8828125,0.4666666666666667,0.24242424242424243,,0.06818181818181818,,eval_data\mixed\en_1692_impulsive_5.wav,,,
fleurs-asr/zipformer-en-sherpa-onnx-cpu,en-asr-1692-impulsive-0,ASR,en,,0.0,impulsive,zipformer-en-sherpa-onnx-cpu,0.5625,655.8828125,0.4,0.15151515151515152,,0.05440038684719536,,eval_data\mixed\en_1692_impulsive_0.wav,,,
fleurs-asr/zipformer-en-sherpa-onnx-cpu,en-asr-1711-clean,ASR,en,,,clean,zipformer-en-sherpa-onnx-cpu,0.5917,655.8828125,0.058823529411764705,0.05056179775280899,,0.060132113821138214,,eval_data\mixed\en_1711_clean.wav,,,
fleurs-asr/zipformer-en-sherpa-onnx-cpu,en-asr-1711-steady-15,ASR,en,,15.0,steady,zipformer-en-sherpa-onnx-cpu,0.5643,655.8828125,0.058823529411764705,0.05056179775280899,,0.05734756097560976,,eval_data\mixed\en_1711_steady_15.wav,,,
fleurs-asr/zipformer-en-sherpa-onnx-cpu,en-asr-1711-steady-10,ASR,en,,10.0,steady,zipformer-en-sherpa-onnx-cpu,0.6062,655.8828125,0.08823529411764706,0.056179775280898875,,0.061605691056910564,,eval_data\mixed\en_1711_steady_10.wav,,,
fleurs-asr/zipformer-en-sherpa-onnx-cpu,en-asr-1711-steady-5,ASR,en,,5.0,steady,zipformer-en-sherpa-onnx-cpu,0.649,655.8828125,0.20588235294117646,0.12359550561797752,,0.06595528455284554,,eval_data\mixed\en_1711_steady_5.wav,,,
fleurs-asr/zipformer-en-sherpa-onnx-cpu,en-asr-1711-steady-0,ASR,en,,0.0,steady,zipformer-en-sherpa-onnx-cpu,0.5633,655.8828125,0.5588235294117647,0.37640449438202245,,0.0572459349593496,,eval_data\mixed\en_1711_steady_0.wav,,,
fleurs-asr/zipformer-en-sherpa-onnx-cpu,en-asr-1711-impulsive-15,ASR,en,,15.0,impulsive,zipformer-en-sherpa-onnx-cpu,0.6745,655.8828125,0.08823529411764706,0.08426966292134831,,0.06854674796747967,,eval_data\mixed\en_1711_impulsive_15.wav,,,
fleurs-asr/zipformer-en-sherpa-onnx-cpu,en-asr-1711-impulsive-10,ASR,en,,10.0,impulsive,zipformer-en-sherpa-onnx-cpu,0.5424,655.8828125,0.08823529411764706,0.08426966292134831,,0.055121951219512196,,eval_data\mixed\en_1711_impulsive_10.wav,,,
fleurs-asr/zipformer-en-sherpa-onnx-cpu,en-asr-1711-impulsive-5,ASR,en,,5.0,impulsive,zipformer-en-sherpa-onnx-cpu,0.5693,655.8828125,0.058823529411764705,0.05056179775280899,,0.057855691056910574,,eval_data\mixed\en_1711_impulsive_5.wav,,,
fleurs-asr/zipformer-en-sherpa-onnx-cpu,en-asr-1711-impulsive-0,ASR,en,,0.0,impulsive,zipformer-en-sherpa-onnx-cpu,0.4478,655.8828125,0.058823529411764705,0.05056179775280899,,0.045508130081300814,,eval_data\mixed\en_1711_impulsive_0.wav,,,
fleurs-asr/zipformer-en-sherpa-onnx-cpu,en-asr-1793-clean,ASR,en,,,clean,zipformer-en-sherpa-onnx-cpu,0.5868,655.8828125,0.13636363636363635,0.07142857142857142,,0.07086956521739131,,eval_data\mixed\en_1793_clean.wav,,,
fleurs-asr/zipformer-en-sherpa-onnx-cpu,en-asr-1793-steady-15,ASR,en,,15.0,steady,zipformer-en-sherpa-onnx-cpu,0.5879,655.8828125,0.045454545454545456,0.023809523809523808,,0.07100241545893721,,eval_data\mixed\en_1793_steady_15.wav,,,
fleurs-asr/zipformer-en-sherpa-onnx-cpu,en-asr-1793-steady-10,ASR,en,,10.0,steady,zipformer-en-sherpa-onnx-cpu,0.4683,655.8828125,0.22727272727272727,0.09523809523809523,,0.05655797101449276,,eval_data\mixed\en_1793_steady_10.wav,,,
fleurs-asr/zipformer-en-sherpa-onnx-cpu,en-asr-1793-steady-5,ASR,en,,5.0,steady,zipformer-en-sherpa-onnx-cpu,0.5028,655.8828125,0.22727272727272727,0.07142857142857142,,0.060724637681159425,,eval_data\mixed\en_1793_steady_5.wav,,,
fleurs-asr/zipformer-en-sherpa-onnx-cpu,en-asr-1793-steady-0,ASR,en,,0.0,steady,zipformer-en-sherpa-onnx-cpu,0.4036,655.8828125,0.6363636363636364,0.2777777777777778,,0.04874396135265701,,eval_data\mixed\en_1793_steady_0.wav,,,
fleurs-asr/zipformer-en-sherpa-onnx-cpu,en-asr-1793-impulsive-15,ASR,en,,15.0,impulsive,zipformer-en-sherpa-onnx-cpu,0.4711,655.8828125,0.13636363636363635,0.05555555555555555,,0.05689613526570049,,eval_data\mixed\en_1793_impulsive_15.wav,,,
fleurs-asr/zipformer-en-sherpa-onnx-cpu,en-asr-1793-impulsive-10,ASR,en,,10.0,impulsive,zipformer-en-sherpa-onnx-cpu,0.3789,655.8828125,0.18181818181818182,0.05555555555555555,,0.045760869565217396,,eval_data\mixed\en_1793_impulsive_10.wav,,,
fleurs-asr/zipformer-en-sherpa-onnx-cpu,en-asr-1793-impulsive-5,ASR,en,,5.0,impulsive,zipformer-en-sherpa-onnx-cpu,0.4969,655.8828125,0.18181818181818182,0.09523809523809523,,0.060012077294685995,,eval_data\mixed\en_1793_impulsive_5.wav,,,
fleurs-asr/zipformer-en-sherpa-onnx-cpu,en-asr-1793-impulsive-0,ASR,en,,0.0,impulsive,zipformer-en-sherpa-onnx-cpu,0.3741,655.8828125,0.22727272727272727,0.10317460317460317,,0.04518115942028986,,eval_data\mixed\en_1793_impulsive_0.wav,,,
fleurs-asr/zipformer-en-sherpa-onnx-cpu,en-asr-1738-clean,ASR,en,,,clean,zipformer-en-sherpa-onnx-cpu,0.3431,655.8828125,1.0,1.0,,0.04143719806763285,,eval_data\mixed\en_1738_clean.wav,,,
fleurs-asr/zipformer-en-sherpa-onnx-cpu,en-asr-1738-steady-15,ASR,en,,15.0,steady,zipformer-en-sherpa-onnx-cpu,0.5219,655.8828125,0.22727272727272727,0.1559633027522936,,0.06303140096618358,,eval_data\mixed\en_1738_steady_15.wav,,,
fleurs-asr/zipformer-en-sherpa-onnx-cpu,en-asr-1738-steady-10,ASR,en,,10.0,steady,zipformer-en-sherpa-onnx-cpu,0.4325,655.8828125,0.13636363636363635,0.09174311926605505,,0.052234299516908216,,eval_data\mixed\en_1738_steady_10.wav,,,
fleurs-asr/zipformer-en-sherpa-onnx-cpu,en-asr-1738-steady-5,ASR,en,,5.0,steady,zipformer-en-sherpa-onnx-cpu,0.4793,655.8828125,0.18181818181818182,0.14678899082568808,,0.05788647342995169,,eval_data\mixed\en_1738_steady_5.wav,,,
fleurs-asr/zipformer-en-sherpa-onnx-cpu,en-asr-1738-steady-0,ASR,en,,0.0,steady,zipformer-en-sherpa-onnx-cpu,0.4871,655.8828125,0.7727272727272727,0.7155963302752294,,0.058828502415458936,,eval_data\mixed\en_1738_steady_0.wav,,,
fleurs-asr/zipformer-en-sherpa-onnx-cpu,en-asr-1738-impulsive-15,ASR,en,,15.0,impulsive,zipformer-en-sherpa-onnx-cpu,0.3789,655.8828125,0.7727272727272727,0.6605504587155964,,0.045760869565217396,,eval_data\mixed\en_1738_impulsive_15.wav,,,
fleurs-asr/zipformer-en-sherpa-onnx-cpu,en-asr-1738-impulsive-10,ASR,en,,10.0,impulsive,zipformer-en-sherpa-onnx-cpu,0.448,655.8828125,0.6818181818181818,0.6330275229357798,,0.05410628019323672,,eval_data\mixed\en_1738_impulsive_10.wav,,,
fleurs-asr/zipformer-en-sherpa-onnx-cpu,en-asr-1738-impulsive-5,ASR,en,,5.0,impulsive,zipformer-en-sherpa-onnx-cpu,0.3751,655.8828125,0.3181818181818182,0.27522935779816515,,0.04530193236714976,,eval_data\mixed\en_1738_impulsive_5.wav,,,
fleurs-asr/zipformer-en-sherpa-onnx-cpu,en-asr-1738-impulsive-0,ASR,en,,0.0,impulsive,zipformer-en-sherpa-onnx-cpu,0.3913,655.8828125,0.36363636363636365,0.3302752293577982,,0.04725845410628019,,eval_data\mixed\en_1738_impulsive_0.wav,,,
fleurs-asr/zipformer-en-sherpa-onnx-cpu,en-asr-1795-clean,ASR,en,,,clean,zipformer-en-sherpa-onnx-cpu,0.8631,660.41796875,0.1,0.10176991150442478,,0.047475247524752476,,eval_data\mixed\en_1795_clean.wav,,,
fleurs-asr/zipformer-en-sherpa-onnx-cpu,en-asr-1795-steady-15,ASR,en,,15.0,steady,zipformer-en-sherpa-onnx-cpu,1.1128,797.984375,0.1,0.10176991150442478,,0.061210121012101215,,eval_data\mixed\en_1795_steady_15.wav,,,
fleurs-asr/zipformer-en-sherpa-onnx-cpu,en-asr-1795-steady-10,ASR,en,,10.0,steady,zipformer-en-sherpa-onnx-cpu,1.2127,801.328125,0.15,0.12831858407079647,,0.0667051705170517,,eval_data\mixed\en_1795_steady_10.wav,,,
fleurs-asr/zipformer-en-sherpa-onnx-cpu,en-asr-1795-steady-5,ASR,en,,5.0,steady,zipformer-en-sherpa-onnx-cpu,1.289,801.3359375,0.3,0.2610619469026549,,0.0709020902090209,,eval_data\mixed\en_1795_steady_5.wav,,,
fleurs-asr/zipformer-en-sherpa-onnx-cpu,en-asr-1795-steady-0,ASR,en,,0.0,steady,zipformer-en-sherpa-onnx-cpu,1.1651,801.3359375,0.5,0.3938053097345133,,0.0640869086908691,,eval_data\mixed\en_1795_steady_0.wav,,,
fleurs-asr/zipformer-en-sherpa-onnx-cpu,en-asr-1795-impulsive-15,ASR,en,,15.0,impulsive,zipformer-en-sherpa-onnx-cpu,1.1508,801.3359375,0.1,0.09734513274336283,,0.06330033003300331,,eval_data\mixed\en_1795_impulsive_15.wav,,,
fleurs-asr/zipformer-en-sherpa-onnx-cpu,en-asr-1795-impulsive-10,ASR,en,,10.0,impulsive,zipformer-en-sherpa-onnx-cpu,1.271,801.3359375,0.1,0.09734513274336283,,0.06991199119911991,,eval_data\mixed\en_1795_impulsive_10.wav,,,
fleurs-asr/zipformer-en-sherpa-onnx-cpu,en-asr-1795-impulsive-5,ASR,en,,5.0,impulsive,zipformer-en-sherpa-onnx-cpu,1.0919,801.3359375,0.1,0.09734513274336283,,0.06006050605060507,,eval_data\mixed\en_1795_impulsive_5.wav,,,
fleurs-asr/zipformer-en-sherpa-onnx-cpu,en-asr-1795-impulsive-0,ASR,en,,0.0,impulsive,zipformer-en-sherpa-onnx-cpu,0.8672,801.3359375,0.1,0.10176991150442478,,0.0477007700770077,,eval_data\mixed\en_1795_impulsive_0.wav,,,
fleurs-asr/zipformer-en-sherpa-onnx-cpu,en-asr-1733-clean,ASR,en,,,clean,zipformer-en-sherpa-onnx-cpu,0.9639,801.3359375,0.2571428571428571,0.10043668122270742,,0.07369266055045871,,eval_data\mixed\en_1733_clean.wav,,,
fleurs-asr/zipformer-en-sherpa-onnx-cpu,en-asr-1733-steady-15,ASR,en,,15.0,steady,zipformer-en-sherpa-onnx-cpu,0.9179,801.3359375,0.2571428571428571,0.10480349344978165,,0.07017584097859328,,eval_data\mixed\en_1733_steady_15.wav,,,
fleurs-asr/zipformer-en-sherpa-onnx-cpu,en-asr-1733-steady-10,ASR,en,,10.0,steady,zipformer-en-sherpa-onnx-cpu,0.7838,801.3359375,0.22857142857142856,0.08733624454148471,,0.05992354740061163,,eval_data\mixed\en_1733_steady_10.wav,,,
fleurs-asr/zipformer-en-sherpa-onnx-cpu,en-asr-1733-steady-5,ASR,en,,5.0,steady,zipformer-en-sherpa-onnx-cpu,0.726,801.3359375,0.34285714285714286,0.13973799126637554,,0.0555045871559633,,eval_data\mixed\en_1733_steady_5.wav,,,
fleurs-asr/zipformer-en-sherpa-onnx-cpu,en-asr-1733-steady-0,ASR,en,,0.0,steady,zipformer-en-sherpa-onnx-cpu,0.7833,801.3359375,0.6,0.2794759825327511,,0.05988532110091743,,eval_data\mixed\en_1733_steady_0.wav,,,
fleurs-asr/zipformer-en-sherpa-onnx-cpu,en-asr-1733-impulsive-15,ASR,en,,15.0,impulsive,zipformer-en-sherpa-onnx-cpu,0.7557,801.3359375,0.2571428571428571,0.09170305676855896,,0.05777522935779817,,eval_data\mixed\en_1733_impulsive_15.wav,,,
fleurs-asr/zipformer-en-sherpa-onnx-cpu,en-asr-1733-impulsive-10,ASR,en,,10.0,impulsive,zipformer-en-sherpa-onnx-cpu,0.8144,801.3359375,0.2571428571428571,0.09170305676855896,,0.06226299694189603,,eval_data\mixed\en_1733_impulsive_10.wav,,,
fleurs-asr/zipformer-en-sherpa-onnx-cpu,en-asr-1733-impulsive-5,ASR,en,,5.0,impulsive,zipformer-en-sherpa-onnx-cpu,0.6714,801.3359375,0.2571428571428571,0.09170305676855896,,0.0513302752293578,,eval_data\mixed\en_1733_impulsive_5.wav,,,
fleurs-asr/zipformer-en-sherpa-onnx-cpu,en-asr-1733-impulsive-0,ASR,en,,0.0,impulsive,zipformer-en-sherpa-onnx-cpu,0.759,801.3359375,0.2571428571428571,0.09170305676855896,,0.05802752293577982,,eval_data\mixed\en_1733_impulsive_0.wav,,,
fleurs-asr/zipformer-en-sherpa-onnx-cpu,en-asr-1716-clean,ASR,en,,,clean,zipformer-en-sherpa-onnx-cpu,1.2313,801.55859375,0.14285714285714285,0.05864197530864197,,0.06494198312236286,,eval_data\mixed\en_1716_clean.wav,,,
fleurs-asr/zipformer-en-sherpa-onnx-cpu,en-asr-1716-steady-15,ASR,en,,15.0,steady,zipformer-en-sherpa-onnx-cpu,1.3338,810.4921875,0.16326530612244897,0.07098765432098765,,0.07034810126582279,,eval_data\mixed\en_1716_steady_15.wav,,,
fleurs-asr/zipformer-en-sherpa-onnx-cpu,en-asr-1716-steady-10,ASR,en,,10.0,steady,zipformer-en-sherpa-onnx-cpu,1.3676,813.97265625,0.1836734693877551,0.08641975308641975,,0.0721308016877637,,eval_data\mixed\en_1716_steady_10.wav,,,
fleurs-asr/zipformer-en-sherpa-onnx-cpu,en-asr-1716-steady-5,ASR,en,,5.0,steady,zipformer-en-sherpa-onnx-cpu,1.7348,813.97265625,0.30612244897959184,0.1697530864197531,,0.09149789029535864,,eval_data\mixed\en_1716_steady_5.wav,,,
fleurs-asr/zipformer-en-sherpa-onnx-cpu,en-asr-1716-steady-0,ASR,en,,0.0,steady,zipformer-en-sherpa-onnx-cpu,1.208,813.98046875,0.7346938775510204,0.5216049382716049,,0.06371308016877637,,eval_data\mixed\en_1716_steady_0.wav,,,
fleurs-asr/zipformer-en-sherpa-onnx-cpu,en-asr-1716-impulsive-15,ASR,en,,15.0,impulsive,zipformer-en-sherpa-onnx-cpu,1.275,813.99609375,0.14285714285714285,0.06790123456790123,,0.06724683544303797,,eval_data\mixed\en_1716_impulsive_15.wav,,,
fleurs-asr/zipformer-en-sherpa-onnx-cpu,en-asr-1716-impulsive-10,ASR,en,,10.0,impulsive,zipformer-en-sherpa-onnx-cpu,1.332,813.99609375,0.1836734693877551,0.08950617283950617,,0.07025316455696203,,eval_data\mixed\en_1716_impulsive_10.wav,,,
fleurs-asr/zipformer-en-sherpa-onnx-cpu,en-asr-1716-impulsive-5,ASR,en,,5.0,impulsive,zipformer-en-sherpa-onnx-cpu,1.3102,814.0,0.1836734693877551,0.08641975308641975,,0.06910337552742615,,eval_data\mixed\en_1716_impulsive_5.wav,,,
fleurs-asr/zipformer-en-sherpa-onnx-cpu,en-asr-1716-impulsive-0,ASR,en,,0.0,impulsive,zipformer-en-sherpa-onnx-cpu,1.2946,814.00390625,0.16326530612244897,0.07407407407407407,,0.06828059071729957,,eval_data\mixed\en_1716_impulsive_0.wav,,,
fleurs-asr/zipformer-en-sherpa-onnx-cpu,en-asr-1876-clean,ASR,en,,,clean,zipformer-en-sherpa-onnx-cpu,0.5785,814.00390625,0.125,0.038461538461538464,,0.05211711711711712,,eval_data\mixed\en_1876_clean.wav,,,
fleurs-asr/zipformer-en-sherpa-onnx-cpu,en-asr-1876-steady-15,ASR,en,,15.0,steady,zipformer-en-sherpa-onnx-cpu,0.7049,814.00390625,0.0625,0.019230769230769232,,0.0635045045045045,,eval_data\mixed\en_1876_steady_15.wav,,,
fleurs-asr/zipformer-en-sherpa-onnx-cpu,en-asr-1876-steady-10,ASR,en,,10.0,steady,zipformer-en-sherpa-onnx-cpu,0.6337,814.00390625,0.125,0.038461538461538464,,0.0570900900900901,,eval_data\mixed\en_1876_steady_10.wav,,,
fleurs-asr/zipformer-en-sherpa-onnx-cpu,en-asr-1876-steady-5,ASR,en,,5.0,steady,zipformer-en-sherpa-onnx-cpu,0.6374,814.00390625,0.125,0.038461538461538464,,0.05742342342342342,,eval_data\mixed\en_1876_steady_5.wav,,,
fleurs-asr/zipformer-en-sherpa-onnx-cpu,en-asr-1876-steady-0,ASR,en,,0.0,steady,zipformer-en-sherpa-onnx-cpu,0.7428,814.00390625,0.0625,0.019230769230769232,,0.06691891891891892,,eval_data\mixed\en_1876_steady_0.wav,,,
fleurs-asr/zipformer-en-sherpa-onnx-cpu,en-asr-1876-impulsive-15,ASR,en,,15.0,impulsive,zipformer-en-sherpa-onnx-cpu,0.7014,814.00390625,0.125,0.04807692307692308,,0.0631891891891892,,eval_data\mixed\en_1876_impulsive_15.wav,,,
fleurs-asr/zipformer-en-sherpa-onnx-cpu,en-asr-1876-impulsive-10,ASR,en,,10.0,impulsive,zipformer-en-sherpa-onnx-cpu,0.679,814.00390625,0.125,0.04807692307692308,,0.06117117117117118,,eval_data\mixed\en_1876_impulsive_10.wav,,,
fleurs-asr/zipformer-en-sherpa-onnx-cpu,en-asr-1876-impulsive-5,ASR,en,,5.0,impulsive,zipformer-en-sherpa-onnx-cpu,0.6289,814.00390625,0.1875,0.07692307692307693,,0.05665765765765766,,eval_data\mixed\en_1876_impulsive_5.wav,,,
fleurs-asr/zipformer-en-sherpa-onnx-cpu,en-asr-1876-impulsive-0,ASR,en,,0.0,impulsive,zipformer-en-sherpa-onnx-cpu,0.5761,814.00390625,0.1875,0.0673076923076923,,0.051900900900900895,,eval_data\mixed\en_1876_impulsive_0.wav,,,
fleurs-asr/zipformer-en-sherpa-onnx-cpu,en-asr-1689-clean,ASR,en,,,clean,zipformer-en-sherpa-onnx-cpu,0.7491,814.00390625,0.24242424242424243,0.11158798283261803,,0.05753456221198157,,eval_data\mixed\en_1689_clean.wav,,,
fleurs-asr/zipformer-en-sherpa-onnx-cpu,en-asr-1689-steady-15,ASR,en,,15.0,steady,zipformer-en-sherpa-onnx-cpu,1.235,814.00390625,0.3939393939393939,0.15021459227467812,,0.09485407066052229,,eval_data\mixed\en_1689_steady_15.wav,,,
fleurs-asr/zipformer-en-sherpa-onnx-cpu,en-asr-1689-steady-10,ASR,en,,10.0,steady,zipformer-en-sherpa-onnx-cpu,0.8525,814.00390625,0.3939393939393939,0.1888412017167382,,0.06547619047619048,,eval_data\mixed\en_1689_steady_10.wav,,,
fleurs-asr/zipformer-en-sherpa-onnx-cpu,en-asr-1689-steady-5,ASR,en,,5.0,steady,zipformer-en-sherpa-onnx-cpu,0.8427,814.00390625,0.6363636363636364,0.3090128755364807,,0.06472350230414747,,eval_data\mixed\en_1689_steady_5.wav,,,
fleurs-asr/zipformer-en-sherpa-onnx-cpu,en-asr-1689-steady-0,ASR,en,,0.0,steady,zipformer-en-sherpa-onnx-cpu,0.7796,814.00390625,0.7878787878787878,0.51931330472103,,0.05987711213517665,,eval_data\mixed\en_1689_steady_0.wav,,,
fleurs-asr/zipformer-en-sherpa-onnx-cpu,en-asr-1689-impulsive-15,ASR,en,,15.0,impulsive,zipformer-en-sherpa-onnx-cpu,0.8274,814.00390625,0.3939393939393939,0.15879828326180256,,0.0635483870967742,,eval_data\mixed\en_1689_impulsive_15.wav,,,
fleurs-asr/zipformer-en-sherpa-onnx-cpu,en-asr-1689-impulsive-10,ASR,en,,10.0,impulsive,zipformer-en-sherpa-onnx-cpu,0.8425,814.00390625,0.45454545454545453,0.2532188841201717,,0.06470814132104455,,eval_data\mixed\en_1689_impulsive_10.wav,,,
fleurs-asr/zipformer-en-sherpa-onnx-cpu,en-asr-1689-impulsive-5,ASR,en,,5.0,impulsive,zipformer-en-sherpa-onnx-cpu,0.8488,814.00390625,0.48484848484848486,0.3261802575107296,,0.06519201228878649,,eval_data\mixed\en_1689_impulsive_5.wav,,,
fleurs-asr/zipformer-en-sherpa-onnx-cpu,en-asr-1689-impulsive-0,ASR,en,,0.0,impulsive,zipformer-en-sherpa-onnx-cpu,0.779,814.00390625,0.5454545454545454,0.27467811158798283,,0.0598310291858679,,eval_data\mixed\en_1689_impulsive_0.wav,,,
fleurs-asr/zipformer-en-sherpa-onnx-cpu,en-asr-1986-clean,ASR,en,,,clean,zipformer-en-sherpa-onnx-cpu,0.4812,814.00390625,0.7142857142857143,0.5221238938053098,,0.05569444444444444,,eval_data\mixed\en_1986_clean.wav,,,
fleurs-asr/zipformer-en-sherpa-onnx-cpu,en-asr-1986-steady-15,ASR,en,,15.0,steady,zipformer-en-sherpa-onnx-cpu,0.4655,814.00390625,0.6666666666666666,0.4424778761061947,,0.053877314814814815,,eval_data\mixed\en_1986_steady_15.wav,,,
fleurs-asr/zipformer-en-sherpa-onnx-cpu,en-asr-1986-steady-10,ASR,en,,10.0,steady,zipformer-en-sherpa-onnx-cpu,0.5075,814.00390625,0.7619047619047619,0.6017699115044248,,0.058738425925925916,,eval_data\mixed\en_1986_steady_10.wav,,,
fleurs-asr/zipformer-en-sherpa-onnx-cpu,en-asr-1986-steady-5,ASR,en,,5.0,steady,zipformer-en-sherpa-onnx-cpu,0.4394,814.00390625,0.9047619047619048,0.7345132743362832,,0.05085648148148148,,eval_data\mixed\en_1986_steady_5.wav,,,
fleurs-asr/zipformer-en-sherpa-onnx-cpu,en-asr-1986-steady-0,ASR,en,,0.0,steady,zipformer-en-sherpa-onnx-cpu,0.5244,814.00390625,0.9523809523809523,0.8672566371681416,,0.06069444444444444,,eval_data\mixed\en_1986_steady_0.wav,,,
fleurs-asr/zipformer-en-sherpa-onnx-cpu,en-asr-1986-impulsive-15,ASR,en,,15.0,impulsive,zipformer-en-sherpa-onnx-cpu,0.5116,814.00390625,0.7619047619047619,0.5752212389380531,,0.05921296296296297,,eval_data\mixed\en_1986_impulsive_15.wav,,,
fleurs-asr/zipformer-en-sherpa-onnx-cpu,en-asr-1986-impulsive-10,ASR,en,,10.0,impulsive,zipformer-en-sherpa-onnx-cpu,0.4527,814.00390625,0.8571428571428571,0.6902654867256637,,0.05239583333333333,,eval_data\mixed\en_1986_impulsive_10.wav,,,
fleurs-asr/zipformer-en-sherpa-onnx-cpu,en-asr-1986-impulsive-5,ASR,en,,5.0,impulsive,zipformer-en-sherpa-onnx-cpu,0.4237,814.00390625,0.7619047619047619,0.6460176991150443,,0.04903935185185185,,eval_data\mixed\en_1986_impulsive_5.wav,,,
fleurs-asr/zipformer-en-sherpa-onnx-cpu,en-asr-1986-impulsive-0,ASR,en,,0.0,impulsive,zipformer-en-sherpa-onnx-cpu,0.4543,814.00390625,0.7619047619047619,0.6460176991150443,,0.05258101851851851,,eval_data\mixed\en_1986_impulsive_0.wav,,,
fleurs-asr/zipformer-en-sherpa-onnx-cpu,en-asr-1822-clean,ASR,en,,,clean,zipformer-en-sherpa-onnx-cpu,0.5375,814.00390625,0.375,0.1736111111111111,,0.05208333333333333,,eval_data\mixed\en_1822_clean.wav,,,
fleurs-asr/zipformer-en-sherpa-onnx-cpu,en-asr-1822-steady-15,ASR,en,,15.0,steady,zipformer-en-sherpa-onnx-cpu,0.6313,814.00390625,0.2916666666666667,0.13194444444444445,,0.06117248062015503,,eval_data\mixed\en_1822_steady_15.wav,,,
fleurs-asr/zipformer-en-sherpa-onnx-cpu,en-asr-1822-steady-10,ASR,en,,10.0,steady,zipformer-en-sherpa-onnx-cpu,0.6462,814.00390625,0.4166666666666667,0.2152777777777778,,0.06261627906976744,,eval_data\mixed\en_1822_steady_10.wav,,,
fleurs-asr/zipformer-en-sherpa-onnx-cpu,en-asr-1822-steady-5,ASR,en,,5.0,steady,zipformer-en-sherpa-onnx-cpu,0.5795,814.00390625,0.5,0.3472222222222222,,0.056153100775193796,,eval_data\mixed\en_1822_steady_5.wav,,,
fleurs-asr/zipformer-en-sherpa-onnx-cpu,en-asr-1822-steady-0,ASR,en,,0.0,steady,zipformer-en-sherpa-onnx-cpu,0.6007,814.00390625,0.7916666666666666,0.5625,,0.05820736434108527,,eval_data\mixed\en_1822_steady_0.wav,,,
fleurs-asr/zipformer-en-sherpa-onnx-cpu,en-asr-1822-impulsive-15,ASR,en,,15.0,impulsive,zipformer-en-sherpa-onnx-cpu,0.6289,814.00390625,0.375,0.2013888888888889,,0.060939922480620155,,eval_data\mixed\en_1822_impulsive_15.wav,,,
fleurs-asr/zipformer-en-sherpa-onnx-cpu,en-asr-1822-impulsive-10,ASR,en,,10.0,impulsive,zipformer-en-sherpa-onnx-cpu,0.5839,814.00390625,0.3333333333333333,0.2222222222222222,,0.05657945736434108,,eval_data\mixed\en_1822_impulsive_10.wav,,,
fleurs-asr/zipformer-en-sherpa-onnx-cpu,en-asr-1822-impulsive-5,ASR,en,,5.0,impulsive,zipformer-en-sherpa-onnx-cpu,0.7345,814.00390625,0.375,0.24305555555555555,,0.07117248062015503,,eval_data\mixed\en_1822_impulsive_5.wav,,,
fleurs-asr/zipformer-en-sherpa-onnx-cpu,en-asr-1822-impulsive-0,ASR,en,,0.0,impulsive,zipformer-en-sherpa-onnx-cpu,0.5808,814.00390625,0.375,0.24305555555555555,,0.056279069767441854,,eval_data\mixed\en_1822_impulsive_0.wav,,,
fleurs-asr/zipformer-vi-30m-sherpa-onnx-cpu,vi-asr-1824-clean,ASR,vi,,,clean,zipformer-vi-30m-sherpa-onnx-cpu,0.4298,419.5546875,0.022222222222222223,0.010256410256410256,,0.028425925925925927,,eval_data\mixed\vi_1824_clean.wav,,,
fleurs-asr/zipformer-vi-30m-sherpa-onnx-cpu,vi-asr-1824-steady-15,ASR,vi,,15.0,steady,zipformer-vi-30m-sherpa-onnx-cpu,0.4203,518.1328125,0.044444444444444446,0.015384615384615385,,0.02779761904761905,,eval_data\mixed\vi_1824_steady_15.wav,,,
fleurs-asr/zipformer-vi-30m-sherpa-onnx-cpu,vi-asr-1824-steady-10,ASR,vi,,10.0,steady,zipformer-vi-30m-sherpa-onnx-cpu,0.4043,518.234375,0.044444444444444446,0.015384615384615385,,0.02673941798941799,,eval_data\mixed\vi_1824_steady_10.wav,,,
fleurs-asr/zipformer-vi-30m-sherpa-onnx-cpu,vi-asr-1824-steady-5,ASR,vi,,5.0,steady,zipformer-vi-30m-sherpa-onnx-cpu,0.4006,518.234375,0.1111111111111111,0.05641025641025641,,0.026494708994708998,,eval_data\mixed\vi_1824_steady_5.wav,,,
fleurs-asr/zipformer-vi-30m-sherpa-onnx-cpu,vi-asr-1824-steady-0,ASR,vi,,0.0,steady,zipformer-vi-30m-sherpa-onnx-cpu,0.4148,518.23828125,0.28888888888888886,0.1641025641025641,,0.027433862433862435,,eval_data\mixed\vi_1824_steady_0.wav,,,
fleurs-asr/zipformer-vi-30m-sherpa-onnx-cpu,vi-asr-1824-impulsive-15,ASR,vi,,15.0,impulsive,zipformer-vi-30m-sherpa-onnx-cpu,0.4386,518.2421875,0.022222222222222223,0.010256410256410256,,0.02900793650793651,,eval_data\mixed\vi_1824_impulsive_15.wav,,,
fleurs-asr/zipformer-vi-30m-sherpa-onnx-cpu,vi-asr-1824-impulsive-10,ASR,vi,,10.0,impulsive,zipformer-vi-30m-sherpa-onnx-cpu,0.4243,518.25,0.022222222222222223,0.010256410256410256,,0.028062169312169313,,eval_data\mixed\vi_1824_impulsive_10.wav,,,
fleurs-asr/zipformer-vi-30m-sherpa-onnx-cpu,vi-asr-1824-impulsive-5,ASR,vi,,5.0,impulsive,zipformer-vi-30m-sherpa-onnx-cpu,0.4246,518.2578125,0.044444444444444446,0.015384615384615385,,0.028082010582010583,,eval_data\mixed\vi_1824_impulsive_5.wav,,,
fleurs-asr/zipformer-vi-30m-sherpa-onnx-cpu,vi-asr-1824-impulsive-0,ASR,vi,,0.0,impulsive,zipformer-vi-30m-sherpa-onnx-cpu,0.4425,518.26171875,0.044444444444444446,0.015384615384615385,,0.029265873015873016,,eval_data\mixed\vi_1824_impulsive_0.wav,,,
fleurs-asr/zipformer-vi-30m-sherpa-onnx-cpu,vi-asr-1816-clean,ASR,vi,,,clean,zipformer-vi-30m-sherpa-onnx-cpu,0.3611,522.17578125,0.037037037037037035,0.03968253968253968,,0.026867559523809523,,eval_data\mixed\vi_1816_clean.wav,,,
fleurs-asr/zipformer-vi-30m-sherpa-onnx-cpu,vi-asr-1816-steady-15,ASR,vi,,15.0,steady,zipformer-vi-30m-sherpa-onnx-cpu,0.379,522.1875,0.07407407407407407,0.06349206349206349,,0.028199404761904762,,eval_data\mixed\vi_1816_steady_15.wav,,,
fleurs-asr/zipformer-vi-30m-sherpa-onnx-cpu,vi-asr-1816-steady-10,ASR,vi,,10.0,steady,zipformer-vi-30m-sherpa-onnx-cpu,0.3799,522.19140625,0.1111111111111111,0.10317460317460317,,0.02826636904761905,,eval_data\mixed\vi_1816_steady_10.wav,,,
fleurs-asr/zipformer-vi-30m-sherpa-onnx-cpu,vi-asr-1816-steady-5,ASR,vi,,5.0,steady,zipformer-vi-30m-sherpa-onnx-cpu,0.3811,522.1953125,0.14814814814814814,0.15079365079365079,,0.028355654761904762,,eval_data\mixed\vi_1816_steady_5.wav,,,
fleurs-asr/zipformer-vi-30m-sherpa-onnx-cpu,vi-asr-1816-steady-0,ASR,vi,,0.0,steady,zipformer-vi-30m-sherpa-onnx-cpu,0.3791,522.19921875,0.1111111111111111,0.1111111111111111,,0.02820684523809524,,eval_data\mixed\vi_1816_steady_0.wav,,,
fleurs-asr/zipformer-vi-30m-sherpa-onnx-cpu,vi-asr-1816-impulsive-15,ASR,vi,,15.0,impulsive,zipformer-vi-30m-sherpa-onnx-cpu,0.3529,522.203125,0.037037037037037035,0.03968253968253968,,0.026257440476190476,,eval_data\mixed\vi_1816_impulsive_15.wav,,,
fleurs-asr/zipformer-vi-30m-sherpa-onnx-cpu,vi-asr-1816-impulsive-10,ASR,vi,,10.0,impulsive,zipformer-vi-30m-sherpa-onnx-cpu,0.3554,522.20703125,0.07407407407407407,0.06349206349206349,,0.02644345238095238,,eval_data\mixed\vi_1816_impulsive_10.wav,,,
fleurs-asr/zipformer-vi-30m-sherpa-onnx-cpu,vi-asr-1816-impulsive-5,ASR,vi,,5.0,impulsive,zipformer-vi-30m-sherpa-onnx-cpu,0.3732,522.21484375,0.07407407407407407,0.07142857142857142,,0.027767857142857143,,eval_data\mixed\vi_1816_impulsive_5.wav,,,
fleurs-asr/zipformer-vi-30m-sherpa-onnx-cpu,vi-asr-1816-impulsive-0,ASR,vi,,0.0,impulsive,zipformer-vi-30m-sherpa-onnx-cpu,0.401,522.21875,0.07407407407407407,0.07142857142857142,,0.029836309523809525,,eval_data\mixed\vi_1816_impulsive_0.wav,,,
fleurs-asr/zipformer-vi-30m-sherpa-onnx-cpu,vi-asr-1951-clean,ASR,vi,,,clean,zipformer-vi-30m-sherpa-onnx-cpu,0.9477,525.390625,0.25,0.21341463414634146,,0.060057034220532324,,eval_data\mixed\vi_1951_clean.wav,,,
fleurs-asr/zipformer-vi-30m-sherpa-onnx-cpu,vi-asr-1951-steady-15,ASR,vi,,15.0,steady,zipformer-vi-30m-sherpa-onnx-cpu,0.8725,531.2578125,0.2777777777777778,0.21341463414634146,,0.055291508238276305,,eval_data\mixed\vi_1951_steady_15.wav,,,
fleurs-asr/zipformer-vi-30m-sherpa-onnx-cpu,vi-asr-1951-steady-10,ASR,vi,,10.0,steady,zipformer-vi-30m-sherpa-onnx-cpu,0.7325,531.26171875,0.25,0.20121951219512196,,0.046419518377693286,,eval_data\mixed\vi_1951_steady_10.wav,,,
fleurs-asr/zipformer-vi-30m-sherpa-onnx-cpu,vi-asr-1951-steady-5,ASR,vi,,5.0,steady,zipformer-vi-30m-sherpa-onnx-cpu,0.6551,531.265625,0.25,0.21341463414634146,,0.04151457541191382,,eval_data\mixed\vi_1951_steady_5.wav,,,
fleurs-asr/zipformer-vi-30m-sherpa-onnx-cpu,vi-asr-1951-steady-0,ASR,vi,,0.0,steady,zipformer-vi-30m-sherpa-onnx-cpu,0.6713,531.26953125,0.3055555555555556,0.2682926829268293,,0.04254119138149556,,eval_data\mixed\vi_1951_steady_0.wav,,,
fleurs-asr/zipformer-vi-30m-sherpa-onnx-cpu,vi-asr-1951-impulsive-15,ASR,vi,,15.0,impulsive,zipformer-vi-30m-sherpa-onnx-cpu,0.5546,531.27734375,0.2222222222222222,0.20121951219512196,,0.03514575411913815,,eval_data\mixed\vi_1951_impulsive_15.wav,,,
fleurs-asr/zipformer-vi-30m-sherpa-onnx-cpu,vi-asr-1951-impulsive-10,ASR,vi,,10.0,impulsive,zipformer-vi-30m-sherpa-onnx-cpu,0.8093,531.28515625,0.2777777777777778,0.21341463414634146,,0.05128643852978454,,eval_data\mixed\vi_1951_impulsive_10.wav,,,
fleurs-asr/zipformer-vi-30m-sherpa-onnx-cpu,vi-asr-1951-impulsive-5,ASR,vi,,5.0,impulsive,zipformer-vi-30m-sherpa-onnx-cpu,0.6958,531.29296875,0.2777777777777778,0.21341463414634146,,0.04409378960709759,,eval_data\mixed\vi_1951_impulsive_5.wav,,,
fleurs-asr/zipformer-vi-30m-sherpa-onnx-cpu,vi-asr-1951-impulsive-0,ASR,vi,,0.0,impulsive,zipformer-vi-30m-sherpa-onnx-cpu,0.5711,531.30078125,0.2777777777777778,0.21341463414634146,,0.03619138149556401,,eval_data\mixed\vi_1951_impulsive_0.wav,,,
fleurs-asr/zipformer-vi-30m-sherpa-onnx-cpu,vi-asr-1822-clean,ASR,vi,,,clean,zipformer-vi-30m-sherpa-onnx-cpu,0.8058,535.8125,0.1,0.043478260869565216,,0.038591954022988505,,eval_data\mixed\vi_1822_clean.wav,,,
fleurs-asr/zipformer-vi-30m-sherpa-onnx-cpu,vi-asr-1822-steady-15,ASR,vi,,15.0,steady,zipformer-vi-30m-sherpa-onnx-cpu,0.8642,566.62890625,0.1,0.043478260869565216,,0.04138888888888889,,eval_data\mixed\vi_1822_steady_15.wav,,,
fleurs-asr/zipformer-vi-30m-sherpa-onnx-cpu,vi-asr-1822-steady-10,ASR,vi,,10.0,steady,zipformer-vi-30m-sherpa-onnx-cpu,0.898,567.4140625,0.15,0.04891304347826087,,0.043007662835249046,,eval_data\mixed\vi_1822_steady_10.wav,,,
fleurs-asr/zipformer-vi-30m-sherpa-onnx-cpu,vi-asr-1822-steady-5,ASR,vi,,5.0,steady,zipformer-vi-30m-sherpa-onnx-cpu,0.9942,567.4140625,0.15,0.059782608695652176,,0.04761494252873563,,eval_data\mixed\vi_1822_steady_5.wav,,,
fleurs-asr/zipformer-vi-30m-sherpa-onnx-cpu,vi-asr-1822-steady-0,ASR,vi,,0.0,steady,zipformer-vi-30m-sherpa-onnx-cpu,0.9448,567.41796875,0.225,0.08695652173913043,,0.045249042145593873,,eval_data\mixed\vi_1822_steady_0.wav,,,
fleurs-asr/zipformer-vi-30m-sherpa-onnx-cpu,vi-asr-1822-impulsive-15,ASR,vi,,15.0,impulsive,zipformer-vi-30m-sherpa-onnx-cpu,0.9677,567.42578125,0.1,0.043478260869565216,,0.04634578544061303,,eval_data\mixed\vi_1822_impulsive_15.wav,,,
fleurs-asr/zipformer-vi-30m-sherpa-onnx-cpu,vi-asr-1822-impulsive-10,ASR,vi,,10.0,impulsive,zipformer-vi-30m-sherpa-onnx-cpu,0.9136,567.42578125,0.1,0.043478260869565216,,0.04375478927203065,,eval_data\mixed\vi_1822_impulsive_10.wav,,,
fleurs-asr/zipformer-vi-30m-sherpa-onnx-cpu,vi-asr-1822-impulsive-5,ASR,vi,,5.0,impulsive,zipformer-vi-30m-sherpa-onnx-cpu,0.9053,567.4375,0.15,0.05434782608695652,,0.04335727969348659,,eval_data\mixed\vi_1822_impulsive_5.wav,,,
fleurs-asr/zipformer-vi-30m-sherpa-onnx-cpu,vi-asr-1822-impulsive-0,ASR,vi,,0.0,impulsive,zipformer-vi-30m-sherpa-onnx-cpu,0.9187,567.44140625,0.175,0.059782608695652176,,0.04399904214559387,,eval_data\mixed\vi_1822_impulsive_0.wav,,,
fleurs-asr/zipformer-vi-30m-sherpa-onnx-cpu,vi-asr-1899-clean,ASR,vi,,,clean,zipformer-vi-30m-sherpa-onnx-cpu,0.7065,567.44140625,0.08823529411764706,0.0440251572327044,,0.0397804054054054,,eval_data\mixed\vi_1899_clean.wav,,,
fleurs-asr/zipformer-vi-30m-sherpa-onnx-cpu,vi-asr-1899-steady-15,ASR,vi,,15.0,steady,zipformer-vi-30m-sherpa-onnx-cpu,0.7824,567.44140625,0.17647058823529413,0.0880503144654088,,0.04405405405405405,,eval_data\mixed\vi_1899_steady_15.wav,,,
fleurs-asr/zipformer-vi-30m-sherpa-onnx-cpu,vi-asr-1899-steady-10,ASR,vi,,10.0,steady,zipformer-vi-30m-sherpa-onnx-cpu,0.7007,567.44140625,0.29411764705882354,0.16981132075471697,,0.03945382882882882,,eval_data\mixed\vi_1899_steady_10.wav,,,
fleurs-asr/zipformer-vi-30m-sherpa-onnx-cpu,vi-asr-1899-steady-5,ASR,vi,,5.0,steady,zipformer-vi-30m-sherpa-onnx-cpu,0.7763,567.44140625,0.4117647058823529,0.22012578616352202,,0.04371058558558558,,eval_data\mixed\vi_1899_steady_5.wav,,,
fleurs-asr/zipformer-vi-30m-sherpa-onnx-cpu,vi-asr-1899-steady-0,ASR,vi,,0.0,steady,zipformer-vi-30m-sherpa-onnx-cpu,0.7684,567.44140625,0.5,0.3584905660377358,,0.04326576576576576,,eval_data\mixed\vi_1899_steady_0.wav,,,
fleurs-asr/zipformer-vi-30m-sherpa-onnx-cpu,vi-asr-1899-impulsive-15,ASR,vi,,15.0,impulsive,zipformer-vi-30m-sherpa-onnx-cpu,0.7319,567.44140625,0.08823529411764706,0.0440251572327044,,0.04121058558558558,,eval_data\mixed\vi_1899_impulsive_15.wav,,,
fleurs-asr/zipformer-vi-30m-sherpa-onnx-cpu,vi-asr-1899-impulsive-10,ASR,vi,,10.0,impulsive,zipformer-vi-30m-sherpa-onnx-cpu,0.6001,567.44140625,0.08823529411764706,0.0440251572327044,,0.03378941441441441,,eval_data\mixed\vi_1899_impulsive_10.wav,,,
fleurs-asr/zipformer-vi-30m-sherpa-onnx-cpu,vi-asr-1899-impulsive-5,ASR,vi,,5.0,impulsive,zipformer-vi-30m-sherpa-onnx-cpu,0.7558,567.44140625,0.14705882352941177,0.06289308176100629,,0.0425563063063063,,eval_data\mixed\vi_1899_impulsive_5.wav,,,
fleurs-asr/zipformer-vi-30m-sherpa-onnx-cpu,vi-asr-1899-impulsive-0,ASR,vi,,0.0,impulsive,zipformer-vi-30m-sherpa-onnx-cpu,0.7942,567.44140625,0.17647058823529413,0.08176100628930817,,0.04471846846846846,,eval_data\mixed\vi_1899_impulsive_0.wav,,,
fleurs-asr/zipformer-vi-30m-sherpa-onnx-cpu,vi-asr-1660-clean,ASR,vi,,,clean,zipformer-vi-30m-sherpa-onnx-cpu,0.5901,567.44140625,0.11538461538461539,0.10256410256410256,,0.04257575757575757,,eval_data\mixed\vi_1660_clean.wav,,,
fleurs-asr/zipformer-vi-30m-sherpa-onnx-cpu,vi-asr-1660-steady-15,ASR,vi,,15.0,steady,zipformer-vi-30m-sherpa-onnx-cpu,0.5789,567.44140625,0.11538461538461539,0.1282051282051282,,0.041767676767676766,,eval_data\mixed\vi_1660_steady_15.wav,,,
fleurs-asr/zipformer-vi-30m-sherpa-onnx-cpu,vi-asr-1660-steady-10,ASR,vi,,10.0,steady,zipformer-vi-30m-sherpa-onnx-cpu,0.566,567.44140625,0.11538461538461539,0.1282051282051282,,0.04083694083694084,,eval_data\mixed\vi_1660_steady_10.wav,,,
fleurs-asr/zipformer-vi-30m-sherpa-onnx-cpu,vi-asr-1660-steady-5,ASR,vi,,5.0,steady,zipformer-vi-30m-sherpa-onnx-cpu,0.4729,567.44140625,0.11538461538461539,0.1282051282051282,,0.03411976911976912,,eval_data\mixed\vi_1660_steady_5.wav,,,
fleurs-asr/zipformer-vi-30m-sherpa-onnx-cpu,vi-asr-1660-steady-0,ASR,vi,,0.0,steady,zipformer-vi-30m-sherpa-onnx-cpu,0.5437,567.44140625,0.15384615384615385,0.1282051282051282,,0.03922799422799423,,eval_data\mixed\vi_1660_steady_0.wav,,,
fleurs-asr/zipformer-vi-30m-sherpa-onnx-cpu,vi-asr-1660-impulsive-15,ASR,vi,,15.0,impulsive,zipformer-vi-30m-sherpa-onnx-cpu,0.5731,567.44140625,0.11538461538461539,0.1282051282051282,,0.04134920634920636,,eval_data\mixed\vi_1660_impulsive_15.wav,,,
fleurs-asr/zipformer-vi-30m-sherpa-onnx-cpu,vi-asr-1660-impulsive-10,ASR,vi,,10.0,impulsive,zipformer-vi-30m-sherpa-onnx-cpu,0.6659,567.44140625,0.11538461538461539,0.1282051282051282,,0.04804473304473305,,eval_data\mixed\vi_1660_impulsive_10.wav,,,
fleurs-asr/zipformer-vi-30m-sherpa-onnx-cpu,vi-asr-1660-impulsive-5,ASR,vi,,5.0,impulsive,zipformer-vi-30m-sherpa-onnx-cpu,0.6769,567.44140625,0.11538461538461539,0.1282051282051282,,0.048838383838383834,,eval_data\mixed\vi_1660_impulsive_5.wav,,,
fleurs-asr/zipformer-vi-30m-sherpa-onnx-cpu,vi-asr-1660-impulsive-0,ASR,vi,,0.0,impulsive,zipformer-vi-30m-sherpa-onnx-cpu,0.5419,567.44140625,0.11538461538461539,0.1282051282051282,,0.039098124098124104,,eval_data\mixed\vi_1660_impulsive_0.wav,,,
fleurs-asr/zipformer-vi-30m-sherpa-onnx-cpu,vi-asr-1922-clean,ASR,vi,,,clean,zipformer-vi-30m-sherpa-onnx-cpu,0.5619,567.44140625,0.16129032258064516,0.028368794326241134,,0.044174528301886784,,eval_data\mixed\vi_1922_clean.wav,,,
fleurs-asr/zipformer-vi-30m-sherpa-onnx-cpu,vi-asr-1922-steady-15,ASR,vi,,15.0,steady,zipformer-vi-30m-sherpa-onnx-cpu,0.4438,567.44140625,0.16129032258064516,0.028368794326241134,,0.034889937106918234,,eval_data\mixed\vi_1922_steady_15.wav,,,
fleurs-asr/zipformer-vi-30m-sherpa-onnx-cpu,vi-asr-1922-steady-10,ASR,vi,,10.0,steady,zipformer-vi-30m-sherpa-onnx-cpu,0.4951,567.44140625,0.16129032258064516,0.028368794326241134,,0.038922955974842764,,eval_data\mixed\vi_1922_steady_10.wav,,,
fleurs-asr/zipformer-vi-30m-sherpa-onnx-cpu,vi-asr-1922-steady-5,ASR,vi,,5.0,steady,zipformer-vi-30m-sherpa-onnx-cpu,0.4947,567.44140625,0.22580645161290322,0.07801418439716312,,0.03889150943396226,,eval_data\mixed\vi_1922_steady_5.wav,,,
fleurs-asr/zipformer-vi-30m-sherpa-onnx-cpu,vi-asr-1922-steady-0,ASR,vi,,0.0,steady,zipformer-vi-30m-sherpa-onnx-cpu,0.5086,567.44140625,0.22580645161290322,0.0851063829787234,,0.03998427672955975,,eval_data\mixed\vi_1922_steady_0.wav,,,
fleurs-asr/zipformer-vi-30m-sherpa-onnx-cpu,vi-asr-1922-impulsive-15,ASR,vi,,15.0,impulsive,zipformer-vi-30m-sherpa-onnx-cpu,0.4727,567.44140625,0.12903225806451613,0.014184397163120567,,0.03716194968553459,,eval_data\mixed\vi_1922_impulsive_15.wav,,,
fleurs-asr/zipformer-vi-30m-sherpa-onnx-cpu,vi-asr-1922-impulsive-10,ASR,vi,,10.0,impulsive,zipformer-vi-30m-sherpa-onnx-cpu,0.5186,567.44140625,0.12903225806451613,0.014184397163120567,,0.040770440251572324,,eval_data\mixed\vi_1922_impulsive_10.wav,,,
fleurs-asr/zipformer-vi-30m-sherpa-onnx-cpu,vi-asr-1922-impulsive-5,ASR,vi,,5.0,impulsive,zipformer-vi-30m-sherpa-onnx-cpu,0.5664,567.44140625,0.12903225806451613,0.014184397163120567,,0.04452830188679245,,eval_data\mixed\vi_1922_impulsive_5.wav,,,
fleurs-asr/zipformer-vi-30m-sherpa-onnx-cpu,vi-asr-1922-impulsive-0,ASR,vi,,0.0,impulsive,zipformer-vi-30m-sherpa-onnx-cpu,0.5054,567.44140625,0.12903225806451613,0.014184397163120567,,0.039732704402515716,,eval_data\mixed\vi_1922_impulsive_0.wav,,,
fleurs-asr/zipformer-vi-30m-sherpa-onnx-cpu,vi-asr-1743-clean,ASR,vi,,,clean,zipformer-vi-30m-sherpa-onnx-cpu,0.9799,568.97265625,0.015873015873015872,0.017793594306049824,,0.04413963963963964,,eval_data\mixed\vi_1743_clean.wav,,,
fleurs-asr/zipformer-vi-30m-sherpa-onnx-cpu,vi-asr-1743-steady-15,ASR,vi,,15.0,steady,zipformer-vi-30m-sherpa-onnx-cpu,1.1096,710.40625,0.015873015873015872,0.017793594306049824,,0.04998198198198198,,eval_data\mixed\vi_1743_steady_15.wav,,,
fleurs-asr/zipformer-vi-30m-sherpa-onnx-cpu,vi-asr-1743-steady-10,ASR,vi,,10.0,steady,zipformer-vi-30m-sherpa-onnx-cpu,0.9506,711.2265625,0.047619047619047616,0.042704626334519574,,0.04281981981981982,,eval_data\mixed\vi_1743_steady_10.wav,,,
fleurs-asr/zipformer-vi-30m-sherpa-onnx-cpu,vi-asr-1743-steady-5,ASR,vi,,5.0,steady,zipformer-vi-30m-sherpa-onnx-cpu,0.9892,711.2265625,0.047619047619047616,0.046263345195729534,,0.04455855855855856,,eval_data\mixed\vi_1743_steady_5.wav,,,
fleurs-asr/zipformer-vi-30m-sherpa-onnx-cpu,vi-asr-1743-steady-0,ASR,vi,,0.0,steady,zipformer-vi-30m-sherpa-onnx-cpu,0.9808,711.23046875,0.047619047619047616,0.03914590747330961,,0.04418018018018018,,eval_data\mixed\vi_1743_steady_0.wav,,,
fleurs-asr/zipformer-vi-30m-sherpa-onnx-cpu,vi-asr-1743-impulsive-15,ASR,vi,,15.0,impulsive,zipformer-vi-30m-sherpa-onnx-cpu,1.1498,711.234375,0.015873015873015872,0.014234875444839857,,0.051792792792792794,,eval_data\mixed\vi_1743_impulsive_15.wav,,,
fleurs-asr/zipformer-vi-30m-sherpa-onnx-cpu,vi-asr-1743-impulsive-10,ASR,vi,,10.0,impulsive,zipformer-vi-30m-sherpa-onnx-cpu,0.9767,711.234375,0.015873015873015872,0.014234875444839857,,0.043995495495495494,,eval_data\mixed\vi_1743_impulsive_10.wav,,,
fleurs-asr/zipformer-vi-30m-sherpa-onnx-cpu,vi-asr-1743-impulsive-5,ASR,vi,,5.0,impulsive,zipformer-vi-30m-sherpa-onnx-cpu,0.9162,711.234375,0.015873015873015872,0.014234875444839857,,0.04127027027027027,,eval_data\mixed\vi_1743_impulsive_5.wav,,,
fleurs-asr/zipformer-vi-30m-sherpa-onnx-cpu,vi-asr-1743-impulsive-0,ASR,vi,,0.0,impulsive,zipformer-vi-30m-sherpa-onnx-cpu,0.9091,711.234375,0.047619047619047616,0.03558718861209965,,0.040950450450450454,,eval_data\mixed\vi_1743_impulsive_0.wav,,,
fleurs-asr/zipformer-vi-30m-sherpa-onnx-cpu,vi-asr-1730-clean,ASR,vi,,,clean,zipformer-vi-30m-sherpa-onnx-cpu,0.7091,711.234375,0.35135135135135137,0.25,,0.039004400440044,,eval_data\mixed\vi_1730_clean.wav,,,
fleurs-asr/zipformer-vi-30m-sherpa-onnx-cpu,vi-asr-1730-steady-15,ASR,vi,,15.0,steady,zipformer-vi-30m-sherpa-onnx-cpu,0.7479,711.234375,0.35135135135135137,0.25,,0.04113861386138614,,eval_data\mixed\vi_1730_steady_15.wav,,,
fleurs-asr/zipformer-vi-30m-sherpa-onnx-cpu,vi-asr-1730-steady-10,ASR,vi,,10.0,steady,zipformer-vi-30m-sherpa-onnx-cpu,1.147,711.234375,0.40540540540540543,0.2976190476190476,,0.0630913091309131,,eval_data\mixed\vi_1730_steady_10.wav,,,
fleurs-asr/zipformer-vi-30m-sherpa-onnx-cpu,vi-asr-1730-steady-5,ASR,vi,,5.0,steady,zipformer-vi-30m-sherpa-onnx-cpu,1.0138,711.234375,0.4594594594594595,0.3392857142857143,,0.055764576457645765,,eval_data\mixed\vi_1730_steady_5.wav,,,
fleurs-asr/zipformer-vi-30m-sherpa-onnx-cpu,vi-asr-1730-steady-0,ASR,vi,,0.0,steady,zipformer-vi-30m-sherpa-onnx-cpu,0.9804,711.234375,0.5135135135135135,0.39285714285714285,,0.05392739273927393,,eval_data\mixed\vi_1730_steady_0.wav,,,
fleurs-asr/zipformer-vi-30m-sherpa-onnx-cpu,vi-asr-1730-impulsive-15,ASR,vi,,15.0,impulsive,zipformer-vi-30m-sherpa-onnx-cpu,0.8325,711.234375,0.35135135135135137,0.25,,0.04579207920792079,,eval_data\mixed\vi_1730_impulsive_15.wav,,,
fleurs-asr/zipformer-vi-30m-sherpa-onnx-cpu,vi-asr-1730-impulsive-10,ASR,vi,,10.0,impulsive,zipformer-vi-30m-sherpa-onnx-cpu,0.7896,711.234375,0.35135135135135137,0.25,,0.043432343234323434,,eval_data\mixed\vi_1730_impulsive_10.wav,,,
fleurs-asr/zipformer-vi-30m-sherpa-onnx-cpu,vi-asr-1730-impulsive-5,ASR,vi,,5.0,impulsive,zipformer-vi-30m-sherpa-onnx-cpu,0.7954,711.234375,0.35135135135135137,0.25,,0.04375137513751375,,eval_data\mixed\vi_1730_impulsive_5.wav,,,
fleurs-asr/zipformer-vi-30m-sherpa-onnx-cpu,vi-asr-1730-impulsive-0,ASR,vi,,0.0,impulsive,zipformer-vi-30m-sherpa-onnx-cpu,0.743,711.234375,0.35135135135135137,0.24404761904761904,,0.04086908690869087,,eval_data\mixed\vi_1730_impulsive_0.wav,,,
fleurs-asr/zipformer-vi-30m-sherpa-onnx-cpu,vi-asr-1847-clean,ASR,vi,,,clean,zipformer-vi-30m-sherpa-onnx-cpu,0.3886,711.234375,0.1,0.04929577464788732,,0.03878243512974052,,eval_data\mixed\vi_1847_clean.wav,,,
fleurs-asr/zipformer-vi-30m-sherpa-onnx-cpu,vi-asr-1847-steady-15,ASR,vi,,15.0,steady,zipformer-vi-30m-sherpa-onnx-cpu,0.3349,711.234375,0.13333333333333333,0.06338028169014084,,0.03342315369261477,,eval_data\mixed\vi_1847_steady_15.wav,,,
fleurs-asr/zipformer-vi-30m-sherpa-onnx-cpu,vi-asr-1847-steady-10,ASR,vi,,10.0,steady,zipformer-vi-30m-sherpa-onnx-cpu,0.4028,711.234375,0.13333333333333333,0.06338028169014084,,0.04019960079840319,,eval_data\mixed\vi_1847_steady_10.wav,,,
fleurs-asr/zipformer-vi-30m-sherpa-onnx-cpu,vi-asr-1847-steady-5,ASR,vi,,5.0,steady,zipformer-vi-30m-sherpa-onnx-cpu,0.3652,711.234375,0.13333333333333333,0.06338028169014084,,0.03644710578842316,,eval_data\mixed\vi_1847_steady_5.wav,,,
fleurs-asr/zipformer-vi-30m-sherpa-onnx-cpu,vi-asr-1847-steady-0,ASR,vi,,0.0,steady,zipformer-vi-30m-sherpa-onnx-cpu,0.3484,711.234375,0.2,0.1056338028169014,,0.034770459081836326,,eval_data\mixed\vi_1847_steady_0.wav,,,
fleurs-asr/zipformer-vi-30m-sherpa-onnx-cpu,vi-asr-1847-impulsive-15,ASR,vi,,15.0,impulsive,zipformer-vi-30m-sherpa-onnx-cpu,0.3535,711.234375,0.1,0.04929577464788732,,0.03527944111776447,,eval_data\mixed\vi_1847_impulsive_15.wav,,,
fleurs-asr/zipformer-vi-30m-sherpa-onnx-cpu,vi-asr-1847-impulsive-10,ASR,vi,,10.0,impulsive,zipformer-vi-30m-sherpa-onnx-cpu,0.3864,711.234375,0.1,0.04929577464788732,,0.03856287425149701,,eval_data\mixed\vi_1847_impulsive_10.wav,,,
fleurs-asr/zipformer-vi-30m-sherpa-onnx-cpu,vi-asr-1847-impulsive-5,ASR,vi,,5.0,impulsive,zipformer-vi-30m-sherpa-onnx-cpu,0.4742,711.234375,0.1,0.04929577464788732,,0.04732534930139721,,eval_data\mixed\vi_1847_impulsive_5.wav,,,
fleurs-asr/zipformer-vi-30m-sherpa-onnx-cpu,vi-asr-1847-impulsive-0,ASR,vi,,0.0,impulsive,zipformer-vi-30m-sherpa-onnx-cpu,0.3993,711.234375,0.1,0.04929577464788732,,0.03985029940119761,,eval_data\mixed\vi_1847_impulsive_0.wav,,,
fleurs-asr/zipformer-vi-30m-sherpa-onnx-cpu,vi-asr-1874-clean,ASR,vi,,,clean,zipformer-vi-30m-sherpa-onnx-cpu,0.505,711.234375,0.02857142857142857,0.006329113924050633,,0.03421409214092141,,eval_data\mixed\vi_1874_clean.wav,,,
fleurs-asr/zipformer-vi-30m-sherpa-onnx-cpu,vi-asr-1874-steady-15,ASR,vi,,15.0,steady,zipformer-vi-30m-sherpa-onnx-cpu,0.5217,711.234375,0.02857142857142857,0.006329113924050633,,0.035345528455284554,,eval_data\mixed\vi_1874_steady_15.wav,,,
fleurs-asr/zipformer-vi-30m-sherpa-onnx-cpu,vi-asr-1874-steady-10,ASR,vi,,10.0,steady,zipformer-vi-30m-sherpa-onnx-cpu,0.5434,711.234375,0.02857142857142857,0.006329113924050633,,0.03681571815718157,,eval_data\mixed\vi_1874_steady_10.wav,,,
fleurs-asr/zipformer-vi-30m-sherpa-onnx-cpu,vi-asr-1874-steady-5,ASR,vi,,5.0,steady,zipformer-vi-30m-sherpa-onnx-cpu,0.5941,711.234375,0.02857142857142857,0.006329113924050633,,0.040250677506775065,,eval_data\mixed\vi_1874_steady_5.wav,,,
fleurs-asr/zipformer-vi-30m-sherpa-onnx-cpu,vi-asr-1874-steady-0,ASR,vi,,0.0,steady,zipformer-vi-30m-sherpa-onnx-cpu,0.6186,711.234375,0.02857142857142857,0.006329113924050633,,0.04191056910569106,,eval_data\mixed\vi_1874_steady_0.wav,,,
fleurs-asr/zipformer-vi-30m-sherpa-onnx-cpu,vi-asr-1874-impulsive-15,ASR,vi,,15.0,impulsive,zipformer-vi-30m-sherpa-onnx-cpu,0.5701,711.234375,0.02857142857142857,0.006329113924050633,,0.03862466124661247,,eval_data\mixed\vi_1874_impulsive_15.wav,,,
fleurs-asr/zipformer-vi-30m-sherpa-onnx-cpu,vi-asr-1874-impulsive-10,ASR,vi,,10.0,impulsive,zipformer-vi-30m-sherpa-onnx-cpu,0.5983,711.234375,0.02857142857142857,0.006329113924050633,,0.040535230352303525,,eval_data\mixed\vi_1874_impulsive_10.wav,,,
fleurs-asr/zipformer-vi-30m-sherpa-onnx-cpu,vi-asr-1874-impulsive-5,ASR,vi,,5.0,impulsive,zipformer-vi-30m-sherpa-onnx-cpu,0.6035,711.234375,0.02857142857142857,0.006329113924050633,,0.04088753387533876,,eval_data\mixed\vi_1874_impulsive_5.wav,,,
fleurs-asr/zipformer-vi-30m-sherpa-onnx-cpu,vi-asr-1874-impulsive-0,ASR,vi,,0.0,impulsive,zipformer-vi-30m-sherpa-onnx-cpu,0.543,711.234375,0.02857142857142857,0.006329113924050633,,0.03678861788617886,,eval_data\mixed\vi_1874_impulsive_0.wav,,,
fleurs-asr/zipformer-vi-30m-sherpa-onnx-cpu,vi-asr-1675-clean,ASR,vi,,,clean,zipformer-vi-30m-sherpa-onnx-cpu,0.4308,711.234375,0.041666666666666664,0.03125,,0.039234972677595625,,eval_data\mixed\vi_1675_clean.wav,,,
fleurs-asr/zipformer-vi-30m-sherpa-onnx-cpu,vi-asr-1675-steady-15,ASR,vi,,15.0,steady,zipformer-vi-30m-sherpa-onnx-cpu,0.4479,711.234375,0.041666666666666664,0.03125,,0.04079234972677596,,eval_data\mixed\vi_1675_steady_15.wav,,,
fleurs-asr/zipformer-vi-30m-sherpa-onnx-cpu,vi-asr-1675-steady-10,ASR,vi,,10.0,steady,zipformer-vi-30m-sherpa-onnx-cpu,0.4117,711.234375,0.041666666666666664,0.03125,,0.03749544626593807,,eval_data\mixed\vi_1675_steady_10.wav,,,
fleurs-asr/zipformer-vi-30m-sherpa-onnx-cpu,vi-asr-1675-steady-5,ASR,vi,,5.0,steady,zipformer-vi-30m-sherpa-onnx-cpu,0.4367,711.234375,0.041666666666666664,0.03125,,0.03977231329690346,,eval_data\mixed\vi_1675_steady_5.wav,,,
fleurs-asr/zipformer-vi-30m-sherpa-onnx-cpu,vi-asr-1675-steady-0,ASR,vi,,0.0,steady,zipformer-vi-30m-sherpa-onnx-cpu,0.4375,711.234375,0.16666666666666666,0.13541666666666666,,0.039845173041894354,,eval_data\mixed\vi_1675_steady_0.wav,,,
fleurs-asr/zipformer-vi-30m-sherpa-onnx-cpu,vi-asr-1675-impulsive-15,ASR,vi,,15.0,impulsive,zipformer-vi-30m-sherpa-onnx-cpu,0.4112,711.234375,0.041666666666666664,0.03125,,0.03744990892531876,,eval_data\mixed\vi_1675_impulsive_15.wav,,,
fleurs-asr/zipformer-vi-30m-sherpa-onnx-cpu,vi-asr-1675-impulsive-10,ASR,vi,,10.0,impulsive,zipformer-vi-30m-sherpa-onnx-cpu,0.4031,711.234375,0.041666666666666664,0.03125,,0.036712204007285976,,eval_data\mixed\vi_1675_impulsive_10.wav,,,
fleurs-asr/zipformer-vi-30m-sherpa-onnx-cpu,vi-asr-1675-impulsive-5,ASR,vi,,5.0,impulsive,zipformer-vi-30m-sherpa-onnx-cpu,0.3911,711.234375,0.041666666666666664,0.03125,,0.035619307832422585,,eval_data\mixed\vi_1675_impulsive_5.wav,,,
fleurs-asr/zipformer-vi-30m-sherpa-onnx-cpu,vi-asr-1675-impulsive-0,ASR,vi,,0.0,impulsive,zipformer-vi-30m-sherpa-onnx-cpu,0.3946,711.234375,0.041666666666666664,0.03125,,0.03593806921675774,,eval_data\mixed\vi_1675_impulsive_0.wav,,,
fleurs-asr/zipformer-vi-30m-sherpa-onnx-cpu,vi-asr-1929-clean,ASR,vi,,,clean,zipformer-vi-30m-sherpa-onnx-cpu,0.4029,711.234375,0.2,0.1346153846153846,,0.03571808510638298,,eval_data\mixed\vi_1929_clean.wav,,,
fleurs-asr/zipformer-vi-30m-sherpa-onnx-cpu,vi-asr-1929-steady-15,ASR,vi,,15.0,steady,zipformer-vi-30m-sherpa-onnx-cpu,0.4484,711.234375,0.2,0.125,,0.039751773049645396,,eval_data\mixed\vi_1929_steady_15.wav,,,
fleurs-asr/zipformer-vi-30m-sherpa-onnx-cpu,vi-asr-1929-steady-10,ASR,vi,,10.0,steady,zipformer-vi-30m-sherpa-onnx-cpu,0.4489,711.234375,0.24,0.15384615384615385,,0.039796099290780144,,eval_data\mixed\vi_1929_steady_10.wav,,,
fleurs-asr/zipformer-vi-30m-sherpa-onnx-cpu,vi-asr-1929-steady-5,ASR,vi,,5.0,steady,zipformer-vi-30m-sherpa-onnx-cpu,0.5077,711.234375,0.28,0.22115384615384615,,0.045008865248226955,,eval_data\mixed\vi_1929_steady_5.wav,,,
fleurs-asr/zipformer-vi-30m-sherpa-onnx-cpu,vi-asr-1929-steady-0,ASR,vi,,0.0,steady,zipformer-vi-30m-sherpa-onnx-cpu,0.4047,711.234375,0.28,0.21153846153846154,,0.03587765957446809,,eval_data\mixed\vi_1929_steady_0.wav,,,
fleurs-asr/zipformer-vi-30m-sherpa-onnx-cpu,vi-asr-1929-impulsive-15,ASR,vi,,15.0,impulsive,zipformer-vi-30m-sherpa-onnx-cpu,0.4315,711.234375,0.28,0.19230769230769232,,0.03825354609929078,,eval_data\mixed\vi_1929_impulsive_15.wav,,,
fleurs-asr/zipformer-vi-30m-sherpa-onnx-cpu,vi-asr-1929-impulsive-10,ASR,vi,,10.0,impulsive,zipformer-vi-30m-sherpa-onnx-cpu,0.497,711.234375,0.24,0.16346153846153846,,0.044060283687943264,,eval_data\mixed\vi_1929_impulsive_10.wav,,,
fleurs-asr/zipformer-vi-30m-sherpa-onnx-cpu,vi-asr-1929-impulsive-5,ASR,vi,,5.0,impulsive,zipformer-vi-30m-sherpa-onnx-cpu,0.4332,711.234375,0.32,0.23076923076923078,,0.038404255319148935,,eval_data\mixed\vi_1929_impulsive_5.wav,,,
fleurs-asr/zipformer-vi-30m-sherpa-onnx-cpu,vi-asr-1929-impulsive-0,ASR,vi,,0.0,impulsive,zipformer-vi-30m-sherpa-onnx-cpu,0.3655,711.234375,0.32,0.23076923076923078,,0.03240248226950355,,eval_data\mixed\vi_1929_impulsive_0.wav,,,
fleurs-asr/zipformer-vi-30m-sherpa-onnx-cpu,vi-asr-1961-clean,ASR,vi,,,clean,zipformer-vi-30m-sherpa-onnx-cpu,0.8766,712.51171875,0.0,0.0,,0.04697749196141479,,eval_data\mixed\vi_1961_clean.wav,,,
fleurs-asr/zipformer-vi-30m-sherpa-onnx-cpu,vi-asr-1961-steady-15,ASR,vi,,15.0,steady,zipformer-vi-30m-sherpa-onnx-cpu,0.8156,712.60546875,0.0,0.0,,0.04370846730975348,,eval_data\mixed\vi_1961_steady_15.wav,,,
fleurs-asr/zipformer-vi-30m-sherpa-onnx-cpu,vi-asr-1961-steady-10,ASR,vi,,10.0,steady,zipformer-vi-30m-sherpa-onnx-cpu,0.7616,712.60546875,0.0,0.0,,0.04081457663451233,,eval_data\mixed\vi_1961_steady_10.wav,,,
fleurs-asr/zipformer-vi-30m-sherpa-onnx-cpu,vi-asr-1961-steady-5,ASR,vi,,5.0,steady,zipformer-vi-30m-sherpa-onnx-cpu,0.7793,712.60546875,0.05,0.02631578947368421,,0.041763129689174706,,eval_data\mixed\vi_1961_steady_5.wav,,,
fleurs-asr/zipformer-vi-30m-sherpa-onnx-cpu,vi-asr-1961-steady-0,ASR,vi,,0.0,steady,zipformer-vi-30m-sherpa-onnx-cpu,0.8459,712.609375,0.08333333333333333,0.045112781954887216,,0.04533226152197213,,eval_data\mixed\vi_1961_steady_0.wav,,,
fleurs-asr/zipformer-vi-30m-sherpa-onnx-cpu,vi-asr-1961-impulsive-15,ASR,vi,,15.0,impulsive,zipformer-vi-30m-sherpa-onnx-cpu,0.8046,712.609375,0.0,0.0,,0.04311897106109325,,eval_data\mixed\vi_1961_impulsive_15.wav,,,
fleurs-asr/zipformer-vi-30m-sherpa-onnx-cpu,vi-asr-1961-impulsive-10,ASR,vi,,10.0,impulsive,zipformer-vi-30m-sherpa-onnx-cpu,0.7492,712.609375,0.0,0.0,,0.04015005359056806,,eval_data\mixed\vi_1961_impulsive_10.wav,,,
fleurs-asr/zipformer-vi-30m-sherpa-onnx-cpu,vi-asr-1961-impulsive-5,ASR,vi,,5.0,impulsive,zipformer-vi-30m-sherpa-onnx-cpu,0.8131,712.61328125,0.0,0.0,,0.04357449088960343,,eval_data\mixed\vi_1961_impulsive_5.wav,,,
fleurs-asr/zipformer-vi-30m-sherpa-onnx-cpu,vi-asr-1961-impulsive-0,ASR,vi,,0.0,impulsive,zipformer-vi-30m-sherpa-onnx-cpu,0.7718,712.61328125,0.0,0.0,,0.04136120042872455,,eval_data\mixed\vi_1961_impulsive_0.wav,,,
fleurs-asr/zipformer-vi-30m-sherpa-onnx-cpu,vi-asr-1707-clean,ASR,vi,,,clean,zipformer-vi-30m-sherpa-onnx-cpu,0.5055,712.61328125,0.03225806451612903,0.029411764705882353,,0.04031100478468899,,eval_data\mixed\vi_1707_clean.wav,,,
fleurs-asr/zipformer-vi-30m-sherpa-onnx-cpu,vi-asr-1707-steady-15,ASR,vi,,15.0,steady,zipformer-vi-30m-sherpa-onnx-cpu,0.5103,712.61328125,0.03225806451612903,0.029411764705882353,,0.04069377990430622,,eval_data\mixed\vi_1707_steady_15.wav,,,
fleurs-asr/zipformer-vi-30m-sherpa-onnx-cpu,vi-asr-1707-steady-10,ASR,vi,,10.0,steady,zipformer-vi-30m-sherpa-onnx-cpu,0.5108,712.61328125,0.06451612903225806,0.03676470588235294,,0.040733652312599684,,eval_data\mixed\vi_1707_steady_10.wav,,,
fleurs-asr/zipformer-vi-30m-sherpa-onnx-cpu,vi-asr-1707-steady-5,ASR,vi,,5.0,steady,zipformer-vi-30m-sherpa-onnx-cpu,0.4691,712.61328125,0.0967741935483871,0.051470588235294115,,0.03740829346092504,,eval_data\mixed\vi_1707_steady_5.wav,,,
fleurs-asr/zipformer-vi-30m-sherpa-onnx-cpu,vi-asr-1707-steady-0,ASR,vi,,0.0,steady,zipformer-vi-30m-sherpa-onnx-cpu,0.4626,712.61328125,0.16129032258064516,0.11029411764705882,,0.03688995215311005,,eval_data\mixed\vi_1707_steady_0.wav,,,
fleurs-asr/zipformer-vi-30m-sherpa-onnx-cpu,vi-asr-1707-impulsive-15,ASR,vi,,15.0,impulsive,zipformer-vi-30m-sherpa-onnx-cpu,0.4259,712.61328125,0.06451612903225806,0.03676470588235294,,0.03396331738437002,,eval_data\mixed\vi_1707_impulsive_15.wav,,,
fleurs-asr/zipformer-vi-30m-sherpa-onnx-cpu,vi-asr-1707-impulsive-10,ASR,vi,,10.0,impulsive,zipformer-vi-30m-sherpa-onnx-cpu,0.505,712.61328125,0.06451612903225806,0.03676470588235294,,0.040271132376395534,,eval_data\mixed\vi_1707_impulsive_10.wav,,,
fleurs-asr/zipformer-vi-30m-sherpa-onnx-cpu,vi-asr-1707-impulsive-5,ASR,vi,,5.0,impulsive,zipformer-vi-30m-sherpa-onnx-cpu,0.7463,712.61328125,0.03225806451612903,0.029411764705882353,,0.059513556618819775,,eval_data\mixed\vi_1707_impulsive_5.wav,,,
fleurs-asr/zipformer-vi-30m-sherpa-onnx-cpu,vi-asr-1707-impulsive-0,ASR,vi,,0.0,impulsive,zipformer-vi-30m-sherpa-onnx-cpu,0.4896,712.61328125,0.03225806451612903,0.029411764705882353,,0.03904306220095694,,eval_data\mixed\vi_1707_impulsive_0.wav,,,
fleurs-asr/zipformer-vi-30m-sherpa-onnx-cpu,vi-asr-1748-clean,ASR,vi,,,clean,zipformer-vi-30m-sherpa-onnx-cpu,0.3036,712.61328125,0.4,0.36363636363636365,,0.03720588235294117,,eval_data\mixed\vi_1748_clean.wav,,,
fleurs-asr/zipformer-vi-30m-sherpa-onnx-cpu,vi-asr-1748-steady-15,ASR,vi,,15.0,steady,zipformer-vi-30m-sherpa-onnx-cpu,0.2893,712.61328125,0.4666666666666667,0.3939393939393939,,0.03545343137254902,,eval_data\mixed\vi_1748_steady_15.wav,,,
fleurs-asr/zipformer-vi-30m-sherpa-onnx-cpu,vi-asr-1748-steady-10,ASR,vi,,10.0,steady,zipformer-vi-30m-sherpa-onnx-cpu,0.2578,712.61328125,0.4666666666666667,0.3939393939393939,,0.031593137254901954,,eval_data\mixed\vi_1748_steady_10.wav,,,
fleurs-asr/zipformer-vi-30m-sherpa-onnx-cpu,vi-asr-1748-steady-5,ASR,vi,,5.0,steady,zipformer-vi-30m-sherpa-onnx-cpu,0.2804,712.61328125,0.4666666666666667,0.42424242424242425,,0.034362745098039216,,eval_data\mixed\vi_1748_steady_5.wav,,,
fleurs-asr/zipformer-vi-30m-sherpa-onnx-cpu,vi-asr-1748-steady-0,ASR,vi,,0.0,steady,zipformer-vi-30m-sherpa-onnx-cpu,0.3071,712.61328125,0.6,0.4696969696969697,,0.03763480392156862,,eval_data\mixed\vi_1748_steady_0.wav,,,
fleurs-asr/zipformer-vi-30m-sherpa-onnx-cpu,vi-asr-1748-impulsive-15,ASR,vi,,15.0,impulsive,zipformer-vi-30m-sherpa-onnx-cpu,0.2867,712.61328125,0.4,0.36363636363636365,,0.035134803921568626,,eval_data\mixed\vi_1748_impulsive_15.wav,,,
fleurs-asr/zipformer-vi-30m-sherpa-onnx-cpu,vi-asr-1748-impulsive-10,ASR,vi,,10.0,impulsive,zipformer-vi-30m-sherpa-onnx-cpu,0.31,712.61328125,0.4,0.36363636363636365,,0.03799019607843137,,eval_data\mixed\vi_1748_impulsive_10.wav,,,
fleurs-asr/zipformer-vi-30m-sherpa-onnx-cpu,vi-asr-1748-impulsive-5,ASR,vi,,5.0,impulsive,zipformer-vi-30m-sherpa-onnx-cpu,0.3016,712.61328125,0.4666666666666667,0.3939393939393939,,0.03696078431372549,,eval_data\mixed\vi_1748_impulsive_5.wav,,,
fleurs-asr/zipformer-vi-30m-sherpa-onnx-cpu,vi-asr-1748-impulsive-0,ASR,vi,,0.0,impulsive,zipformer-vi-30m-sherpa-onnx-cpu,0.2684,712.61328125,0.4666666666666667,0.3939393939393939,,0.0328921568627451,,eval_data\mixed\vi_1748_impulsive_0.wav,,,
fleurs-asr/zipformer-vi-30m-sherpa-onnx-cpu,vi-asr-1931-clean,ASR,vi,,,clean,zipformer-vi-30m-sherpa-onnx-cpu,0.4179,712.61328125,0.0,0.0,,0.029264705882352943,,eval_data\mixed\vi_1931_clean.wav,,,
fleurs-asr/zipformer-vi-30m-sherpa-onnx-cpu,vi-asr-1931-steady-15,ASR,vi,,15.0,steady,zipformer-vi-30m-sherpa-onnx-cpu,0.4338,712.61328125,0.030303030303030304,0.03571428571428571,,0.030378151260504204,,eval_data\mixed\vi_1931_steady_15.wav,,,
fleurs-asr/zipformer-vi-30m-sherpa-onnx-cpu,vi-asr-1931-steady-10,ASR,vi,,10.0,steady,zipformer-vi-30m-sherpa-onnx-cpu,0.4213,712.61328125,0.030303030303030304,0.03571428571428571,,0.02950280112044818,,eval_data\mixed\vi_1931_steady_10.wav,,,
fleurs-asr/zipformer-vi-30m-sherpa-onnx-cpu,vi-asr-1931-steady-5,ASR,vi,,5.0,steady,zipformer-vi-30m-sherpa-onnx-cpu,0.4394,712.61328125,0.12121212121212122,0.07142857142857142,,0.030770308123249303,,eval_data\mixed\vi_1931_steady_5.wav,,,
fleurs-asr/zipformer-vi-30m-sherpa-onnx-cpu,vi-asr-1931-steady-0,ASR,vi,,0.0,steady,zipformer-vi-30m-sherpa-onnx-cpu,0.4357,712.61328125,0.2727272727272727,0.21428571428571427,,0.030511204481792717,,eval_data\mixed\vi_1931_steady_0.wav,,,
fleurs-asr/zipformer-vi-30m-sherpa-onnx-cpu,vi-asr-1931-impulsive-15,ASR,vi,,15.0,impulsive,zipformer-vi-30m-sherpa-onnx-cpu,0.3984,712.61328125,0.0,0.0,,0.027899159663865546,,eval_data\mixed\vi_1931_impulsive_15.wav,,,
fleurs-asr/zipformer-vi-30m-sherpa-onnx-cpu,vi-asr-1931-impulsive-10,ASR,vi,,10.0,impulsive,zipformer-vi-30m-sherpa-onnx-cpu,0.4251,712.61328125,0.0,0.0,,0.02976890756302521,,eval_data\mixed\vi_1931_impulsive_10.wav,,,
fleurs-asr/zipformer-vi-30m-sherpa-onnx-cpu,vi-asr-1931-impulsive-5,ASR,vi,,5.0,impulsive,zipformer-vi-30m-sherpa-onnx-cpu,0.4197,712.61328125,0.030303030303030304,0.03571428571428571,,0.029390756302521012,,eval_data\mixed\vi_1931_impulsive_5.wav,,,
fleurs-asr/zipformer-vi-30m-sherpa-onnx-cpu,vi-asr-1931-impulsive-0,ASR,vi,,0.0,impulsive,zipformer-vi-30m-sherpa-onnx-cpu,0.4096,712.61328125,0.030303030303030304,0.03571428571428571,,0.028683473389355747,,eval_data\mixed\vi_1931_impulsive_0.wav,,,
fleurs-asr/zipformer-vi-30m-sherpa-onnx-cpu,vi-asr-2001-clean,ASR,vi,,,clean,zipformer-vi-30m-sherpa-onnx-cpu,0.355,712.61328125,0.02564102564102564,0.017341040462427744,,0.027519379844961236,,eval_data\mixed\vi_2001_clean.wav,,,
fleurs-asr/zipformer-vi-30m-sherpa-onnx-cpu,vi-asr-2001-steady-15,ASR,vi,,15.0,steady,zipformer-vi-30m-sherpa-onnx-cpu,0.367,712.61328125,0.0,0.0,,0.028449612403100774,,eval_data\mixed\vi_2001_steady_15.wav,,,
fleurs-asr/zipformer-vi-30m-sherpa-onnx-cpu,vi-asr-2001-steady-10,ASR,vi,,10.0,steady,zipformer-vi-30m-sherpa-onnx-cpu,0.3407,712.61328125,0.0,0.0,,0.026410852713178293,,eval_data\mixed\vi_2001_steady_10.wav,,,
fleurs-asr/zipformer-vi-30m-sherpa-onnx-cpu,vi-asr-2001-steady-5,ASR,vi,,5.0,steady,zipformer-vi-30m-sherpa-onnx-cpu,0.3666,712.61328125,0.0,0.0,,0.028418604651162787,,eval_data\mixed\vi_2001_steady_5.wav,,,
fleurs-asr/zipformer-vi-30m-sherpa-onnx-cpu,vi-asr-2001-steady-0,ASR,vi,,0.0,steady,zipformer-vi-30m-sherpa-onnx-cpu,0.4149,712.61328125,0.10256410256410256,0.06936416184971098,,0.032162790697674415,,eval_data\mixed\vi_2001_steady_0.wav,,,
fleurs-asr/zipformer-vi-30m-sherpa-onnx-cpu,vi-asr-2001-impulsive-15,ASR,vi,,15.0,impulsive,zipformer-vi-30m-sherpa-onnx-cpu,0.3987,712.61328125,0.0,0.0,,0.030906976744186045,,eval_data\mixed\vi_2001_impulsive_15.wav,,,
fleurs-asr/zipformer-vi-30m-sherpa-onnx-cpu,vi-asr-2001-impulsive-10,ASR,vi,,10.0,impulsive,zipformer-vi-30m-sherpa-onnx-cpu,0.3881,712.61328125,0.0,0.0,,0.030085271317829457,,eval_data\mixed\vi_2001_impulsive_10.wav,,,
fleurs-asr/zipformer-vi-30m-sherpa-onnx-cpu,vi-asr-2001-impulsive-5,ASR,vi,,5.0,impulsive,zipformer-vi-30m-sherpa-onnx-cpu,0.3975,712.61328125,0.0,0.0,,0.030813953488372094,,eval_data\mixed\vi_2001_impulsive_5.wav,,,
fleurs-asr/zipformer-vi-30m-sherpa-onnx-cpu,vi-asr-2001-impulsive-0,ASR,vi,,0.0,impulsive,zipformer-vi-30m-sherpa-onnx-cpu,0.4072,712.61328125,0.0,0.0,,0.031565891472868216,,eval_data\mixed\vi_2001_impulsive_0.wav,,,
fleurs-asr/zipformer-vi-30m-sherpa-onnx-cpu,vi-asr-1835-clean,ASR,vi,,,clean,zipformer-vi-30m-sherpa-onnx-cpu,0.475,712.61328125,0.13513513513513514,0.0975609756097561,,0.032578875171467764,,eval_data\mixed\vi_1835_clean.wav,,,
fleurs-asr/zipformer-vi-30m-sherpa-onnx-cpu,vi-asr-1835-steady-15,ASR,vi,,15.0,steady,zipformer-vi-30m-sherpa-onnx-cpu,0.4454,712.61328125,0.10810810810810811,0.08536585365853659,,0.03054869684499314,,eval_data\mixed\vi_1835_steady_15.wav,,,
fleurs-asr/zipformer-vi-30m-sherpa-onnx-cpu,vi-asr-1835-steady-10,ASR,vi,,10.0,steady,zipformer-vi-30m-sherpa-onnx-cpu,0.6182,712.61328125,0.10810810810810811,0.08536585365853659,,0.04240054869684499,,eval_data\mixed\vi_1835_steady_10.wav,,,
fleurs-asr/zipformer-vi-30m-sherpa-onnx-cpu,vi-asr-1835-steady-5,ASR,vi,,5.0,steady,zipformer-vi-30m-sherpa-onnx-cpu,0.5927,712.61328125,0.1891891891891892,0.1402439024390244,,0.040651577503429355,,eval_data\mixed\vi_1835_steady_5.wav,,,
fleurs-asr/zipformer-vi-30m-sherpa-onnx-cpu,vi-asr-1835-steady-0,ASR,vi,,0.0,steady,zipformer-vi-30m-sherpa-onnx-cpu,0.6798,712.61328125,0.24324324324324326,0.16463414634146342,,0.04662551440329218,,eval_data\mixed\vi_1835_steady_0.wav,,,
fleurs-asr/zipformer-vi-30m-sherpa-onnx-cpu,vi-asr-1835-impulsive-15,ASR,vi,,15.0,impulsive,zipformer-vi-30m-sherpa-onnx-cpu,0.5786,712.61328125,0.1891891891891892,0.12195121951219512,,0.03968449931412894,,eval_data\mixed\vi_1835_impulsive_15.wav,,,
fleurs-asr/zipformer-vi-30m-sherpa-onnx-cpu,vi-asr-1835-impulsive-10,ASR,vi,,10.0,impulsive,zipformer-vi-30m-sherpa-onnx-cpu,0.546,712.61328125,0.1891891891891892,0.12195121951219512,,0.037448559670781895,,eval_data\mixed\vi_1835_impulsive_10.wav,,,
fleurs-asr/zipformer-vi-30m-sherpa-onnx-cpu,vi-asr-1835-impulsive-5,ASR,vi,,5.0,impulsive,zipformer-vi-30m-sherpa-onnx-cpu,0.5925,712.61328125,0.13513513513513514,0.10975609756097561,,0.04063786008230453,,eval_data\mixed\vi_1835_impulsive_5.wav,,,
fleurs-asr/zipformer-vi-30m-sherpa-onnx-cpu,vi-asr-1835-impulsive-0,ASR,vi,,0.0,impulsive,zipformer-vi-30m-sherpa-onnx-cpu,0.5835,712.61328125,0.10810810810810811,0.08536585365853659,,0.04002057613168725,,eval_data\mixed\vi_1835_impulsive_0.wav,,,
fleurs-asr/zipformer-vi-30m-sherpa-onnx-cpu,vi-asr-1946-clean,ASR,vi,,,clean,zipformer-vi-30m-sherpa-onnx-cpu,1.0089,713.61328125,0.24444444444444444,0.19402985074626866,,0.04683844011142061,,eval_data\mixed\vi_1946_clean.wav,,,
fleurs-asr/zipformer-vi-30m-sherpa-onnx-cpu,vi-asr-1946-steady-15,ASR,vi,,15.0,steady,zipformer-vi-30m-sherpa-onnx-cpu,1.0232,713.61328125,0.26666666666666666,0.21890547263681592,,0.047502321262766954,,eval_data\mixed\vi_1946_steady_15.wav,,,
fleurs-asr/zipformer-vi-30m-sherpa-onnx-cpu,vi-asr-1946-steady-10,ASR,vi,,10.0,steady,zipformer-vi-30m-sherpa-onnx-cpu,0.9297,713.6171875,0.24444444444444444,0.20398009950248755,,0.043161559888579386,,eval_data\mixed\vi_1946_steady_10.wav,,,
fleurs-asr/zipformer-vi-30m-sherpa-onnx-cpu,vi-asr-1946-steady-5,ASR,vi,,5.0,steady,zipformer-vi-30m-sherpa-onnx-cpu,0.9201,713.62109375,0.26666666666666666,0.208955223880597,,0.04271587743732591,,eval_data\mixed\vi_1946_steady_5.wav,,,
fleurs-asr/zipformer-vi-30m-sherpa-onnx-cpu,vi-asr-1946-steady-0,ASR,vi,,0.0,steady,zipformer-vi-30m-sherpa-onnx-cpu,0.9203,713.6328125,0.28888888888888886,0.22388059701492538,,0.04272516248839369,,eval_data\mixed\vi_1946_steady_0.wav,,,
fleurs-asr/zipformer-vi-30m-sherpa-onnx-cpu,vi-asr-1946-impulsive-15,ASR,vi,,15.0,impulsive,zipformer-vi-30m-sherpa-onnx-cpu,1.0116,713.63671875,0.26666666666666666,0.208955223880597,,0.04696378830083566,,eval_data\mixed\vi_1946_impulsive_15.wav,,,
fleurs-asr/zipformer-vi-30m-sherpa-onnx-cpu,vi-asr-1946-impulsive-10,ASR,vi,,10.0,impulsive,zipformer-vi-30m-sherpa-onnx-cpu,0.9335,713.640625,0.26666666666666666,0.208955223880597,,0.04333797585886723,,eval_data\mixed\vi_1946_impulsive_10.wav,,,
fleurs-asr/zipformer-vi-30m-sherpa-onnx-cpu,vi-asr-1946-impulsive-5,ASR,vi,,5.0,impulsive,zipformer-vi-30m-sherpa-onnx-cpu,0.7798,713.64453125,0.24444444444444444,0.19402985074626866,,0.036202414113277626,,eval_data\mixed\vi_1946_impulsive_5.wav,,,
fleurs-asr/zipformer-vi-30m-sherpa-onnx-cpu,vi-asr-1946-impulsive-0,ASR,vi,,0.0,impulsive,zipformer-vi-30m-sherpa-onnx-cpu,0.9037,713.6484375,0.24444444444444444,0.19900497512437812,,0.04195450324976787,,eval_data\mixed\vi_1946_impulsive_0.wav,,,
fleurs-asr/zipformer-vi-30m-sherpa-onnx-cpu,vi-asr-1689-clean,ASR,vi,,,clean,zipformer-vi-30m-sherpa-onnx-cpu,0.4986,713.6484375,0.08108108108108109,0.05357142857142857,,0.03995192307692307,,eval_data\mixed\vi_1689_clean.wav,,,
fleurs-asr/zipformer-vi-30m-sherpa-onnx-cpu,vi-asr-1689-steady-15,ASR,vi,,15.0,steady,zipformer-vi-30m-sherpa-onnx-cpu,0.5071,713.6484375,0.13513513513513514,0.08333333333333333,,0.04063301282051282,,eval_data\mixed\vi_1689_steady_15.wav,,,
fleurs-asr/zipformer-vi-30m-sherpa-onnx-cpu,vi-asr-1689-steady-10,ASR,vi,,10.0,steady,zipformer-vi-30m-sherpa-onnx-cpu,0.7102,713.6484375,0.13513513513513514,0.08333333333333333,,0.056907051282051285,,eval_data\mixed\vi_1689_steady_10.wav,,,
fleurs-asr/zipformer-vi-30m-sherpa-onnx-cpu,vi-asr-1689-steady-5,ASR,vi,,5.0,steady,zipformer-vi-30m-sherpa-onnx-cpu,0.7116,713.6484375,0.13513513513513514,0.07738095238095238,,0.057019230769230766,,eval_data\mixed\vi_1689_steady_5.wav,,,
fleurs-asr/zipformer-vi-30m-sherpa-onnx-cpu,vi-asr-1689-steady-0,ASR,vi,,0.0,steady,zipformer-vi-30m-sherpa-onnx-cpu,0.7241,713.6484375,0.10810810810810811,0.07738095238095238,,0.05802083333333333,,eval_data\mixed\vi_1689_steady_0.wav,,,
fleurs-asr/zipformer-vi-30m-sherpa-onnx-cpu,vi-asr-1689-impulsive-15,ASR,vi,,15.0,impulsive,zipformer-vi-30m-sherpa-onnx-cpu,0.6824,713.6484375,0.13513513513513514,0.07738095238095238,,0.05467948717948718,,eval_data\mixed\vi_1689_impulsive_15.wav,,,
fleurs-asr/zipformer-vi-30m-sherpa-onnx-cpu,vi-asr-1689-impulsive-10,ASR,vi,,10.0,impulsive,zipformer-vi-30m-sherpa-onnx-cpu,0.6027,713.6484375,0.13513513513513514,0.08333333333333333,,0.04829326923076923,,eval_data\mixed\vi_1689_impulsive_10.wav,,,
fleurs-asr/zipformer-vi-30m-sherpa-onnx-cpu,vi-asr-1689-impulsive-5,ASR,vi,,5.0,impulsive,zipformer-vi-30m-sherpa-onnx-cpu,0.5253,713.6484375,0.16216216216216217,0.10119047619047619,,0.04209134615384615,,eval_data\mixed\vi_1689_impulsive_5.wav,,,
fleurs-asr/zipformer-vi-30m-sherpa-onnx-cpu,vi-asr-1689-impulsive-0,ASR,vi,,0.0,impulsive,zipformer-vi-30m-sherpa-onnx-cpu,0.4871,713.6484375,0.13513513513513514,0.08333333333333333,,0.03903044871794872,,eval_data\mixed\vi_1689_impulsive_0.wav,,,
fleurs-asr/zipformer-vi-30m-sherpa-onnx-cpu,vi-asr-1969-clean,ASR,vi,,,clean,zipformer-vi-30m-sherpa-onnx-cpu,0.662,713.6484375,0.0,0.0,,0.04597222222222223,,eval_data\mixed\vi_1969_clean.wav,,,
fleurs-asr/zipformer-vi-30m-sherpa-onnx-cpu,vi-asr-1969-steady-15,ASR,vi,,15.0,steady,zipformer-vi-30m-sherpa-onnx-cpu,0.6751,713.6484375,0.0,0.0,,0.04688194444444445,,eval_data\mixed\vi_1969_steady_15.wav,,,
fleurs-asr/zipformer-vi-30m-sherpa-onnx-cpu,vi-asr-1969-steady-10,ASR,vi,,10.0,steady,zipformer-vi-30m-sherpa-onnx-cpu,0.7341,713.6484375,0.0,0.0,,0.050979166666666666,,eval_data\mixed\vi_1969_steady_10.wav,,,
fleurs-asr/zipformer-vi-30m-sherpa-onnx-cpu,vi-asr-1969-steady-5,ASR,vi,,5.0,steady,zipformer-vi-30m-sherpa-onnx-cpu,0.5951,713.6484375,0.0,0.0,,0.041326388888888885,,eval_data\mixed\vi_1969_steady_5.wav,,,
fleurs-asr/zipformer-vi-30m-sherpa-onnx-cpu,vi-asr-1969-steady-0,ASR,vi,,0.0,steady,zipformer-vi-30m-sherpa-onnx-cpu,0.6292,713.6484375,0.1388888888888889,0.09375,,0.043694444444444445,,eval_data\mixed\vi_1969_steady_0.wav,,,
fleurs-asr/zipformer-vi-30m-sherpa-onnx-cpu,vi-asr-1969-impulsive-15,ASR,vi,,15.0,impulsive,zipformer-vi-30m-sherpa-onnx-cpu,0.5889,713.6484375,0.0,0.0,,0.04089583333333333,,eval_data\mixed\vi_1969_impulsive_15.wav,,,
fleurs-asr/zipformer-vi-30m-sherpa-onnx-cpu,vi-asr-1969-impulsive-10,ASR,vi,,10.0,impulsive,zipformer-vi-30m-sherpa-onnx-cpu,0.6286,713.6484375,0.0,0.0,,0.04365277777777778,,eval_data\mixed\vi_1969_impulsive_10.wav,,,
fleurs-asr/zipformer-vi-30m-sherpa-onnx-cpu,vi-asr-1969-impulsive-5,ASR,vi,,5.0,impulsive,zipformer-vi-30m-sherpa-onnx-cpu,0.6544,713.6484375,0.0,0.0,,0.04544444444444444,,eval_data\mixed\vi_1969_impulsive_5.wav,,,
fleurs-asr/zipformer-vi-30m-sherpa-onnx-cpu,vi-asr-1969-impulsive-0,ASR,vi,,0.0,impulsive,zipformer-vi-30m-sherpa-onnx-cpu,0.6088,713.6484375,0.0,0.0,,0.042277777777777775,,eval_data\mixed\vi_1969_impulsive_0.wav,,,
fleurs-asr/zipformer-vi-30m-sherpa-onnx-cpu,vi-asr-1854-clean,ASR,vi,,,clean,zipformer-vi-30m-sherpa-onnx-cpu,0.3472,713.6484375,0.1,0.08888888888888889,,0.044857881136950904,,eval_data\mixed\vi_1854_clean.wav,,,
fleurs-asr/zipformer-vi-30m-sherpa-onnx-cpu,vi-asr-1854-steady-15,ASR,vi,,15.0,steady,zipformer-vi-30m-sherpa-onnx-cpu,0.3431,713.6484375,0.1,0.08888888888888889,,0.044328165374677,,eval_data\mixed\vi_1854_steady_15.wav,,,
fleurs-asr/zipformer-vi-30m-sherpa-onnx-cpu,vi-asr-1854-steady-10,ASR,vi,,10.0,steady,zipformer-vi-30m-sherpa-onnx-cpu,0.2673,713.6484375,0.1,0.08888888888888889,,0.03453488372093023,,eval_data\mixed\vi_1854_steady_10.wav,,,
fleurs-asr/zipformer-vi-30m-sherpa-onnx-cpu,vi-asr-1854-steady-5,ASR,vi,,5.0,steady,zipformer-vi-30m-sherpa-onnx-cpu,0.3228,713.6484375,0.1,0.08888888888888889,,0.041705426356589144,,eval_data\mixed\vi_1854_steady_5.wav,,,
fleurs-asr/zipformer-vi-30m-sherpa-onnx-cpu,vi-asr-1854-steady-0,ASR,vi,,0.0,steady,zipformer-vi-30m-sherpa-onnx-cpu,0.2916,713.6484375,0.15,0.1111111111111111,,0.037674418604651164,,eval_data\mixed\vi_1854_steady_0.wav,,,
fleurs-asr/zipformer-vi-30m-sherpa-onnx-cpu,vi-asr-1854-impulsive-15,ASR,vi,,15.0,impulsive,zipformer-vi-30m-sherpa-onnx-cpu,0.2958,713.6484375,0.1,0.08888888888888889,,0.03821705426356589,,eval_data\mixed\vi_1854_impulsive_15.wav,,,
fleurs-asr/zipformer-vi-30m-sherpa-onnx-cpu,vi-asr-1854-impulsive-10,ASR,vi,,10.0,impulsive,zipformer-vi-30m-sherpa-onnx-cpu,0.3312,713.6484375,0.1,0.08888888888888889,,0.0427906976744186,,eval_data\mixed\vi_1854_impulsive_10.wav,,,
fleurs-asr/zipformer-vi-30m-sherpa-onnx-cpu,vi-asr-1854-impulsive-5,ASR,vi,,5.0,impulsive,zipformer-vi-30m-sherpa-onnx-cpu,0.2724,713.6484375,0.15,0.1,,0.0351937984496124,,eval_data\mixed\vi_1854_impulsive_5.wav,,,
fleurs-asr/zipformer-vi-30m-sherpa-onnx-cpu,vi-asr-1854-impulsive-0,ASR,vi,,0.0,impulsive,zipformer-vi-30m-sherpa-onnx-cpu,0.2899,713.6484375,0.15,0.1,,0.0374547803617571,,eval_data\mixed\vi_1854_impulsive_0.wav,,,
fleurs-asr/zipformer-vi-30m-sherpa-onnx-cpu,vi-asr-1798-clean,ASR,vi,,,clean,zipformer-vi-30m-sherpa-onnx-cpu,0.6787,713.6484375,0.09375,0.05172413793103448,,0.04317430025445292,,eval_data\mixed\vi_1798_clean.wav,,,
fleurs-asr/zipformer-vi-30m-sherpa-onnx-cpu,vi-asr-1798-steady-15,ASR,vi,,15.0,steady,zipformer-vi-30m-sherpa-onnx-cpu,0.7296,713.6484375,0.09375,0.04597701149425287,,0.046412213740458015,,eval_data\mixed\vi_1798_steady_15.wav,,,
fleurs-asr/zipformer-vi-30m-sherpa-onnx-cpu,vi-asr-1798-steady-10,ASR,vi,,10.0,steady,zipformer-vi-30m-sherpa-onnx-cpu,0.6614,713.6484375,0.0625,0.07471264367816093,,0.04207379134860051,,eval_data\mixed\vi_1798_steady_10.wav,,,
fleurs-asr/zipformer-vi-30m-sherpa-onnx-cpu,vi-asr-1798-steady-5,ASR,vi,,5.0,steady,zipformer-vi-30m-sherpa-onnx-cpu,0.6967,713.6484375,0.0625,0.07471264367816093,,0.04431933842239186,,eval_data\mixed\vi_1798_steady_5.wav,,,
fleurs-asr/zipformer-vi-30m-sherpa-onnx-cpu,vi-asr-1798-steady-0,ASR,vi,,0.0,steady,zipformer-vi-30m-sherpa-onnx-cpu,0.6112,713.6484375,0.0625,0.06896551724137931,,0.03888040712468193,,eval_data\mixed\vi_1798_steady_0.wav,,,
fleurs-asr/zipformer-vi-30m-sherpa-onnx-cpu,vi-asr-1798-impulsive-15,ASR,vi,,15.0,impulsive,zipformer-vi-30m-sherpa-onnx-cpu,0.6187,713.6484375,0.09375,0.04597701149425287,,0.03935750636132315,,eval_data\mixed\vi_1798_impulsive_15.wav,,,
fleurs-asr/zipformer-vi-30m-sherpa-onnx-cpu,vi-asr-1798-impulsive-10,ASR,vi,,10.0,impulsive,zipformer-vi-30m-sherpa-onnx-cpu,0.6236,713.6484375,0.125,0.06321839080459771,,0.039669211195928755,,eval_data\mixed\vi_1798_impulsive_10.wav,,,
fleurs-asr/zipformer-vi-30m-sherpa-onnx-cpu,vi-asr-1798-impulsive-5,ASR,vi,,5.0,impulsive,zipformer-vi-30m-sherpa-onnx-cpu,0.6163,713.6484375,0.125,0.06321839080459771,,0.03920483460559796,,eval_data\mixed\vi_1798_impulsive_5.wav,,,
fleurs-asr/zipformer-vi-30m-sherpa-onnx-cpu,vi-asr-1798-impulsive-0,ASR,vi,,0.0,impulsive,zipformer-vi-30m-sherpa-onnx-cpu,0.6484,713.6484375,0.125,0.06321839080459771,,0.04124681933842239,,eval_data\mixed\vi_1798_impulsive_0.wav,,,
fleurs-asr/zipformer-vi-30m-sherpa-onnx-cpu,vi-asr-1804-clean,ASR,vi,,,clean,zipformer-vi-30m-sherpa-onnx-cpu,0.5038,713.6484375,0.0,0.0,,0.03816666666666667,,eval_data\mixed\vi_1804_clean.wav,,,
fleurs-asr/zipformer-vi-30m-sherpa-onnx-cpu,vi-asr-1804-steady-15,ASR,vi,,15.0,steady,zipformer-vi-30m-sherpa-onnx-cpu,0.4794,713.6484375,0.0,0.0,,0.03631818181818182,,eval_data\mixed\vi_1804_steady_15.wav,,,
fleurs-asr/zipformer-vi-30m-sherpa-onnx-cpu,vi-asr-1804-steady-10,ASR,vi,,10.0,steady,zipformer-vi-30m-sherpa-onnx-cpu,0.526,713.6484375,0.0,0.0,,0.039848484848484855,,eval_data\mixed\vi_1804_steady_10.wav,,,
fleurs-asr/zipformer-vi-30m-sherpa-onnx-cpu,vi-asr-1804-steady-5,ASR,vi,,5.0,steady,zipformer-vi-30m-sherpa-onnx-cpu,0.562,713.6484375,0.0,0.0,,0.04257575757575758,,eval_data\mixed\vi_1804_steady_5.wav,,,
fleurs-asr/zipformer-vi-30m-sherpa-onnx-cpu,vi-asr-1804-steady-0,ASR,vi,,0.0,steady,zipformer-vi-30m-sherpa-onnx-cpu,0.6263,713.6484375,0.07692307692307693,0.04093567251461988,,0.047446969696969696,,eval_data\mixed\vi_1804_steady_0.wav,,,
fleurs-asr/zipformer-vi-30m-sherpa-onnx-cpu,vi-asr-1804-impulsive-15,ASR,vi,,15.0,impulsive,zipformer-vi-30m-sherpa-onnx-cpu,0.4929,713.6484375,0.0,0.0,,0.03734090909090909,,eval_data\mixed\vi_1804_impulsive_15.wav,,,
fleurs-asr/zipformer-vi-30m-sherpa-onnx-cpu,vi-asr-1804-impulsive-10,ASR,vi,,10.0,impulsive,zipformer-vi-30m-sherpa-onnx-cpu,0.5102,713.6484375,0.0,0.0,,0.03865151515151515,,eval_data\mixed\vi_1804_impulsive_10.wav,,,
fleurs-asr/zipformer-vi-30m-sherpa-onnx-cpu,vi-asr-1804-impulsive-5,ASR,vi,,5.0,impulsive,zipformer-vi-30m-sherpa-onnx-cpu,0.5387,713.6484375,0.0,0.0,,0.04081060606060606,,eval_data\mixed\vi_1804_impulsive_5.wav,,,
fleurs-asr/zipformer-vi-30m-sherpa-onnx-cpu,vi-asr-1804-impulsive-0,ASR,vi,,0.0,impulsive,zipformer-vi-30m-sherpa-onnx-cpu,0.4721,713.6484375,0.0,0.0,,0.03576515151515152,,eval_data\mixed\vi_1804_impulsive_0.wav,,,
fleurs-asr/zipformer-vi-30m-sherpa-onnx-cpu,vi-asr-1898-clean,ASR,vi,,,clean,zipformer-vi-30m-sherpa-onnx-cpu,0.8203,714.3125,0.10869565217391304,0.045454545454545456,,0.04682077625570776,,eval_data\mixed\vi_1898_clean.wav,,,
fleurs-asr/zipformer-vi-30m-sherpa-onnx-cpu,vi-asr-1898-steady-15,ASR,vi,,15.0,steady,zipformer-vi-30m-sherpa-onnx-cpu,0.7312,714.3125,0.10869565217391304,0.045454545454545456,,0.0417351598173516,,eval_data\mixed\vi_1898_steady_15.wav,,,
fleurs-asr/zipformer-vi-30m-sherpa-onnx-cpu,vi-asr-1898-steady-10,ASR,vi,,10.0,steady,zipformer-vi-30m-sherpa-onnx-cpu,0.6718,714.3125,0.10869565217391304,0.050505050505050504,,0.038344748858447485,,eval_data\mixed\vi_1898_steady_10.wav,,,
fleurs-asr/zipformer-vi-30m-sherpa-onnx-cpu,vi-asr-1898-steady-5,ASR,vi,,5.0,steady,zipformer-vi-30m-sherpa-onnx-cpu,0.8023,714.3125,0.10869565217391304,0.06565656565656566,,0.045793378995433794,,eval_data\mixed\vi_1898_steady_5.wav,,,
fleurs-asr/zipformer-vi-30m-sherpa-onnx-cpu,vi-asr-1898-steady-0,ASR,vi,,0.0,steady,zipformer-vi-30m-sherpa-onnx-cpu,0.6973,714.3125,0.21739130434782608,0.14646464646464646,,0.039800228310502284,,eval_data\mixed\vi_1898_steady_0.wav,,,
fleurs-asr/zipformer-vi-30m-sherpa-onnx-cpu,vi-asr-1898-impulsive-15,ASR,vi,,15.0,impulsive,zipformer-vi-30m-sherpa-onnx-cpu,0.773,714.3125,0.10869565217391304,0.045454545454545456,,0.04412100456621005,,eval_data\mixed\vi_1898_impulsive_15.wav,,,
fleurs-asr/zipformer-vi-30m-sherpa-onnx-cpu,vi-asr-1898-impulsive-10,ASR,vi,,10.0,impulsive,zipformer-vi-30m-sherpa-onnx-cpu,0.756,714.3125,0.10869565217391304,0.050505050505050504,,0.04315068493150685,,eval_data\mixed\vi_1898_impulsive_10.wav,,,
fleurs-asr/zipformer-vi-30m-sherpa-onnx-cpu,vi-asr-1898-impulsive-5,ASR,vi,,5.0,impulsive,zipformer-vi-30m-sherpa-onnx-cpu,0.7151,714.3125,0.10869565217391304,0.050505050505050504,,0.0408162100456621,,eval_data\mixed\vi_1898_impulsive_5.wav,,,
fleurs-asr/zipformer-vi-30m-sherpa-onnx-cpu,vi-asr-1898-impulsive-0,ASR,vi,,0.0,impulsive,zipformer-vi-30m-sherpa-onnx-cpu,1.2028,714.3125,0.10869565217391304,0.050505050505050504,,0.06865296803652969,,eval_data\mixed\vi_1898_impulsive_0.wav,,,
fleurs-asr/zipformer-vi-30m-sherpa-onnx-cpu,vi-asr-1772-clean,ASR,vi,,,clean,zipformer-vi-30m-sherpa-onnx-cpu,0.3255,714.3125,0.0,0.0,,0.04676724137931035,,eval_data\mixed\vi_1772_clean.wav,,,
fleurs-asr/zipformer-vi-30m-sherpa-onnx-cpu,vi-asr-1772-steady-15,ASR,vi,,15.0,steady,zipformer-vi-30m-sherpa-onnx-cpu,0.2946,714.3125,0.11764705882352941,0.05555555555555555,,0.04232758620689655,,eval_data\mixed\vi_1772_steady_15.wav,,,
fleurs-asr/zipformer-vi-30m-sherpa-onnx-cpu,vi-asr-1772-steady-10,ASR,vi,,10.0,steady,zipformer-vi-30m-sherpa-onnx-cpu,0.2736,714.3125,0.11764705882352941,0.05555555555555555,,0.03931034482758621,,eval_data\mixed\vi_1772_steady_10.wav,,,
fleurs-asr/zipformer-vi-30m-sherpa-onnx-cpu,vi-asr-1772-steady-5,ASR,vi,,5.0,steady,zipformer-vi-30m-sherpa-onnx-cpu,0.2934,714.3125,0.11764705882352941,0.05555555555555555,,0.0421551724137931,,eval_data\mixed\vi_1772_steady_5.wav,,,
fleurs-asr/zipformer-vi-30m-sherpa-onnx-cpu,vi-asr-1772-steady-0,ASR,vi,,0.0,steady,zipformer-vi-30m-sherpa-onnx-cpu,0.2718,714.3125,0.17647058823529413,0.1388888888888889,,0.03905172413793103,,eval_data\mixed\vi_1772_steady_0.wav,,,
fleurs-asr/zipformer-vi-30m-sherpa-onnx-cpu,vi-asr-1772-impulsive-15,ASR,vi,,15.0,impulsive,zipformer-vi-30m-sherpa-onnx-cpu,0.2883,714.3125,0.058823529411764705,0.027777777777777776,,0.04142241379310345,,eval_data\mixed\vi_1772_impulsive_15.wav,,,
fleurs-asr/zipformer-vi-30m-sherpa-onnx-cpu,vi-asr-1772-impulsive-10,ASR,vi,,10.0,impulsive,zipformer-vi-30m-sherpa-onnx-cpu,0.2087,714.3125,0.058823529411764705,0.027777777777777776,,0.029985632183908047,,eval_data\mixed\vi_1772_impulsive_10.wav,,,
fleurs-asr/zipformer-vi-30m-sherpa-onnx-cpu,vi-asr-1772-impulsive-5,ASR,vi,,5.0,impulsive,zipformer-vi-30m-sherpa-onnx-cpu,0.1737,714.3125,0.058823529411764705,0.027777777777777776,,0.024956896551724138,,eval_data\mixed\vi_1772_impulsive_5.wav,,,
fleurs-asr/zipformer-vi-30m-sherpa-onnx-cpu,vi-asr-1772-impulsive-0,ASR,vi,,0.0,impulsive,zipformer-vi-30m-sherpa-onnx-cpu,0.1925,714.3125,0.058823529411764705,0.027777777777777776,,0.027658045977011495,,eval_data\mixed\vi_1772_impulsive_0.wav,,,
fleurs-asr/zipformer-vi-30m-sherpa-onnx-cpu,vi-asr-1715-clean,ASR,vi,,,clean,zipformer-vi-30m-sherpa-onnx-cpu,0.7291,715.8828125,0.07692307692307693,0.028,,0.03223253757736516,,eval_data\mixed\vi_1715_clean.wav,,,
fleurs-asr/zipformer-vi-30m-sherpa-onnx-cpu,vi-asr-1715-steady-15,ASR,vi,,15.0,steady,zipformer-vi-30m-sherpa-onnx-cpu,0.764,717.55078125,0.07692307692307693,0.028,,0.033775419982316535,,eval_data\mixed\vi_1715_steady_15.wav,,,
fleurs-asr/zipformer-vi-30m-sherpa-onnx-cpu,vi-asr-1715-steady-10,ASR,vi,,10.0,steady,zipformer-vi-30m-sherpa-onnx-cpu,0.7949,718.3828125,0.11538461538461539,0.056,,0.035141467727674625,,eval_data\mixed\vi_1715_steady_10.wav,,,
fleurs-asr/zipformer-vi-30m-sherpa-onnx-cpu,vi-asr-1715-steady-5,ASR,vi,,5.0,steady,zipformer-vi-30m-sherpa-onnx-cpu,0.8554,718.3828125,0.11538461538461539,0.056,,0.03781609195402299,,eval_data\mixed\vi_1715_steady_5.wav,,,
fleurs-asr/zipformer-vi-30m-sherpa-onnx-cpu,vi-asr-1715-steady-0,ASR,vi,,0.0,steady,zipformer-vi-30m-sherpa-onnx-cpu,0.7681,718.38671875,0.11538461538461539,0.056,,0.03395667550839965,,eval_data\mixed\vi_1715_steady_0.wav,,,
fleurs-asr/zipformer-vi-30m-sherpa-onnx-cpu,vi-asr-1715-impulsive-15,ASR,vi,,15.0,impulsive,zipformer-vi-30m-sherpa-onnx-cpu,0.6892,718.38671875,0.07692307692307693,0.028,,0.030468611847922194,,eval_data\mixed\vi_1715_impulsive_15.wav,,,
fleurs-asr/zipformer-vi-30m-sherpa-onnx-cpu,vi-asr-1715-impulsive-10,ASR,vi,,10.0,impulsive,zipformer-vi-30m-sherpa-onnx-cpu,0.7012,718.38671875,0.07692307692307693,0.028,,0.030999115826702034,,eval_data\mixed\vi_1715_impulsive_10.wav,,,
fleurs-asr/zipformer-vi-30m-sherpa-onnx-cpu,vi-asr-1715-impulsive-5,ASR,vi,,5.0,impulsive,zipformer-vi-30m-sherpa-onnx-cpu,0.705,718.38671875,0.07692307692307693,0.028,,0.03116710875331565,,eval_data\mixed\vi_1715_impulsive_5.wav,,,
fleurs-asr/zipformer-vi-30m-sherpa-onnx-cpu,vi-asr-1715-impulsive-0,ASR,vi,,0.0,impulsive,zipformer-vi-30m-sherpa-onnx-cpu,0.7255,718.390625,0.09615384615384616,0.032,,0.03207338638373121,,eval_data\mixed\vi_1715_impulsive_0.wav,,,
fleurs-asr/zipformer-vi-30m-sherpa-onnx-cpu,vi-asr-1692-clean,ASR,vi,,,clean,zipformer-vi-30m-sherpa-onnx-cpu,0.2358,718.390625,0.08695652173913043,0.08737864077669903,,0.026026490066225164,,eval_data\mixed\vi_1692_clean.wav,,,
fleurs-asr/zipformer-vi-30m-sherpa-onnx-cpu,vi-asr-1692-steady-15,ASR,vi,,15.0,steady,zipformer-vi-30m-sherpa-onnx-cpu,0.2523,718.390625,0.08695652173913043,0.08737864077669903,,0.0278476821192053,,eval_data\mixed\vi_1692_steady_15.wav,,,
fleurs-asr/zipformer-vi-30m-sherpa-onnx-cpu,vi-asr-1692-steady-10,ASR,vi,,10.0,steady,zipformer-vi-30m-sherpa-onnx-cpu,0.2445,718.390625,0.08695652173913043,0.08737864077669903,,0.026986754966887416,,eval_data\mixed\vi_1692_steady_10.wav,,,
fleurs-asr/zipformer-vi-30m-sherpa-onnx-cpu,vi-asr-1692-steady-5,ASR,vi,,5.0,steady,zipformer-vi-30m-sherpa-onnx-cpu,0.2569,718.390625,0.08695652173913043,0.08737864077669903,,0.02835540838852097,,eval_data\mixed\vi_1692_steady_5.wav,,,
fleurs-asr/zipformer-vi-30m-sherpa-onnx-cpu,vi-asr-1692-steady-0,ASR,vi,,0.0,steady,zipformer-vi-30m-sherpa-onnx-cpu,0.2524,718.390625,0.2608695652173913,0.1650485436893204,,0.02785871964679912,,eval_data\mixed\vi_1692_steady_0.wav,,,
fleurs-asr/zipformer-vi-30m-sherpa-onnx-cpu,vi-asr-1692-impulsive-15,ASR,vi,,15.0,impulsive,zipformer-vi-30m-sherpa-onnx-cpu,0.2458,718.390625,0.08695652173913043,0.08737864077669903,,0.02713024282560706,,eval_data\mixed\vi_1692_impulsive_15.wav,,,
fleurs-asr/zipformer-vi-30m-sherpa-onnx-cpu,vi-asr-1692-impulsive-10,ASR,vi,,10.0,impulsive,zipformer-vi-30m-sherpa-onnx-cpu,0.2416,718.390625,0.08695652173913043,0.08737864077669903,,0.026666666666666665,,eval_data\mixed\vi_1692_impulsive_10.wav,,,
fleurs-asr/zipformer-vi-30m-sherpa-onnx-cpu,vi-asr-1692-impulsive-5,ASR,vi,,5.0,impulsive,zipformer-vi-30m-sherpa-onnx-cpu,0.2433,718.390625,0.08695652173913043,0.08737864077669903,,0.026854304635761588,,eval_data\mixed\vi_1692_impulsive_5.wav,,,
fleurs-asr/zipformer-vi-30m-sherpa-onnx-cpu,vi-asr-1692-impulsive-0,ASR,vi,,0.0,impulsive,zipformer-vi-30m-sherpa-onnx-cpu,0.2208,718.390625,0.08695652173913043,0.08737864077669903,,0.024370860927152318,,eval_data\mixed\vi_1692_impulsive_0.wav,,,
fleurs-asr/zipformer-vi-30m-sherpa-onnx-cpu,vi-asr-1932-clean,ASR,vi,,,clean,zipformer-vi-30m-sherpa-onnx-cpu,0.6774,718.390625,0.09523809523809523,0.08148148148148149,,0.03189265536723164,,eval_data\mixed\vi_1932_clean.wav,,,
fleurs-asr/zipformer-vi-30m-sherpa-onnx-cpu,vi-asr-1932-steady-15,ASR,vi,,15.0,steady,zipformer-vi-30m-sherpa-onnx-cpu,0.7077,719.328125,0.09523809523809523,0.08148148148148149,,0.03331920903954803,,eval_data\mixed\vi_1932_steady_15.wav,,,
fleurs-asr/zipformer-vi-30m-sherpa-onnx-cpu,vi-asr-1932-steady-10,ASR,vi,,10.0,steady,zipformer-vi-30m-sherpa-onnx-cpu,0.6274,720.11328125,0.09523809523809523,0.07407407407407407,,0.029538606403013184,,eval_data\mixed\vi_1932_steady_10.wav,,,
fleurs-asr/zipformer-vi-30m-sherpa-onnx-cpu,vi-asr-1932-steady-5,ASR,vi,,5.0,steady,zipformer-vi-30m-sherpa-onnx-cpu,0.6325,720.11328125,0.1111111111111111,0.07777777777777778,,0.029778719397363464,,eval_data\mixed\vi_1932_steady_5.wav,,,
fleurs-asr/zipformer-vi-30m-sherpa-onnx-cpu,vi-asr-1932-steady-0,ASR,vi,,0.0,steady,zipformer-vi-30m-sherpa-onnx-cpu,0.6406,720.1171875,0.15873015873015872,0.11481481481481481,,0.030160075329566854,,eval_data\mixed\vi_1932_steady_0.wav,,,
fleurs-asr/zipformer-vi-30m-sherpa-onnx-cpu,vi-asr-1932-impulsive-15,ASR,vi,,15.0,impulsive,zipformer-vi-30m-sherpa-onnx-cpu,0.62,720.12890625,0.09523809523809523,0.08148148148148149,,0.029190207156308854,,eval_data\mixed\vi_1932_impulsive_15.wav,,,
fleurs-asr/zipformer-vi-30m-sherpa-onnx-cpu,vi-asr-1932-impulsive-10,ASR,vi,,10.0,impulsive,zipformer-vi-30m-sherpa-onnx-cpu,0.6262,720.12890625,0.09523809523809523,0.08148148148148149,,0.02948210922787194,,eval_data\mixed\vi_1932_impulsive_10.wav,,,
fleurs-asr/zipformer-vi-30m-sherpa-onnx-cpu,vi-asr-1932-impulsive-5,ASR,vi,,5.0,impulsive,zipformer-vi-30m-sherpa-onnx-cpu,0.6257,720.1328125,0.07936507936507936,0.06666666666666667,,0.02945856873822976,,eval_data\mixed\vi_1932_impulsive_5.wav,,,
fleurs-asr/zipformer-vi-30m-sherpa-onnx-cpu,vi-asr-1932-impulsive-0,ASR,vi,,0.0,impulsive,zipformer-vi-30m-sherpa-onnx-cpu,0.6632,720.140625,0.09523809523809523,0.08148148148148149,,0.0312241054613936,,eval_data\mixed\vi_1932_impulsive_0.wav,,,
