run,item_id,stage,language,direction,snr,noise_type,candidate_id,latency_s,peak_ram_mb,wer,cer,bleu,rtf,notes,audio_ref,input_text,output_audio_path,error
fleurs-mt/full/m2m100-vi-en-ct2-cpu,vi-en-mt-1660,MT,vi,vi->en,,,m2m100-vi-en-ct2-cpu,0.63,1101.953125,,,12.512236921161914,,,,chủ nghĩa lãng mạn có một yếu tố lớn về quyết định văn hóa được rút ra từ những tác giả như goethe fichte và schlegel,,
fleurs-mt/full/m2m100-vi-en-ct2-cpu,vi-en-mt-1661,MT,vi,vi->en,,,m2m100-vi-en-ct2-cpu,0.5646,1101.953125,,,5.356850921756574,,,,ông ấy đã không đưa ra con số cắt giảm mà nói rằng việc đó sẽ được thực hiện dựa vào kết quả của nền kinh tế trung quốc,,
fleurs-mt/full/m2m100-vi-en-ct2-cpu,vi-en-mt-1662,MT,vi,vi->en,,,m2m100-vi-en-ct2-cpu,0.6544,1101.953125,,,52.01592023534242,,,,về cơ bản hợp kim là hỗn hợp của hai kim loại trở lên đừng quên rằng có nhiều nguyên tố trên bảng tuần hoàn,,
fleurs-mt/full/m2m100-vi-en-ct2-cpu,vi-en-mt-1663,MT,vi,vi->en,,,m2m100-vi-en-ct2-cpu,0.9128,1101.953125,,,8.9275746495808,,,,thung lũng cochamó địa điểm leo núi hàng đầu của chile được gọi là yosemite nam mỹ với nhiều vách núi dựng đứng và sườn dốc lởm chởm của đá granit,,
fleurs-mt/full/m2m100-vi-en-ct2-cpu,vi-en-mt-1664,MT,vi,vi->en,,,m2m100-vi-en-ct2-cpu,0.4496,1101.953125,,,13.399118318121788,,,,vặn hai cục bột khô với nhau rồi bóp chúng thành một viên cầu bằng tay ướt sạch,,
fleurs-mt/full/m2m100-vi-en-ct2-cpu,vi-en-mt-1665,MT,vi,vi->en,,,m2m100-vi-en-ct2-cpu,0.6922,1101.953125,,,10.435185733665413,,,,hồ sơ theo vụ rò rỉ sẽ nhắc tới xung đột biên giới điều palestine muốn dựa trên đường biên giới trước cuộc chiến tranh trung đông 1967,,
fleurs-mt/full/m2m100-vi-en-ct2-cpu,vi-en-mt-1666,MT,vi,vi->en,,,m2m100-vi-en-ct2-cpu,0.5804,1101.953125,,,44.26623526629487,,,,bạn cũng có thể muốn tham khảo lời khuyên của các chính phủ khác ngoài chính phủ của bạn nhưng lời khuyên của họ là dành cho công dân của họ,,
fleurs-mt/full/m2m100-vi-en-ct2-cpu,vi-en-mt-1667,MT,vi,vi->en,,,m2m100-vi-en-ct2-cpu,0.8488,1101.953125,,,4.265552167438487,,,,nói chung có hai lối ứng xử có thể xuất hiện khi nhà quản lý bắt đầu lãnh đạo các đồng nghiệp cũ lối thứ nhất là cố gắng duy trì quan hệ thân thiết,,
fleurs-mt/full/m2m100-vi-en-ct2-cpu,vi-en-mt-1668,MT,vi,vi->en,,,m2m100-vi-en-ct2-cpu,0.8243,1101.953125,,,6.199687726913964,,,,cũng có lợi cho ai đó mua thẻ wild vì nó có thể cho phép bạn tiến vào hoặc các công viên ở nam phi hoặc tất cả các công viên quốc gia ở nam phi,,
fleurs-mt/full/m2m100-vi-en-ct2-cpu,vi-en-mt-1669,MT,vi,vi->en,,,m2m100-vi-en-ct2-cpu,0.5386,1101.953125,,,22.894156860669913,,,,chỉ huy cảnh sát chandra shekhar solanki nói rằng những bị cáo đã xuất hiện tại tòa với khuôn mặt bị che kín,,
fleurs-mt/full/m2m100-vi-en-ct2-cpu,vi-en-mt-1670,MT,vi,vi->en,,,m2m100-vi-en-ct2-cpu,1.9917,1101.953125,,,14.503695827992539,,,,"""đặc tính nhiệt của chúng không ổn định như các hang động lớn trên trái đất vốn thường duy trì nhiệt độ khá ổn định nhưng điều này phù hợp với các hố sâu trong lòng đất glen cushing thuộc toán địa chất học cơ quan thăm dò địa chất hoa kỳ usgs và trường northern arizona university ở flagstaff arizona cho biết",,
fleurs-mt/full/m2m100-vi-en-ct2-cpu,vi-en-mt-1671,MT,vi,vi->en,,,m2m100-vi-en-ct2-cpu,0.927,1101.953125,,,8.688218206838483,,,,quốc hội bắt đầu cấp kinh phí cho đề xướng chống khiêu dâm trong năm tài khóa 2005 và quy định rằng fbi phải dành 10 đặc vụ cho nội dung khiêu dâm người lớn,,
fleurs-mt/full/m2m100-vi-en-ct2-cpu,vi-en-mt-1672,MT,vi,vi->en,,,m2m100-vi-en-ct2-cpu,0.6597,1101.953125,,,9.429254736980935,,,,cẩn thận đừng để vải quá nóng có thể gây co rút hoặc trong trường hợp nghiêm trọng có thể gây cháy,,
fleurs-mt/full/m2m100-vi-en-ct2-cpu,vi-en-mt-1673,MT,vi,vi->en,,,m2m100-vi-en-ct2-cpu,1.0455,1101.953125,,,9.941490945601677,,,,trong cuộc chiến tranh cách mạng lúc đầu mười ba tiểu bang thành lập một chính quyền trung ương lỏng lẻo chỉ có quốc hội là thành phần duy nhất chiếu theo các điều lệ liên bang,,
fleurs-mt/full/m2m100-vi-en-ct2-cpu,vi-en-mt-1674,MT,vi,vi->en,,,m2m100-vi-en-ct2-cpu,0.8468,1101.953125,,,6.3704052301618015,,,,ở một số nơi chỉ cần đun nước sôi một phút là đủ trong khi ở những nơi khác cần phải đun sôi vài phút,,
fleurs-mt/full/m2m100-vi-en-ct2-cpu,vi-en-mt-1675,MT,vi,vi->en,,,m2m100-vi-en-ct2-cpu,0.9003,1101.953125,,,15.639686545296048,,,,mọi danh từ kế bên từ sie dành cho bạn luôn bắt đầu bằng một chữ viết hoa ngay cả khi ở giữa câu,,
fleurs-mt/full/m2m100-vi-en-ct2-cpu,vi-en-mt-1676,MT,vi,vi->en,,,m2m100-vi-en-ct2-cpu,0.9837,1101.953125,,,5.450048489014556,,,,cũng như tất cả mọi công viên quốc gia của nam phi hoạt động bảo tồn diễn ra hàng ngày và phải mua vé vào cửa công viên,,
fleurs-mt/full/m2m100-vi-en-ct2-cpu,vi-en-mt-1677,MT,vi,vi->en,,,m2m100-vi-en-ct2-cpu,0.8708,1101.953125,,,10.521495173810226,,,,ngày nay những loại côn trung không thể gập cánh lại chỉ có chuồn chuồn và những con phù du,,
fleurs-mt/full/m2m100-vi-en-ct2-cpu,vi-en-mt-1678,MT,vi,vi->en,,,m2m100-vi-en-ct2-cpu,1.1672,1101.953125,,,8.373989924102395,,,,trong bài viết diễn văn của tổng thống của mình oliver sacks chỉ ra làm thế nào những người không thể hiểu bài diễn văn vì bị tổn thương não lại có thể đánh giá chính xác sự trung thực,,
fleurs-mt/full/m2m100-vi-en-ct2-cpu,vi-en-mt-1679,MT,vi,vi->en,,,m2m100-vi-en-ct2-cpu,0.4581,1101.953125,,,10.786826322527471,,,,aerosmith đã huỷ các buổi trình diễn còn lại trong chuyến lưu diễn của họ,,
fleurs-mt/full/m2m100-vi-en-ct2-cpu,vi-en-mt-1680,MT,vi,vi->en,,,m2m100-vi-en-ct2-cpu,1.3267,1101.953125,,,8.53110433487697,,,,giống như một vận động viên toàn năng cọp có thể leo trèo dù không giỏi lắm bơi nhảy xa và kéo với lực gấp năm lần sức kéo của một người khỏe mạnh,,
fleurs-mt/full/m2m100-vi-en-ct2-cpu,vi-en-mt-1681,MT,vi,vi->en,,,m2m100-vi-en-ct2-cpu,1.2662,1101.953125,,,22.708473502385846,,,,tuy nhiên không phải chỉ có thử nghiệm và thực nghiệm là một thí nghiệm được sử dụng để loại bỏ một hoặc nhiều giả thuyết có thể có đặt ra các câu hỏi và thực hiện các quan sát cũng chỉ dẫn cho công tác nghiên cứu khoa học,,
fleurs-mt/full/m2m100-vi-en-ct2-cpu,vi-en-mt-1682,MT,vi,vi->en,,,m2m100-vi-en-ct2-cpu,1.4527,1101.953125,,,9.355130296966681,,,,mặc dù không ai chắc chắn về tác giả của văn kiện người ta biết rằng vào những ngày đầu văn kiện viết trên tấm da dê lớn dài 29¾ inch và rộng 24½ inch này đã được cuộn lại để bảo quản,,
fleurs-mt/full/m2m100-vi-en-ct2-cpu,vi-en-mt-1683,MT,vi,vi->en,,,m2m100-vi-en-ct2-cpu,1.7674,1101.953125,,,7.424551582025719,,,,hiện vẫn còn nhiều người nam và nữ còn sống đã sống sót qua thời gian bị giam cầm ở đây và thêm nhiều người nữa có thân nhân đã bị sát hại hoặc đã bị khổ lao đến chết tại nơi này cả người do thái lẫn những người không phải do thái,,
fleurs-mt/full/m2m100-vi-en-ct2-cpu,vi-en-mt-1684,MT,vi,vi->en,,,m2m100-vi-en-ct2-cpu,0.8117,1101.953125,,,56.178482641357796,,,,apia là thủ đô của samoa thành phố này nằm trên hòn đảo upolu và có dân số gần 40.000 người,,
fleurs-mt/full/m2m100-vi-en-ct2-cpu,vi-en-mt-1685,MT,vi,vi->en,,,m2m100-vi-en-ct2-cpu,0.8566,1101.953125,,,5.458098045155837,,,,ví dụ định dạng chụp ảnh tĩnh phổ biến nhất trên thế giới là 35mm kích cỡ phim thịnh hành trước khi kết thúc thời đại phim analog,,
fleurs-mt/full/m2m100-vi-en-ct2-cpu,vi-en-mt-1686,MT,vi,vi->en,,,m2m100-vi-en-ct2-cpu,0.9163,1101.953125,,,32.590949803397706,,,,vì vậy quá trình tổ chức làm việc cùng nhau để vượt qua một trở ngại nào đó có thể đưa đến quá trình cải tiến mới để phục vụ nhu cầu của khách hàng,,
fleurs-mt/full/m2m100-vi-en-ct2-cpu,vi-en-mt-1687,MT,vi,vi->en,,,m2m100-vi-en-ct2-cpu,0.5094,1101.953125,,,12.920606398131984,,,,sự phân tách và tái kết hợp diễn ra qua lại giữa hai nhóm qua mỗi thế hệ,,
fleurs-mt/full/m2m100-vi-en-ct2-cpu,vi-en-mt-1688,MT,vi,vi->en,,,m2m100-vi-en-ct2-cpu,1.287,1101.953125,,,8.57983314015186,,,,nhiệm vụ truyền thống của lực lượng hải quân là phải đảm bảo việc duy trì khả năng vận chuyển người và hàng hoá của quốc gia đồng thời can thiệp vào công tác di chuyển người và hàng hoá của quân địch,,
fleurs-mt/full/m2m100-vi-en-ct2-cpu,vi-en-mt-1689,MT,vi,vi->en,,,m2m100-vi-en-ct2-cpu,1.0381,1101.953125,,,5.564336493951758,,,,châu âu là lục địa tương đối nhỏ nhưng có nhiều quốc gia độc lập thông thường việc đi qua nhiều quốc gia đồng nghĩa với việc phải xin thị thực và xét hộ chiếu nhiều lần,,
fleurs-mt/full/m2m100-vi-en-ct2-cpu,vi-en-mt-1690,MT,vi,vi->en,,,m2m100-vi-en-ct2-cpu,1.5271,1101.953125,,,28.509501043404956,,,,chúng tôi đồng ý với tuyên bố của usoc là quyền lợi của các câu lạc bộ và vận động viên của chúng tôi cũng như môn thể thao của họ có thể được phục vụ tốt hơn bằng cách tiến lên cùng sự thay đổi có ý nghĩa bên trong tổ chức của chúng tôi thay vì rút lại và bác bỏ điều đó,,
fleurs-mt/full/m2m100-vi-en-ct2-cpu,vi-en-mt-1692,MT,vi,vi->en,,,m2m100-vi-en-ct2-cpu,0.9928,1101.953125,,,7.692375026049747,,,,cơ quan năng lượng hạt nhân nhật bản thông báo đã phát hiện chất xê-zi và i-ốt phóng xạ tại nhà máy này,,
fleurs-mt/full/m2m100-vi-en-ct2-cpu,vi-en-mt-1693,MT,vi,vi->en,,,m2m100-vi-en-ct2-cpu,0.8815,1101.953125,,,13.520459769143477,,,,tuy nhiên sau khi thua gôn của đội trưởng ấn độ chỉ thực hiện được 36 lần chạy và thua 7 gôn trước khi kết thúc hiệp thi đấu,,
fleurs-mt/full/m2m100-vi-en-ct2-cpu,vi-en-mt-1694,MT,vi,vi->en,,,m2m100-vi-en-ct2-cpu,0.6715,1101.953125,,,15.610522890631412,,,,trẻ em được đưa vào diện chăm sóc thay thế vì nhiều lý do từ không quan tâm đến lạm dụng hay thậm chí cưỡng đoạt,,
fleurs-mt/full/m2m100-vi-en-ct2-cpu,vi-en-mt-1695,MT,vi,vi->en,,,m2m100-vi-en-ct2-cpu,1.2886,1101.953125,,,5.931556364906467,,,,vào mùa hè mọi người thường hay thưởng thức một món đơn giản và phổ biến có tên là pa amb pli gồm bánh mì dùng kèm dầu ô-liu cà chua và bất cứ gia vị nào sẵn có như phô mai cá ngừ vv vào bữa tối,,
fleurs-mt/full/m2m100-vi-en-ct2-cpu,vi-en-mt-1696,MT,vi,vi->en,,,m2m100-vi-en-ct2-cpu,0.9932,1101.953125,,,32.59889346257789,,,,hai hợp chất này phản ứng với nhau để tạo thành các tinh thể có thể làm cản trở chức năng thận các nhà nghiên cứu tại trường đại học cho biết,,
fleurs-mt/full/m2m100-vi-en-ct2-cpu,vi-en-mt-1697,MT,vi,vi->en,,,m2m100-vi-en-ct2-cpu,0.7207,1101.953125,,,5.237520761048587,,,,anh ta không thể dùng thuốc để giảm đau vì các loại thuốc đó đã bị cấm sử dụng trong thế vận hội,,
fleurs-mt/full/m2m100-vi-en-ct2-cpu,vi-en-mt-1698,MT,vi,vi->en,,,m2m100-vi-en-ct2-cpu,0.7273,1101.953125,,,37.02730401700487,,,,mọi thứ trong vũ trụ đều được tạo thành bởi vật chất tất cả vật chất được tạo nên bởi các hạt cực nhỏ gọi là nguyên tử,,
fleurs-mt/full/m2m100-vi-en-ct2-cpu,vi-en-mt-1699,MT,vi,vi->en,,,m2m100-vi-en-ct2-cpu,1.1122,1101.953125,,,8.249426642797888,,,,bishkek được một người quan sát giải thích là rơi vào tình trạng vô chính phủ khi các băng nhóm tràn ra đường và cướp phá các cửa hàng nhu yếu phẩm,,
fleurs-mt/full/m2m100-vi-en-ct2-cpu,vi-en-mt-1700,MT,vi,vi->en,,,m2m100-vi-en-ct2-cpu,0.5042,1101.953125,,,31.455601883230702,,,,nó mỏng hơn dưới vùng maria biển và dày hơn ở vùng cao,,
fleurs-mt/full/m2m100-vi-en-ct2-cpu,vi-en-mt-1701,MT,vi,vi->en,,,m2m100-vi-en-ct2-cpu,0.6326,1101.953125,,,25.576360687094827,,,,loài dê được thuần hoá lần đầu vào khoảng 10.000 năm trước tại dãy núi zagros thuộc iran,,
fleurs-mt/full/m2m100-vi-en-ct2-cpu,vi-en-mt-1702,MT,vi,vi->en,,,m2m100-vi-en-ct2-cpu,0.6602,1101.953125,,,10.975762213309226,,,,chỉ trong vòng hai tuần các lực lượng quân đội hoa kỳ và pháp quốc tự do đã giải phóng miền nam nước pháp rồi chuyển hướng về nước đức,,
fleurs-mt/full/m2m100-vi-en-ct2-cpu,vi-en-mt-1703,MT,vi,vi->en,,,m2m100-vi-en-ct2-cpu,0.6845,1101.953125,,,34.79159475128446,,,,martelly đã tuyên thệ trong hội đồng bầu cử lâm thời provisional electoral council cep mới gồm chín thành viên vào ngày hôm qua,,
fleurs-mt/full/m2m100-vi-en-ct2-cpu,vi-en-mt-1704,MT,vi,vi->en,,,m2m100-vi-en-ct2-cpu,0.7199,1101.953125,,,47.447572242281986,,,,vào năm 1990 nó được bổ sung vào danh sách những di sản thế giới đang bị đe dọa do sự xâm lấn của cát sa mạc,,
fleurs-mt/full/m2m100-vi-en-ct2-cpu,vi-en-mt-1705,MT,vi,vi->en,,,m2m100-vi-en-ct2-cpu,0.6425,1101.953125,,,3.8275613602956104,,,,ngày 15 tháng 8 năm 1940 quân đồng minh mở chiến dịch dragoon xâm chiếm miền nam nước pháp,,
fleurs-mt/full/m2m100-vi-en-ct2-cpu,vi-en-mt-1706,MT,vi,vi->en,,,m2m100-vi-en-ct2-cpu,1.7202,1101.953125,,,15.545328465618004,,,,những nhà thờ truyền thống hơn thường tổ chức lễ vọng phục sinh vào đêm thứ bảy trong kỳ cuối tuần của lễ phục sinh và những người tụ họp thường cùng nhau chúc mừng vào lúc nửa đêm để mừng chúa phục sinh,,
fleurs-mt/full/m2m100-vi-en-ct2-cpu,vi-en-mt-1707,MT,vi,vi->en,,,m2m100-vi-en-ct2-cpu,0.8798,1101.953125,,,29.51516238086372,,,,đây là một trong những điểm du lịch thu hút chính của nam phi và nó được coi là nơi chủ đạo thuộc cơ quan vườn quốc gia nam phi sanparks,,
fleurs-mt/full/m2m100-vi-en-ct2-cpu,vi-en-mt-1708,MT,vi,vi->en,,,m2m100-vi-en-ct2-cpu,1.193,1101.953125,,,35.99642453614886,,,,huhne đã từ chức và ed davey mp sẽ thay thế vào vị trí của ông trong nội các norman lamb mp được kỳ vọng sẽ đảm nhận công việc bộ trưởng kinh tế của davey đang còn trống,,
fleurs-mt/full/m2m100-vi-en-ct2-cpu,vi-en-mt-1709,MT,vi,vi->en,,,m2m100-vi-en-ct2-cpu,0.9358,1101.953125,,,5.006665438152876,,,,bản báo cáo chỉ trích nặng nề hầu như tất cả mọi khía cạnh trong chính sách hiện hành mà cơ quan hành pháp dành cho iraq và kêu gọi sự chuyển hướng ngay lập tức,,
fleurs-mt/full/m2m100-vi-en-ct2-cpu,vi-en-mt-1710,MT,vi,vi->en,,,m2m100-vi-en-ct2-cpu,0.7297,1101.953125,,,15.047149445189385,,,,tuần trước meti thông báo apple đã báo cho họ thêm 34 sự cố quá nhiệt mà theo công ty là không nghiêm trọng,,
fleurs-mt/full/m2m100-vi-en-ct2-cpu,vi-en-mt-1711,MT,vi,vi->en,,,m2m100-vi-en-ct2-cpu,0.9875,1101.953125,,,11.781409318573127,,,,những lý thuyết này xem xét điều gì thúc đẩy một số người làm được những việc mà họ muốn và có yếu tố nào trong môi trường sống khiến cho họ làm hay không làm một số việc nào đó không,,
fleurs-mt/full/m2m100-vi-en-ct2-cpu,vi-en-mt-1712,MT,vi,vi->en,,,m2m100-vi-en-ct2-cpu,0.9988,1101.953125,,,29.431227637026353,,,,từ năm 1966 sundarbans là khu bảo tồn động vật hoang dã và ước tính hiện nay có 400 con cọp hoàng gia bengal và khoảng 30.000 con hươu đốm trong vùng này,,
fleurs-mt/full/m2m100-vi-en-ct2-cpu,vi-en-mt-1713,MT,vi,vi->en,,,m2m100-vi-en-ct2-cpu,1.3529,1101.953125,,,4.309261055572335,,,,mặc dù goma vẫn trong giới hạn an toàn cho phép mọi chuyến ghé thăm từ bên ngoài thành phố này vẫn cần được nghiên cứu kỹ lưỡng để tìm hiểu về tình trạng chiến đấu hiện đang tồn tại ở tỉnh bắc kivu này,,
fleurs-mt/full/m2m100-vi-en-ct2-cpu,vi-en-mt-1714,MT,vi,vi->en,,,m2m100-vi-en-ct2-cpu,1.1015,1101.953125,,,39.02273664485568,,,,vệ tinh được đưa vào vũ trụ bằng tên lửa các nhà khoa học sử dụng kính thiên văn trong không gian vì bầu khí quyển của trái đất làm biến dạng một số ánh sáng và hình ảnh quan sát của chúng ta,,
fleurs-mt/full/m2m100-vi-en-ct2-cpu,vi-en-mt-1715,MT,vi,vi->en,,,m2m100-vi-en-ct2-cpu,1.5259,1101.953125,,,6.54866065762502,,,,thông báo thông thường trong khu metro chỉ được phát bằng tiếng catalunya tuy nhiên với những sự cố bất ngờ thì thông báo sẽ được thực hiên qua hệ thống tự động bằng nhiều thứ tiếng gồm tiếng tây ban nha tiếng anh tiếng pháp tiếng ả rập và tiếng nhật,,
fleurs-mt/full/m2m100-vi-en-ct2-cpu,vi-en-mt-1716,MT,vi,vi->en,,,m2m100-vi-en-ct2-cpu,2.9995,1101.953125,,,14.14115672222255,,,,trang web tin tức giải trí tmz được biết người phóng viên ảnh đã ngừng xe ở phía bên kia đường sepulveda boulevard và cố gắng chụp ảnh chốt chặn của cảnh sát trước khi băng qua đường và tiếp tục chụp ảnh khiến cho viên cảnh sát tuần tra quốc lộ california đang tiến hành chặn xe phải ra lệnh cho anh trở qua bên kia đường hai lần,,
fleurs-mt/full/m2m100-vi-en-ct2-cpu,vi-en-mt-1717,MT,vi,vi->en,,,m2m100-vi-en-ct2-cpu,0.9855,1101.953125,,,14.227094790862402,,,,do cấu trúc địa hình dưới nước dòng chảy ngược tập trung tại một số khu vực sâu hơn và dòng chảy nhanh đến vùng nước sâu có thể hình thành ở đó,,
fleurs-mt/full/m2m100-vi-en-ct2-cpu,vi-en-mt-1718,MT,vi,vi->en,,,m2m100-vi-en-ct2-cpu,1.0126,1101.953125,,,4.491575568657404,,,,không hề có một định nghĩa cụ thể nào để xác định một món đồ sản xuất là đồ cổ hay không một số cơ quan thuế quy định hàng hóa trên 100 tuổi là đồ cổ,,
fleurs-mt/full/m2m100-vi-en-ct2-cpu,vi-en-mt-1719,MT,vi,vi->en,,,m2m100-vi-en-ct2-cpu,0.9303,1101.953125,,,13.796620851017114,,,,thời tiết khắc nghiệt là thuật ngữ chung chỉ bất kỳ hiện tượng thời tiết nguy hiểm nào có nguy cơ gây ra thiệt hại ảnh hưởng đời sống xã hội nghiêm trọng hoặc gây tử vong,,
fleurs-mt/full/m2m100-vi-en-ct2-cpu,vi-en-mt-1720,MT,vi,vi->en,,,m2m100-vi-en-ct2-cpu,0.5012,1101.953125,,,4.0451386841269,,,,sô-cô-la nóng tùy vào tiêu chuẩn bỉ nước ép trái cây đắt tiền nhưng tuyệt vời,,
fleurs-mt/full/m2m100-vi-en-ct2-cpu,vi-en-mt-1721,MT,vi,vi->en,,,m2m100-vi-en-ct2-cpu,0.8795,1101.953125,,,12.384901282810539,,,,sau khi đập được xây vào năm 1963 lũ theo mùa bình thường sẽ đưa phù sa đi hết chiều dài sông đã bị chặn lại,,
fleurs-mt/full/m2m100-vi-en-ct2-cpu,vi-en-mt-1722,MT,vi,vi->en,,,m2m100-vi-en-ct2-cpu,1.1,1101.953125,,,4.207993129078362,,,,cuomo 53 tuổi bắt đầu đảm nhiệm chức vụ thống đốc từ đầu năm nay tháng trước ông đã ký dự luật hợp pháp hóa hôn nhân đồng giới,,
fleurs-mt/full/m2m100-vi-en-ct2-cpu,vi-en-mt-1723,MT,vi,vi->en,,,m2m100-vi-en-ct2-cpu,1.0958,1101.953125,,,29.74309561779646,,,,bến cảng này là nơi xảy ra một trận đình chiến hải quân khét tiếng vào năm 1889 khi bảy tàu từ đức hoa kỳ và anh từ chối rời bến cảng,,
fleurs-mt/full/m2m100-vi-en-ct2-cpu,vi-en-mt-1724,MT,vi,vi->en,,,m2m100-vi-en-ct2-cpu,1.0302,1101.953125,,,5.049122311941813,,,,nó nổi tiếng là tiêu điểm của sự xa hoa bắt đầu từ khoảng năm 400 tcn và kéo dài đến tận khoảng năm 1100 scn,,
fleurs-mt/full/m2m100-vi-en-ct2-cpu,vi-en-mt-1725,MT,vi,vi->en,,,m2m100-vi-en-ct2-cpu,1.0543,1101.953125,,,19.850823739068115,,,,máy tính asus eee được ra mắt trên toàn thế giới trước đó với các yếu tố tiết kiệm chi phí và tính năng trở thành chủ đề nóng trong năm 2007 tại tháng cntt đài bắc,,
fleurs-mt/full/m2m100-vi-en-ct2-cpu,vi-en-mt-1726,MT,vi,vi->en,,,m2m100-vi-en-ct2-cpu,0.8853,1101.953125,,,3.848439589196229,,,,chuyến đi thực tế là một phần quan trọng trong lớp học giáo viên khá thường xuyên đưa học sinh tới những nơi mà việc đi xe buýt không phải là lựa chọn,,
fleurs-mt/full/m2m100-vi-en-ct2-cpu,vi-en-mt-1727,MT,vi,vi->en,,,m2m100-vi-en-ct2-cpu,0.9086,1101.953125,,,15.663840573309688,,,,trẻ em lang thang có thể đã bị ngược đãi tàn nhẫn hoặc bị sang chấn tâm lý trước khi bị bỏ rơi hoặc bỏ trốn,,
fleurs-mt/full/m2m100-vi-en-ct2-cpu,vi-en-mt-1728,MT,vi,vi->en,,,m2m100-vi-en-ct2-cpu,0.685,1101.953125,,,5.816635421147515,,,,nước rau bắp cải đổi màu theo nồng độ axit hoặc bazơ kiềm của hoá chất,,
fleurs-mt/full/m2m100-vi-en-ct2-cpu,vi-en-mt-1729,MT,vi,vi->en,,,m2m100-vi-en-ct2-cpu,1.3484,1101.953125,,,26.983401844467654,,,,thí dụ mỗi năm các sinh viên trường bennet ở bắc carolina sẽ thiết kế một website về chuyến đi của họ tới thủ phủ của bang mỗi năm website này đều được mô hình hóa lại tuy nhiên các phiên bản cũ vẫn được duy trì trạng thái trực tuyến để làm lưu niệm,,
fleurs-mt/full/m2m100-vi-en-ct2-cpu,vi-en-mt-1730,MT,vi,vi->en,,,m2m100-vi-en-ct2-cpu,1.2921,1101.953125,,,28.761107249999,,,,xe buýt xuất phát từ trạm xe buýt liên huyện dọc con sông chạy cả ngày dù chủ yếu đặc biệt là các xe đến phía đông và jakar/bumthang sẽ xuất phát từ lúc 06:30 đến 07:30,,
fleurs-mt/full/m2m100-vi-en-ct2-cpu,vi-en-mt-1731,MT,vi,vi->en,,,m2m100-vi-en-ct2-cpu,0.5961,1101.953125,,,13.912311644176565,,,,trong quần đảo và hồ bạn không nhất thiết phải cần đến thuyền buồm,,
fleurs-mt/full/m2m100-vi-en-ct2-cpu,vi-en-mt-1732,MT,vi,vi->en,,,m2m100-vi-en-ct2-cpu,1.2911,1101.953125,,,25.341191984051783,,,,thời đại mà các sự kiện này diễn ra thường được gọi là trung kỳ thời trung cổ một giai đoạn trong lịch sử châu âu vào thế kỷ thứ 11 12 và 13 năm 1000-1300 sau công nguyên,,
fleurs-mt/full/m2m100-vi-en-ct2-cpu,vi-en-mt-1733,MT,vi,vi->en,,,m2m100-vi-en-ct2-cpu,1.4968,1101.953125,,,40.24912250407071,,,,đứng đầu trong 78 khuyến nghị là nên đưa ra sáng kiến ngoại giao mới trước khi kết thúc năm nay để củng cố biên giới iraq chống lại các can thiệp thù địch và tái thiết lập quan hệ ngoại giao với các nước láng giềng,,
fleurs-mt/full/m2m100-vi-en-ct2-cpu,vi-en-mt-1734,MT,vi,vi->en,,,m2m100-vi-en-ct2-cpu,0.8107,1101.953125,,,18.868055559179993,,,,các nhà khoa học đã có thể kết luận rằng vật chất tối ảnh hưởng tới vật chất tối khác giống như tính chất của vật chất thông thường,,
fleurs-mt/full/m2m100-vi-en-ct2-cpu,vi-en-mt-1735,MT,vi,vi->en,,,m2m100-vi-en-ct2-cpu,2.1629,1101.953125,,,13.60780106088136,,,,theo báo cáo của các nhà nghiên cứu thuộc đại học princeton hoa kỳ và đại học uppsala thụy điển các loài mới tiến hoá chỉ trong hai thế hệ mặc dù quá trình này được cho là mất nhiều thời gian hơn do sự kết hợp giữa loài chim sẻ darwin giống chim geospiza và loài chim di cư geospiza,,
fleurs-mt/full/m2m100-vi-en-ct2-cpu,vi-en-mt-1736,MT,vi,vi->en,,,m2m100-vi-en-ct2-cpu,0.4478,1101.953125,,,11.868405219520975,,,,rolando mendoza đã bắn vào các du khách bằng khẩu súng trường m16 của hắn,,
fleurs-mt/full/m2m100-vi-en-ct2-cpu,vi-en-mt-1737,MT,vi,vi->en,,,m2m100-vi-en-ct2-cpu,0.5187,1101.953125,,,45.788313721339826,,,,sư tử là loại mèo có tính xã hội nhất chúng sống theo những nhóm lớn gọi là bầy,,
fleurs-mt/full/m2m100-vi-en-ct2-cpu,vi-en-mt-1738,MT,vi,vi->en,,,m2m100-vi-en-ct2-cpu,0.6712,1101.953125,,,4.729121236507988,,,,nó cũng tấn công mọi thứ trong nước ngay cả khủng long khổng lồ như t rex cũng không phải là đối thủ với nó,,
fleurs-mt/full/m2m100-vi-en-ct2-cpu,vi-en-mt-1739,MT,vi,vi->en,,,m2m100-vi-en-ct2-cpu,1.0323,1101.953125,,,51.249480270291244,,,,nằm trên đỉnh của một trong những ngọn núi ở phía bắc mecca hang động này hoàn toàn tách biệt với phần còn lại của thế giới,,
fleurs-mt/full/m2m100-vi-en-ct2-cpu,vi-en-mt-1740,MT,vi,vi->en,,,m2m100-vi-en-ct2-cpu,0.8332,1101.953125,,,46.43186698761531,,,,buổi trình diễn âm thanh và ánh sáng trên kim tự tháp là một trong những điều thú vị nhất đối với trẻ nhỏ trong khu vực,,
fleurs-mt/full/m2m100-vi-en-ct2-cpu,vi-en-mt-1741,MT,vi,vi->en,,,m2m100-vi-en-ct2-cpu,1.0796,1101.953125,,,4.814971807094068,,,,những khu vực rộng lớn xa hơn về phía bắc có dân số khá thưa thớt và một số vùng gần như là đất hoang không có người ở,,
fleurs-mt/full/m2m100-vi-en-ct2-cpu,vi-en-mt-1742,MT,vi,vi->en,,,m2m100-vi-en-ct2-cpu,0.8096,1101.953125,,,15.604242268653643,,,,đảo hồng kông đặt tên cho lãnh thổ hồng kông và đó là nơi mà nhiều du khách coi là tiêu điểm chính,,
fleurs-mt/full/m2m100-vi-en-ct2-cpu,vi-en-mt-1743,MT,vi,vi->en,,,m2m100-vi-en-ct2-cpu,2.0853,1101.953125,,,3.4281874337552627,,,,hầu hết các cách giải thích về quyết định luận công nghệ đều có hai ý tưởng chung bản thân sự phát triển công nghệ đi theo một con đường riêng không chịu sự ảnh hưởng của văn hóa và chính trị và công nghệ có ảnh hưởng ngược lại đến các xã hội vốn có chứ không phải xã hội điều kiện,,
fleurs-mt/full/m2m100-vi-en-ct2-cpu,vi-en-mt-1744,MT,vi,vi->en,,,m2m100-vi-en-ct2-cpu,0.6748,1101.953125,,,7.922250668634465,,,,số rossby càng nhỏ ngôi sao càng ít hoạt động liên quan tới nghịch đảo từ trường,,
fleurs-mt/full/m2m100-vi-en-ct2-cpu,vi-en-mt-1745,MT,vi,vi->en,,,m2m100-vi-en-ct2-cpu,0.8116,1101.953125,,,29.10624919304027,,,,cây cối đẹp nhất là khi ở trong môi trường thiên nhiên vì vậy hãy cố cưỡng lại sự cám dỗ của việc loại bỏ cho dù chỉ một loài nào đó,,
fleurs-mt/full/m2m100-vi-en-ct2-cpu,vi-en-mt-1746,MT,vi,vi->en,,,m2m100-vi-en-ct2-cpu,0.5317,1101.953125,,,39.34995962231129,,,,thực vật tạo ra thức ăn của chúng từ mặt trời bằng cách quang hợp chúng cũng mang lại bóng râm,,
fleurs-mt/full/m2m100-vi-en-ct2-cpu,vi-en-mt-1747,MT,vi,vi->en,,,m2m100-vi-en-ct2-cpu,0.5226,1101.953125,,,4.990049701936832,,,,các đô vật khác cũng thể hiện sự tri ân với luna,,
fleurs-mt/full/m2m100-vi-en-ct2-cpu,vi-en-mt-1748,MT,vi,vi->en,,,m2m100-vi-en-ct2-cpu,0.5246,1101.953125,,,18.20705281109213,,,,tới 11:35 tối đội cứu hỏa cuối cùng đã dùng nước dập được đám cháy,,
fleurs-mt/full/m2m100-vi-en-ct2-cpu,vi-en-mt-1749,MT,vi,vi->en,,,m2m100-vi-en-ct2-cpu,1.1997,1101.953125,,,28.695800751729976,,,,khu vực này được cai trị bởi chính phủ pháp vichy đây là những người pháp đã làm hòa với người đức vào năm 1940 và bắt tay với quân xâm lược thay vì chiến đấu chống lại chúng,,
fleurs-mt/full/m2m100-vi-en-ct2-cpu,vi-en-mt-1750,MT,vi,vi->en,,,m2m100-vi-en-ct2-cpu,0.6782,1101.953125,,,11.114924776032007,,,,phát hiện này cũng mang đến một cái nhìn sâu sắc cho sự tiến hóa đối với lông vũ của các loài chim,,
fleurs-mt/full/m2m100-vi-en-ct2-cpu,vi-en-mt-1751,MT,vi,vi->en,,,m2m100-vi-en-ct2-cpu,1.6094,1101.953125,,,3.4487891886160993,,,,cuộc tranh luận được khơi mào từ cuộc thảo luận về chi tiêu cho việc giảm nhẹ và tái thiết ngay sao bão katrina việc được một số người bảo thủ về công khố gán cho cái tên hài hước là thỏa thuận new orleans của bush,,
fleurs-mt/full/m2m100-vi-en-ct2-cpu,vi-en-mt-1752,MT,vi,vi->en,,,m2m100-vi-en-ct2-cpu,0.9382,1101.953125,,,6.108557268562174,,,,do đó hai loài cá đã tuyệt chủng và hai loài khác đang có nguy cơ tuyệt chủng bao gồm cả loài cá bống lưng gù,,
fleurs-mt/full/m2m100-vi-en-ct2-cpu,vi-en-mt-1753,MT,vi,vi->en,,,m2m100-vi-en-ct2-cpu,1.6013,1101.953125,,,13.927518663398834,,,,mặc dù điều này thường chỉ là một khuôn mẫu không chính xác cách tốt nhất để quen với cuộc sống ở paris vẫn là cư xử đúng mực nhất hành động như một người  bien élevé” được giáo dục tốt. điều này sẽ giúp mọi việc trở nên dễ dàng hơn rất nhiều,,
fleurs-mt/full/m2m100-vi-en-ct2-cpu,vi-en-mt-1754,MT,vi,vi->en,,,m2m100-vi-en-ct2-cpu,0.8945,1101.953125,,,9.992869870690118,,,,có thể có nhiều lưu vực ảnh hưởng trên sườn kế cận bởi vì tầng vỏ mỏng hơn dung nham dễ trồi lên khỏi bề mặt hơn,,
fleurs-mt/full/m2m100-vi-en-ct2-cpu,vi-en-mt-1755,MT,vi,vi->en,,,m2m100-vi-en-ct2-cpu,0.2607,1101.953125,,,37.68499164492418,,,,một quả bom đã phát nổ phía bên ngoài văn phòng toàn quyền,,
fleurs-mt/full/m2m100-vi-en-ct2-cpu,vi-en-mt-1756,MT,vi,vi->en,,,m2m100-vi-en-ct2-cpu,0.851,1101.953125,,,12.991916506579948,,,,cuối chủ nhật tổng thống hoa kỳ donald trump trong một tuyên bố đã gửi thông qua thư ký báo chí thông báo quân đội mỹ sẽ rút quân khỏi syria,,
fleurs-mt/full/m2m100-vi-en-ct2-cpu,vi-en-mt-1757,MT,vi,vi->en,,,m2m100-vi-en-ct2-cpu,0.8248,1101.953125,,,28.984970517277347,,,,chỉ các đột biến ở tế bào dòng vi khuẩn mới có thể di truyền sang con cái trong khi đột biến ở nơi khác có thể gây chết tế bào hay ung thư,,
fleurs-mt/full/m2m100-vi-en-ct2-cpu,vi-en-mt-1758,MT,vi,vi->en,,,m2m100-vi-en-ct2-cpu,0.7357,1101.953125,,,39.082647724858255,,,,quần đảo nằm cách bán đảo 120 km phía bắc peninsula đảo lớn nhất là king george với sự hiện diện của làng villa las estrellas,,
fleurs-mt/full/m2m100-vi-en-ct2-cpu,vi-en-mt-1759,MT,vi,vi->en,,,m2m100-vi-en-ct2-cpu,1.1121,1101.953125,,,20.60445843222022,,,,bác sĩ malar balasubramanian 29 tuổi được phát hiện nằm trên mặt đất ven đường trong trang phục áo thun và đồ lót nồng nặc thuốc ở blue ash một vùng ngoại ô cách cincinnati 15 dặm về phía bắc,,
fleurs-mt/full/m2m100-vi-en-ct2-cpu,vi-en-mt-1760,MT,vi,vi->en,,,m2m100-vi-en-ct2-cpu,0.8861,1101.953125,,,5.618923497225256,,,,thương long là loài ăn thịt đỉnh cao trong thời kỳ tồn tại của nó vì thế nó không sợ gì cả ngoại trừ những con thương long khác,,
fleurs-mt/full/m2m100-vi-en-ct2-cpu,vi-en-mt-1761,MT,vi,vi->en,,,m2m100-vi-en-ct2-cpu,0.6018,1101.953125,,,32.26386416030252,,,,các nhiếp ảnh gia về sau đã chiếm vị trí của người phụ nữ cao niên khi bà cần nhà vệ sinh mendoza đã bị bắn hạ,,
fleurs-mt/full/m2m100-vi-en-ct2-cpu,vi-en-mt-1762,MT,vi,vi->en,,,m2m100-vi-en-ct2-cpu,0.568,1101.953125,,,15.727800941615358,,,,căn bệnh được truyền trên lợn sau đó di trú sang người thông qua muỗi,,
fleurs-mt/full/m2m100-vi-en-ct2-cpu,vi-en-mt-1763,MT,vi,vi->en,,,m2m100-vi-en-ct2-cpu,1.0539,1101.953125,,,4.459310153552376,,,,tương tự như mặt trăng tác động lực hấp dẫn lên trái đất và gây ra thủy triều dải ngân hà cũng tác động lực lên thiên hà nhân mã,,
fleurs-mt/full/m2m100-vi-en-ct2-cpu,vi-en-mt-1764,MT,vi,vi->en,,,m2m100-vi-en-ct2-cpu,0.7071,1101.953125,,,13.689245991088384,,,,số người có mặt quá lớn nên việc mọi người tới được nơi tổ chức lễ tang tại quảng trường thánh peter là không thể,,
fleurs-mt/full/m2m100-vi-en-ct2-cpu,vi-en-mt-1765,MT,vi,vi->en,,,m2m100-vi-en-ct2-cpu,0.7186,1101.953125,,,16.256774711563594,,,,kể từ khi thành lập asunción vào năm 1537 paraguay đã cố gắng duy trì những đặc điểm và bản sắc bản địa của mình,,
fleurs-mt/full/m2m100-vi-en-ct2-cpu,vi-en-mt-1766,MT,vi,vi->en,,,m2m100-vi-en-ct2-cpu,0.5555,1101.953125,,,37.42031646082126,,,,một số nguyên tử có hạt nhân không ổn định đồng nghĩa với việc chúng có khuynh hướng vỡ ra với ít hoặc không ảnh hưởng,,
fleurs-mt/full/m2m100-vi-en-ct2-cpu,vi-en-mt-1767,MT,vi,vi->en,,,m2m100-vi-en-ct2-cpu,0.6699,1101.953125,,,34.6187678583323,,,,đây là một cơ hội tốt để ngắm nhìn hiện tượng cực quang vì bầu trời sẽ ít nhiều tối hơn trong cả ngày,,
fleurs-mt/full/m2m100-vi-en-ct2-cpu,vi-en-mt-1768,MT,vi,vi->en,,,m2m100-vi-en-ct2-cpu,0.6449,1101.953125,,,6.095858477776824,,,,hầu hết các tòa nhà ở ngoài rìa khu quần thể đều được tái tạo nhằm giúp du khách hình dung rõ nét hơn về diện mạo nguyên bản của chúng,,
fleurs-mt/full/m2m100-vi-en-ct2-cpu,vi-en-mt-1769,MT,vi,vi->en,,,m2m100-vi-en-ct2-cpu,1.1142,1101.953125,,,15.581581442301564,,,,được xây dựng bởi người ai cập vào thế kỷ thứ ba trước công nguyên đại kim tự tháp là một trong nhiều kiến trúc kim tự tháp lớn được xây dựng để tưởng nhớ pharaoh đã băng hà,,
fleurs-mt/full/m2m100-vi-en-ct2-cpu,vi-en-mt-1770,MT,vi,vi->en,,,m2m100-vi-en-ct2-cpu,0.4543,1101.953125,,,4.246549372656572,,,,điều này có vẻ hợp lý vì ta không cảm thấy trái đất đang di chuyển phải không,,
fleurs-mt/full/m2m100-vi-en-ct2-cpu,vi-en-mt-1771,MT,vi,vi->en,,,m2m100-vi-en-ct2-cpu,0.7903,1101.953125,,,33.66496864175109,,,,hãy nhớ rằng dù âm nhạc trên sân khấu chính đã tắt thì vẫn có một số khu vực của lễ hội sẽ tiếp tục chơi nhạc cho đến tối muộn,,
fleurs-mt/full/m2m100-vi-en-ct2-cpu,vi-en-mt-1772,MT,vi,vi->en,,,m2m100-vi-en-ct2-cpu,0.3952,1101.953125,,,5.024584978301581,,,,vậy là có khả năng chú thích được thêm vào đơn giản chỉ là nhãn đánh dấu,,
fleurs-mt/full/m2m100-vi-en-ct2-cpu,vi-en-mt-1773,MT,vi,vi->en,,,m2m100-vi-en-ct2-cpu,0.9046,1101.953125,,,11.213677782841934,,,,can thiệp giấc ngủ là quá trình cố tình đánh thức một người trong thời gian ngủ bình thường của người đó và ngủ lại một lát sau đó 10-60 phút,,
fleurs-mt/full/m2m100-vi-en-ct2-cpu,vi-en-mt-1774,MT,vi,vi->en,,,m2m100-vi-en-ct2-cpu,0.9956,1101.953125,,,13.679192123121892,,,,trên những hòn đảo xa xôi thẻ tín dụng có khả năng sẽ không được chấp nhận mặc dù tiền anh hoặc tiền mỹ có thể được hãy kiểm tra với chủ trước để biết phương thức thanh toán nào được chấp nhận,,
fleurs-mt/full/m2m100-vi-en-ct2-cpu,vi-en-mt-1775,MT,vi,vi->en,,,m2m100-vi-en-ct2-cpu,1.0095,1101.953125,,,25.967818316485044,,,,việc sử dụng máy quay video đã mang đến những phát hiện quan trọng trong việc diễn giải những biểu cảm thoáng qua chính là những cử động chỉ diễn ra trong vài mili-giây của khuôn mặt,,
fleurs-mt/full/m2m100-vi-en-ct2-cpu,vi-en-mt-1776,MT,vi,vi->en,,,m2m100-vi-en-ct2-cpu,0.5928,1101.953125,,,6.986768364373988,,,,trong khoảng 150 đến 200 bản in đã được tạo ra xuyên đêm ngày nay được biết tới là bản in dunlap,,
fleurs-mt/full/m2m100-vi-en-ct2-cpu,vi-en-mt-1777,MT,vi,vi->en,,,m2m100-vi-en-ct2-cpu,0.8728,1101.953125,,,21.800193956058234,,,,ottawa là thủ đô song ngữ quyến rũ của canada sở hữu hàng loạt phòng trưng bày nghệ thuật và bảo tàng trưng bày các hiện vật lịch sử và hiện đại của canada,,
fleurs-mt/full/m2m100-vi-en-ct2-cpu,vi-en-mt-1778,MT,vi,vi->en,,,m2m100-vi-en-ct2-cpu,0.3744,1101.953125,,,9.238430210261097,,,,bản tin truyền hình cho thấy có khói trắng bốc ra từ nhà máy,,
fleurs-mt/full/m2m100-vi-en-ct2-cpu,vi-en-mt-1779,MT,vi,vi->en,,,m2m100-vi-en-ct2-cpu,0.5172,1101.953125,,,12.512236921161914,,,,tuyên bố được đưa ra sau khi ông trump có cuộc điện đàm với tổng thống thổ nhĩ kỳ recep tayyip erdoğan,,
fleurs-mt/full/m2m100-vi-en-ct2-cpu,vi-en-mt-1780,MT,vi,vi->en,,,m2m100-vi-en-ct2-cpu,0.9436,1101.953125,,,9.560408787521254,,,,theo kundalini yoga năng lượng kundalini năng lượng giác ngộ được đánh thức thông qua những tư thế yoga các bài tập thở những câu thần chú và sự hình dung,,
fleurs-mt/full/m2m100-vi-en-ct2-cpu,vi-en-mt-1781,MT,vi,vi->en,,,m2m100-vi-en-ct2-cpu,0.4074,1101.953125,,,11.366772829121256,,,,madagascar là khu vực rộng lớn nhất và là lục địa dành riêng cho động vật hoang dã,,
fleurs-mt/full/m2m100-vi-en-ct2-cpu,vi-en-mt-1782,MT,vi,vi->en,,,m2m100-vi-en-ct2-cpu,1.3323,1101.953125,,,12.180838505033426,,,,bên cạnh đó giữa các triều đại là những giai đoạn bất ổn khi các châu bị chia rẽ giai đoạn nổi tiếng nhất là thời tam quốc kéo dài trong 60 năm giữa nhà hán và nhà tấn,,
fleurs-mt/full/m2m100-vi-en-ct2-cpu,vi-en-mt-1783,MT,vi,vi->en,,,m2m100-vi-en-ct2-cpu,0.7717,1101.953125,,,26.801651563557787,,,,các hiện tượng thời tiết khắc nghiệt theo vùng và theo mùa gồm có bão lốc tuyết bão tuyết bão băng và bão bụi,,
fleurs-mt/full/m2m100-vi-en-ct2-cpu,vi-en-mt-1784,MT,vi,vi->en,,,m2m100-vi-en-ct2-cpu,1.0917,1101.953125,,,12.679972544149825,,,,greenland có dân cư thưa thớt thần thoại bắc âu kể rằng erik red bị trục xuất khỏi iceland vì tội giết người và khi đang đi về hướng tây ông đã tìm ra greenland và đặt tên vùng đất là greenland,,
fleurs-mt/full/m2m100-vi-en-ct2-cpu,vi-en-mt-1785,MT,vi,vi->en,,,m2m100-vi-en-ct2-cpu,0.9009,1101.953125,,,34.05944674404517,,,,làm mẫu không phải là một phương pháp học tập mà là phương tiện trợ giúp cho những người đang trải qua một trải nghiệm học tập mới thí dụ như sử dụng một chương trình máy tính mới hay bắt đầu một dự án mới,,
fleurs-mt/full/m2m100-vi-en-ct2-cpu,vi-en-mt-1786,MT,vi,vi->en,,,m2m100-vi-en-ct2-cpu,0.8609,1101.953125,,,29.270571215593964,,,,thành phần của các tinh thể này khớp với những gì được tìm thấy trong nước tiểu của thú cưng bị mắc bệnh khi so sánh bằng quang phổ hồng ngoại ftir,,
fleurs-mt/full/m2m100-vi-en-ct2-cpu,vi-en-mt-1787,MT,vi,vi->en,,,m2m100-vi-en-ct2-cpu,0.6632,1101.953125,,,25.95865729034344,,,,blog là công cụ kích thích sự hợp tác và khuyến khích học sinh mở rộng việc học tập ra ngoài khuôn khổ lớp học truyền thống,,
fleurs-mt/full/m2m100-vi-en-ct2-cpu,vi-en-mt-1788,MT,vi,vi->en,,,m2m100-vi-en-ct2-cpu,0.9921,1101.953125,,,36.75234456178971,,,,hội thể dục dụng cụ hoa kỳ ủng hộ lá thư của ủy ban olympic hoa kỳ và chấp nhận yêu cầu tuyệt đối của gia đình olympic để phát triển một môi trường an toàn cho tất cả vận động viên của chúng ta,,
fleurs-mt/full/m2m100-vi-en-ct2-cpu,vi-en-mt-1789,MT,vi,vi->en,,,m2m100-vi-en-ct2-cpu,0.7114,1101.953125,,,5.306033291985809,,,,các đề cử khác bao gồm phim đạo diễn quay phim thiết kế trang phục biên tập phim nhạc phim gốc thiết kế sản xuất biên tập âm thanh hòa âm và kịch bản gốc hay nhất,,
fleurs-mt/full/m2m100-vi-en-ct2-cpu,vi-en-mt-1790,MT,vi,vi->en,,,m2m100-vi-en-ct2-cpu,1.3733,1101.953125,,,21.354823293889076,,,,tác phẩm của ông có phẩm chất và chi tiết được tán dương đến mức ông là một trong số rất ít tên tuổi lớn nổi bật trong giới sưu tầm tem một số nhà sưu tập chỉ chuyên sưu tầm tác phẩm của ông,,
fleurs-mt/full/m2m100-vi-en-ct2-cpu,vi-en-mt-1791,MT,vi,vi->en,,,m2m100-vi-en-ct2-cpu,0.5956,1101.953125,,,4.02724819242185,,,,đừng phá hoại cảnh quan bằng cách viết vẽ khắc tranh phun sơn lên tường,,
fleurs-mt/full/m2m100-vi-en-ct2-cpu,vi-en-mt-1792,MT,vi,vi->en,,,m2m100-vi-en-ct2-cpu,0.6407,1101.953125,,,6.986768364373988,,,,cái này gọi là độ ph của hóa chất bạn có thể tạo ra chất chỉ thị bằng nước ép bắp cải đỏ,,
fleurs-mt/full/m2m100-vi-en-ct2-cpu,vi-en-mt-1793,MT,vi,vi->en,,,m2m100-vi-en-ct2-cpu,1.2165,1101.953125,,,9.57937167497228,,,,nếu không quen lái xe trên những đường quê thì bạn nên chuẩn bị tinh thần cho những con dốc đứng làn đường hẹp và những khúc cua gắt,,
fleurs-mt/full/m2m100-vi-en-ct2-cpu,vi-en-mt-1794,MT,vi,vi->en,,,m2m100-vi-en-ct2-cpu,0.7447,1101.953125,,,20.523865283328494,,,,nền văn minh là một nền văn hóa nổi bật được chia sẻ bởi một nhóm người đông đảo sống và làm việc theo tập thể một xã hội,,
fleurs-mt/full/m2m100-vi-en-ct2-cpu,vi-en-mt-1795,MT,vi,vi->en,,,m2m100-vi-en-ct2-cpu,1.7303,1101.953125,,,28.239859777729198,,,,kể từ năm 1988 các thùng phiếu phải trong suốt để cử tri và các quan sát viên có thể làm chứng rằng không có phong bì nào có sẵn khi bắt đầu bỏ phiếu và không có phong bì nào được bỏ thêm vào ngoại trừ những phong bì của các cử tri hợp lệ và được cho phép,,
fleurs-mt/full/m2m100-vi-en-ct2-cpu,vi-en-mt-1796,MT,vi,vi->en,,,m2m100-vi-en-ct2-cpu,0.8385,1101.953125,,,4.553719184146073,,,,trầm tích này là cần thiết để tạo ra các bãi cát và bãi biển đóng vai trò như môi trường sống của loài hoang dã,,
fleurs-mt/full/m2m100-vi-en-ct2-cpu,vi-en-mt-1797,MT,vi,vi->en,,,m2m100-vi-en-ct2-cpu,0.48,1101.953125,,,39.375553105513404,,,,tất cả mọi người đều tham gia vào xã hội và sử dụng các hệ thống giao thông gần như ai cũng than phiền về các hệ thống giao thông này,,
fleurs-mt/full/m2m100-vi-en-ct2-cpu,vi-en-mt-1798,MT,vi,vi->en,,,m2m100-vi-en-ct2-cpu,0.983,1101.953125,,,34.06227682100306,,,,trong những ngày đầu chương trình chỉ được giới thiệu trên trang web phát thanh dài hạn internet toginet radio một trang web tập trung vào chương trình truyền thanh đối thoại,,
fleurs-mt/full/m2m100-vi-en-ct2-cpu,vi-en-mt-1799,MT,vi,vi->en,,,m2m100-vi-en-ct2-cpu,0.6659,1101.953125,,,5.401157445454033,,,,ngoài buổi tổ chức hôm thứ tư carpanedo đã thi đấu trong 2 chặng đua riêng biệt trong giải vô địch,,
fleurs-mt/full/m2m100-vi-en-ct2-cpu,vi-en-mt-1800,MT,vi,vi->en,,,m2m100-vi-en-ct2-cpu,0.7847,1101.953125,,,10.893476956177384,,,,dự kiến cây cầu sẽ hoạt động chính thức vào tháng chín năm 2017 khi các trạm hải quan brazil được hoàn tất theo dự kiến,,
fleurs-mt/full/m2m100-vi-en-ct2-cpu,vi-en-mt-1801,MT,vi,vi->en,,,m2m100-vi-en-ct2-cpu,1.4234,1101.953125,,,8.786044205111585,,,,cuộc diễu hành của các tòa nhà khiến đường chân trời của hồng kông được liên tưởng với biểu đồ dạng thanh lấp lánh được làm rõ bởi sự hiện hữu của vùng nước trong vịnh victoria,,
fleurs-mt/full/m2m100-vi-en-ct2-cpu,vi-en-mt-1802,MT,vi,vi->en,,,m2m100-vi-en-ct2-cpu,0.3947,1101.953125,,,15.58010570411745,,,,mạng internet kết hợp những yếu tố của cả giao tiếp cộng đồng và giao tiếp cá nhân,,
fleurs-mt/full/m2m100-vi-en-ct2-cpu,vi-en-mt-1803,MT,vi,vi->en,,,m2m100-vi-en-ct2-cpu,0.9246,1101.953125,,,23.05089862656664,,,,độ ẩm trên tay của bạn sẽ phản ứng với các lớp bên ngoài tạo cảm giác là lạ và nặn thành một loại vỏ,,
fleurs-mt/full/m2m100-vi-en-ct2-cpu,vi-en-mt-1804,MT,vi,vi->en,,,m2m100-vi-en-ct2-cpu,1.4402,1101.953125,,,8.840994001530047,,,,viện tư pháp và dân chủ haiti đã tham khảo các kết quả nghiên cứu độc lập cho thấy tiểu đoàn gìn giữ hòa bình của liên hiệp quốc ở nepal đã vô tình mang mầm bệnh đến haiti,,
fleurs-mt/full/m2m100-vi-en-ct2-cpu,vi-en-mt-1805,MT,vi,vi->en,,,m2m100-vi-en-ct2-cpu,0.6119,1101.953125,,,16.261701715194896,,,,xe buýt scotturb số 403 thường xuyên chạy đến sintra dừng ở cabo da roca,,
fleurs-mt/full/m2m100-vi-en-ct2-cpu,vi-en-mt-1806,MT,vi,vi->en,,,m2m100-vi-en-ct2-cpu,1.5066,1101.953125,,,24.111740754650747,,,,vì vào thời kỳ cực thịnh của chúng ô nhiễm ánh sáng không phải là vấn đề lớn như hiện nay chúng thường được đặt ở các thành phố hoặc các khu trường sở dễ tiếp cập hơn những các được xây ở thời hiện đại,,
fleurs-mt/full/m2m100-vi-en-ct2-cpu,vi-en-mt-1807,MT,vi,vi->en,,,m2m100-vi-en-ct2-cpu,0.6939,1101.953125,,,16.31012195253714,,,,tiếng ý được sử dụng như một ngôn ngữ hàng ngày bởi những người làm việc tại bang trong khi tiếng la tinh được sử dụng trong các nghi lễ tôn giáo,,
fleurs-mt/full/m2m100-vi-en-ct2-cpu,vi-en-mt-1808,MT,vi,vi->en,,,m2m100-vi-en-ct2-cpu,0.6475,1101.953125,,,37.37098172408068,,,,trong hai năm kết thúc cuộc chiến các đồng minh trước kia lại là kẻ thù và chiến tranh lạnh bắt đầu,,
fleurs-mt/full/m2m100-vi-en-ct2-cpu,vi-en-mt-1809,MT,vi,vi->en,,,m2m100-vi-en-ct2-cpu,1.0829,1101.953125,,,4.090688941829,,,,thanh giằng được biết đến khá sớm để giữ các ray tại vị trí tuy nhiên dần dần người ta nhận ra các đường ray này sẽ làm việc hiệu quả hơn nếu có miếng kim loại nhỏ phần đầu,,
fleurs-mt/full/m2m100-vi-en-ct2-cpu,vi-en-mt-1810,MT,vi,vi->en,,,m2m100-vi-en-ct2-cpu,0.8378,1101.953125,,,18.322595730639303,,,,thống đốc bang california arnold schwarzenegger đã ký thành luật cấm bán hoặc cho thuê trò chơi video mang tính chất bạo lực,,
fleurs-mt/full/m2m100-vi-en-ct2-cpu,vi-en-mt-1811,MT,vi,vi->en,,,m2m100-vi-en-ct2-cpu,0.5715,1101.953125,,,16.59038701421971,,,,chuẩn 802.11n hoạt động trên cả hai tần số 2.4 ghz và 5.0 ghz,,
fleurs-mt/full/m2m100-vi-en-ct2-cpu,vi-en-mt-1812,MT,vi,vi->en,,,m2m100-vi-en-ct2-cpu,1.3582,1101.953125,,,4.305580639806922,,,,trong khi một vắc-xin thử nghiệm có vẻ như có khả năng làm giảm tỷ lệ tử vong do ebola cho tới nay chưa có loại thuốc nào được chứng minh rõ ràng là phù hợp cho việc điều trị căn bệnh lây nhiễm này,,
fleurs-mt/full/m2m100-vi-en-ct2-cpu,vi-en-mt-1813,MT,vi,vi->en,,,m2m100-vi-en-ct2-cpu,1.3346,1101.953125,,,4.527091491040194,,,,ngôn ngữ chính thức của barcelona là tiếng catalan và tiếng tây ban nha khoảng một nửa dân số thích nói tiếng catalan hơn và đại đa số người dân hiểu thứ tiếng này hầu như ai cũng biết tiếng tây ba nha,,
fleurs-mt/full/m2m100-vi-en-ct2-cpu,vi-en-mt-1814,MT,vi,vi->en,,,m2m100-vi-en-ct2-cpu,0.8331,1101.953125,,,4.343737891358309,,,,ion hydro là proton đã bị loại bỏ electron vì nguyên tử hydro bao gồm một proton và một electron,,
fleurs-mt/full/m2m100-vi-en-ct2-cpu,vi-en-mt-1815,MT,vi,vi->en,,,m2m100-vi-en-ct2-cpu,1.0183,1101.953125,,,6.108557268562174,,,,bom phân hạch hoạt động dựa trên nguyên tắc dùng năng lượng để kết hợp nhân nguyên tử với nhiều proton và neutron,,
fleurs-mt/full/m2m100-vi-en-ct2-cpu,vi-en-mt-1816,MT,vi,vi->en,,,m2m100-vi-en-ct2-cpu,0.8579,1101.953125,,,6.980016503925314,,,,duvall đã kết hôn và có hai người con trưởng thành không để lại ấn tượng gì nhiều với miller người có liên quan tới câu chuyện,,
fleurs-mt/full/m2m100-vi-en-ct2-cpu,vi-en-mt-1817,MT,vi,vi->en,,,m2m100-vi-en-ct2-cpu,0.5525,1101.953125,,,6.754312828675709,,,,tuy nhiên về khía cạnh này thì khu vực schengen vận hành gần như một quốc gia duy nhất,,
fleurs-mt/full/m2m100-vi-en-ct2-cpu,vi-en-mt-1818,MT,vi,vi->en,,,m2m100-vi-en-ct2-cpu,0.688,1101.953125,,,45.60839545351941,,,,người ta có thể không lường trước được rằng sự kiên nhẫn và thấu hiểu cũng rất cần thiết cho việc hồi hương,,
fleurs-mt/full/m2m100-vi-en-ct2-cpu,vi-en-mt-1819,MT,vi,vi->en,,,m2m100-vi-en-ct2-cpu,1.1972,1101.953125,,,14.50029540270094,,,,trung hoa cổ đại có một cách thức độc đáo để trình bày những niên đại khác nhau mỗi một giai đoạn của trung hoa hoặc mỗi một gia tộc từng nắm giữ quyền lực tương ứng với một triều đại khác nhau,,
fleurs-mt/full/m2m100-vi-en-ct2-cpu,vi-en-mt-1820,MT,vi,vi->en,,,m2m100-vi-en-ct2-cpu,0.7719,1101.953125,,,8.896962872669691,,,,ngày nay con người viết tin nhắn trên màn hình máy tính không bao giờ phải dúng đến gọt bút chì nữa,,
fleurs-mt/full/m2m100-vi-en-ct2-cpu,vi-en-mt-1821,MT,vi,vi->en,,,m2m100-vi-en-ct2-cpu,0.7451,1101.953125,,,8.889175589171739,,,,mối tương quan giữa bệnh lý não và cung cách ứng xử hỗ trợ cho các nhà khoa học trong quá trình nghiên cứu của họ,,
fleurs-mt/full/m2m100-vi-en-ct2-cpu,vi-en-mt-1822,MT,vi,vi->en,,,m2m100-vi-en-ct2-cpu,1.3357,1101.953125,,,19.696330878717085,,,,vương quốc ma-rốc đã xây dựng lại thành phố này giống như daru l-badya và nó được đặt tên là casablanca bởi các thương nhân tây ban nha là những người đã lập các cơ sở giao thương ở đó,,
fleurs-mt/full/m2m100-vi-en-ct2-cpu,vi-en-mt-1823,MT,vi,vi->en,,,m2m100-vi-en-ct2-cpu,0.9667,1101.953125,,,41.92761856401718,,,,lưu lượng giao thông là việc nghiên cứu di chuyển của các tài xế riêng biệt và những phương tiện giữa hai điểm cũng như cách họ tương tác với nhau,,
fleurs-mt/full/m2m100-vi-en-ct2-cpu,vi-en-mt-1824,MT,vi,vi->en,,,m2m100-vi-en-ct2-cpu,2.0092,1101.953125,,,8.550728344263787,,,,cao nguyên giza hay khu lăng mộ giza trong thung lũng lăng mộ của ai cập có nhiều kim tự tháp trong đó đại kim tự tháp là kim tự tháp lớn nhất nhiều ngôi mộ nhỏ nhiều đền đài và tượng đại nhân sư,,
fleurs-mt/full/m2m100-vi-en-ct2-cpu,vi-en-mt-1825,MT,vi,vi->en,,,m2m100-vi-en-ct2-cpu,0.9579,1101.953125,,,23.203058032469887,,,,nếu muốn ở gần khu vực diễn ra hoạt động bạn cần phải đến sớm để có được một địa điểm cắm trại gần với dàn âm thanh,,
fleurs-mt/full/m2m100-vi-en-ct2-cpu,vi-en-mt-1826,MT,vi,vi->en,,,m2m100-vi-en-ct2-cpu,0.5041,1101.953125,,,9.621015408672907,,,,sau khi xảy ra tai nạn gibson đã được đưa vào bệnh viện nhưng mất không lâu sau đó,,
fleurs-mt/full/m2m100-vi-en-ct2-cpu,vi-en-mt-1827,MT,vi,vi->en,,,m2m100-vi-en-ct2-cpu,0.9293,1101.953125,,,13.566979610140004,,,,lớp vỏ có chiều dày khoảng 70 ki lô mét ở phía bên trái và khoảng 100 ki lô mét ở bề mặt che khuất của mặt trăng,,
fleurs-mt/full/m2m100-vi-en-ct2-cpu,vi-en-mt-1828,MT,vi,vi->en,,,m2m100-vi-en-ct2-cpu,0.6692,1101.953125,,,29.52818889864951,,,,tìm kiếm khóa học về môi trường thù địch trên internet có thể sẽ cung cấp cho bạn địa chỉ của một công ty địa phương,,
fleurs-mt/full/m2m100-vi-en-ct2-cpu,vi-en-mt-1829,MT,vi,vi->en,,,m2m100-vi-en-ct2-cpu,0.9522,1101.953125,,,26.415417801170193,,,,khách du lịch đến các nước tính thuế cao đôi khi có thể tiết kiệm được số tiền đáng kể đặc biệt là với những sản phẩm như đồ uống có cồn và thuốc lá,,
fleurs-mt/full/m2m100-vi-en-ct2-cpu,vi-en-mt-1830,MT,vi,vi->en,,,m2m100-vi-en-ct2-cpu,0.9179,1101.953125,,,7.473868453555441,,,,đảng cầm quyền tổ chức nhân dân tây nam phi swapo cũng giữ được thế đa số trong các cuộc bầu cử nghị viện,,
fleurs-mt/full/m2m100-vi-en-ct2-cpu,vi-en-mt-1831,MT,vi,vi->en,,,m2m100-vi-en-ct2-cpu,1.4952,1101.953125,,,6.541868941754435,,,,công viên quốc gia plitvice lakes có khu rừng rậm rạp chủ yếu là cây sồi cây vân sam và cây linh sam và cùng với sự pha trộn thảm thực vật của vùng alps và địa trung hải,,
fleurs-mt/full/m2m100-vi-en-ct2-cpu,vi-en-mt-1832,MT,vi,vi->en,,,m2m100-vi-en-ct2-cpu,0.7983,1101.953125,,,15.464260451973765,,,,các môn thể thao phổ biến gồm có bóng đá bóng rổ bóng chuyền bóng nước đấu kiếm rugby đạp xe khúc côn cầu trên băng khúc côn cầu patin và đua mô tô f1,,
fleurs-mt/full/m2m100-vi-en-ct2-cpu,vi-en-mt-1833,MT,vi,vi->en,,,m2m100-vi-en-ct2-cpu,1.2262,1101.953125,,,21.023693683267553,,,,triết gia aristotle đề ra giả thuyết rằng mọi vật đều được tạo ra từ sự kết hợp của một hoặc nhiều hơn bốn yếu tố đó là đất nước gió và lửa,,
fleurs-mt/full/m2m100-vi-en-ct2-cpu,vi-en-mt-1834,MT,vi,vi->en,,,m2m100-vi-en-ct2-cpu,1.1381,1101.953125,,,11.71291646655074,,,,cũng ở phía bắc hãy đến thăm đền thánh đức mẹ fatima đền thờ vĩ đại tương truyền là nơi đức mẹ hiện ra nổi tiếng trên toàn thế giới,,
fleurs-mt/full/m2m100-vi-en-ct2-cpu,vi-en-mt-1835,MT,vi,vi->en,,,m2m100-vi-en-ct2-cpu,1.3698,1101.953125,,,11.668694360677035,,,,không có cảnh báo sóng thần nào được đưa ra và theo cơ quan địa vật lý jakarta sẽ không có cảnh báo sóng thần vì cơn địa chấn chưa đạt tới tiêu chuẩn 6.5 độ richter,,
fleurs-mt/full/m2m100-vi-en-ct2-cpu,vi-en-mt-1836,MT,vi,vi->en,,,m2m100-vi-en-ct2-cpu,1.4738,1101.953125,,,22.26809171319614,,,,loài người đã biết đến các nguyên tố hoá học cơ bản như vàng bạc và đồng từ thời cổ đại bởi tất cả các nguyên tố đó đều có thể được phát hiện trong tự nhiên ở dạng nguyên thể và tương đối dễ khai thác bằng các công cụ nguyên thuỷ,,
fleurs-mt/full/m2m100-vi-en-ct2-cpu,vi-en-mt-1837,MT,vi,vi->en,,,m2m100-vi-en-ct2-cpu,1.0338,1101.953125,,,18.81478574691709,,,,các chỉ trích tự do của nỗ lực tái thiết tập trung vào việc trao các hợp đồng tái thiết cho những người có thông tin nội bộ của washington,,
fleurs-mt/full/m2m100-vi-en-ct2-cpu,vi-en-mt-1838,MT,vi,vi->en,,,m2m100-vi-en-ct2-cpu,0.7326,1101.953125,,,16.19557012853241,,,,đại kim tự tháp ở giza là một trong bảy kì quan thế giới vẫn còn tồn tại cho đến ngày nay,,
fleurs-mt/full/m2m100-vi-en-ct2-cpu,vi-en-mt-1839,MT,vi,vi->en,,,m2m100-vi-en-ct2-cpu,0.4622,1101.953125,,,8.054496384843702,,,,hãy nghĩ hành trình trượt tuyết tương tự như một hành trình đi bộ đường dài,,
fleurs-mt/full/m2m100-vi-en-ct2-cpu,vi-en-mt-1840,MT,vi,vi->en,,,m2m100-vi-en-ct2-cpu,1.1462,1101.953125,,,13.299435570305864,,,,tại nhiều thành phố khác ở ý và khu vực khác trên thế giới đặc biệt là tại ba lan những hệ thống tương tự cũng được lắp đặt và được theo dõi qua màn hình bởi rất nhiều người xem,,
fleurs-mt/full/m2m100-vi-en-ct2-cpu,vi-en-mt-1841,MT,vi,vi->en,,,m2m100-vi-en-ct2-cpu,0.9933,1101.953125,,,14.121256362723482,,,,chẳng có gì ngoài bầu trời cao trong vắt tuyệt mĩ bao lấy những rặng núi.một thế giới nhỏ bé được biết và nghe nói đến từ bên trong hang động,,
fleurs-mt/full/m2m100-vi-en-ct2-cpu,vi-en-mt-1842,MT,vi,vi->en,,,m2m100-vi-en-ct2-cpu,1.5844,1101.953125,,,6.08138969580987,,,,bởi vì lông vũ của khủng long không có thân lông phát triển tốt được gọi là thân ống lông nhưng lại có các đặc điểm khác của lông vũ tơ và lông tơ nên các nhà nghiên cứu cho rằng thân ống lông có thể là sự phát triển tiến hóa sau này với những đặc điểm khác này,,
fleurs-mt/full/m2m100-vi-en-ct2-cpu,vi-en-mt-1843,MT,vi,vi->en,,,m2m100-vi-en-ct2-cpu,1.1391,1101.953125,,,4.5762708103494685,,,,giáo sư pamela ferguson của trường đại học dundee ghi nhận rằng có lẽ các nhà báo thực sự đang đi trên một con đường nguy hiểm khi công khai những hình ảnh v.v. của các nghi phạm,,
fleurs-mt/full/m2m100-vi-en-ct2-cpu,vi-en-mt-1844,MT,vi,vi->en,,,m2m100-vi-en-ct2-cpu,0.8514,1101.953125,,,41.26152034907943,,,,bề mặt của mặt trăng được tạo nên bởi đá và bụi lớp bên ngoài của mặt trăng được gọi là lớp vỏ,,
fleurs-mt/full/m2m100-vi-en-ct2-cpu,vi-en-mt-1845,MT,vi,vi->en,,,m2m100-vi-en-ct2-cpu,0.6813,1101.953125,,,16.102833099307357,,,,trên chiếc xe ngựa họ trở về paris bị bao quanh bởi một đám đông đang la hét và đe dọa đức vua và nữ hoàng,,
fleurs-mt/full/m2m100-vi-en-ct2-cpu,vi-en-mt-1846,MT,vi,vi->en,,,m2m100-vi-en-ct2-cpu,0.8384,1101.953125,,,11.328360454400997,,,,do đó tỷ lệ khung hình cho định dạng này chia cho mười hai để đạt được tỷ lệ toàn bộ con số đơn giản nhất là 3:2,,
fleurs-mt/full/m2m100-vi-en-ct2-cpu,vi-en-mt-1847,MT,vi,vi->en,,,m2m100-vi-en-ct2-cpu,0.8392,1101.953125,,,27.326653732219494,,,,ông được phó thủ tướng singapore wong kan seng tiếp đón và thảo luận về các vấn đề thương mại và khủng bố với thủ tướng singapore lý hiển long,,
fleurs-mt/full/m2m100-vi-en-ct2-cpu,vi-en-mt-1848,MT,vi,vi->en,,,m2m100-vi-en-ct2-cpu,1.0773,1101.953125,,,18.180608220159193,,,,sáng hôm qua một quả bom cài trong xe hơi đã phát nổ tại trụ sở cảnh sát ở gaziantep thổ nhĩ kỳ làm hai cảnh sát viên thiệt mạng và hơn hai mươi người khác bị thương,,
fleurs-mt/full/m2m100-vi-en-ct2-cpu,vi-en-mt-1849,MT,vi,vi->en,,,m2m100-vi-en-ct2-cpu,0.9436,1101.953125,,,25.13491514794606,,,,nếu bạn đã xem bộ phim kho báu quốc gia bạn có thể nghĩ bản đồ kho báu được viết trên mặt sau của bản tuyên ngôn độc lập,,
fleurs-mt/full/m2m100-vi-en-ct2-cpu,vi-en-mt-1850,MT,vi,vi->en,,,m2m100-vi-en-ct2-cpu,1.2942,1101.953125,,,11.525449313283318,,,,điều này cho phép nó có khả năng tương thích ngược với 802.11a 802.11b và 802.11g với điều kiện các trạm cơ sở có ra-đi-ô có băng tần kép,,
fleurs-mt/full/m2m100-vi-en-ct2-cpu,vi-en-mt-1851,MT,vi,vi->en,,,m2m100-vi-en-ct2-cpu,1.2276,1101.953125,,,4.300662553696791,,,,dòng xoáy là dòng nước chảy ngược lại từ những con sóng xô vào bãi biển thông thường là ở dải đá ngầm hay nơi tương tự,,
fleurs-mt/full/m2m100-vi-en-ct2-cpu,vi-en-mt-1852,MT,vi,vi->en,,,m2m100-vi-en-ct2-cpu,2.9955,1101.953125,,,11.759665505867655,,,,việc sử dụng các trang blog một cách thích hợp có thể giúp học sinh nhạy bén hơn về khả năng phân tích và lý luận; qua những phản ứng tích cực với tài liệu trên internet học sinh có thể xác định vai trò của mình trong ngữ cảnh bài viết của người khác cũng như trình bày quan điểm của mình về những vấn đề cụ thể oravec 2002,,
fleurs-mt/full/m2m100-vi-en-ct2-cpu,vi-en-mt-1853,MT,vi,vi->en,,,m2m100-vi-en-ct2-cpu,0.6333,1101.953125,,,32.54777991021598,,,,giancarlo fisichella mất kiểm soát chiếc xe của mình và kết thúc cuộc đua rất sớm sau khi bắt đầu,,
fleurs-mt/full/m2m100-vi-en-ct2-cpu,vi-en-mt-1854,MT,vi,vi->en,,,m2m100-vi-en-ct2-cpu,0.5817,1101.953125,,,42.22374352161797,,,,chiếc xe đã được đưa đi khỏi hiện trường tai nạn vào khoảng 12:00 giờ gmt cùng ngày hôm đó,,
fleurs-mt/full/m2m100-vi-en-ct2-cpu,vi-en-mt-1856,MT,vi,vi->en,,,m2m100-vi-en-ct2-cpu,1.1396,1101.953125,,,14.62806365365753,,,,phần lan là một điểm đến tuyệt vời cho người yêu thuyền vùng đất ngàn hồ cũng có hàng ngàn hòn đảo nằm bên trong hồ và các quần đảo ven biển,,
fleurs-mt/full/m2m100-vi-en-ct2-cpu,vi-en-mt-1857,MT,vi,vi->en,,,m2m100-vi-en-ct2-cpu,1.0971,1101.953125,,,8.055259301867158,,,,ông nói thêm tuy vậy không nên yêu cầu các em thực hiện những bổn phận không phù hợp với giai đoạn phát triển trách nhiệm và khả năng của mình,,
fleurs-mt/full/m2m100-vi-en-ct2-cpu,vi-en-mt-1858,MT,vi,vi->en,,,m2m100-vi-en-ct2-cpu,0.9565,1101.953125,,,15.415064977510756,,,,danielle lantagne một chuyên gia của liên hiệp quốc về căn bệnh này nói rằng việc bệnh dịch bùng phát có thể là do lực lượng gìn giữ hòa bình gây ra,,
fleurs-mt/full/m2m100-vi-en-ct2-cpu,vi-en-mt-1859,MT,vi,vi->en,,,m2m100-vi-en-ct2-cpu,1.4541,1101.953125,,,27.46220586089205,,,,đến cuối thời trung cổ tây âu bắt đầu phát triển phong cách của riêng mình kết quả của cuộc thập tự chinh mang đến một trong những phát triển quan trọng nhất vào thời điểm đó là người dân bắt đầu sử dụng nút áo,,
fleurs-mt/full/m2m100-vi-en-ct2-cpu,vi-en-mt-1860,MT,vi,vi->en,,,m2m100-vi-en-ct2-cpu,0.5473,1101.953125,,,51.93071778680675,,,,văn phòng của thống đốc cho biết mười chín người trong số những người bị thương là sĩ quan cảnh sát,,
fleurs-mt/full/m2m100-vi-en-ct2-cpu,vi-en-mt-1861,MT,vi,vi->en,,,m2m100-vi-en-ct2-cpu,0.8,1101.953125,,,28.261688976967942,,,,kết quả là người biểu diễn hút cần sa cùng lên sân khấu và chính nhà hát khuyến khích khán giả tham gia,,
fleurs-mt/full/m2m100-vi-en-ct2-cpu,vi-en-mt-1862,MT,vi,vi->en,,,m2m100-vi-en-ct2-cpu,1.0827,1101.953125,,,49.33292241270432,,,,nextgen là hệ thống mà faa tuyên bố sẽ cho phép máy bay bay quãng đường ngắn hơn và tiết triệu hàng triệu gallon nhiên liệu mỗi năm và cắt giảm lượng khí thải cacbon,,
fleurs-mt/full/m2m100-vi-en-ct2-cpu,vi-en-mt-1863,MT,vi,vi->en,,,m2m100-vi-en-ct2-cpu,1.4879,1101.953125,,,21.534140653819954,,,,trung tâm của thiền tây tạng là deity yoga thông qua việc hình dung hình dáng các vị thần khác nhau các trường năng lượng sạch các luân xa được khởi động và ý thức của sự giác ngộ được tạo ra,,
fleurs-mt/full/m2m100-vi-en-ct2-cpu,vi-en-mt-1864,MT,vi,vi->en,,,m2m100-vi-en-ct2-cpu,1.3471,1101.953125,,,21.042990347620457,,,,bà kirchner tuyên bố ý định tranh cử tổng thống tại nhà hát argentina đây cũng là địa điểm bà từng sử dụng để bắt đầu chương trình tranh cử vào thượng viện năm 2005 với tư cách là thành viên của phái đoàn tỉnh buenos aires,,
fleurs-mt/full/m2m100-vi-en-ct2-cpu,vi-en-mt-1865,MT,vi,vi->en,,,m2m100-vi-en-ct2-cpu,0.8643,1101.953125,,,5.538696232597744,,,,thời gian di chuyển của tàu saint petersburg bao gồm cả thời gian trong thành phố. hành khách trên tàu được miễn thị thực kiểm tra các điều khoản,,
fleurs-mt/full/m2m100-vi-en-ct2-cpu,vi-en-mt-1866,MT,vi,vi->en,,,m2m100-vi-en-ct2-cpu,0.5985,1101.953125,,,6.43716525407242,,,,đầu tiên hầu hết người cưỡi ngựa mang ủng có gót cao và đế trơn khá hẹp,,
fleurs-mt/full/m2m100-vi-en-ct2-cpu,vi-en-mt-1867,MT,vi,vi->en,,,m2m100-vi-en-ct2-cpu,0.805,1101.953125,,,16.19557012853241,,,,cây cối tạo ra khí oxy mà con người hít thở và chúng tiếp nhận khí cacbonic con người thải ra đó là việc thở ra,,
fleurs-mt/full/m2m100-vi-en-ct2-cpu,vi-en-mt-1868,MT,vi,vi->en,,,m2m100-vi-en-ct2-cpu,0.8544,1101.953125,,,3.74593986232833,,,,có người sẽ biến thành một người hoàn toàn khác và cảm thấy họ phải thay đổi mọi thứ mà cả nhóm đang làm và tự mình thực hiện,,
fleurs-mt/full/m2m100-vi-en-ct2-cpu,vi-en-mt-1869,MT,vi,vi->en,,,m2m100-vi-en-ct2-cpu,1.2215,1101.953125,,,6.173327848418499,,,,chiếc hàm dài của nó gắn hơn 70 chiếc răng sắc như dao cạo cùng bộ răng phụ ở vòm miệng đồng nghĩa với việc không có thứ gì có thể thoát được trên đường đi của nó,,
fleurs-mt/full/m2m100-vi-en-ct2-cpu,vi-en-mt-1870,MT,vi,vi->en,,,m2m100-vi-en-ct2-cpu,0.6144,1101.953125,,,18.92178344158729,,,,các cảnh được chiếu trên kim tự tháp và các kim tự tháp khác nhau được thắp sáng,,
fleurs-mt/full/m2m100-vi-en-ct2-cpu,vi-en-mt-1871,MT,vi,vi->en,,,m2m100-vi-en-ct2-cpu,0.5292,1101.953125,,,35.81345475522872,,,,với khí hậu ấm của vùng trung đông nhà ở không quá quan trọng,,
fleurs-mt/full/m2m100-vi-en-ct2-cpu,vi-en-mt-1872,MT,vi,vi->en,,,m2m100-vi-en-ct2-cpu,1.3233,1101.953125,,,23.34877559408624,,,,trong giai đoạn xung đột dành độc lập do phong trào mau tổ chức một cuộc tụ họp hòa bình trong thành phố đã dẫn đến việc lãnh tụ tupua tamasese lealofi iii bị giết chết,,
fleurs-mt/full/m2m100-vi-en-ct2-cpu,vi-en-mt-1873,MT,vi,vi->en,,,m2m100-vi-en-ct2-cpu,1.2471,1101.953125,,,13.65189729052536,,,,hãy tỏ thái độ dứt khoát khi từ chối và đừng ngại giữ vững lập trường dù khác biệt văn hóa hay không điều đó cũng không biến sai thành đúng!,,
fleurs-mt/full/m2m100-vi-en-ct2-cpu,vi-en-mt-1874,MT,vi,vi->en,,,m2m100-vi-en-ct2-cpu,0.9118,1101.953125,,,36.81003942334573,,,,một số người nghĩ rằng ông ấy đã đúng nhưng nhiều người tin điều ngược lại; rằng hệ mặt trời xoay quanh trái đất bao gồm cả mặt trời và cả những ngôi sao khác,,
fleurs-mt/full/m2m100-vi-en-ct2-cpu,vi-en-mt-1875,MT,vi,vi->en,,,m2m100-vi-en-ct2-cpu,0.7598,1101.953125,,,11.524472104717505,,,,20% lượng nước đổ từ các con sông trên hành tinh này ra đại dương đều bắt nguồn từ amazon,,
fleurs-mt/full/m2m100-vi-en-ct2-cpu,vi-en-mt-1876,MT,vi,vi->en,,,m2m100-vi-en-ct2-cpu,0.6458,1101.953125,,,5.847275578505034,,,,phòng quản lý tình trạng khẩn cấp miền bắc marianas cho biết không có báo cáo nào về tổn thất ở quốc gia này,,
fleurs-mt/full/m2m100-vi-en-ct2-cpu,vi-en-mt-1877,MT,vi,vi->en,,,m2m100-vi-en-ct2-cpu,1.241,1101.953125,,,29.663479358211323,,,,thượng nghị sĩ và đệ nhất phu nhân argentina cristina fernandez de kirchner đương nhiệm đã tuyên bố ứng cử tổng thống vào tối hôm qua tại la plata một thành phố cách buenos aires 50 kilomet 31 dặm,,
fleurs-mt/full/m2m100-vi-en-ct2-cpu,vi-en-mt-1878,MT,vi,vi->en,,,m2m100-vi-en-ct2-cpu,1.4255,1101.953125,,,31.63533778652485,,,,cơ quan trung ương của giáo hội đã tọa lạc ở rome hơn một ngàn năm qua và sự tập trung quyền lực và tiền bạc này khiến nhiều người thắc mắc là liệu giáo lý nói trên có được tuân theo hay không,,
fleurs-mt/full/m2m100-vi-en-ct2-cpu,vi-en-mt-1879,MT,vi,vi->en,,,m2m100-vi-en-ct2-cpu,0.528,1101.953125,,,18.69300079996002,,,,người ta chỉ có thể tự hỏi rồi đây bàn phím sẽ có số phận như thế nào khi một thứ gì đó mới hơn xuất hiện,,
fleurs-mt/full/m2m100-vi-en-ct2-cpu,vi-en-mt-1880,MT,vi,vi->en,,,m2m100-vi-en-ct2-cpu,0.531,1101.953125,,,10.521495173810226,,,,vì vậy ngay từ những ngày mới ra đời bút chì đã trở thành người bạn tốt của nhiều người,,
fleurs-mt/full/m2m100-vi-en-ct2-cpu,vi-en-mt-1881,MT,vi,vi->en,,,m2m100-vi-en-ct2-cpu,0.7753,1101.953125,,,28.479942163807365,,,,chia sẻ chuyến đi dã ngoại qua hình thức trực tuyến cũng là một cách tuyệt vời để chiêm nghiệm lại chuyến đi và chia sẻ kinh nghiệm với những khóa học sinh sau,,
fleurs-mt/full/m2m100-vi-en-ct2-cpu,vi-en-mt-1882,MT,vi,vi->en,,,m2m100-vi-en-ct2-cpu,0.8921,1101.953125,,,15.083364266523734,,,,các nhà khoa học hy vọng sẽ hiểu được cách thức hình thành của các hành tinh đặc biệt là trái đất được hình thành như thế nào bởi các sao chổi đã va chạm vào trái đất từ xa xưa,,
fleurs-mt/full/m2m100-vi-en-ct2-cpu,vi-en-mt-1883,MT,vi,vi->en,,,m2m100-vi-en-ct2-cpu,0.8085,1101.953125,,,30.674809498902018,,,,chiều cao tĩnh không dưới cầu là 15 mét việc xây dựng được hoàn thành vào tháng 8 năm 2011 nhưng đến tháng 3 năm 2017 cầu mới được khai thông,,
fleurs-mt/full/m2m100-vi-en-ct2-cpu,vi-en-mt-1884,MT,vi,vi->en,,,m2m100-vi-en-ct2-cpu,1.2447,1101.953125,,,8.562365224473284,,,,cụ thể người ta cho rằng một người có thể phát hiện ai đó đang nói dối bằng việc giải nghĩa chính xác từng biểu hiện rất nhỏ,,
fleurs-mt/full/m2m100-vi-en-ct2-cpu,vi-en-mt-1885,MT,vi,vi->en,,,m2m100-vi-en-ct2-cpu,1.0533,1101.953125,,,43.456737599576506,,,,đám cháy do các tù nhân gây ra trong sân trong khoảng 10:00 - 11:00 đêm theo giờ mdt,,
fleurs-mt/full/m2m100-vi-en-ct2-cpu,vi-en-mt-1886,MT,vi,vi->en,,,m2m100-vi-en-ct2-cpu,0.9779,1101.953125,,,9.84934946888872,,,,văn hóa và bộ lạc cổ xưa đã bắt đầu giữ những con vật này để dễ lấy sữa tóc thịt và da,,
fleurs-mt/full/m2m100-vi-en-ct2-cpu,vi-en-mt-1887,MT,vi,vi->en,,,m2m100-vi-en-ct2-cpu,0.7013,1101.953125,,,3.846187513024874,,,,trong thời gian làm việc tại bệnh viện liggins bắt đầu điều tra về tình trạng sinh non trong thời gian rảnh,,
fleurs-mt/full/m2m100-vi-en-ct2-cpu,vi-en-mt-1888,MT,vi,vi->en,,,m2m100-vi-en-ct2-cpu,0.8197,1101.953125,,,5.2956899456325806,,,,sốc tái hòa nhập xảy ra sớm hơn so với sốc văn hóa ít giai đoạn trăng mật hơn lâu hơn và có thể còn nghiêm trọng hơn,,
fleurs-mt/full/m2m100-vi-en-ct2-cpu,vi-en-mt-1889,MT,vi,vi->en,,,m2m100-vi-en-ct2-cpu,0.4629,1101.953125,,,21.648693746244412,,,,nó mang đến cho chúng ta xe lửa xe hơi và nhiều phương tiện di chuyển khác,,
fleurs-mt/full/m2m100-vi-en-ct2-cpu,vi-en-mt-1890,MT,vi,vi->en,,,m2m100-vi-en-ct2-cpu,0.9257,1101.953125,,,23.909453161355017,,,,hầu hết kính viễn vọng hiện đại dùng cho nghiên cứu đều là những thiết bị khổng lồ được đặt ở những khu vực hẻo lánh có điều kiện khí hậu thuận lợi,,
fleurs-mt/full/m2m100-vi-en-ct2-cpu,vi-en-mt-1891,MT,vi,vi->en,,,m2m100-vi-en-ct2-cpu,0.7688,1101.953125,,,14.957108065111516,,,,lakkha singh cũng trình bày chhappan bhog bhajan ca kĩ raju khandelwal hát cùng ông,,
fleurs-mt/full/m2m100-vi-en-ct2-cpu,vi-en-mt-1892,MT,vi,vi->en,,,m2m100-vi-en-ct2-cpu,1.2506,1101.953125,,,47.17012443726908,,,,đây là nơi thực dân anh đã chiếm đoạt làm của riêng và vì thế nếu bạn đang tìm kiếm bằng chứng về quá khứ thuộc địa của lãnh thổ thì đây là một nơi rất tốt để bắt đầu,,
fleurs-mt/full/m2m100-vi-en-ct2-cpu,vi-en-mt-1893,MT,vi,vi->en,,,m2m100-vi-en-ct2-cpu,1.2483,1101.953125,,,11.879466737809317,,,,sundarbans là vành đai rừng ngập mặn ven biển lớn nhất trên thế giới trải dài 80 km 50 dặm vào nội địa băng-la-đét và ấn độ từ bờ biển,,
fleurs-mt/full/m2m100-vi-en-ct2-cpu,vi-en-mt-1894,MT,vi,vi->en,,,m2m100-vi-en-ct2-cpu,0.6818,1101.953125,,,18.010019776510696,,,,cà ri là món ăn làm từ thảo mộc và gia vị cùng với thịt hoặc rau củ,,
fleurs-mt/full/m2m100-vi-en-ct2-cpu,vi-en-mt-1895,MT,vi,vi->en,,,m2m100-vi-en-ct2-cpu,0.9961,1101.953125,,,7.289334177359764,,,,khi sự hiểu biết về hy lạp suy tàn phương tây nhận thấy mình bị cắt đứt khỏi nguồn gốc triết học và khoa học hy lạp,,
fleurs-mt/full/m2m100-vi-en-ct2-cpu,vi-en-mt-1896,MT,vi,vi->en,,,m2m100-vi-en-ct2-cpu,1.4323,1101.953125,,,19.185090136985043,,,,hiệp hội thể dục hoa kỳ và usoc có chung một mục tiêu đó là làm cho môn thể dục và những môn thể thao khác trở nên càng an toàn càng tốt để các vận động viên có thể theo đuổi ước mơ của họ trong một môi trường an toàn tích cực và hữu ích,,
fleurs-mt/full/m2m100-vi-en-ct2-cpu,vi-en-mt-1897,MT,vi,vi->en,,,m2m100-vi-en-ct2-cpu,0.9849,1101.953125,,,15.365214826612297,,,,khu vực này tiếp giáp với sahei về phía bắc và giáp đại tây dương về phía nam và phía tây,,
fleurs-mt/full/m2m100-vi-en-ct2-cpu,vi-en-mt-1898,MT,vi,vi->en,,,m2m100-vi-en-ct2-cpu,1.4106,1101.953125,,,21.082788143069553,,,,"""anh ta [wales] từ đầu đã nói dối chúng tôi. đầu tiên bằng việc làm như thể vì những lý do hợp pháp. thứ nữa bằng việc giả bộ như đang lắng nghe chúng tôi anh ta đã có màn xóa dấu vết đầy ngoạn mục.",,
fleurs-mt/full/m2m100-vi-en-ct2-cpu,vi-en-mt-1899,MT,vi,vi->en,,,m2m100-vi-en-ct2-cpu,1.1058,1101.953125,,,16.72775533681936,,,,muhammad quan tâm sâu sắc đến những vấn đề ngoài cuộc sống trần tục này. ông ấy thường đến một hang động được gọi là  hira‘ trên núi  noor ánh sáng để suy ngẫm,,
fleurs-mt/full/m2m100-vi-en-ct2-cpu,vi-en-mt-1900,MT,vi,vi->en,,,m2m100-vi-en-ct2-cpu,0.8636,1101.953125,,,17.006277776503463,,,,thật ra nó hoàn toàn không dễ tìm ngay cả khi người ta biết là nó tồn tại một khi vào hang là bị cô lập hoàn toàn,,
fleurs-mt/full/m2m100-vi-en-ct2-cpu,vi-en-mt-1901,MT,vi,vi->en,,,m2m100-vi-en-ct2-cpu,1.3531,1101.953125,,,5.30918756028263,,,,mặc dù trí tuệ nhân tạo ai có ý nghĩa rất lớn trong ngành khoa học viễn tưởng ai cũng định hình một nhánh vô cùng quan trọng trong khoa học máy tính xử lý các hành vi có khả năng học tập và nhạy và mô phỏng trí thông minh trong máy móc,,
fleurs-mt/full/m2m100-vi-en-ct2-cpu,vi-en-mt-1902,MT,vi,vi->en,,,m2m100-vi-en-ct2-cpu,0.5962,1101.953125,,,4.02724819242185,,,,ban đầu ông ta nhập viện tại bệnh viện james paget ở great yarmouth,,
fleurs-mt/full/m2m100-vi-en-ct2-cpu,vi-en-mt-1903,MT,vi,vi->en,,,m2m100-vi-en-ct2-cpu,0.8472,1101.953125,,,26.728255206224986,,,,khi tất cả các nguồn lực hiện có được sử dụng một cách hiệu quả ở khắp các phòng ban có chức năng của một tổ chức khả năng sáng tạo và sự khôn khéo có thể được phát huy,,
fleurs-mt/full/m2m100-vi-en-ct2-cpu,vi-en-mt-1904,MT,vi,vi->en,,,m2m100-vi-en-ct2-cpu,0.7589,1101.953125,,,17.752897282960408,,,,tuy nhiên do các kênh liên lạc chậm trễ phong cách ở phía tây có thể bị tụt lại từ 25 đến 30 năm,,
fleurs-mt/full/m2m100-vi-en-ct2-cpu,vi-en-mt-1905,MT,vi,vi->en,,,m2m100-vi-en-ct2-cpu,0.7164,1101.953125,,,41.0234958813199,,,,thủ đô của moldova là chişinău. ngôn ngữ địa phương là tiếng romania nhưng tiếng nga cũng được sử dụng rộng rãi,,
fleurs-mt/full/m2m100-vi-en-ct2-cpu,vi-en-mt-1906,MT,vi,vi->en,,,m2m100-vi-en-ct2-cpu,0.7219,1101.953125,,,16.166500252857848,,,,đây sẽ không phải là từ biệt đây chỉ là kết thúc một chương và mở ra một chương mới,,
fleurs-mt/full/m2m100-vi-en-ct2-cpu,vi-en-mt-1907,MT,vi,vi->en,,,m2m100-vi-en-ct2-cpu,0.9372,1101.953125,,,6.285596338261262,,,,sau khi chiến sự nổ ra nước anh đã triển khai phong tỏa ngay hải quân đức,,
fleurs-mt/full/m2m100-vi-en-ct2-cpu,vi-en-mt-1908,MT,vi,vi->en,,,m2m100-vi-en-ct2-cpu,0.5082,1101.953125,,,28.917849332325716,,,,đây là cách rất quan trọng để phân biệt giữa động từ và tân ngữ,,
fleurs-mt/full/m2m100-vi-en-ct2-cpu,vi-en-mt-1909,MT,vi,vi->en,,,m2m100-vi-en-ct2-cpu,0.774,1101.953125,,,8.808424865565325,,,,đội nhóm làm việc từ xa phải đáp ứng tiêu chuẩn chất lượng như đội nhóm truyền thống nhưng vẫn có những khác biệt nhỏ,,
fleurs-mt/full/m2m100-vi-en-ct2-cpu,vi-en-mt-1910,MT,vi,vi->en,,,m2m100-vi-en-ct2-cpu,0.4519,1101.953125,,,4.196114906296549,,,,người pa ri nổi tiếng là ích kỷ thô lỗ và kiêu ngạo,,
fleurs-mt/full/m2m100-vi-en-ct2-cpu,vi-en-mt-1911,MT,vi,vi->en,,,m2m100-vi-en-ct2-cpu,1.1122,1101.953125,,,13.121950369400196,,,,tương tự như vậy bằng việc sở hữu thị thực schengen bạn không cần phải nộp đơn xin thị thực riêng biệt cho mỗi quốc gia thành viên schengen vì vậy tiết kiệm thời gian tiền bạc và thủ tục hồ sơ,,
fleurs-mt/full/m2m100-vi-en-ct2-cpu,vi-en-mt-1912,MT,vi,vi->en,,,m2m100-vi-en-ct2-cpu,0.8739,1101.953125,,,41.316241548587534,,,,hầu hết các quần đảo nhỏ hơn là những quốc gia độc lập hoặc liên kết với pháp và được biết đến là những khu nghỉ mát bãi biển sang trọng,,
fleurs-mt/full/m2m100-vi-en-ct2-cpu,vi-en-mt-1913,MT,vi,vi->en,,,m2m100-vi-en-ct2-cpu,0.8066,1101.953125,,,15.413757980002101,,,,tiếng gầm của cọp không giống tiếng gầm rống của sư tử mà giống như một chuỗi những tiếng gầm gừ trong cổ họng,,
fleurs-mt/full/m2m100-vi-en-ct2-cpu,vi-en-mt-1914,MT,vi,vi->en,,,m2m100-vi-en-ct2-cpu,0.7952,1101.953125,,,25.459845316736796,,,,các nghiên cứu thế kỷ hai mươi đã chứng minh rằng có hai nhóm biến dị di truyền lặn và trội,,
fleurs-mt/full/m2m100-vi-en-ct2-cpu,vi-en-mt-1915,MT,vi,vi->en,,,m2m100-vi-en-ct2-cpu,0.9311,1101.953125,,,26.254732751259855,,,,bạn có thể dùng boda-boda xe ôm để thăm thú goma. giá địa phương thông thường là ~500 franc congo cho chuyến đi ngắn đó,,
fleurs-mt/full/m2m100-vi-en-ct2-cpu,vi-en-mt-1916,MT,vi,vi->en,,,m2m100-vi-en-ct2-cpu,1.0142,1101.953125,,,13.33644800640392,,,,nhiều món bánh nướng của đức còn có hạnh nhân quả phỉ và các loại hạt khác bánh càng ngon hơn khi ăn kèm một tách cà phê đậm đà,,
fleurs-mt/full/m2m100-vi-en-ct2-cpu,vi-en-mt-1917,MT,vi,vi->en,,,m2m100-vi-en-ct2-cpu,0.7843,1101.953125,,,12.846189726767717,,,,một số màn hình truyền hình lớn được lắp đặt tại nhiều nơi ở rome để mọi người có thể xem buổi lễ,,
fleurs-mt/full/m2m100-vi-en-ct2-cpu,vi-en-mt-1918,MT,vi,vi->en,,,m2m100-vi-en-ct2-cpu,0.8741,1101.953125,,,4.937956672057495,,,,sundarbans đã được unesco công nhận là địa điểm di sản thế giới khu vực rừng thuộc lãnh thổ ấn độ có tên là công viên quốc gia sundarbans,,
fleurs-mt/full/m2m100-vi-en-ct2-cpu,vi-en-mt-1919,MT,vi,vi->en,,,m2m100-vi-en-ct2-cpu,1.0357,1101.953125,,,42.2938554232042,,,,thành phố này cũng là căn cứ để leo lên núi lửa nyiragongo cùng với một số thiết bị theo dõi núi gorilla rẻ nhất ở châu phi,,
fleurs-mt/full/m2m100-vi-en-ct2-cpu,vi-en-mt-1920,MT,vi,vi->en,,,m2m100-vi-en-ct2-cpu,0.629,1101.953125,,,9.728299751326436,,,,họ thường cung cấp những thức ăn đồ uống và giải trí đặc biệt để giữ khách hàng thoải mái và giữ họ ở lại,,
fleurs-mt/full/m2m100-vi-en-ct2-cpu,vi-en-mt-1921,MT,vi,vi->en,,,m2m100-vi-en-ct2-cpu,1.065,1101.953125,,,16.628894941361995,,,,mặt khác băng và tuyết là hiện tượng bình thường ở nhiều nước và quanh năm giao thông gần như không bị gián đoạn,,
fleurs-mt/full/m2m100-vi-en-ct2-cpu,vi-en-mt-1922,MT,vi,vi->en,,,m2m100-vi-en-ct2-cpu,1.8032,1101.953125,,,11.124661907380256,,,,tất nhiên truyền thống này được lý giải theo thần học kitô giáo tuy nhiên đây cũng có thể là một nghi lễ mùa xuân tiền kitô giáo và phồn thực,,
fleurs-mt/full/m2m100-vi-en-ct2-cpu,vi-en-mt-1923,MT,vi,vi->en,,,m2m100-vi-en-ct2-cpu,2.3024,1101.953125,,,13.401405866440632,,,,chiến lược này đã chứng minh tính hiệu quả thông qua việc cắt đứt đường tiếp viện quân sự và dân sự mặc dù sự phong tỏa này đã vi phạm luật pháp quốc tế được chấp nhận rộng rãi quy ước bởi nhiều thỏa thuận quốc tế trong hai thế kỷ qua,,
fleurs-mt/full/m2m100-vi-en-ct2-cpu,vi-en-mt-1924,MT,vi,vi->en,,,m2m100-vi-en-ct2-cpu,1.4637,1101.953125,,,27.72817600273212,,,,bốn vận động viên trượt tuyết trong đội nữ đã không hoàn tất được cuộc đua và 45 trong tổng số 117 vận động viên trượt tuyết ở môn giant slalom không giành được vị trí trong bảng xếp hạng,,
fleurs-mt/full/m2m100-vi-en-ct2-cpu,vi-en-mt-1925,MT,vi,vi->en,,,m2m100-vi-en-ct2-cpu,0.9185,1101.953125,,,47.94132529145283,,,,công việc hoàn thành chủ yếu là lý thuyết nhưng chương trình được viết ra để mô phỏng sự quan sát của thiên hà nhân mã,,
fleurs-mt/full/m2m100-vi-en-ct2-cpu,vi-en-mt-1926,MT,vi,vi->en,,,m2m100-vi-en-ct2-cpu,0.7153,1101.953125,,,12.874330508144842,,,,chấp nhận là quan điểm của aristotle về tất cả mọi vấn đề liên quan đến khoa học kể cả tâm lý học,,
fleurs-mt/full/m2m100-vi-en-ct2-cpu,vi-en-mt-1927,MT,vi,vi->en,,,m2m100-vi-en-ct2-cpu,0.6659,1101.953125,,,23.258326482303794,,,,angel 2006 giải thích phương pháp liên tục là một phương pháp dùng để giúp các tổ chức đạt được mức hiệu năng cao hơn,,
fleurs-mt/full/m2m100-vi-en-ct2-cpu,vi-en-mt-1928,MT,vi,vi->en,,,m2m100-vi-en-ct2-cpu,1.1169,1101.953125,,,9.880782578056978,,,,đến năm 1976 ba mươi phần trăm của machu picchu đã được phục hồi và công việc phục hồi vẫn tiếp diễn cho đến ngày nay,,
fleurs-mt/full/m2m100-vi-en-ct2-cpu,vi-en-mt-1929,MT,vi,vi->en,,,m2m100-vi-en-ct2-cpu,1.1407,1101.953125,,,16.299446731288942,,,,del potro có ưu thế sớm trong set thứ hai tuy nhiên thời gian nghỉ giải lao khá ít sau khi đạt tỷ số 6-6,,
fleurs-mt/full/m2m100-vi-en-ct2-cpu,vi-en-mt-1930,MT,vi,vi->en,,,m2m100-vi-en-ct2-cpu,0.9668,1101.953125,,,12.673718536830808,,,,cũng như những nhiếp ảnh gia người phi-líp-pin sáu con tin gồm trẻ em và người già đã được thả sớm,,
fleurs-mt/full/m2m100-vi-en-ct2-cpu,vi-en-mt-1931,MT,vi,vi->en,,,m2m100-vi-en-ct2-cpu,1.1988,1101.953125,,,12.409597120849801,,,,dịch vụ này thường được sử dụng bởi tàu thuyền gồm cả tàu du lịch cũng như các đoàn thám hiểm có nhu cầu trao đổi dữ liệu và giọng nói từ xa,,
fleurs-mt/full/m2m100-vi-en-ct2-cpu,vi-en-mt-1932,MT,vi,vi->en,,,m2m100-vi-en-ct2-cpu,2.7803,1101.953125,,,19.17932152503266,,,,năm phút sau khi bắt đầu cuộc trình diễn một cơn gió bắt đầu xuất hiện khoảng một phút sau gió đạt vận tốc 70km/h... sau đó mưa tới với cường độ mạnh và lớn đến nỗi da có cảm giác như bị kim châm sau đó mưa đá xuất hiện mọi người hoảng loạn và la hét và dẫm đạp lên nhau,,
fleurs-mt/full/m2m100-vi-en-ct2-cpu,vi-en-mt-1933,MT,vi,vi->en,,,m2m100-vi-en-ct2-cpu,1.2117,1101.953125,,,12.514328743841551,,,,cuối cùng có nhiều loài mèo nhỏ gồm cả mèo nuôi trong nhà ăn những con mồi nhỏ có số lượng lớn như côn trùng các loài gặm nhấm thằn lằn và chim,,
fleurs-mt/full/m2m100-vi-en-ct2-cpu,vi-en-mt-1934,MT,vi,vi->en,,,m2m100-vi-en-ct2-cpu,0.846,1101.953125,,,11.525449313283318,,,,thường bạn luôn nghe tiếng của các du khách và người bán hàng rong câu chuyện về âm thanh và ánh sáng giống như một quyển sách truyện,,
fleurs-mt/full/m2m100-vi-en-ct2-cpu,vi-en-mt-1935,MT,vi,vi->en,,,m2m100-vi-en-ct2-cpu,0.9597,1101.953125,,,40.225672221353676,,,,tuy nhiên điều đó không đúng mặc dù có thứ gì đó được viết ở mặt sau của tài liệu nhưng đó không phải là bản đồ kho báu,,
fleurs-mt/full/m2m100-vi-en-ct2-cpu,vi-en-mt-1936,MT,vi,vi->en,,,m2m100-vi-en-ct2-cpu,1.8507,1101.953125,,,15.472838705259266,,,,perry tuyên bố ông sẽ quay lại texas để đánh giá kết quả của cuộc họp kín tối nay hầu xác định liệu có con đường nào ở phía trước dành cho tôi trong cuộc đua này hay không nhưng sau đó lại nói ông sẽ tiếp tục cuộc đua và tranh cử trong kỳ bầu cử sơ bộ ngày 21 tháng giêng của bang south carolina,,
fleurs-mt/full/m2m100-vi-en-ct2-cpu,vi-en-mt-1937,MT,vi,vi->en,,,m2m100-vi-en-ct2-cpu,2.4254,1101.953125,,,13.565030331410084,,,,tuy nhiên những kế hoạch này sụp đổ gần như chỉ sau một đêm khi hơn 800.000 hồng quân liên xô đã tiến vào và tạo nên mặt trận belarus và ukraine sau khi xâm lược các vùng phía đông ba lan vi phạm hiệp ước hòa bình riga công ước không xâm phạm giữa liên xô và ba lan và các hiệp ước quốc tế khác cả song phương lẫn đa phương,,
fleurs-mt/full/m2m100-vi-en-ct2-cpu,vi-en-mt-1938,MT,vi,vi->en,,,m2m100-vi-en-ct2-cpu,0.8179,1101.953125,,,22.866722231574908,,,,bệnh viện này đã làm theo quy trình kiểm soát lây nhiễm bao gồm cách ly bệnh nhân với các bệnh nhân khác để ngăn ngừa lây nhiễm có thể có cho những người khác,,
fleurs-mt/full/m2m100-vi-en-ct2-cpu,vi-en-mt-1939,MT,vi,vi->en,,,m2m100-vi-en-ct2-cpu,0.8733,1101.953125,,,13.596634387289889,,,,ngoài ra sau cuộc cách mạng các nghề nghiệp đã mở cửa cho tất cả nam giới đi xin việc giúp cho những người nhiều tham vọng nhất được thành công,,
fleurs-mt/full/m2m100-vi-en-ct2-cpu,vi-en-mt-1940,MT,vi,vi->en,,,m2m100-vi-en-ct2-cpu,1.124,1101.953125,,,31.823566221963034,,,,sau khi đã cân nhắc mọi thứ chúng ta không nên ngạc nhiên nếu tổ tiên của chúng ta đã giải quyết vấn đề protein theo cách tương tự như những con tinh tinh trên thảo nguyên ngày nay,,
fleurs-mt/full/m2m100-vi-en-ct2-cpu,vi-en-mt-1941,MT,vi,vi->en,,,m2m100-vi-en-ct2-cpu,0.268,1101.953125,,,4.231118166423695,,,,những cặp đôi này đã quyết định lên kế hoạch nhận con nuôi,,
fleurs-mt/full/m2m100-vi-en-ct2-cpu,vi-en-mt-1942,MT,vi,vi->en,,,m2m100-vi-en-ct2-cpu,0.8642,1101.953125,,,13.31715880876082,,,,chúng ta dựng nhà từ thực vật và may quần áo từ thực vật hầu hết thức ăn của chúng ta là từ thực vật không có thực vật động vật không thể sống sót,,
fleurs-mt/full/m2m100-vi-en-ct2-cpu,vi-en-mt-1943,MT,vi,vi->en,,,m2m100-vi-en-ct2-cpu,0.8278,1101.953125,,,35.73352482107137,,,,sự căng thẳng càng giảm bớt thì sinh lực tích cực càng hiện hữu tất cả mọi người đều có tiềm năng tìm được sự yên bình và mãn nguyện tuyệt đối,,
fleurs-mt/full/m2m100-vi-en-ct2-cpu,vi-en-mt-1944,MT,vi,vi->en,,,m2m100-vi-en-ct2-cpu,0.6968,1101.953125,,,9.507244120026236,,,,đây là những bãi biển gia đình đôi khi đông đúc có nhiều cửa hàng dọc theo bờ biển nơi đây có thể bơi lội an toàn,,
fleurs-mt/full/m2m100-vi-en-ct2-cpu,vi-en-mt-1945,MT,vi,vi->en,,,m2m100-vi-en-ct2-cpu,0.5466,1101.953125,,,60.125530725188035,,,,casablanca là một trong những nơi ít thú vị nhất để mua sắm trên khắp ma-rốc,,
fleurs-mt/full/m2m100-vi-en-ct2-cpu,vi-en-mt-1946,MT,vi,vi->en,,,m2m100-vi-en-ct2-cpu,1.3468,1101.953125,,,3.176605498590708,,,,các chính sách huỷ có khác nhau tuy nhiên tính đến cuối tháng 3 hầu hết các chính sách huỷ do vi-rút corona đều không cho phép gia hạn đến tháng 7 năm 2020 - thời điểm diễn ra thế vận hội theo kế hoạch,,
fleurs-mt/full/m2m100-vi-en-ct2-cpu,vi-en-mt-1947,MT,vi,vi->en,,,m2m100-vi-en-ct2-cpu,0.621,1101.953125,,,20.789290034925113,,,,trước khi quân đội có mặt haiti không gặp phải các vấn đề liên quan đến bệnh này từ những năm 1800,,
fleurs-mt/full/m2m100-vi-en-ct2-cpu,vi-en-mt-1948,MT,vi,vi->en,,,m2m100-vi-en-ct2-cpu,1.3076,1101.953125,,,14.703355394982731,,,,tam quốc là một trong những kỷ nguyên đẫm máu nhất trong lịch sử trung hoa cổ đại hàng ngàn người đã chết chỉ để tranh ngồi vào ngai vàng trong đại điện ở thành tây an,,
fleurs-mt/full/m2m100-vi-en-ct2-cpu,vi-en-mt-1949,MT,vi,vi->en,,,m2m100-vi-en-ct2-cpu,0.7458,1101.953125,,,26.4707279686277,,,,các nhà côn trùng học sử dụng thuật ngữ bọ với nghĩa chính thức để đặt cho nhóm côn trùng này,,
fleurs-mt/full/m2m100-vi-en-ct2-cpu,vi-en-mt-1950,MT,vi,vi->en,,,m2m100-vi-en-ct2-cpu,1.1684,1101.953125,,,12.809646843265192,,,,nằm về phía bắc và thuận tiện về giao thông là thị trấn sintra lãng mạn và hấp dẫn nổi tiếng với người nước ngoài sau một bài thơ ca ngợi của lord byron,,
fleurs-mt/full/m2m100-vi-en-ct2-cpu,vi-en-mt-1951,MT,vi,vi->en,,,m2m100-vi-en-ct2-cpu,1.4749,1101.953125,,,13.04360686614678,,,,năm 2002 thành phố goma bị san bằng bởi núi lửa nyiragongo thảm họa núi lửa phun trào này đã chôn vùi phần lớn thành phố này đặc biệt là khu vực trung tâm thành phố,,
fleurs-mt/full/m2m100-vi-en-ct2-cpu,vi-en-mt-1952,MT,vi,vi->en,,,m2m100-vi-en-ct2-cpu,0.8746,1101.953125,,,15.083364266523734,,,,bất kỳ ai muốn lái xe trên khu vực cao hoặc băng đèo đều cần cân khả năng có tuyết rơi băng hoặc nhiệt độ đóng băng,,
fleurs-mt/full/m2m100-vi-en-ct2-cpu,vi-en-mt-1953,MT,vi,vi->en,,,m2m100-vi-en-ct2-cpu,0.4927,1101.953125,,,8.913765521398126,,,,ông ta sau đó được chuyển đến bệnh viện addenbrooke ở cambridge,,
fleurs-mt/full/m2m100-vi-en-ct2-cpu,vi-en-mt-1954,MT,vi,vi->en,,,m2m100-vi-en-ct2-cpu,0.819,1101.953125,,,2.744573147459513,,,,sự kỷ luật trong phòng thủ khả năng xử lý bóng và tính đồng đội tuyệt vời khiến họ khác biệt và rõ ràng đây là đội hình chiến thắng,,
fleurs-mt/full/m2m100-vi-en-ct2-cpu,vi-en-mt-1955,MT,vi,vi->en,,,m2m100-vi-en-ct2-cpu,0.7973,1101.953125,,,19.342747269729383,,,,bệnh đa xơ cứng ảnh hưởng hệ thần kinh trung ương được tạo thành từ bộ não tủy sống và dây thần kinh thị giác,,
fleurs-mt/full/m2m100-vi-en-ct2-cpu,vi-en-mt-1956,MT,vi,vi->en,,,m2m100-vi-en-ct2-cpu,1.364,1101.953125,,,36.26305461419686,,,,sử dụng tàu thuyền để vận chuyển hàng hóa là cách làm hiệu quả nhất ở thời điểm hiện tại để vận chuyển số lượng lớn con người và hàng hóa qua biển,,
fleurs-mt/full/m2m100-vi-en-ct2-cpu,vi-en-mt-1957,MT,vi,vi->en,,,m2m100-vi-en-ct2-cpu,0.5597,1101.953125,,,4.456882760699064,,,,ông gọi những tin đồn này là cuộc tán gẫu về chính trị và sự điên rồ,,
fleurs-mt/full/m2m100-vi-en-ct2-cpu,vi-en-mt-1958,MT,vi,vi->en,,,m2m100-vi-en-ct2-cpu,0.8622,1101.953125,,,8.355668607679481,,,,thành phố này đối lập hoàn toàn với những thành phố khác trong nước vì nơi đây mang đậm phong cách ả-rập hơn là châu phi,,
fleurs-mt/full/m2m100-vi-en-ct2-cpu,vi-en-mt-1959,MT,vi,vi->en,,,m2m100-vi-en-ct2-cpu,0.6972,1101.953125,,,17.00107809840423,,,,tuy vậy hãy làm theo khuyến cáo của chính quyền tuân thủ tất cả các biển báo và chú ý đến các cảnh báo an toàn,,
fleurs-mt/full/m2m100-vi-en-ct2-cpu,vi-en-mt-1960,MT,vi,vi->en,,,m2m100-vi-en-ct2-cpu,1.6241,1101.953125,,,6.648909006792678,,,,theo báo cáo thì cậu ấy đang ở độ tuổi đôi mươi trong một tuyên bố bieber nói rằng dù tôi không có mặt và cũng không liên quan trực tiếp đến vụ tai nạn thương tâm này tôi muốn gửi lời chia buồn và nguyện cầu đến gia đình nạn nhân,,
fleurs-mt/full/m2m100-vi-en-ct2-cpu,vi-en-mt-1961,MT,vi,vi->en,,,m2m100-vi-en-ct2-cpu,2.0674,1101.953125,,,35.86057527593636,,,,một trong những phương pháp phổ biến nhất được sử dụng để minh họa tầm quan trọng của xã hội hóa là dẫn chứng một vài trường hợp đáng tiếc về trẻ em liên quan đến sự bỏ bê bất hạnh hoặc cố ý lạm dụng thiếu tiếp xúc xã hội đến từ người nuôi dưỡng khi trẻ trưởng thành,,
fleurs-mt/full/m2m100-vi-en-ct2-cpu,vi-en-mt-1962,MT,vi,vi->en,,,m2m100-vi-en-ct2-cpu,0.7461,1101.953125,,,31.616742343806756,,,,độ ph được chỉ thị bằng số lượng ion hydro h trong ph trong hóa chất thí nghiệm,,
fleurs-mt/full/m2m100-vi-en-ct2-cpu,vi-en-mt-1963,MT,vi,vi->en,,,m2m100-vi-en-ct2-cpu,1.217,1101.953125,,,30.37643089519313,,,,việc là quần áo ướt có thể giúp chúng khô nhiều khách sạn có một bàn là và cầu bàn là để cho mượn thậm chí ngay cả khi bạn không thấy có cái nào trong phòng,,
fleurs-mt/full/m2m100-vi-en-ct2-cpu,vi-en-mt-1964,MT,vi,vi->en,,,m2m100-vi-en-ct2-cpu,1.1024,1101.953125,,,5.566320060961876,,,,25 tờ dunlap được cho là vẫn còn là những bản chụp lâu đời nhất còn tồn tại của tài liệu này bản chụp viết tay ban đầu đã không còn nữa,,
fleurs-mt/full/m2m100-vi-en-ct2-cpu,vi-en-mt-1965,MT,vi,vi->en,,,m2m100-vi-en-ct2-cpu,0.687,1101.953125,,,17.694975149532556,,,,chúng hầu hết đều là bãi biển cát an toàn cho việc bơi lội và hầu hết có bóng mát từ các cây pohutukawa,,
fleurs-mt/full/m2m100-vi-en-ct2-cpu,vi-en-mt-1966,MT,vi,vi->en,,,m2m100-vi-en-ct2-cpu,0.9285,1101.953125,,,7.347053125977879,,,,lệnh này là phản ứng của martelly với các cuộc biểu tình chống chế độ lan rộng từ tháng 10,,
fleurs-mt/full/m2m100-vi-en-ct2-cpu,vi-en-mt-1967,MT,vi,vi->en,,,m2m100-vi-en-ct2-cpu,1.1605,1101.953125,,,9.018587260023448,,,,layton đã đòi hỏi một số thay đổi trong dự luật môi sinh của phe bảo thủ trong cuộc họp với thủ tướng yêu cầu viết lại kỹ lưỡng và hoàn chỉnh dự luật môi sinh của đảng bảo thủ,,
fleurs-mt/full/m2m100-vi-en-ct2-cpu,vi-en-mt-1968,MT,vi,vi->en,,,m2m100-vi-en-ct2-cpu,1.2538,1101.953125,,,24.40642525133662,,,,một số chuyến du lịch sẽ đề cập đến thành phố berlin đức trong tờ quảng cáo như bạn thấy trên bản đồ berlin không nằm gần biển và chuyến tham quan thành phố sẽ không bao gồm trong giá chuyến đi,,
fleurs-mt/full/m2m100-vi-en-ct2-cpu,vi-en-mt-1969,MT,vi,vi->en,,,m2m100-vi-en-ct2-cpu,1.0768,1101.953125,,,22.455129433835886,,,,theo quy tắc này vị trí hữu hiệu nhất dành cho chủ thể chính là giao điểm của các đường phân chia hình ảnh thành ba phần theo chiều dọc và chiều ngang xem ví dụ,,
fleurs-mt/full/m2m100-vi-en-ct2-cpu,vi-en-mt-1970,MT,vi,vi->en,,,m2m100-vi-en-ct2-cpu,1.0475,1101.953125,,,19.337006497014183,,,,chúng ta không biết chắc chắn nhưng có thể nó có lưỡi chẻ thức ăn của nó bao gồm rùa cá lớn những con mosasaur khác và nó thậm chí có thể là thú ăn thịt,,
fleurs-mt/full/m2m100-vi-en-ct2-cpu,vi-en-mt-1971,MT,vi,vi->en,,,m2m100-vi-en-ct2-cpu,1.1641,1101.953125,,,21.08445456905127,,,,gió mạnh mưa đá lượng mưa nhiều và cháy rừng là các loại và sự ảnh hưởng của thời tiết khắc nghiệt cũng như bão tố lốc xoáy vòi rồng biển và bão lốc xoáy nhiệt đới,,
fleurs-mt/full/m2m100-vi-en-ct2-cpu,vi-en-mt-1972,MT,vi,vi->en,,,m2m100-vi-en-ct2-cpu,0.6824,1101.953125,,,15.071676257541073,,,,nhiều người không nghĩ loài vật này là khủng long vì chúng có lông vũ và biết bay,,
fleurs-mt/full/m2m100-vi-en-ct2-cpu,vi-en-mt-1973,MT,vi,vi->en,,,m2m100-vi-en-ct2-cpu,1.572,1101.953125,,,21.775675059323095,,,,nhưng ở nơi nằm trong vùng  siêu nhiệt đới” chỉ cách đường xích đạo vài độ về phía bắc bạn sẽ cần phải vượt qua cả sự nóng bức luôn luôn lẫn ánh nắng gay gắt khi trời trong cũng rất thường xuyên,,
fleurs-mt/full/m2m100-vi-en-ct2-cpu,vi-en-mt-1974,MT,vi,vi->en,,,m2m100-vi-en-ct2-cpu,0.4598,1101.953125,,,4.396165418527572,,,,tương tự nam giới phải mặc quần dài che phủ đầu gối,,
fleurs-mt/full/m2m100-vi-en-ct2-cpu,vi-en-mt-1975,MT,vi,vi->en,,,m2m100-vi-en-ct2-cpu,1.1017,1101.953125,,,32.508335831521066,,,,dân số của thành phố vatican khoảng 800 người đây là quốc gia độc lập nhỏ nhất trên thế giới và là quốc gia có dân số ít nhất,,
fleurs-mt/full/m2m100-vi-en-ct2-cpu,vi-en-mt-1976,MT,vi,vi->en,,,m2m100-vi-en-ct2-cpu,0.9627,1101.953125,,,17.51489536280261,,,,các cầu thủ đập bóng vị trí giữa sachin tendulkar và rahul dravid đã chơi tốt và là cặp đối tác ở đường chạy một trăm,,
fleurs-mt/full/m2m100-vi-en-ct2-cpu,vi-en-mt-1977,MT,vi,vi->en,,,m2m100-vi-en-ct2-cpu,0.7697,1101.953125,,,14.298943578793024,,,,bầy gồm có một đến ba con đực trưởng thành có họ hàng với nhau cùng với khoảng ba mươi con cái và các con con,,
fleurs-mt/full/m2m100-vi-en-ct2-cpu,vi-en-mt-1978,MT,vi,vi->en,,,m2m100-vi-en-ct2-cpu,0.5499,1101.953125,,,3.673526562988939,,,,đối với springboks trận này đã giúp đội tuyển kết thúc chuỗi thua 5 trận liền,,
fleurs-mt/full/m2m100-vi-en-ct2-cpu,vi-en-mt-1979,MT,vi,vi->en,,,m2m100-vi-en-ct2-cpu,0.9031,1101.953125,,,20.77480808764338,,,,đồng tiền chính thức của falklands là đồng bảng falkland fkp có giá trị được ấn định bằng với đồng bảng anh gbp,,
fleurs-mt/full/m2m100-vi-en-ct2-cpu,vi-en-mt-1980,MT,vi,vi->en,,,m2m100-vi-en-ct2-cpu,1.0216,1101.953125,,,3.0372940354383413,,,,khốn nỗi rất khó để nghiên cứu lưu lượng giao thông vì không thể đoán chắc chắn một trăm phần trăm hành vi của người lái xe,,
fleurs-mt/full/m2m100-vi-en-ct2-cpu,vi-en-mt-1981,MT,vi,vi->en,,,m2m100-vi-en-ct2-cpu,0.7608,1101.953125,,,4.303846266589084,,,,nếu bạn chỉ vào bờ bằng xe đưa tham quan của hãng tàu thì bạn không cần đến thị thực riêng vào năm 2009,,
fleurs-mt/full/m2m100-vi-en-ct2-cpu,vi-en-mt-1982,MT,vi,vi->en,,,m2m100-vi-en-ct2-cpu,0.6849,1101.953125,,,9.55389238170021,,,,phụ nữ du khách nữ nên nói là họ đã kết hôn dù tình trạng hôn nhân thực tế là gì,,
fleurs-mt/full/m2m100-vi-en-ct2-cpu,vi-en-mt-1983,MT,vi,vi->en,,,m2m100-vi-en-ct2-cpu,1.159,1101.953125,,,8.23710088625758,,,,từ văn minh xuất phát từ civilis trong tiếng latinh nghĩa là thuộc nhân dân liên quan đến civis trong tiếng latinh nghĩa là công dân và civitas nghĩa là thành phố hay thành bang và nó cũng phần nào xác định quy mô của xã hội,,
fleurs-mt/full/m2m100-vi-en-ct2-cpu,vi-en-mt-1984,MT,vi,vi->en,,,m2m100-vi-en-ct2-cpu,1.0462,1101.953125,,,6.71647205235486,,,,việc quá nhiều người sở hữu xe hơi cũng dẫn đến sự gia tăng số vụ tai nạn giao thông dẫn tới phát minh kỹ thuật mới trong ngành y tế để phục hồi những tổn thương trên thân thể,,
fleurs-mt/full/m2m100-vi-en-ct2-cpu,vi-en-mt-1985,MT,vi,vi->en,,,m2m100-vi-en-ct2-cpu,1.3202,1101.953125,,,1.9452656464166462,,,,nó liên quan nhưng thường không bao gồm kiểu dạo chơi hay kiểu leo núi sử dụng ván trượt tuyết kiểu alpes kiểu sau được thực hiện ở địa hình dốc và cần ván trượt và giày cứng hơn nhiều,,
fleurs-mt/full/m2m100-vi-en-ct2-cpu,vi-en-mt-1986,MT,vi,vi->en,,,m2m100-vi-en-ct2-cpu,0.9161,1101.953125,,,18.331704949485054,,,,sự hiện diện của  đội vô hình” thực sự larson và lafasto 1989 tr. 109 cũng là thành phần đặc biệt của đội ảo,,
fleurs-mt/full/m2m100-vi-en-ct2-cpu,vi-en-mt-1987,MT,vi,vi->en,,,m2m100-vi-en-ct2-cpu,0.8665,1101.953125,,,3.0542786342810864,,,,vụ rơi trực thăng diễn ra trên địa hình núi cao và được quy cho hỏa lực của quân địch gây ra,,
fleurs-mt/full/m2m100-vi-en-ct2-cpu,vi-en-mt-1988,MT,vi,vi->en,,,m2m100-vi-en-ct2-cpu,0.8111,1101.953125,,,6.108557268562174,,,,trong thập niên 1920 quan điểm phổ biến của hầu hết mọi công dân và quốc gia là theo khuynh hướng của chủ nghĩa hòa bình và cô lập,,
fleurs-mt/full/m2m100-vi-en-ct2-cpu,vi-en-mt-1989,MT,vi,vi->en,,,m2m100-vi-en-ct2-cpu,1.3749,1101.953125,,,27.036972295848734,,,,ông ta cũng tham gia vào việc khắc các loại tiền giấy cho nhiều quốc gia những ví dụ gần đây về công việc của ông ấy bao gồm chân dung thủ tướng trên mặt trước của tờ 5 đô la canada và 100 đô la canada mới,,
fleurs-mt/full/m2m100-vi-en-ct2-cpu,vi-en-mt-1990,MT,vi,vi->en,,,m2m100-vi-en-ct2-cpu,1.439,1101.953125,,,11.342612980533955,,,,blog cũng có thể giúp cải thiện khả năng viết lách của học sinh khi bắt đầu viết blog những học sinh này thường mắc lỗi ngữ pháp và chính tả do cẩu thả sự hiện diện của độc giả nhìn chung làm thay đổi điều đó,,
fleurs-mt/full/m2m100-vi-en-ct2-cpu,vi-en-mt-1991,MT,vi,vi->en,,,m2m100-vi-en-ct2-cpu,0.7353,1101.953125,,,12.062940248564933,,,,trong suốt thời kỳ này của lịch sử châu âu nhà thờ công giáo lúc này đã trở nên giàu có và quyền lực bắt đầu chịu sự soi xét,,
fleurs-mt/full/m2m100-vi-en-ct2-cpu,vi-en-mt-1992,MT,vi,vi->en,,,m2m100-vi-en-ct2-cpu,0.757,1101.953125,,,6.833557619127331,,,,thuật ngữ safari được sử dụng phổ biến để chỉ việc du lịch đường bộ để chiêm ngưỡng cuộc sống hoang dã tại châu phi đặc biệt là savanna,,
fleurs-mt/full/m2m100-vi-en-ct2-cpu,vi-en-mt-1993,MT,vi,vi->en,,,m2m100-vi-en-ct2-cpu,0.8276,1101.953125,,,28.618534782587158,,,,cơn bão được đặt tên thứ mười của mùa bão atlantic bão cận nhiệt đới jerry đã hình thành tại biển atlantic hôm nay,,
fleurs-mt/full/m2m100-vi-en-ct2-cpu,vi-en-mt-1994,MT,vi,vi->en,,,m2m100-vi-en-ct2-cpu,0.4921,1101.953125,,,15.654696390826267,,,,hiển nhiên nếu bạn biết một ngôn ngữ la mã bạn sẽ dễ dàng học tiếng bồ đào nha,,
fleurs-mt/full/m2m100-vi-en-ct2-cpu,vi-en-mt-1995,MT,vi,vi->en,,,m2m100-vi-en-ct2-cpu,1.0746,1101.953125,,,16.479925677914302,,,,phương pháp scaffolds ảo được nội tại hóa trong phần mềm và có mục đích nhằm đặt câu hỏi nhắc nhở và giải thích các quy trình mà có thể thách thức các học sinh giải quyết vấn đề một mình,,
fleurs-mt/full/m2m100-vi-en-ct2-cpu,vi-en-mt-1996,MT,vi,vi->en,,,m2m100-vi-en-ct2-cpu,1.5876,1101.953125,,,4.675717426596493,,,,mitchell gourley của australia về đích ở vị trí thứ mười một ở cuộc đua super-g đứng dành cho nam đối thủ đến từ séc oldrich jelinek về đích ở vị trí thứ mười sáu ở cuộc đua super-g ngồi dành cho nam,,
fleurs-mt/full/m2m100-vi-en-ct2-cpu,vi-en-mt-1997,MT,vi,vi->en,,,m2m100-vi-en-ct2-cpu,1.5544,1101.953125,,,28.127059886920602,,,,tuy nhiên dường như tỷ lệ xdr-tb trong tổng số người mắc bệnh lao vẫn còn ở mức thấp chỉ có 6.000 trong tổng số 330.000 người bị nhiễm bệnh tại một thời điểm cụ thể bất kỳ tại nam phi,,
fleurs-mt/full/m2m100-vi-en-ct2-cpu,vi-en-mt-1998,MT,vi,vi->en,,,m2m100-vi-en-ct2-cpu,0.9783,1101.953125,,,5.562330953690127,,,,chân của chúng có vảy và móng vuốt chúng đẻ trứng và đi lại bằng hai chân sau như những con t-rex,,
fleurs-mt/full/m2m100-vi-en-ct2-cpu,vi-en-mt-1999,MT,vi,vi->en,,,m2m100-vi-en-ct2-cpu,1.1058,1101.953125,,,32.998954725277926,,,,trong suốt thập niên 1960 brzezinski làm việc cho john f kennedy trong vai trò cố vấn và sau đó làm việc cho chính quyền lyndon b johnson,,
fleurs-mt/full/m2m100-vi-en-ct2-cpu,vi-en-mt-2000,MT,vi,vi->en,,,m2m100-vi-en-ct2-cpu,1.0971,1101.953125,,,4.027629650933579,,,,nếu vượt biển bắc baltic vào mùa đông hãy kiểm tra lại buồng ngủ vì khi tàu phá băng sẽ tạo ra những tiếng ồn kinh khủng mà không phải ai cũng chịu đựng được,,
fleurs-mt/full/m2m100-vi-en-ct2-cpu,vi-en-mt-2001,MT,vi,vi->en,,,m2m100-vi-en-ct2-cpu,1.0214,1101.953125,,,15.21030418834027,,,,du khách được khuyến cáo nên đề phòng mọi rủi ro thời tiết khắc nghiệt ảnh hưởng đến khu vực của họ vì thời tiết khắc nghiệt có thể ảnh hưởng đến bất kỳ kế hoạch du lịch nào,,
fleurs-mt/full/m2m100-vi-en-ct2-cpu,vi-en-mt-2002,MT,vi,vi->en,,,m2m100-vi-en-ct2-cpu,0.5871,1101.953125,,,35.84668928097086,,,,việc này cho phép người chơi điều khiển hành động và di chuyển trong trò chơi video bằng việc di chuyển thiết bị trong không trung,,
fleurs-mt/full/m2m100-vi-en-ct2-cpu,vi-en-mt-2003,MT,vi,vi->en,,,m2m100-vi-en-ct2-cpu,1.1632,1101.953125,,,12.740810460323601,,,,để được ngắm nhìn hồng kông từ góc độ đẹp nhất hãy rời hòn đảo và đến thẳng bờ sông kowloon đối diện,,
fleurs-mt/full/m2m100-vi-en-ct2-cpu,vi-en-mt-2004,MT,vi,vi->en,,,m2m100-vi-en-ct2-cpu,0.8738,1101.953125,,,6.031470124282466,,,,cùng tháng đó cũng chứng kiến một máy bay khác chạy quá đường băng tại mashhad và đâm vào một bức tường làm thiệt mạng mười bảy người,,
fleurs-mt/full/m2m100-vi-en-ct2-cpu,vi-en-mt-2005,MT,vi,vi->en,,,m2m100-vi-en-ct2-cpu,0.4522,1101.953125,,,11.202079346313559,,,,tuy nhiên loài chim vẫn có rất nhiều điểm giống với khủng long,,
fleurs-mt/full/m2m100-vi-en-ct2-cpu,vi-en-mt-2006,MT,vi,vi->en,,,m2m100-vi-en-ct2-cpu,0.8523,1101.953125,,,27.180670546147077,,,,các nguyên tố như canxi và kali được coi là kim loại dĩ nhiên cũng có các kim loại như vàng và bạc,,
fleurs-mt/full/m2m100-vi-en-ct2-cpu,vi-en-mt-2007,MT,vi,vi->en,,,m2m100-vi-en-ct2-cpu,0.6312,1101.953125,,,8.663107616949075,,,,quân đoàn công binh hoa kỳ ước tính 6 inch nước mưa có thể làm vỡ những đoạn đê đã bị hư tổn từ trước,,
fleurs-mt/full/m2m100-vi-en-ct2-cpu,vi-en-mt-2009,MT,vi,vi->en,,,m2m100-vi-en-ct2-cpu,1.3762,1101.953125,,,5.161492897397457,,,,các nguồn thực vật có thể tiếp cận nhanh nhất hẳn sẽ là nguồn protein có trong lá và cây họ đậu nhưng chúng khó cho những loài linh trưởng như chúng ta tiêu hóa trừ khi được nấu chín,,
fleurs-mt/full/opus-mt-vi-en-ct2-cpu,vi-en-mt-1660,MT,vi,vi->en,,,opus-mt-vi-en-ct2-cpu,2.7327,390.7578125,,,7.274999134192135,,,,chủ nghĩa lãng mạn có một yếu tố lớn về quyết định văn hóa được rút ra từ những tác giả như goethe fichte và schlegel,,
fleurs-mt/full/opus-mt-vi-en-ct2-cpu,vi-en-mt-1661,MT,vi,vi->en,,,opus-mt-vi-en-ct2-cpu,0.1384,390.7578125,,,3.6529457725362686,,,,ông ấy đã không đưa ra con số cắt giảm mà nói rằng việc đó sẽ được thực hiện dựa vào kết quả của nền kinh tế trung quốc,,
fleurs-mt/full/opus-mt-vi-en-ct2-cpu,vi-en-mt-1662,MT,vi,vi->en,,,opus-mt-vi-en-ct2-cpu,0.3116,390.7578125,,,20.333448190047886,,,,về cơ bản hợp kim là hỗn hợp của hai kim loại trở lên đừng quên rằng có nhiều nguyên tố trên bảng tuần hoàn,,
fleurs-mt/full/opus-mt-vi-en-ct2-cpu,vi-en-mt-1663,MT,vi,vi->en,,,opus-mt-vi-en-ct2-cpu,0.3602,390.7578125,,,1.6207525738139132,,,,thung lũng cochamó địa điểm leo núi hàng đầu của chile được gọi là yosemite nam mỹ với nhiều vách núi dựng đứng và sườn dốc lởm chởm của đá granit,,
fleurs-mt/full/opus-mt-vi-en-ct2-cpu,vi-en-mt-1664,MT,vi,vi->en,,,opus-mt-vi-en-ct2-cpu,0.3745,390.7578125,,,15.444582275488969,,,,vặn hai cục bột khô với nhau rồi bóp chúng thành một viên cầu bằng tay ướt sạch,,
fleurs-mt/full/opus-mt-vi-en-ct2-cpu,vi-en-mt-1665,MT,vi,vi->en,,,opus-mt-vi-en-ct2-cpu,1.4862,390.7578125,,,4.472896541388631,,,,hồ sơ theo vụ rò rỉ sẽ nhắc tới xung đột biên giới điều palestine muốn dựa trên đường biên giới trước cuộc chiến tranh trung đông 1967,,
fleurs-mt/full/opus-mt-vi-en-ct2-cpu,vi-en-mt-1666,MT,vi,vi->en,,,opus-mt-vi-en-ct2-cpu,0.1626,390.7578125,,,55.99981853789105,,,,bạn cũng có thể muốn tham khảo lời khuyên của các chính phủ khác ngoài chính phủ của bạn nhưng lời khuyên của họ là dành cho công dân của họ,,
fleurs-mt/full/opus-mt-vi-en-ct2-cpu,vi-en-mt-1667,MT,vi,vi->en,,,opus-mt-vi-en-ct2-cpu,0.1797,390.7578125,,,11.228180296250379,,,,nói chung có hai lối ứng xử có thể xuất hiện khi nhà quản lý bắt đầu lãnh đạo các đồng nghiệp cũ lối thứ nhất là cố gắng duy trì quan hệ thân thiết,,
fleurs-mt/full/opus-mt-vi-en-ct2-cpu,vi-en-mt-1668,MT,vi,vi->en,,,opus-mt-vi-en-ct2-cpu,0.332,390.7578125,,,10.740051116905459,,,,cũng có lợi cho ai đó mua thẻ wild vì nó có thể cho phép bạn tiến vào hoặc các công viên ở nam phi hoặc tất cả các công viên quốc gia ở nam phi,,
fleurs-mt/full/opus-mt-vi-en-ct2-cpu,vi-en-mt-1669,MT,vi,vi->en,,,opus-mt-vi-en-ct2-cpu,0.2666,390.7578125,,,13.536681105774234,,,,chỉ huy cảnh sát chandra shekhar solanki nói rằng những bị cáo đã xuất hiện tại tòa với khuôn mặt bị che kín,,
fleurs-mt/full/opus-mt-vi-en-ct2-cpu,vi-en-mt-1670,MT,vi,vi->en,,,opus-mt-vi-en-ct2-cpu,3.2613,399.05859375,,,9.263498968990936,,,,"""đặc tính nhiệt của chúng không ổn định như các hang động lớn trên trái đất vốn thường duy trì nhiệt độ khá ổn định nhưng điều này phù hợp với các hố sâu trong lòng đất glen cushing thuộc toán địa chất học cơ quan thăm dò địa chất hoa kỳ usgs và trường northern arizona university ở flagstaff arizona cho biết",,
fleurs-mt/full/opus-mt-vi-en-ct2-cpu,vi-en-mt-1671,MT,vi,vi->en,,,opus-mt-vi-en-ct2-cpu,0.2512,399.05859375,,,12.980467432517193,,,,quốc hội bắt đầu cấp kinh phí cho đề xướng chống khiêu dâm trong năm tài khóa 2005 và quy định rằng fbi phải dành 10 đặc vụ cho nội dung khiêu dâm người lớn,,
fleurs-mt/full/opus-mt-vi-en-ct2-cpu,vi-en-mt-1672,MT,vi,vi->en,,,opus-mt-vi-en-ct2-cpu,3.4979,399.05859375,,,4.19277397202852,,,,cẩn thận đừng để vải quá nóng có thể gây co rút hoặc trong trường hợp nghiêm trọng có thể gây cháy,,
fleurs-mt/full/opus-mt-vi-en-ct2-cpu,vi-en-mt-1673,MT,vi,vi->en,,,opus-mt-vi-en-ct2-cpu,0.5772,399.05859375,,,1.742574720940095,,,,trong cuộc chiến tranh cách mạng lúc đầu mười ba tiểu bang thành lập một chính quyền trung ương lỏng lẻo chỉ có quốc hội là thành phần duy nhất chiếu theo các điều lệ liên bang,,
fleurs-mt/full/opus-mt-vi-en-ct2-cpu,vi-en-mt-1674,MT,vi,vi->en,,,opus-mt-vi-en-ct2-cpu,0.3004,399.05859375,,,4.085569147533673,,,,ở một số nơi chỉ cần đun nước sôi một phút là đủ trong khi ở những nơi khác cần phải đun sôi vài phút,,
fleurs-mt/full/opus-mt-vi-en-ct2-cpu,vi-en-mt-1675,MT,vi,vi->en,,,opus-mt-vi-en-ct2-cpu,0.6953,399.05859375,,,20.905249013301397,,,,mọi danh từ kế bên từ sie dành cho bạn luôn bắt đầu bằng một chữ viết hoa ngay cả khi ở giữa câu,,
fleurs-mt/full/opus-mt-vi-en-ct2-cpu,vi-en-mt-1676,MT,vi,vi->en,,,opus-mt-vi-en-ct2-cpu,0.2656,399.05859375,,,4.344109103419242,,,,cũng như tất cả mọi công viên quốc gia của nam phi hoạt động bảo tồn diễn ra hàng ngày và phải mua vé vào cửa công viên,,
fleurs-mt/full/opus-mt-vi-en-ct2-cpu,vi-en-mt-1677,MT,vi,vi->en,,,opus-mt-vi-en-ct2-cpu,0.3906,399.05859375,,,2.5326605584447868,,,,ngày nay những loại côn trung không thể gập cánh lại chỉ có chuồn chuồn và những con phù du,,
fleurs-mt/full/opus-mt-vi-en-ct2-cpu,vi-en-mt-1678,MT,vi,vi->en,,,opus-mt-vi-en-ct2-cpu,0.2092,399.05859375,,,8.543246957003362,,,,trong bài viết diễn văn của tổng thống của mình oliver sacks chỉ ra làm thế nào những người không thể hiểu bài diễn văn vì bị tổn thương não lại có thể đánh giá chính xác sự trung thực,,
fleurs-mt/full/opus-mt-vi-en-ct2-cpu,vi-en-mt-1679,MT,vi,vi->en,,,opus-mt-vi-en-ct2-cpu,3.1647,399.05859375,,,2.0943178884208566,,,,aerosmith đã huỷ các buổi trình diễn còn lại trong chuyến lưu diễn của họ,,
fleurs-mt/full/opus-mt-vi-en-ct2-cpu,vi-en-mt-1680,MT,vi,vi->en,,,opus-mt-vi-en-ct2-cpu,4.1929,399.2890625,,,10.944096003364855,,,,giống như một vận động viên toàn năng cọp có thể leo trèo dù không giỏi lắm bơi nhảy xa và kéo với lực gấp năm lần sức kéo của một người khỏe mạnh,,
fleurs-mt/full/opus-mt-vi-en-ct2-cpu,vi-en-mt-1681,MT,vi,vi->en,,,opus-mt-vi-en-ct2-cpu,4.1519,399.2890625,,,2.4158907627993513,,,,tuy nhiên không phải chỉ có thử nghiệm và thực nghiệm là một thí nghiệm được sử dụng để loại bỏ một hoặc nhiều giả thuyết có thể có đặt ra các câu hỏi và thực hiện các quan sát cũng chỉ dẫn cho công tác nghiên cứu khoa học,,
fleurs-mt/full/opus-mt-vi-en-ct2-cpu,vi-en-mt-1682,MT,vi,vi->en,,,opus-mt-vi-en-ct2-cpu,4.2271,399.2890625,,,2.545947448655503,,,,mặc dù không ai chắc chắn về tác giả của văn kiện người ta biết rằng vào những ngày đầu văn kiện viết trên tấm da dê lớn dài 29¾ inch và rộng 24½ inch này đã được cuộn lại để bảo quản,,
fleurs-mt/full/opus-mt-vi-en-ct2-cpu,vi-en-mt-1683,MT,vi,vi->en,,,opus-mt-vi-en-ct2-cpu,4.9587,399.2890625,,,3.048100419337716,,,,hiện vẫn còn nhiều người nam và nữ còn sống đã sống sót qua thời gian bị giam cầm ở đây và thêm nhiều người nữa có thân nhân đã bị sát hại hoặc đã bị khổ lao đến chết tại nơi này cả người do thái lẫn những người không phải do thái,,
fleurs-mt/full/opus-mt-vi-en-ct2-cpu,vi-en-mt-1684,MT,vi,vi->en,,,opus-mt-vi-en-ct2-cpu,0.4889,399.2890625,,,32.34462473047189,,,,apia là thủ đô của samoa thành phố này nằm trên hòn đảo upolu và có dân số gần 40.000 người,,
fleurs-mt/full/opus-mt-vi-en-ct2-cpu,vi-en-mt-1685,MT,vi,vi->en,,,opus-mt-vi-en-ct2-cpu,0.6668,399.2890625,,,5.606838891420966,,,,ví dụ định dạng chụp ảnh tĩnh phổ biến nhất trên thế giới là 35mm kích cỡ phim thịnh hành trước khi kết thúc thời đại phim analog,,
fleurs-mt/full/opus-mt-vi-en-ct2-cpu,vi-en-mt-1686,MT,vi,vi->en,,,opus-mt-vi-en-ct2-cpu,4.1696,399.2890625,,,19.867176085883518,,,,vì vậy quá trình tổ chức làm việc cùng nhau để vượt qua một trở ngại nào đó có thể đưa đến quá trình cải tiến mới để phục vụ nhu cầu của khách hàng,,
fleurs-mt/full/opus-mt-vi-en-ct2-cpu,vi-en-mt-1687,MT,vi,vi->en,,,opus-mt-vi-en-ct2-cpu,0.4481,399.2890625,,,4.5672118332822365,,,,sự phân tách và tái kết hợp diễn ra qua lại giữa hai nhóm qua mỗi thế hệ,,
fleurs-mt/full/opus-mt-vi-en-ct2-cpu,vi-en-mt-1688,MT,vi,vi->en,,,opus-mt-vi-en-ct2-cpu,4.1896,399.2890625,,,6.083607845613675,,,,nhiệm vụ truyền thống của lực lượng hải quân là phải đảm bảo việc duy trì khả năng vận chuyển người và hàng hoá của quốc gia đồng thời can thiệp vào công tác di chuyển người và hàng hoá của quân địch,,
fleurs-mt/full/opus-mt-vi-en-ct2-cpu,vi-en-mt-1689,MT,vi,vi->en,,,opus-mt-vi-en-ct2-cpu,0.3244,399.2890625,,,8.10371533925042,,,,châu âu là lục địa tương đối nhỏ nhưng có nhiều quốc gia độc lập thông thường việc đi qua nhiều quốc gia đồng nghĩa với việc phải xin thị thực và xét hộ chiếu nhiều lần,,
fleurs-mt/full/opus-mt-vi-en-ct2-cpu,vi-en-mt-1690,MT,vi,vi->en,,,opus-mt-vi-en-ct2-cpu,1.7475,399.2890625,,,7.1521598647540925,,,,chúng tôi đồng ý với tuyên bố của usoc là quyền lợi của các câu lạc bộ và vận động viên của chúng tôi cũng như môn thể thao của họ có thể được phục vụ tốt hơn bằng cách tiến lên cùng sự thay đổi có ý nghĩa bên trong tổ chức của chúng tôi thay vì rút lại và bác bỏ điều đó,,
fleurs-mt/full/opus-mt-vi-en-ct2-cpu,vi-en-mt-1692,MT,vi,vi->en,,,opus-mt-vi-en-ct2-cpu,0.2616,399.2890625,,,2.707657626755448,,,,cơ quan năng lượng hạt nhân nhật bản thông báo đã phát hiện chất xê-zi và i-ốt phóng xạ tại nhà máy này,,
fleurs-mt/full/opus-mt-vi-en-ct2-cpu,vi-en-mt-1693,MT,vi,vi->en,,,opus-mt-vi-en-ct2-cpu,0.4713,399.2890625,,,7.831957705977147,,,,tuy nhiên sau khi thua gôn của đội trưởng ấn độ chỉ thực hiện được 36 lần chạy và thua 7 gôn trước khi kết thúc hiệp thi đấu,,
fleurs-mt/full/opus-mt-vi-en-ct2-cpu,vi-en-mt-1694,MT,vi,vi->en,,,opus-mt-vi-en-ct2-cpu,0.6084,399.2890625,,,5.004175368982553,,,,trẻ em được đưa vào diện chăm sóc thay thế vì nhiều lý do từ không quan tâm đến lạm dụng hay thậm chí cưỡng đoạt,,
fleurs-mt/full/opus-mt-vi-en-ct2-cpu,vi-en-mt-1695,MT,vi,vi->en,,,opus-mt-vi-en-ct2-cpu,4.1919,399.2890625,,,1.257533478410249,,,,vào mùa hè mọi người thường hay thưởng thức một món đơn giản và phổ biến có tên là pa amb pli gồm bánh mì dùng kèm dầu ô-liu cà chua và bất cứ gia vị nào sẵn có như phô mai cá ngừ vv vào bữa tối,,
fleurs-mt/full/opus-mt-vi-en-ct2-cpu,vi-en-mt-1696,MT,vi,vi->en,,,opus-mt-vi-en-ct2-cpu,1.0006,399.2890625,,,10.520850573092007,,,,hai hợp chất này phản ứng với nhau để tạo thành các tinh thể có thể làm cản trở chức năng thận các nhà nghiên cứu tại trường đại học cho biết,,
fleurs-mt/full/opus-mt-vi-en-ct2-cpu,vi-en-mt-1697,MT,vi,vi->en,,,opus-mt-vi-en-ct2-cpu,0.402,399.2890625,,,2.403773500979825,,,,anh ta không thể dùng thuốc để giảm đau vì các loại thuốc đó đã bị cấm sử dụng trong thế vận hội,,
fleurs-mt/full/opus-mt-vi-en-ct2-cpu,vi-en-mt-1698,MT,vi,vi->en,,,opus-mt-vi-en-ct2-cpu,0.3675,399.2890625,,,45.733444463149816,,,,mọi thứ trong vũ trụ đều được tạo thành bởi vật chất tất cả vật chất được tạo nên bởi các hạt cực nhỏ gọi là nguyên tử,,
fleurs-mt/full/opus-mt-vi-en-ct2-cpu,vi-en-mt-1699,MT,vi,vi->en,,,opus-mt-vi-en-ct2-cpu,0.7299,399.2890625,,,6.089010534705976,,,,bishkek được một người quan sát giải thích là rơi vào tình trạng vô chính phủ khi các băng nhóm tràn ra đường và cướp phá các cửa hàng nhu yếu phẩm,,
fleurs-mt/full/opus-mt-vi-en-ct2-cpu,vi-en-mt-1700,MT,vi,vi->en,,,opus-mt-vi-en-ct2-cpu,3.718,399.2890625,,,1.043288169614206,,,,nó mỏng hơn dưới vùng maria biển và dày hơn ở vùng cao,,
fleurs-mt/full/opus-mt-vi-en-ct2-cpu,vi-en-mt-1701,MT,vi,vi->en,,,opus-mt-vi-en-ct2-cpu,1.1347,399.2890625,,,30.277029197532105,,,,loài dê được thuần hoá lần đầu vào khoảng 10.000 năm trước tại dãy núi zagros thuộc iran,,
fleurs-mt/full/opus-mt-vi-en-ct2-cpu,vi-en-mt-1702,MT,vi,vi->en,,,opus-mt-vi-en-ct2-cpu,0.3517,399.2890625,,,6.730900646889454,,,,chỉ trong vòng hai tuần các lực lượng quân đội hoa kỳ và pháp quốc tự do đã giải phóng miền nam nước pháp rồi chuyển hướng về nước đức,,
fleurs-mt/full/opus-mt-vi-en-ct2-cpu,vi-en-mt-1703,MT,vi,vi->en,,,opus-mt-vi-en-ct2-cpu,0.2414,399.2890625,,,6.929454830889541,,,,martelly đã tuyên thệ trong hội đồng bầu cử lâm thời provisional electoral council cep mới gồm chín thành viên vào ngày hôm qua,,
fleurs-mt/full/opus-mt-vi-en-ct2-cpu,vi-en-mt-1704,MT,vi,vi->en,,,opus-mt-vi-en-ct2-cpu,0.18,399.2890625,,,45.65383851393902,,,,vào năm 1990 nó được bổ sung vào danh sách những di sản thế giới đang bị đe dọa do sự xâm lấn của cát sa mạc,,
fleurs-mt/full/opus-mt-vi-en-ct2-cpu,vi-en-mt-1705,MT,vi,vi->en,,,opus-mt-vi-en-ct2-cpu,0.5921,399.2890625,,,1.4333000127883408,,,,ngày 15 tháng 8 năm 1940 quân đồng minh mở chiến dịch dragoon xâm chiếm miền nam nước pháp,,
fleurs-mt/full/opus-mt-vi-en-ct2-cpu,vi-en-mt-1706,MT,vi,vi->en,,,opus-mt-vi-en-ct2-cpu,3.9623,399.2890625,,,5.0054560281709355,,,,những nhà thờ truyền thống hơn thường tổ chức lễ vọng phục sinh vào đêm thứ bảy trong kỳ cuối tuần của lễ phục sinh và những người tụ họp thường cùng nhau chúc mừng vào lúc nửa đêm để mừng chúa phục sinh,,
fleurs-mt/full/opus-mt-vi-en-ct2-cpu,vi-en-mt-1707,MT,vi,vi->en,,,opus-mt-vi-en-ct2-cpu,0.5254,399.2890625,,,21.631187459215713,,,,đây là một trong những điểm du lịch thu hút chính của nam phi và nó được coi là nơi chủ đạo thuộc cơ quan vườn quốc gia nam phi sanparks,,
fleurs-mt/full/opus-mt-vi-en-ct2-cpu,vi-en-mt-1708,MT,vi,vi->en,,,opus-mt-vi-en-ct2-cpu,4.1502,399.2890625,,,13.342237066731009,,,,huhne đã từ chức và ed davey mp sẽ thay thế vào vị trí của ông trong nội các norman lamb mp được kỳ vọng sẽ đảm nhận công việc bộ trưởng kinh tế của davey đang còn trống,,
fleurs-mt/full/opus-mt-vi-en-ct2-cpu,vi-en-mt-1709,MT,vi,vi->en,,,opus-mt-vi-en-ct2-cpu,0.7572,399.2890625,,,9.261204717392419,,,,bản báo cáo chỉ trích nặng nề hầu như tất cả mọi khía cạnh trong chính sách hiện hành mà cơ quan hành pháp dành cho iraq và kêu gọi sự chuyển hướng ngay lập tức,,
fleurs-mt/full/opus-mt-vi-en-ct2-cpu,vi-en-mt-1710,MT,vi,vi->en,,,opus-mt-vi-en-ct2-cpu,0.2391,399.2890625,,,12.586347848916265,,,,tuần trước meti thông báo apple đã báo cho họ thêm 34 sự cố quá nhiệt mà theo công ty là không nghiêm trọng,,
fleurs-mt/full/opus-mt-vi-en-ct2-cpu,vi-en-mt-1711,MT,vi,vi->en,,,opus-mt-vi-en-ct2-cpu,3.8944,399.2890625,,,3.24683686974722,,,,những lý thuyết này xem xét điều gì thúc đẩy một số người làm được những việc mà họ muốn và có yếu tố nào trong môi trường sống khiến cho họ làm hay không làm một số việc nào đó không,,
fleurs-mt/full/opus-mt-vi-en-ct2-cpu,vi-en-mt-1712,MT,vi,vi->en,,,opus-mt-vi-en-ct2-cpu,0.7961,399.2890625,,,21.651355945460526,,,,từ năm 1966 sundarbans là khu bảo tồn động vật hoang dã và ước tính hiện nay có 400 con cọp hoàng gia bengal và khoảng 30.000 con hươu đốm trong vùng này,,
fleurs-mt/full/opus-mt-vi-en-ct2-cpu,vi-en-mt-1713,MT,vi,vi->en,,,opus-mt-vi-en-ct2-cpu,0.4985,399.2890625,,,5.145174324020219,,,,mặc dù goma vẫn trong giới hạn an toàn cho phép mọi chuyến ghé thăm từ bên ngoài thành phố này vẫn cần được nghiên cứu kỹ lưỡng để tìm hiểu về tình trạng chiến đấu hiện đang tồn tại ở tỉnh bắc kivu này,,
fleurs-mt/full/opus-mt-vi-en-ct2-cpu,vi-en-mt-1714,MT,vi,vi->en,,,opus-mt-vi-en-ct2-cpu,1.1088,399.2890625,,,15.660897133637432,,,,vệ tinh được đưa vào vũ trụ bằng tên lửa các nhà khoa học sử dụng kính thiên văn trong không gian vì bầu khí quyển của trái đất làm biến dạng một số ánh sáng và hình ảnh quan sát của chúng ta,,
fleurs-mt/full/opus-mt-vi-en-ct2-cpu,vi-en-mt-1715,MT,vi,vi->en,,,opus-mt-vi-en-ct2-cpu,4.3277,399.2890625,,,3.26570265577889,,,,thông báo thông thường trong khu metro chỉ được phát bằng tiếng catalunya tuy nhiên với những sự cố bất ngờ thì thông báo sẽ được thực hiên qua hệ thống tự động bằng nhiều thứ tiếng gồm tiếng tây ban nha tiếng anh tiếng pháp tiếng ả rập và tiếng nhật,,
fleurs-mt/full/opus-mt-vi-en-ct2-cpu,vi-en-mt-1716,MT,vi,vi->en,,,opus-mt-vi-en-ct2-cpu,0.588,399.2890625,,,15.190103259411687,,,,trang web tin tức giải trí tmz được biết người phóng viên ảnh đã ngừng xe ở phía bên kia đường sepulveda boulevard và cố gắng chụp ảnh chốt chặn của cảnh sát trước khi băng qua đường và tiếp tục chụp ảnh khiến cho viên cảnh sát tuần tra quốc lộ california đang tiến hành chặn xe phải ra lệnh cho anh trở qua bên kia đường hai lần,,
fleurs-mt/full/opus-mt-vi-en-ct2-cpu,vi-en-mt-1717,MT,vi,vi->en,,,opus-mt-vi-en-ct2-cpu,1.1966,399.2890625,,,5.777501626878578,,,,do cấu trúc địa hình dưới nước dòng chảy ngược tập trung tại một số khu vực sâu hơn và dòng chảy nhanh đến vùng nước sâu có thể hình thành ở đó,,
fleurs-mt/full/opus-mt-vi-en-ct2-cpu,vi-en-mt-1718,MT,vi,vi->en,,,opus-mt-vi-en-ct2-cpu,0.3162,399.2890625,,,5.869760893038728,,,,không hề có một định nghĩa cụ thể nào để xác định một món đồ sản xuất là đồ cổ hay không một số cơ quan thuế quy định hàng hóa trên 100 tuổi là đồ cổ,,
fleurs-mt/full/opus-mt-vi-en-ct2-cpu,vi-en-mt-1719,MT,vi,vi->en,,,opus-mt-vi-en-ct2-cpu,0.4846,399.2890625,,,14.52362660509884,,,,thời tiết khắc nghiệt là thuật ngữ chung chỉ bất kỳ hiện tượng thời tiết nguy hiểm nào có nguy cơ gây ra thiệt hại ảnh hưởng đời sống xã hội nghiêm trọng hoặc gây tử vong,,
fleurs-mt/full/opus-mt-vi-en-ct2-cpu,vi-en-mt-1720,MT,vi,vi->en,,,opus-mt-vi-en-ct2-cpu,0.5361,399.2890625,,,2.7156804039319287,,,,sô-cô-la nóng tùy vào tiêu chuẩn bỉ nước ép trái cây đắt tiền nhưng tuyệt vời,,
fleurs-mt/full/opus-mt-vi-en-ct2-cpu,vi-en-mt-1721,MT,vi,vi->en,,,opus-mt-vi-en-ct2-cpu,0.8273,399.2890625,,,10.6833345646182,,,,sau khi đập được xây vào năm 1963 lũ theo mùa bình thường sẽ đưa phù sa đi hết chiều dài sông đã bị chặn lại,,
fleurs-mt/full/opus-mt-vi-en-ct2-cpu,vi-en-mt-1722,MT,vi,vi->en,,,opus-mt-vi-en-ct2-cpu,0.5799,399.2890625,,,5.520046992889736,,,,cuomo 53 tuổi bắt đầu đảm nhiệm chức vụ thống đốc từ đầu năm nay tháng trước ông đã ký dự luật hợp pháp hóa hôn nhân đồng giới,,
fleurs-mt/full/opus-mt-vi-en-ct2-cpu,vi-en-mt-1723,MT,vi,vi->en,,,opus-mt-vi-en-ct2-cpu,0.8199,399.2890625,,,34.0960560695735,,,,bến cảng này là nơi xảy ra một trận đình chiến hải quân khét tiếng vào năm 1889 khi bảy tàu từ đức hoa kỳ và anh từ chối rời bến cảng,,
fleurs-mt/full/opus-mt-vi-en-ct2-cpu,vi-en-mt-1724,MT,vi,vi->en,,,opus-mt-vi-en-ct2-cpu,4.6751,399.2890625,,,6.374030440940894,,,,nó nổi tiếng là tiêu điểm của sự xa hoa bắt đầu từ khoảng năm 400 tcn và kéo dài đến tận khoảng năm 1100 scn,,
fleurs-mt/full/opus-mt-vi-en-ct2-cpu,vi-en-mt-1725,MT,vi,vi->en,,,opus-mt-vi-en-ct2-cpu,3.7554,399.2890625,,,6.908895196867147,,,,máy tính asus eee được ra mắt trên toàn thế giới trước đó với các yếu tố tiết kiệm chi phí và tính năng trở thành chủ đề nóng trong năm 2007 tại tháng cntt đài bắc,,
fleurs-mt/full/opus-mt-vi-en-ct2-cpu,vi-en-mt-1726,MT,vi,vi->en,,,opus-mt-vi-en-ct2-cpu,4.4936,399.2890625,,,4.639885533987801,,,,chuyến đi thực tế là một phần quan trọng trong lớp học giáo viên khá thường xuyên đưa học sinh tới những nơi mà việc đi xe buýt không phải là lựa chọn,,
fleurs-mt/full/opus-mt-vi-en-ct2-cpu,vi-en-mt-1727,MT,vi,vi->en,,,opus-mt-vi-en-ct2-cpu,3.9948,399.2890625,,,1.1199596805484429,,,,trẻ em lang thang có thể đã bị ngược đãi tàn nhẫn hoặc bị sang chấn tâm lý trước khi bị bỏ rơi hoặc bỏ trốn,,
fleurs-mt/full/opus-mt-vi-en-ct2-cpu,vi-en-mt-1728,MT,vi,vi->en,,,opus-mt-vi-en-ct2-cpu,0.6733,399.2890625,,,1.7557381354086663,,,,nước rau bắp cải đổi màu theo nồng độ axit hoặc bazơ kiềm của hoá chất,,
fleurs-mt/full/opus-mt-vi-en-ct2-cpu,vi-en-mt-1729,MT,vi,vi->en,,,opus-mt-vi-en-ct2-cpu,0.6877,399.2890625,,,13.401149931260441,,,,thí dụ mỗi năm các sinh viên trường bennet ở bắc carolina sẽ thiết kế một website về chuyến đi của họ tới thủ phủ của bang mỗi năm website này đều được mô hình hóa lại tuy nhiên các phiên bản cũ vẫn được duy trì trạng thái trực tuyến để làm lưu niệm,,
fleurs-mt/full/opus-mt-vi-en-ct2-cpu,vi-en-mt-1730,MT,vi,vi->en,,,opus-mt-vi-en-ct2-cpu,4.598,399.2890625,,,11.21139859507586,,,,xe buýt xuất phát từ trạm xe buýt liên huyện dọc con sông chạy cả ngày dù chủ yếu đặc biệt là các xe đến phía đông và jakar/bumthang sẽ xuất phát từ lúc 06:30 đến 07:30,,
fleurs-mt/full/opus-mt-vi-en-ct2-cpu,vi-en-mt-1731,MT,vi,vi->en,,,opus-mt-vi-en-ct2-cpu,0.4981,399.2890625,,,5.02637086270592,,,,trong quần đảo và hồ bạn không nhất thiết phải cần đến thuyền buồm,,
fleurs-mt/full/opus-mt-vi-en-ct2-cpu,vi-en-mt-1732,MT,vi,vi->en,,,opus-mt-vi-en-ct2-cpu,3.9713,399.2890625,,,5.2545255387376235,,,,thời đại mà các sự kiện này diễn ra thường được gọi là trung kỳ thời trung cổ một giai đoạn trong lịch sử châu âu vào thế kỷ thứ 11 12 và 13 năm 1000-1300 sau công nguyên,,
fleurs-mt/full/opus-mt-vi-en-ct2-cpu,vi-en-mt-1733,MT,vi,vi->en,,,opus-mt-vi-en-ct2-cpu,0.7017,399.2890625,,,26.04704196709975,,,,đứng đầu trong 78 khuyến nghị là nên đưa ra sáng kiến ngoại giao mới trước khi kết thúc năm nay để củng cố biên giới iraq chống lại các can thiệp thù địch và tái thiết lập quan hệ ngoại giao với các nước láng giềng,,
fleurs-mt/full/opus-mt-vi-en-ct2-cpu,vi-en-mt-1734,MT,vi,vi->en,,,opus-mt-vi-en-ct2-cpu,0.5143,399.2890625,,,10.646588104713762,,,,các nhà khoa học đã có thể kết luận rằng vật chất tối ảnh hưởng tới vật chất tối khác giống như tính chất của vật chất thông thường,,
fleurs-mt/full/opus-mt-vi-en-ct2-cpu,vi-en-mt-1735,MT,vi,vi->en,,,opus-mt-vi-en-ct2-cpu,4.3266,399.2890625,,,2.296562918844572,,,,theo báo cáo của các nhà nghiên cứu thuộc đại học princeton hoa kỳ và đại học uppsala thụy điển các loài mới tiến hoá chỉ trong hai thế hệ mặc dù quá trình này được cho là mất nhiều thời gian hơn do sự kết hợp giữa loài chim sẻ darwin giống chim geospiza và loài chim di cư geospiza,,
fleurs-mt/full/opus-mt-vi-en-ct2-cpu,vi-en-mt-1736,MT,vi,vi->en,,,opus-mt-vi-en-ct2-cpu,0.5781,399.2890625,,,11.359354890271161,,,,rolando mendoza đã bắn vào các du khách bằng khẩu súng trường m16 của hắn,,
fleurs-mt/full/opus-mt-vi-en-ct2-cpu,vi-en-mt-1737,MT,vi,vi->en,,,opus-mt-vi-en-ct2-cpu,0.2933,399.2890625,,,27.809355999594505,,,,sư tử là loại mèo có tính xã hội nhất chúng sống theo những nhóm lớn gọi là bầy,,
fleurs-mt/full/opus-mt-vi-en-ct2-cpu,vi-en-mt-1738,MT,vi,vi->en,,,opus-mt-vi-en-ct2-cpu,0.3471,399.2890625,,,4.724932626401583,,,,nó cũng tấn công mọi thứ trong nước ngay cả khủng long khổng lồ như t rex cũng không phải là đối thủ với nó,,
fleurs-mt/full/opus-mt-vi-en-ct2-cpu,vi-en-mt-1739,MT,vi,vi->en,,,opus-mt-vi-en-ct2-cpu,0.3506,399.2890625,,,44.903323241491265,,,,nằm trên đỉnh của một trong những ngọn núi ở phía bắc mecca hang động này hoàn toàn tách biệt với phần còn lại của thế giới,,
fleurs-mt/full/opus-mt-vi-en-ct2-cpu,vi-en-mt-1740,MT,vi,vi->en,,,opus-mt-vi-en-ct2-cpu,4.2021,399.2890625,,,29.261488027156567,,,,buổi trình diễn âm thanh và ánh sáng trên kim tự tháp là một trong những điều thú vị nhất đối với trẻ nhỏ trong khu vực,,
fleurs-mt/full/opus-mt-vi-en-ct2-cpu,vi-en-mt-1741,MT,vi,vi->en,,,opus-mt-vi-en-ct2-cpu,0.683,399.2890625,,,3.9645132534206877,,,,những khu vực rộng lớn xa hơn về phía bắc có dân số khá thưa thớt và một số vùng gần như là đất hoang không có người ở,,
fleurs-mt/full/opus-mt-vi-en-ct2-cpu,vi-en-mt-1742,MT,vi,vi->en,,,opus-mt-vi-en-ct2-cpu,0.2435,399.2890625,,,8.58609213073378,,,,đảo hồng kông đặt tên cho lãnh thổ hồng kông và đó là nơi mà nhiều du khách coi là tiêu điểm chính,,
fleurs-mt/full/opus-mt-vi-en-ct2-cpu,vi-en-mt-1743,MT,vi,vi->en,,,opus-mt-vi-en-ct2-cpu,4.0912,399.2890625,,,5.897427461053446,,,,hầu hết các cách giải thích về quyết định luận công nghệ đều có hai ý tưởng chung bản thân sự phát triển công nghệ đi theo một con đường riêng không chịu sự ảnh hưởng của văn hóa và chính trị và công nghệ có ảnh hưởng ngược lại đến các xã hội vốn có chứ không phải xã hội điều kiện,,
fleurs-mt/full/opus-mt-vi-en-ct2-cpu,vi-en-mt-1744,MT,vi,vi->en,,,opus-mt-vi-en-ct2-cpu,0.2145,399.2890625,,,9.165852474742525,,,,số rossby càng nhỏ ngôi sao càng ít hoạt động liên quan tới nghịch đảo từ trường,,
fleurs-mt/full/opus-mt-vi-en-ct2-cpu,vi-en-mt-1745,MT,vi,vi->en,,,opus-mt-vi-en-ct2-cpu,0.2922,399.2890625,,,12.740810460323601,,,,cây cối đẹp nhất là khi ở trong môi trường thiên nhiên vì vậy hãy cố cưỡng lại sự cám dỗ của việc loại bỏ cho dù chỉ một loài nào đó,,
fleurs-mt/full/opus-mt-vi-en-ct2-cpu,vi-en-mt-1746,MT,vi,vi->en,,,opus-mt-vi-en-ct2-cpu,1.3234,399.2890625,,,13.118810019679255,,,,thực vật tạo ra thức ăn của chúng từ mặt trời bằng cách quang hợp chúng cũng mang lại bóng râm,,
fleurs-mt/full/opus-mt-vi-en-ct2-cpu,vi-en-mt-1747,MT,vi,vi->en,,,opus-mt-vi-en-ct2-cpu,0.4036,399.2890625,,,1.7179060012299232,,,,các đô vật khác cũng thể hiện sự tri ân với luna,,
fleurs-mt/full/opus-mt-vi-en-ct2-cpu,vi-en-mt-1748,MT,vi,vi->en,,,opus-mt-vi-en-ct2-cpu,0.1565,399.2890625,,,8.461633959345022,,,,tới 11:35 tối đội cứu hỏa cuối cùng đã dùng nước dập được đám cháy,,
fleurs-mt/full/opus-mt-vi-en-ct2-cpu,vi-en-mt-1749,MT,vi,vi->en,,,opus-mt-vi-en-ct2-cpu,0.4245,399.2890625,,,36.09851352535694,,,,khu vực này được cai trị bởi chính phủ pháp vichy đây là những người pháp đã làm hòa với người đức vào năm 1940 và bắt tay với quân xâm lược thay vì chiến đấu chống lại chúng,,
fleurs-mt/full/opus-mt-vi-en-ct2-cpu,vi-en-mt-1750,MT,vi,vi->en,,,opus-mt-vi-en-ct2-cpu,1.5876,399.2890625,,,1.4818276946804683,,,,phát hiện này cũng mang đến một cái nhìn sâu sắc cho sự tiến hóa đối với lông vũ của các loài chim,,
fleurs-mt/full/opus-mt-vi-en-ct2-cpu,vi-en-mt-1751,MT,vi,vi->en,,,opus-mt-vi-en-ct2-cpu,2.252,399.2890625,,,2.0607374396724594,,,,cuộc tranh luận được khơi mào từ cuộc thảo luận về chi tiêu cho việc giảm nhẹ và tái thiết ngay sao bão katrina việc được một số người bảo thủ về công khố gán cho cái tên hài hước là thỏa thuận new orleans của bush,,
fleurs-mt/full/opus-mt-vi-en-ct2-cpu,vi-en-mt-1752,MT,vi,vi->en,,,opus-mt-vi-en-ct2-cpu,1.2144,399.2890625,,,7.21475093102872,,,,do đó hai loài cá đã tuyệt chủng và hai loài khác đang có nguy cơ tuyệt chủng bao gồm cả loài cá bống lưng gù,,
fleurs-mt/full/opus-mt-vi-en-ct2-cpu,vi-en-mt-1753,MT,vi,vi->en,,,opus-mt-vi-en-ct2-cpu,0.7426,399.2890625,,,11.255098184163641,,,,mặc dù điều này thường chỉ là một khuôn mẫu không chính xác cách tốt nhất để quen với cuộc sống ở paris vẫn là cư xử đúng mực nhất hành động như một người  bien élevé” được giáo dục tốt. điều này sẽ giúp mọi việc trở nên dễ dàng hơn rất nhiều,,
fleurs-mt/full/opus-mt-vi-en-ct2-cpu,vi-en-mt-1754,MT,vi,vi->en,,,opus-mt-vi-en-ct2-cpu,0.6108,399.2890625,,,7.099277656508585,,,,có thể có nhiều lưu vực ảnh hưởng trên sườn kế cận bởi vì tầng vỏ mỏng hơn dung nham dễ trồi lên khỏi bề mặt hơn,,
fleurs-mt/full/opus-mt-vi-en-ct2-cpu,vi-en-mt-1755,MT,vi,vi->en,,,opus-mt-vi-en-ct2-cpu,0.2375,399.2890625,,,7.347053125977879,,,,một quả bom đã phát nổ phía bên ngoài văn phòng toàn quyền,,
fleurs-mt/full/opus-mt-vi-en-ct2-cpu,vi-en-mt-1756,MT,vi,vi->en,,,opus-mt-vi-en-ct2-cpu,0.7668,399.2890625,,,7.0595042280853395,,,,cuối chủ nhật tổng thống hoa kỳ donald trump trong một tuyên bố đã gửi thông qua thư ký báo chí thông báo quân đội mỹ sẽ rút quân khỏi syria,,
fleurs-mt/full/opus-mt-vi-en-ct2-cpu,vi-en-mt-1757,MT,vi,vi->en,,,opus-mt-vi-en-ct2-cpu,0.6854,399.2890625,,,19.331544802242483,,,,chỉ các đột biến ở tế bào dòng vi khuẩn mới có thể di truyền sang con cái trong khi đột biến ở nơi khác có thể gây chết tế bào hay ung thư,,
fleurs-mt/full/opus-mt-vi-en-ct2-cpu,vi-en-mt-1758,MT,vi,vi->en,,,opus-mt-vi-en-ct2-cpu,5.2887,399.2890625,,,5.488169432828681,,,,quần đảo nằm cách bán đảo 120 km phía bắc peninsula đảo lớn nhất là king george với sự hiện diện của làng villa las estrellas,,
fleurs-mt/full/opus-mt-vi-en-ct2-cpu,vi-en-mt-1759,MT,vi,vi->en,,,opus-mt-vi-en-ct2-cpu,4.401,399.2890625,,,3.841160382973313,,,,bác sĩ malar balasubramanian 29 tuổi được phát hiện nằm trên mặt đất ven đường trong trang phục áo thun và đồ lót nồng nặc thuốc ở blue ash một vùng ngoại ô cách cincinnati 15 dặm về phía bắc,,
fleurs-mt/full/opus-mt-vi-en-ct2-cpu,vi-en-mt-1760,MT,vi,vi->en,,,opus-mt-vi-en-ct2-cpu,0.7394,399.2890625,,,2.645953696822498,,,,thương long là loài ăn thịt đỉnh cao trong thời kỳ tồn tại của nó vì thế nó không sợ gì cả ngoại trừ những con thương long khác,,
fleurs-mt/full/opus-mt-vi-en-ct2-cpu,vi-en-mt-1761,MT,vi,vi->en,,,opus-mt-vi-en-ct2-cpu,4.4873,399.2890625,,,8.383924775392588,,,,các nhiếp ảnh gia về sau đã chiếm vị trí của người phụ nữ cao niên khi bà cần nhà vệ sinh mendoza đã bị bắn hạ,,
fleurs-mt/full/opus-mt-vi-en-ct2-cpu,vi-en-mt-1762,MT,vi,vi->en,,,opus-mt-vi-en-ct2-cpu,5.1439,399.2890625,,,14.758164551681759,,,,căn bệnh được truyền trên lợn sau đó di trú sang người thông qua muỗi,,
fleurs-mt/full/opus-mt-vi-en-ct2-cpu,vi-en-mt-1763,MT,vi,vi->en,,,opus-mt-vi-en-ct2-cpu,4.8363,399.2890625,,,1.694480207736586,,,,tương tự như mặt trăng tác động lực hấp dẫn lên trái đất và gây ra thủy triều dải ngân hà cũng tác động lực lên thiên hà nhân mã,,
fleurs-mt/full/opus-mt-vi-en-ct2-cpu,vi-en-mt-1764,MT,vi,vi->en,,,opus-mt-vi-en-ct2-cpu,0.5804,399.2890625,,,7.5791661529175265,,,,số người có mặt quá lớn nên việc mọi người tới được nơi tổ chức lễ tang tại quảng trường thánh peter là không thể,,
fleurs-mt/full/opus-mt-vi-en-ct2-cpu,vi-en-mt-1765,MT,vi,vi->en,,,opus-mt-vi-en-ct2-cpu,0.33,399.2890625,,,3.510853679656039,,,,kể từ khi thành lập asunción vào năm 1537 paraguay đã cố gắng duy trì những đặc điểm và bản sắc bản địa của mình,,
fleurs-mt/full/opus-mt-vi-en-ct2-cpu,vi-en-mt-1766,MT,vi,vi->en,,,opus-mt-vi-en-ct2-cpu,0.3423,399.2890625,,,15.945055011136976,,,,một số nguyên tử có hạt nhân không ổn định đồng nghĩa với việc chúng có khuynh hướng vỡ ra với ít hoặc không ảnh hưởng,,
fleurs-mt/full/opus-mt-vi-en-ct2-cpu,vi-en-mt-1767,MT,vi,vi->en,,,opus-mt-vi-en-ct2-cpu,0.462,399.2890625,,,12.740810460323601,,,,đây là một cơ hội tốt để ngắm nhìn hiện tượng cực quang vì bầu trời sẽ ít nhiều tối hơn trong cả ngày,,
fleurs-mt/full/opus-mt-vi-en-ct2-cpu,vi-en-mt-1768,MT,vi,vi->en,,,opus-mt-vi-en-ct2-cpu,0.2437,399.2890625,,,16.730402692499975,,,,hầu hết các tòa nhà ở ngoài rìa khu quần thể đều được tái tạo nhằm giúp du khách hình dung rõ nét hơn về diện mạo nguyên bản của chúng,,
fleurs-mt/full/opus-mt-vi-en-ct2-cpu,vi-en-mt-1769,MT,vi,vi->en,,,opus-mt-vi-en-ct2-cpu,1.3742,399.2890625,,,6.167787008213692,,,,được xây dựng bởi người ai cập vào thế kỷ thứ ba trước công nguyên đại kim tự tháp là một trong nhiều kiến trúc kim tự tháp lớn được xây dựng để tưởng nhớ pharaoh đã băng hà,,
fleurs-mt/full/opus-mt-vi-en-ct2-cpu,vi-en-mt-1770,MT,vi,vi->en,,,opus-mt-vi-en-ct2-cpu,0.2062,399.2890625,,,6.019608768705656,,,,điều này có vẻ hợp lý vì ta không cảm thấy trái đất đang di chuyển phải không,,
fleurs-mt/full/opus-mt-vi-en-ct2-cpu,vi-en-mt-1771,MT,vi,vi->en,,,opus-mt-vi-en-ct2-cpu,0.3057,399.2890625,,,21.921690700367403,,,,hãy nhớ rằng dù âm nhạc trên sân khấu chính đã tắt thì vẫn có một số khu vực của lễ hội sẽ tiếp tục chơi nhạc cho đến tối muộn,,
fleurs-mt/full/opus-mt-vi-en-ct2-cpu,vi-en-mt-1772,MT,vi,vi->en,,,opus-mt-vi-en-ct2-cpu,0.917,399.2890625,,,3.9239490178721312,,,,vậy là có khả năng chú thích được thêm vào đơn giản chỉ là nhãn đánh dấu,,
fleurs-mt/full/opus-mt-vi-en-ct2-cpu,vi-en-mt-1773,MT,vi,vi->en,,,opus-mt-vi-en-ct2-cpu,0.4472,399.2890625,,,8.673245635389941,,,,can thiệp giấc ngủ là quá trình cố tình đánh thức một người trong thời gian ngủ bình thường của người đó và ngủ lại một lát sau đó 10-60 phút,,
fleurs-mt/full/opus-mt-vi-en-ct2-cpu,vi-en-mt-1774,MT,vi,vi->en,,,opus-mt-vi-en-ct2-cpu,4.4578,399.2890625,,,4.917275134918929,,,,trên những hòn đảo xa xôi thẻ tín dụng có khả năng sẽ không được chấp nhận mặc dù tiền anh hoặc tiền mỹ có thể được hãy kiểm tra với chủ trước để biết phương thức thanh toán nào được chấp nhận,,
fleurs-mt/full/opus-mt-vi-en-ct2-cpu,vi-en-mt-1775,MT,vi,vi->en,,,opus-mt-vi-en-ct2-cpu,0.4175,399.2890625,,,10.523254180002885,,,,việc sử dụng máy quay video đã mang đến những phát hiện quan trọng trong việc diễn giải những biểu cảm thoáng qua chính là những cử động chỉ diễn ra trong vài mili-giây của khuôn mặt,,
fleurs-mt/full/opus-mt-vi-en-ct2-cpu,vi-en-mt-1776,MT,vi,vi->en,,,opus-mt-vi-en-ct2-cpu,4.5927,399.2890625,,,1.7797961322261209,,,,trong khoảng 150 đến 200 bản in đã được tạo ra xuyên đêm ngày nay được biết tới là bản in dunlap,,
fleurs-mt/full/opus-mt-vi-en-ct2-cpu,vi-en-mt-1777,MT,vi,vi->en,,,opus-mt-vi-en-ct2-cpu,3.8828,399.2890625,,,2.1578108029022394,,,,ottawa là thủ đô song ngữ quyến rũ của canada sở hữu hàng loạt phòng trưng bày nghệ thuật và bảo tàng trưng bày các hiện vật lịch sử và hiện đại của canada,,
fleurs-mt/full/opus-mt-vi-en-ct2-cpu,vi-en-mt-1778,MT,vi,vi->en,,,opus-mt-vi-en-ct2-cpu,0.3948,399.2890625,,,11.54643523169184,,,,bản tin truyền hình cho thấy có khói trắng bốc ra từ nhà máy,,
fleurs-mt/full/opus-mt-vi-en-ct2-cpu,vi-en-mt-1779,MT,vi,vi->en,,,opus-mt-vi-en-ct2-cpu,3.8717,399.2890625,,,2.428572213557962,,,,tuyên bố được đưa ra sau khi ông trump có cuộc điện đàm với tổng thống thổ nhĩ kỳ recep tayyip erdoğan,,
fleurs-mt/full/opus-mt-vi-en-ct2-cpu,vi-en-mt-1780,MT,vi,vi->en,,,opus-mt-vi-en-ct2-cpu,0.3452,399.2890625,,,11.146727460890443,,,,theo kundalini yoga năng lượng kundalini năng lượng giác ngộ được đánh thức thông qua những tư thế yoga các bài tập thở những câu thần chú và sự hình dung,,
fleurs-mt/full/opus-mt-vi-en-ct2-cpu,vi-en-mt-1781,MT,vi,vi->en,,,opus-mt-vi-en-ct2-cpu,0.3513,399.2890625,,,6.2915855898775845,,,,madagascar là khu vực rộng lớn nhất và là lục địa dành riêng cho động vật hoang dã,,
fleurs-mt/full/opus-mt-vi-en-ct2-cpu,vi-en-mt-1782,MT,vi,vi->en,,,opus-mt-vi-en-ct2-cpu,3.9281,399.2890625,,,2.453256256939941,,,,bên cạnh đó giữa các triều đại là những giai đoạn bất ổn khi các châu bị chia rẽ giai đoạn nổi tiếng nhất là thời tam quốc kéo dài trong 60 năm giữa nhà hán và nhà tấn,,
fleurs-mt/full/opus-mt-vi-en-ct2-cpu,vi-en-mt-1783,MT,vi,vi->en,,,opus-mt-vi-en-ct2-cpu,0.4563,399.2890625,,,1.9192830192723322,,,,các hiện tượng thời tiết khắc nghiệt theo vùng và theo mùa gồm có bão lốc tuyết bão tuyết bão băng và bão bụi,,
fleurs-mt/full/opus-mt-vi-en-ct2-cpu,vi-en-mt-1784,MT,vi,vi->en,,,opus-mt-vi-en-ct2-cpu,0.4394,399.2890625,,,8.422109323240743,,,,greenland có dân cư thưa thớt thần thoại bắc âu kể rằng erik red bị trục xuất khỏi iceland vì tội giết người và khi đang đi về hướng tây ông đã tìm ra greenland và đặt tên vùng đất là greenland,,
fleurs-mt/full/opus-mt-vi-en-ct2-cpu,vi-en-mt-1785,MT,vi,vi->en,,,opus-mt-vi-en-ct2-cpu,1.4904,399.2890625,,,16.04885230694595,,,,làm mẫu không phải là một phương pháp học tập mà là phương tiện trợ giúp cho những người đang trải qua một trải nghiệm học tập mới thí dụ như sử dụng một chương trình máy tính mới hay bắt đầu một dự án mới,,
fleurs-mt/full/opus-mt-vi-en-ct2-cpu,vi-en-mt-1786,MT,vi,vi->en,,,opus-mt-vi-en-ct2-cpu,0.4776,399.2890625,,,7.346761234551784,,,,thành phần của các tinh thể này khớp với những gì được tìm thấy trong nước tiểu của thú cưng bị mắc bệnh khi so sánh bằng quang phổ hồng ngoại ftir,,
fleurs-mt/full/opus-mt-vi-en-ct2-cpu,vi-en-mt-1787,MT,vi,vi->en,,,opus-mt-vi-en-ct2-cpu,0.7183,399.2890625,,,7.02969566273961,,,,blog là công cụ kích thích sự hợp tác và khuyến khích học sinh mở rộng việc học tập ra ngoài khuôn khổ lớp học truyền thống,,
fleurs-mt/full/opus-mt-vi-en-ct2-cpu,vi-en-mt-1788,MT,vi,vi->en,,,opus-mt-vi-en-ct2-cpu,1.1205,399.2890625,,,14.610534486579725,,,,hội thể dục dụng cụ hoa kỳ ủng hộ lá thư của ủy ban olympic hoa kỳ và chấp nhận yêu cầu tuyệt đối của gia đình olympic để phát triển một môi trường an toàn cho tất cả vận động viên của chúng ta,,
fleurs-mt/full/opus-mt-vi-en-ct2-cpu,vi-en-mt-1789,MT,vi,vi->en,,,opus-mt-vi-en-ct2-cpu,0.9907,399.2890625,,,2.1807265362294386,,,,các đề cử khác bao gồm phim đạo diễn quay phim thiết kế trang phục biên tập phim nhạc phim gốc thiết kế sản xuất biên tập âm thanh hòa âm và kịch bản gốc hay nhất,,
fleurs-mt/full/opus-mt-vi-en-ct2-cpu,vi-en-mt-1790,MT,vi,vi->en,,,opus-mt-vi-en-ct2-cpu,1.3575,399.2890625,,,7.462851273464551,,,,tác phẩm của ông có phẩm chất và chi tiết được tán dương đến mức ông là một trong số rất ít tên tuổi lớn nổi bật trong giới sưu tầm tem một số nhà sưu tập chỉ chuyên sưu tầm tác phẩm của ông,,
fleurs-mt/full/opus-mt-vi-en-ct2-cpu,vi-en-mt-1791,MT,vi,vi->en,,,opus-mt-vi-en-ct2-cpu,0.3951,399.2890625,,,2.276859592073037,,,,đừng phá hoại cảnh quan bằng cách viết vẽ khắc tranh phun sơn lên tường,,
fleurs-mt/full/opus-mt-vi-en-ct2-cpu,vi-en-mt-1792,MT,vi,vi->en,,,opus-mt-vi-en-ct2-cpu,0.2343,399.2890625,,,4.970745472800839,,,,cái này gọi là độ ph của hóa chất bạn có thể tạo ra chất chỉ thị bằng nước ép bắp cải đỏ,,
fleurs-mt/full/opus-mt-vi-en-ct2-cpu,vi-en-mt-1793,MT,vi,vi->en,,,opus-mt-vi-en-ct2-cpu,0.5737,399.2890625,,,8.103715339250424,,,,nếu không quen lái xe trên những đường quê thì bạn nên chuẩn bị tinh thần cho những con dốc đứng làn đường hẹp và những khúc cua gắt,,
fleurs-mt/full/opus-mt-vi-en-ct2-cpu,vi-en-mt-1794,MT,vi,vi->en,,,opus-mt-vi-en-ct2-cpu,4.005,399.2890625,,,16.74473281500849,,,,nền văn minh là một nền văn hóa nổi bật được chia sẻ bởi một nhóm người đông đảo sống và làm việc theo tập thể một xã hội,,
fleurs-mt/full/opus-mt-vi-en-ct2-cpu,vi-en-mt-1795,MT,vi,vi->en,,,opus-mt-vi-en-ct2-cpu,4.531,399.2890625,,,7.180608193243465,,,,kể từ năm 1988 các thùng phiếu phải trong suốt để cử tri và các quan sát viên có thể làm chứng rằng không có phong bì nào có sẵn khi bắt đầu bỏ phiếu và không có phong bì nào được bỏ thêm vào ngoại trừ những phong bì của các cử tri hợp lệ và được cho phép,,
fleurs-mt/full/opus-mt-vi-en-ct2-cpu,vi-en-mt-1796,MT,vi,vi->en,,,opus-mt-vi-en-ct2-cpu,0.1608,399.2890625,,,5.10809933294318,,,,trầm tích này là cần thiết để tạo ra các bãi cát và bãi biển đóng vai trò như môi trường sống của loài hoang dã,,
fleurs-mt/full/opus-mt-vi-en-ct2-cpu,vi-en-mt-1797,MT,vi,vi->en,,,opus-mt-vi-en-ct2-cpu,0.1413,399.2890625,,,19.923405658137924,,,,tất cả mọi người đều tham gia vào xã hội và sử dụng các hệ thống giao thông gần như ai cũng than phiền về các hệ thống giao thông này,,
fleurs-mt/full/opus-mt-vi-en-ct2-cpu,vi-en-mt-1798,MT,vi,vi->en,,,opus-mt-vi-en-ct2-cpu,3.2288,399.2890625,,,4.38256857729659,,,,trong những ngày đầu chương trình chỉ được giới thiệu trên trang web phát thanh dài hạn internet toginet radio một trang web tập trung vào chương trình truyền thanh đối thoại,,
fleurs-mt/full/opus-mt-vi-en-ct2-cpu,vi-en-mt-1799,MT,vi,vi->en,,,opus-mt-vi-en-ct2-cpu,3.9348,399.2890625,,,2.129613188462321,,,,ngoài buổi tổ chức hôm thứ tư carpanedo đã thi đấu trong 2 chặng đua riêng biệt trong giải vô địch,,
fleurs-mt/full/opus-mt-vi-en-ct2-cpu,vi-en-mt-1800,MT,vi,vi->en,,,opus-mt-vi-en-ct2-cpu,0.6578,399.2890625,,,6.414921514603761,,,,dự kiến cây cầu sẽ hoạt động chính thức vào tháng chín năm 2017 khi các trạm hải quan brazil được hoàn tất theo dự kiến,,
fleurs-mt/full/opus-mt-vi-en-ct2-cpu,vi-en-mt-1801,MT,vi,vi->en,,,opus-mt-vi-en-ct2-cpu,1.0461,399.2890625,,,11.866835843589879,,,,cuộc diễu hành của các tòa nhà khiến đường chân trời của hồng kông được liên tưởng với biểu đồ dạng thanh lấp lánh được làm rõ bởi sự hiện hữu của vùng nước trong vịnh victoria,,
fleurs-mt/full/opus-mt-vi-en-ct2-cpu,vi-en-mt-1802,MT,vi,vi->en,,,opus-mt-vi-en-ct2-cpu,3.8692,399.2890625,,,1.933989749128927,,,,mạng internet kết hợp những yếu tố của cả giao tiếp cộng đồng và giao tiếp cá nhân,,
fleurs-mt/full/opus-mt-vi-en-ct2-cpu,vi-en-mt-1803,MT,vi,vi->en,,,opus-mt-vi-en-ct2-cpu,0.7918,399.2890625,,,11.900012437357166,,,,độ ẩm trên tay của bạn sẽ phản ứng với các lớp bên ngoài tạo cảm giác là lạ và nặn thành một loại vỏ,,
fleurs-mt/full/opus-mt-vi-en-ct2-cpu,vi-en-mt-1804,MT,vi,vi->en,,,opus-mt-vi-en-ct2-cpu,3.9635,399.2890625,,,1.4941354345185398,,,,viện tư pháp và dân chủ haiti đã tham khảo các kết quả nghiên cứu độc lập cho thấy tiểu đoàn gìn giữ hòa bình của liên hiệp quốc ở nepal đã vô tình mang mầm bệnh đến haiti,,
fleurs-mt/full/opus-mt-vi-en-ct2-cpu,vi-en-mt-1805,MT,vi,vi->en,,,opus-mt-vi-en-ct2-cpu,3.9301,399.2890625,,,7.022952541634667,,,,xe buýt scotturb số 403 thường xuyên chạy đến sintra dừng ở cabo da roca,,
fleurs-mt/full/opus-mt-vi-en-ct2-cpu,vi-en-mt-1806,MT,vi,vi->en,,,opus-mt-vi-en-ct2-cpu,4.4057,399.2890625,,,10.1355852175546,,,,vì vào thời kỳ cực thịnh của chúng ô nhiễm ánh sáng không phải là vấn đề lớn như hiện nay chúng thường được đặt ở các thành phố hoặc các khu trường sở dễ tiếp cập hơn những các được xây ở thời hiện đại,,
fleurs-mt/full/opus-mt-vi-en-ct2-cpu,vi-en-mt-1807,MT,vi,vi->en,,,opus-mt-vi-en-ct2-cpu,0.2048,399.2890625,,,28.54926947122164,,,,tiếng ý được sử dụng như một ngôn ngữ hàng ngày bởi những người làm việc tại bang trong khi tiếng la tinh được sử dụng trong các nghi lễ tôn giáo,,
fleurs-mt/full/opus-mt-vi-en-ct2-cpu,vi-en-mt-1808,MT,vi,vi->en,,,opus-mt-vi-en-ct2-cpu,0.3992,399.2890625,,,19.704517487795396,,,,trong hai năm kết thúc cuộc chiến các đồng minh trước kia lại là kẻ thù và chiến tranh lạnh bắt đầu,,
fleurs-mt/full/opus-mt-vi-en-ct2-cpu,vi-en-mt-1809,MT,vi,vi->en,,,opus-mt-vi-en-ct2-cpu,2.251,399.2890625,,,14.527967848030208,,,,thanh giằng được biết đến khá sớm để giữ các ray tại vị trí tuy nhiên dần dần người ta nhận ra các đường ray này sẽ làm việc hiệu quả hơn nếu có miếng kim loại nhỏ phần đầu,,
fleurs-mt/full/opus-mt-vi-en-ct2-cpu,vi-en-mt-1810,MT,vi,vi->en,,,opus-mt-vi-en-ct2-cpu,0.4403,399.2890625,,,8.687475782716618,,,,thống đốc bang california arnold schwarzenegger đã ký thành luật cấm bán hoặc cho thuê trò chơi video mang tính chất bạo lực,,
fleurs-mt/full/opus-mt-vi-en-ct2-cpu,vi-en-mt-1811,MT,vi,vi->en,,,opus-mt-vi-en-ct2-cpu,1.3949,399.2890625,,,4.019656738893367,,,,chuẩn 802.11n hoạt động trên cả hai tần số 2.4 ghz và 5.0 ghz,,
fleurs-mt/full/opus-mt-vi-en-ct2-cpu,vi-en-mt-1812,MT,vi,vi->en,,,opus-mt-vi-en-ct2-cpu,0.2721,399.2890625,,,7.077187862619301,,,,trong khi một vắc-xin thử nghiệm có vẻ như có khả năng làm giảm tỷ lệ tử vong do ebola cho tới nay chưa có loại thuốc nào được chứng minh rõ ràng là phù hợp cho việc điều trị căn bệnh lây nhiễm này,,
fleurs-mt/full/opus-mt-vi-en-ct2-cpu,vi-en-mt-1813,MT,vi,vi->en,,,opus-mt-vi-en-ct2-cpu,4.4699,399.2890625,,,1.3214162863095114,,,,ngôn ngữ chính thức của barcelona là tiếng catalan và tiếng tây ban nha khoảng một nửa dân số thích nói tiếng catalan hơn và đại đa số người dân hiểu thứ tiếng này hầu như ai cũng biết tiếng tây ba nha,,
fleurs-mt/full/opus-mt-vi-en-ct2-cpu,vi-en-mt-1814,MT,vi,vi->en,,,opus-mt-vi-en-ct2-cpu,0.5571,399.2890625,,,4.003759215740339,,,,ion hydro là proton đã bị loại bỏ electron vì nguyên tử hydro bao gồm một proton và một electron,,
fleurs-mt/full/opus-mt-vi-en-ct2-cpu,vi-en-mt-1815,MT,vi,vi->en,,,opus-mt-vi-en-ct2-cpu,0.3425,399.2890625,,,8.74595803022212,,,,bom phân hạch hoạt động dựa trên nguyên tắc dùng năng lượng để kết hợp nhân nguyên tử với nhiều proton và neutron,,
fleurs-mt/full/opus-mt-vi-en-ct2-cpu,vi-en-mt-1816,MT,vi,vi->en,,,opus-mt-vi-en-ct2-cpu,0.4885,399.2890625,,,2.601650184384758,,,,duvall đã kết hôn và có hai người con trưởng thành không để lại ấn tượng gì nhiều với miller người có liên quan tới câu chuyện,,
fleurs-mt/full/opus-mt-vi-en-ct2-cpu,vi-en-mt-1817,MT,vi,vi->en,,,opus-mt-vi-en-ct2-cpu,0.2926,399.2890625,,,7.232823449239034,,,,tuy nhiên về khía cạnh này thì khu vực schengen vận hành gần như một quốc gia duy nhất,,
fleurs-mt/full/opus-mt-vi-en-ct2-cpu,vi-en-mt-1818,MT,vi,vi->en,,,opus-mt-vi-en-ct2-cpu,0.3355,399.2890625,,,33.50704079514751,,,,người ta có thể không lường trước được rằng sự kiên nhẫn và thấu hiểu cũng rất cần thiết cho việc hồi hương,,
fleurs-mt/full/opus-mt-vi-en-ct2-cpu,vi-en-mt-1819,MT,vi,vi->en,,,opus-mt-vi-en-ct2-cpu,3.8767,399.2890625,,,4.906181826390554,,,,trung hoa cổ đại có một cách thức độc đáo để trình bày những niên đại khác nhau mỗi một giai đoạn của trung hoa hoặc mỗi một gia tộc từng nắm giữ quyền lực tương ứng với một triều đại khác nhau,,
fleurs-mt/full/opus-mt-vi-en-ct2-cpu,vi-en-mt-1820,MT,vi,vi->en,,,opus-mt-vi-en-ct2-cpu,0.3346,399.2890625,,,23.909453161355017,,,,ngày nay con người viết tin nhắn trên màn hình máy tính không bao giờ phải dúng đến gọt bút chì nữa,,
fleurs-mt/full/opus-mt-vi-en-ct2-cpu,vi-en-mt-1821,MT,vi,vi->en,,,opus-mt-vi-en-ct2-cpu,0.4343,399.2890625,,,14.324501759034879,,,,mối tương quan giữa bệnh lý não và cung cách ứng xử hỗ trợ cho các nhà khoa học trong quá trình nghiên cứu của họ,,
fleurs-mt/full/opus-mt-vi-en-ct2-cpu,vi-en-mt-1822,MT,vi,vi->en,,,opus-mt-vi-en-ct2-cpu,0.3914,399.2890625,,,6.541868941754435,,,,vương quốc ma-rốc đã xây dựng lại thành phố này giống như daru l-badya và nó được đặt tên là casablanca bởi các thương nhân tây ban nha là những người đã lập các cơ sở giao thương ở đó,,
fleurs-mt/full/opus-mt-vi-en-ct2-cpu,vi-en-mt-1823,MT,vi,vi->en,,,opus-mt-vi-en-ct2-cpu,0.3886,399.2890625,,,33.08617374362639,,,,lưu lượng giao thông là việc nghiên cứu di chuyển của các tài xế riêng biệt và những phương tiện giữa hai điểm cũng như cách họ tương tác với nhau,,
fleurs-mt/full/opus-mt-vi-en-ct2-cpu,vi-en-mt-1824,MT,vi,vi->en,,,opus-mt-vi-en-ct2-cpu,0.5293,399.2890625,,,6.878920975160078,,,,cao nguyên giza hay khu lăng mộ giza trong thung lũng lăng mộ của ai cập có nhiều kim tự tháp trong đó đại kim tự tháp là kim tự tháp lớn nhất nhiều ngôi mộ nhỏ nhiều đền đài và tượng đại nhân sư,,
fleurs-mt/full/opus-mt-vi-en-ct2-cpu,vi-en-mt-1825,MT,vi,vi->en,,,opus-mt-vi-en-ct2-cpu,0.4188,399.2890625,,,28.196659117306076,,,,nếu muốn ở gần khu vực diễn ra hoạt động bạn cần phải đến sớm để có được một địa điểm cắm trại gần với dàn âm thanh,,
fleurs-mt/full/opus-mt-vi-en-ct2-cpu,vi-en-mt-1826,MT,vi,vi->en,,,opus-mt-vi-en-ct2-cpu,3.9124,399.2890625,,,2.4789642645460184,,,,sau khi xảy ra tai nạn gibson đã được đưa vào bệnh viện nhưng mất không lâu sau đó,,
fleurs-mt/full/opus-mt-vi-en-ct2-cpu,vi-en-mt-1827,MT,vi,vi->en,,,opus-mt-vi-en-ct2-cpu,0.4085,399.2890625,,,13.336225508365068,,,,lớp vỏ có chiều dày khoảng 70 ki lô mét ở phía bên trái và khoảng 100 ki lô mét ở bề mặt che khuất của mặt trăng,,
fleurs-mt/full/opus-mt-vi-en-ct2-cpu,vi-en-mt-1828,MT,vi,vi->en,,,opus-mt-vi-en-ct2-cpu,0.3474,399.2890625,,,12.576299804399632,,,,tìm kiếm khóa học về môi trường thù địch trên internet có thể sẽ cung cấp cho bạn địa chỉ của một công ty địa phương,,
fleurs-mt/full/opus-mt-vi-en-ct2-cpu,vi-en-mt-1829,MT,vi,vi->en,,,opus-mt-vi-en-ct2-cpu,1.8395,399.2890625,,,10.799933340539383,,,,khách du lịch đến các nước tính thuế cao đôi khi có thể tiết kiệm được số tiền đáng kể đặc biệt là với những sản phẩm như đồ uống có cồn và thuốc lá,,
fleurs-mt/full/opus-mt-vi-en-ct2-cpu,vi-en-mt-1830,MT,vi,vi->en,,,opus-mt-vi-en-ct2-cpu,1.1293,399.2890625,,,3.040994217769391,,,,đảng cầm quyền tổ chức nhân dân tây nam phi swapo cũng giữ được thế đa số trong các cuộc bầu cử nghị viện,,
fleurs-mt/full/opus-mt-vi-en-ct2-cpu,vi-en-mt-1831,MT,vi,vi->en,,,opus-mt-vi-en-ct2-cpu,4.0927,399.2890625,,,1.7914405838882346,,,,công viên quốc gia plitvice lakes có khu rừng rậm rạp chủ yếu là cây sồi cây vân sam và cây linh sam và cùng với sự pha trộn thảm thực vật của vùng alps và địa trung hải,,
fleurs-mt/full/opus-mt-vi-en-ct2-cpu,vi-en-mt-1832,MT,vi,vi->en,,,opus-mt-vi-en-ct2-cpu,2.7739,399.2890625,,,2.307703005567121,,,,các môn thể thao phổ biến gồm có bóng đá bóng rổ bóng chuyền bóng nước đấu kiếm rugby đạp xe khúc côn cầu trên băng khúc côn cầu patin và đua mô tô f1,,
fleurs-mt/full/opus-mt-vi-en-ct2-cpu,vi-en-mt-1833,MT,vi,vi->en,,,opus-mt-vi-en-ct2-cpu,0.5779,399.2890625,,,8.68863080179189,,,,triết gia aristotle đề ra giả thuyết rằng mọi vật đều được tạo ra từ sự kết hợp của một hoặc nhiều hơn bốn yếu tố đó là đất nước gió và lửa,,
fleurs-mt/full/opus-mt-vi-en-ct2-cpu,vi-en-mt-1834,MT,vi,vi->en,,,opus-mt-vi-en-ct2-cpu,0.4068,399.2890625,,,4.695991748399919,,,,cũng ở phía bắc hãy đến thăm đền thánh đức mẹ fatima đền thờ vĩ đại tương truyền là nơi đức mẹ hiện ra nổi tiếng trên toàn thế giới,,
fleurs-mt/full/opus-mt-vi-en-ct2-cpu,vi-en-mt-1835,MT,vi,vi->en,,,opus-mt-vi-en-ct2-cpu,0.3652,399.2890625,,,21.324284352170146,,,,không có cảnh báo sóng thần nào được đưa ra và theo cơ quan địa vật lý jakarta sẽ không có cảnh báo sóng thần vì cơn địa chấn chưa đạt tới tiêu chuẩn 6.5 độ richter,,
fleurs-mt/full/opus-mt-vi-en-ct2-cpu,vi-en-mt-1836,MT,vi,vi->en,,,opus-mt-vi-en-ct2-cpu,1.0375,399.2890625,,,10.77983921151904,,,,loài người đã biết đến các nguyên tố hoá học cơ bản như vàng bạc và đồng từ thời cổ đại bởi tất cả các nguyên tố đó đều có thể được phát hiện trong tự nhiên ở dạng nguyên thể và tương đối dễ khai thác bằng các công cụ nguyên thuỷ,,
fleurs-mt/full/opus-mt-vi-en-ct2-cpu,vi-en-mt-1837,MT,vi,vi->en,,,opus-mt-vi-en-ct2-cpu,3.9882,399.2890625,,,1.449153846113336,,,,các chỉ trích tự do của nỗ lực tái thiết tập trung vào việc trao các hợp đồng tái thiết cho những người có thông tin nội bộ của washington,,
fleurs-mt/full/opus-mt-vi-en-ct2-cpu,vi-en-mt-1838,MT,vi,vi->en,,,opus-mt-vi-en-ct2-cpu,0.6562,399.2890625,,,20.331710659744477,,,,đại kim tự tháp ở giza là một trong bảy kì quan thế giới vẫn còn tồn tại cho đến ngày nay,,
fleurs-mt/full/opus-mt-vi-en-ct2-cpu,vi-en-mt-1839,MT,vi,vi->en,,,opus-mt-vi-en-ct2-cpu,0.4369,399.2890625,,,3.4901807086831904,,,,hãy nghĩ hành trình trượt tuyết tương tự như một hành trình đi bộ đường dài,,
fleurs-mt/full/opus-mt-vi-en-ct2-cpu,vi-en-mt-1840,MT,vi,vi->en,,,opus-mt-vi-en-ct2-cpu,0.354,399.2890625,,,8.779685739088087,,,,tại nhiều thành phố khác ở ý và khu vực khác trên thế giới đặc biệt là tại ba lan những hệ thống tương tự cũng được lắp đặt và được theo dõi qua màn hình bởi rất nhiều người xem,,
fleurs-mt/full/opus-mt-vi-en-ct2-cpu,vi-en-mt-1841,MT,vi,vi->en,,,opus-mt-vi-en-ct2-cpu,1.0009,399.2890625,,,7.3220948859786015,,,,chẳng có gì ngoài bầu trời cao trong vắt tuyệt mĩ bao lấy những rặng núi.một thế giới nhỏ bé được biết và nghe nói đến từ bên trong hang động,,
fleurs-mt/full/opus-mt-vi-en-ct2-cpu,vi-en-mt-1842,MT,vi,vi->en,,,opus-mt-vi-en-ct2-cpu,0.4612,399.2890625,,,10.383829902775693,,,,bởi vì lông vũ của khủng long không có thân lông phát triển tốt được gọi là thân ống lông nhưng lại có các đặc điểm khác của lông vũ tơ và lông tơ nên các nhà nghiên cứu cho rằng thân ống lông có thể là sự phát triển tiến hóa sau này với những đặc điểm khác này,,
fleurs-mt/full/opus-mt-vi-en-ct2-cpu,vi-en-mt-1843,MT,vi,vi->en,,,opus-mt-vi-en-ct2-cpu,0.4946,399.2890625,,,5.422591452069785,,,,giáo sư pamela ferguson của trường đại học dundee ghi nhận rằng có lẽ các nhà báo thực sự đang đi trên một con đường nguy hiểm khi công khai những hình ảnh v.v. của các nghi phạm,,
fleurs-mt/full/opus-mt-vi-en-ct2-cpu,vi-en-mt-1844,MT,vi,vi->en,,,opus-mt-vi-en-ct2-cpu,1.3092,399.2890625,,,17.15356940022251,,,,bề mặt của mặt trăng được tạo nên bởi đá và bụi lớp bên ngoài của mặt trăng được gọi là lớp vỏ,,
fleurs-mt/full/opus-mt-vi-en-ct2-cpu,vi-en-mt-1845,MT,vi,vi->en,,,opus-mt-vi-en-ct2-cpu,0.437,399.2890625,,,15.04843536148922,,,,trên chiếc xe ngựa họ trở về paris bị bao quanh bởi một đám đông đang la hét và đe dọa đức vua và nữ hoàng,,
fleurs-mt/full/opus-mt-vi-en-ct2-cpu,vi-en-mt-1846,MT,vi,vi->en,,,opus-mt-vi-en-ct2-cpu,4.0634,399.2890625,,,4.509095358877022,,,,do đó tỷ lệ khung hình cho định dạng này chia cho mười hai để đạt được tỷ lệ toàn bộ con số đơn giản nhất là 3:2,,
fleurs-mt/full/opus-mt-vi-en-ct2-cpu,vi-en-mt-1847,MT,vi,vi->en,,,opus-mt-vi-en-ct2-cpu,3.941,399.2890625,,,3.37470849451182,,,,ông được phó thủ tướng singapore wong kan seng tiếp đón và thảo luận về các vấn đề thương mại và khủng bố với thủ tướng singapore lý hiển long,,
fleurs-mt/full/opus-mt-vi-en-ct2-cpu,vi-en-mt-1848,MT,vi,vi->en,,,opus-mt-vi-en-ct2-cpu,0.6293,399.2890625,,,16.669883238594206,,,,sáng hôm qua một quả bom cài trong xe hơi đã phát nổ tại trụ sở cảnh sát ở gaziantep thổ nhĩ kỳ làm hai cảnh sát viên thiệt mạng và hơn hai mươi người khác bị thương,,
fleurs-mt/full/opus-mt-vi-en-ct2-cpu,vi-en-mt-1849,MT,vi,vi->en,,,opus-mt-vi-en-ct2-cpu,0.2831,399.2890625,,,26.380647520822073,,,,nếu bạn đã xem bộ phim kho báu quốc gia bạn có thể nghĩ bản đồ kho báu được viết trên mặt sau của bản tuyên ngôn độc lập,,
fleurs-mt/full/opus-mt-vi-en-ct2-cpu,vi-en-mt-1850,MT,vi,vi->en,,,opus-mt-vi-en-ct2-cpu,0.7643,399.2890625,,,6.541868941754435,,,,điều này cho phép nó có khả năng tương thích ngược với 802.11a 802.11b và 802.11g với điều kiện các trạm cơ sở có ra-đi-ô có băng tần kép,,
fleurs-mt/full/opus-mt-vi-en-ct2-cpu,vi-en-mt-1851,MT,vi,vi->en,,,opus-mt-vi-en-ct2-cpu,0.3095,399.2890625,,,4.180647946097227,,,,dòng xoáy là dòng nước chảy ngược lại từ những con sóng xô vào bãi biển thông thường là ở dải đá ngầm hay nơi tương tự,,
fleurs-mt/full/opus-mt-vi-en-ct2-cpu,vi-en-mt-1852,MT,vi,vi->en,,,opus-mt-vi-en-ct2-cpu,1.9064,399.2890625,,,9.686438070306528,,,,việc sử dụng các trang blog một cách thích hợp có thể giúp học sinh nhạy bén hơn về khả năng phân tích và lý luận; qua những phản ứng tích cực với tài liệu trên internet học sinh có thể xác định vai trò của mình trong ngữ cảnh bài viết của người khác cũng như trình bày quan điểm của mình về những vấn đề cụ thể oravec 2002,,
fleurs-mt/full/opus-mt-vi-en-ct2-cpu,vi-en-mt-1853,MT,vi,vi->en,,,opus-mt-vi-en-ct2-cpu,0.195,399.2890625,,,45.65383851393902,,,,giancarlo fisichella mất kiểm soát chiếc xe của mình và kết thúc cuộc đua rất sớm sau khi bắt đầu,,
fleurs-mt/full/opus-mt-vi-en-ct2-cpu,vi-en-mt-1854,MT,vi,vi->en,,,opus-mt-vi-en-ct2-cpu,3.8514,399.2890625,,,4.051372365240763,,,,chiếc xe đã được đưa đi khỏi hiện trường tai nạn vào khoảng 12:00 giờ gmt cùng ngày hôm đó,,
fleurs-mt/full/opus-mt-vi-en-ct2-cpu,vi-en-mt-1856,MT,vi,vi->en,,,opus-mt-vi-en-ct2-cpu,0.4203,399.2890625,,,6.305224310896851,,,,phần lan là một điểm đến tuyệt vời cho người yêu thuyền vùng đất ngàn hồ cũng có hàng ngàn hòn đảo nằm bên trong hồ và các quần đảo ven biển,,
fleurs-mt/full/opus-mt-vi-en-ct2-cpu,vi-en-mt-1857,MT,vi,vi->en,,,opus-mt-vi-en-ct2-cpu,0.6426,399.2890625,,,11.43433820088083,,,,ông nói thêm tuy vậy không nên yêu cầu các em thực hiện những bổn phận không phù hợp với giai đoạn phát triển trách nhiệm và khả năng của mình,,
fleurs-mt/full/opus-mt-vi-en-ct2-cpu,vi-en-mt-1858,MT,vi,vi->en,,,opus-mt-vi-en-ct2-cpu,0.2486,399.2890625,,,10.448426281447128,,,,danielle lantagne một chuyên gia của liên hiệp quốc về căn bệnh này nói rằng việc bệnh dịch bùng phát có thể là do lực lượng gìn giữ hòa bình gây ra,,
fleurs-mt/full/opus-mt-vi-en-ct2-cpu,vi-en-mt-1859,MT,vi,vi->en,,,opus-mt-vi-en-ct2-cpu,3.8195,399.2890625,,,5.606803354520674,,,,đến cuối thời trung cổ tây âu bắt đầu phát triển phong cách của riêng mình kết quả của cuộc thập tự chinh mang đến một trong những phát triển quan trọng nhất vào thời điểm đó là người dân bắt đầu sử dụng nút áo,,
fleurs-mt/full/opus-mt-vi-en-ct2-cpu,vi-en-mt-1860,MT,vi,vi->en,,,opus-mt-vi-en-ct2-cpu,3.9534,399.2890625,,,4.086357182896295,,,,văn phòng của thống đốc cho biết mười chín người trong số những người bị thương là sĩ quan cảnh sát,,
fleurs-mt/full/opus-mt-vi-en-ct2-cpu,vi-en-mt-1861,MT,vi,vi->en,,,opus-mt-vi-en-ct2-cpu,0.201,399.2890625,,,14.962848372546667,,,,kết quả là người biểu diễn hút cần sa cùng lên sân khấu và chính nhà hát khuyến khích khán giả tham gia,,
fleurs-mt/full/opus-mt-vi-en-ct2-cpu,vi-en-mt-1862,MT,vi,vi->en,,,opus-mt-vi-en-ct2-cpu,0.7035,399.2890625,,,10.266394015932796,,,,nextgen là hệ thống mà faa tuyên bố sẽ cho phép máy bay bay quãng đường ngắn hơn và tiết triệu hàng triệu gallon nhiên liệu mỗi năm và cắt giảm lượng khí thải cacbon,,
fleurs-mt/full/opus-mt-vi-en-ct2-cpu,vi-en-mt-1863,MT,vi,vi->en,,,opus-mt-vi-en-ct2-cpu,0.7493,399.2890625,,,6.227684184438121,,,,trung tâm của thiền tây tạng là deity yoga thông qua việc hình dung hình dáng các vị thần khác nhau các trường năng lượng sạch các luân xa được khởi động và ý thức của sự giác ngộ được tạo ra,,
fleurs-mt/full/opus-mt-vi-en-ct2-cpu,vi-en-mt-1864,MT,vi,vi->en,,,opus-mt-vi-en-ct2-cpu,3.9566,399.2890625,,,7.94772846825464,,,,bà kirchner tuyên bố ý định tranh cử tổng thống tại nhà hát argentina đây cũng là địa điểm bà từng sử dụng để bắt đầu chương trình tranh cử vào thượng viện năm 2005 với tư cách là thành viên của phái đoàn tỉnh buenos aires,,
fleurs-mt/full/opus-mt-vi-en-ct2-cpu,vi-en-mt-1865,MT,vi,vi->en,,,opus-mt-vi-en-ct2-cpu,0.7373,399.2890625,,,2.307703005567121,,,,thời gian di chuyển của tàu saint petersburg bao gồm cả thời gian trong thành phố. hành khách trên tàu được miễn thị thực kiểm tra các điều khoản,,
fleurs-mt/full/opus-mt-vi-en-ct2-cpu,vi-en-mt-1866,MT,vi,vi->en,,,opus-mt-vi-en-ct2-cpu,0.4372,399.2890625,,,3.357041136813362,,,,đầu tiên hầu hết người cưỡi ngựa mang ủng có gót cao và đế trơn khá hẹp,,
fleurs-mt/full/opus-mt-vi-en-ct2-cpu,vi-en-mt-1867,MT,vi,vi->en,,,opus-mt-vi-en-ct2-cpu,3.8936,399.2890625,,,7.772174600740504,,,,cây cối tạo ra khí oxy mà con người hít thở và chúng tiếp nhận khí cacbonic con người thải ra đó là việc thở ra,,
fleurs-mt/full/opus-mt-vi-en-ct2-cpu,vi-en-mt-1868,MT,vi,vi->en,,,opus-mt-vi-en-ct2-cpu,0.4603,399.2890625,,,3.814335153675412,,,,có người sẽ biến thành một người hoàn toàn khác và cảm thấy họ phải thay đổi mọi thứ mà cả nhóm đang làm và tự mình thực hiện,,
fleurs-mt/full/opus-mt-vi-en-ct2-cpu,vi-en-mt-1869,MT,vi,vi->en,,,opus-mt-vi-en-ct2-cpu,0.2725,399.2890625,,,3.279885767139556,,,,chiếc hàm dài của nó gắn hơn 70 chiếc răng sắc như dao cạo cùng bộ răng phụ ở vòm miệng đồng nghĩa với việc không có thứ gì có thể thoát được trên đường đi của nó,,
fleurs-mt/full/opus-mt-vi-en-ct2-cpu,vi-en-mt-1870,MT,vi,vi->en,,,opus-mt-vi-en-ct2-cpu,0.6142,399.2890625,,,11.433361115787452,,,,các cảnh được chiếu trên kim tự tháp và các kim tự tháp khác nhau được thắp sáng,,
fleurs-mt/full/opus-mt-vi-en-ct2-cpu,vi-en-mt-1871,MT,vi,vi->en,,,opus-mt-vi-en-ct2-cpu,4.4413,399.2890625,,,3.2805820270907233,,,,với khí hậu ấm của vùng trung đông nhà ở không quá quan trọng,,
fleurs-mt/full/opus-mt-vi-en-ct2-cpu,vi-en-mt-1872,MT,vi,vi->en,,,opus-mt-vi-en-ct2-cpu,4.1879,399.2890625,,,5.161625871464752,,,,trong giai đoạn xung đột dành độc lập do phong trào mau tổ chức một cuộc tụ họp hòa bình trong thành phố đã dẫn đến việc lãnh tụ tupua tamasese lealofi iii bị giết chết,,
fleurs-mt/full/opus-mt-vi-en-ct2-cpu,vi-en-mt-1873,MT,vi,vi->en,,,opus-mt-vi-en-ct2-cpu,0.2269,399.2890625,,,10.389889377420037,,,,hãy tỏ thái độ dứt khoát khi từ chối và đừng ngại giữ vững lập trường dù khác biệt văn hóa hay không điều đó cũng không biến sai thành đúng!,,
fleurs-mt/full/opus-mt-vi-en-ct2-cpu,vi-en-mt-1874,MT,vi,vi->en,,,opus-mt-vi-en-ct2-cpu,0.3216,399.2890625,,,29.792603363507173,,,,một số người nghĩ rằng ông ấy đã đúng nhưng nhiều người tin điều ngược lại; rằng hệ mặt trời xoay quanh trái đất bao gồm cả mặt trời và cả những ngôi sao khác,,
fleurs-mt/full/opus-mt-vi-en-ct2-cpu,vi-en-mt-1875,MT,vi,vi->en,,,opus-mt-vi-en-ct2-cpu,0.5744,399.2890625,,,10.770240491635168,,,,20% lượng nước đổ từ các con sông trên hành tinh này ra đại dương đều bắt nguồn từ amazon,,
fleurs-mt/full/opus-mt-vi-en-ct2-cpu,vi-en-mt-1876,MT,vi,vi->en,,,opus-mt-vi-en-ct2-cpu,0.2783,399.2890625,,,6.917184228205474,,,,phòng quản lý tình trạng khẩn cấp miền bắc marianas cho biết không có báo cáo nào về tổn thất ở quốc gia này,,
fleurs-mt/full/opus-mt-vi-en-ct2-cpu,vi-en-mt-1877,MT,vi,vi->en,,,opus-mt-vi-en-ct2-cpu,2.9118,399.2890625,,,6.63737045279735,,,,thượng nghị sĩ và đệ nhất phu nhân argentina cristina fernandez de kirchner đương nhiệm đã tuyên bố ứng cử tổng thống vào tối hôm qua tại la plata một thành phố cách buenos aires 50 kilomet 31 dặm,,
fleurs-mt/full/opus-mt-vi-en-ct2-cpu,vi-en-mt-1878,MT,vi,vi->en,,,opus-mt-vi-en-ct2-cpu,0.3867,399.2890625,,,29.60462802866364,,,,cơ quan trung ương của giáo hội đã tọa lạc ở rome hơn một ngàn năm qua và sự tập trung quyền lực và tiền bạc này khiến nhiều người thắc mắc là liệu giáo lý nói trên có được tuân theo hay không,,
fleurs-mt/full/opus-mt-vi-en-ct2-cpu,vi-en-mt-1879,MT,vi,vi->en,,,opus-mt-vi-en-ct2-cpu,0.272,399.2890625,,,14.654012818983986,,,,người ta chỉ có thể tự hỏi rồi đây bàn phím sẽ có số phận như thế nào khi một thứ gì đó mới hơn xuất hiện,,
fleurs-mt/full/opus-mt-vi-en-ct2-cpu,vi-en-mt-1880,MT,vi,vi->en,,,opus-mt-vi-en-ct2-cpu,0.1905,399.2890625,,,2.707657626755448,,,,vì vậy ngay từ những ngày mới ra đời bút chì đã trở thành người bạn tốt của nhiều người,,
fleurs-mt/full/opus-mt-vi-en-ct2-cpu,vi-en-mt-1881,MT,vi,vi->en,,,opus-mt-vi-en-ct2-cpu,5.1491,399.2890625,,,17.397635963352275,,,,chia sẻ chuyến đi dã ngoại qua hình thức trực tuyến cũng là một cách tuyệt vời để chiêm nghiệm lại chuyến đi và chia sẻ kinh nghiệm với những khóa học sinh sau,,
fleurs-mt/full/opus-mt-vi-en-ct2-cpu,vi-en-mt-1882,MT,vi,vi->en,,,opus-mt-vi-en-ct2-cpu,0.3861,399.2890625,,,19.211741763103568,,,,các nhà khoa học hy vọng sẽ hiểu được cách thức hình thành của các hành tinh đặc biệt là trái đất được hình thành như thế nào bởi các sao chổi đã va chạm vào trái đất từ xa xưa,,
fleurs-mt/full/opus-mt-vi-en-ct2-cpu,vi-en-mt-1883,MT,vi,vi->en,,,opus-mt-vi-en-ct2-cpu,0.5227,399.2890625,,,12.577829595095135,,,,chiều cao tĩnh không dưới cầu là 15 mét việc xây dựng được hoàn thành vào tháng 8 năm 2011 nhưng đến tháng 3 năm 2017 cầu mới được khai thông,,
fleurs-mt/full/opus-mt-vi-en-ct2-cpu,vi-en-mt-1884,MT,vi,vi->en,,,opus-mt-vi-en-ct2-cpu,0.4869,399.2890625,,,3.2754369739070506,,,,cụ thể người ta cho rằng một người có thể phát hiện ai đó đang nói dối bằng việc giải nghĩa chính xác từng biểu hiện rất nhỏ,,
fleurs-mt/full/opus-mt-vi-en-ct2-cpu,vi-en-mt-1885,MT,vi,vi->en,,,opus-mt-vi-en-ct2-cpu,4.0299,399.2890625,,,10.966393420290325,,,,đám cháy do các tù nhân gây ra trong sân trong khoảng 10:00 - 11:00 đêm theo giờ mdt,,
fleurs-mt/full/opus-mt-vi-en-ct2-cpu,vi-en-mt-1886,MT,vi,vi->en,,,opus-mt-vi-en-ct2-cpu,3.8885,399.2890625,,,3.4487891886160993,,,,văn hóa và bộ lạc cổ xưa đã bắt đầu giữ những con vật này để dễ lấy sữa tóc thịt và da,,
fleurs-mt/full/opus-mt-vi-en-ct2-cpu,vi-en-mt-1887,MT,vi,vi->en,,,opus-mt-vi-en-ct2-cpu,0.6939,399.2890625,,,4.479994152641974,,,,trong thời gian làm việc tại bệnh viện liggins bắt đầu điều tra về tình trạng sinh non trong thời gian rảnh,,
fleurs-mt/full/opus-mt-vi-en-ct2-cpu,vi-en-mt-1888,MT,vi,vi->en,,,opus-mt-vi-en-ct2-cpu,0.4473,399.2890625,,,1.2129160218336537,,,,sốc tái hòa nhập xảy ra sớm hơn so với sốc văn hóa ít giai đoạn trăng mật hơn lâu hơn và có thể còn nghiêm trọng hơn,,
fleurs-mt/full/opus-mt-vi-en-ct2-cpu,vi-en-mt-1889,MT,vi,vi->en,,,opus-mt-vi-en-ct2-cpu,0.2558,399.2890625,,,3.211547431691929,,,,nó mang đến cho chúng ta xe lửa xe hơi và nhiều phương tiện di chuyển khác,,
fleurs-mt/full/opus-mt-vi-en-ct2-cpu,vi-en-mt-1890,MT,vi,vi->en,,,opus-mt-vi-en-ct2-cpu,4.0664,399.2890625,,,3.770678435743331,,,,hầu hết kính viễn vọng hiện đại dùng cho nghiên cứu đều là những thiết bị khổng lồ được đặt ở những khu vực hẻo lánh có điều kiện khí hậu thuận lợi,,
fleurs-mt/full/opus-mt-vi-en-ct2-cpu,vi-en-mt-1891,MT,vi,vi->en,,,opus-mt-vi-en-ct2-cpu,3.8764,399.2890625,,,1.690350769811075,,,,lakkha singh cũng trình bày chhappan bhog bhajan ca kĩ raju khandelwal hát cùng ông,,
fleurs-mt/full/opus-mt-vi-en-ct2-cpu,vi-en-mt-1892,MT,vi,vi->en,,,opus-mt-vi-en-ct2-cpu,4.0087,399.2890625,,,23.84937154764201,,,,đây là nơi thực dân anh đã chiếm đoạt làm của riêng và vì thế nếu bạn đang tìm kiếm bằng chứng về quá khứ thuộc địa của lãnh thổ thì đây là một nơi rất tốt để bắt đầu,,
fleurs-mt/full/opus-mt-vi-en-ct2-cpu,vi-en-mt-1893,MT,vi,vi->en,,,opus-mt-vi-en-ct2-cpu,3.9691,399.2890625,,,12.61730270703402,,,,sundarbans là vành đai rừng ngập mặn ven biển lớn nhất trên thế giới trải dài 80 km 50 dặm vào nội địa băng-la-đét và ấn độ từ bờ biển,,
fleurs-mt/full/opus-mt-vi-en-ct2-cpu,vi-en-mt-1894,MT,vi,vi->en,,,opus-mt-vi-en-ct2-cpu,4.0325,399.2890625,,,4.303176487781218,,,,cà ri là món ăn làm từ thảo mộc và gia vị cùng với thịt hoặc rau củ,,
fleurs-mt/full/opus-mt-vi-en-ct2-cpu,vi-en-mt-1895,MT,vi,vi->en,,,opus-mt-vi-en-ct2-cpu,0.6873,399.2890625,,,4.7138124442899105,,,,khi sự hiểu biết về hy lạp suy tàn phương tây nhận thấy mình bị cắt đứt khỏi nguồn gốc triết học và khoa học hy lạp,,
fleurs-mt/full/opus-mt-vi-en-ct2-cpu,vi-en-mt-1896,MT,vi,vi->en,,,opus-mt-vi-en-ct2-cpu,4.4017,399.2890625,,,7.927313524763806,,,,hiệp hội thể dục hoa kỳ và usoc có chung một mục tiêu đó là làm cho môn thể dục và những môn thể thao khác trở nên càng an toàn càng tốt để các vận động viên có thể theo đuổi ước mơ của họ trong một môi trường an toàn tích cực và hữu ích,,
fleurs-mt/full/opus-mt-vi-en-ct2-cpu,vi-en-mt-1897,MT,vi,vi->en,,,opus-mt-vi-en-ct2-cpu,1.4212,399.2890625,,,4.853704745656385,,,,khu vực này tiếp giáp với sahei về phía bắc và giáp đại tây dương về phía nam và phía tây,,
fleurs-mt/full/opus-mt-vi-en-ct2-cpu,vi-en-mt-1898,MT,vi,vi->en,,,opus-mt-vi-en-ct2-cpu,0.3581,399.2890625,,,34.045151632989345,,,,"""anh ta [wales] từ đầu đã nói dối chúng tôi. đầu tiên bằng việc làm như thể vì những lý do hợp pháp. thứ nữa bằng việc giả bộ như đang lắng nghe chúng tôi anh ta đã có màn xóa dấu vết đầy ngoạn mục.",,
fleurs-mt/full/opus-mt-vi-en-ct2-cpu,vi-en-mt-1899,MT,vi,vi->en,,,opus-mt-vi-en-ct2-cpu,0.7011,399.2890625,,,20.022178999449746,,,,muhammad quan tâm sâu sắc đến những vấn đề ngoài cuộc sống trần tục này. ông ấy thường đến một hang động được gọi là  hira‘ trên núi  noor ánh sáng để suy ngẫm,,
fleurs-mt/full/opus-mt-vi-en-ct2-cpu,vi-en-mt-1900,MT,vi,vi->en,,,opus-mt-vi-en-ct2-cpu,0.3005,399.2890625,,,9.02906562455351,,,,thật ra nó hoàn toàn không dễ tìm ngay cả khi người ta biết là nó tồn tại một khi vào hang là bị cô lập hoàn toàn,,
fleurs-mt/full/opus-mt-vi-en-ct2-cpu,vi-en-mt-1901,MT,vi,vi->en,,,opus-mt-vi-en-ct2-cpu,0.4325,399.2890625,,,8.291662384561535,,,,mặc dù trí tuệ nhân tạo ai có ý nghĩa rất lớn trong ngành khoa học viễn tưởng ai cũng định hình một nhánh vô cùng quan trọng trong khoa học máy tính xử lý các hành vi có khả năng học tập và nhạy và mô phỏng trí thông minh trong máy móc,,
fleurs-mt/full/opus-mt-vi-en-ct2-cpu,vi-en-mt-1902,MT,vi,vi->en,,,opus-mt-vi-en-ct2-cpu,0.7727,399.2890625,,,4.1047842180392315,,,,ban đầu ông ta nhập viện tại bệnh viện james paget ở great yarmouth,,
fleurs-mt/full/opus-mt-vi-en-ct2-cpu,vi-en-mt-1903,MT,vi,vi->en,,,opus-mt-vi-en-ct2-cpu,3.9542,399.2890625,,,8.540752041657054,,,,khi tất cả các nguồn lực hiện có được sử dụng một cách hiệu quả ở khắp các phòng ban có chức năng của một tổ chức khả năng sáng tạo và sự khôn khéo có thể được phát huy,,
fleurs-mt/full/opus-mt-vi-en-ct2-cpu,vi-en-mt-1904,MT,vi,vi->en,,,opus-mt-vi-en-ct2-cpu,3.8412,399.2890625,,,3.624975621231042,,,,tuy nhiên do các kênh liên lạc chậm trễ phong cách ở phía tây có thể bị tụt lại từ 25 đến 30 năm,,
fleurs-mt/full/opus-mt-vi-en-ct2-cpu,vi-en-mt-1905,MT,vi,vi->en,,,opus-mt-vi-en-ct2-cpu,0.3701,399.2890625,,,10.086853619665545,,,,thủ đô của moldova là chişinău. ngôn ngữ địa phương là tiếng romania nhưng tiếng nga cũng được sử dụng rộng rãi,,
fleurs-mt/full/opus-mt-vi-en-ct2-cpu,vi-en-mt-1906,MT,vi,vi->en,,,opus-mt-vi-en-ct2-cpu,0.3393,399.2890625,,,16.559113761114784,,,,đây sẽ không phải là từ biệt đây chỉ là kết thúc một chương và mở ra một chương mới,,
fleurs-mt/full/opus-mt-vi-en-ct2-cpu,vi-en-mt-1907,MT,vi,vi->en,,,opus-mt-vi-en-ct2-cpu,0.1961,399.2890625,,,8.59076483566362,,,,sau khi chiến sự nổ ra nước anh đã triển khai phong tỏa ngay hải quân đức,,
fleurs-mt/full/opus-mt-vi-en-ct2-cpu,vi-en-mt-1908,MT,vi,vi->en,,,opus-mt-vi-en-ct2-cpu,0.2366,399.2890625,,,18.92240568795935,,,,đây là cách rất quan trọng để phân biệt giữa động từ và tân ngữ,,
fleurs-mt/full/opus-mt-vi-en-ct2-cpu,vi-en-mt-1909,MT,vi,vi->en,,,opus-mt-vi-en-ct2-cpu,0.2569,399.2890625,,,4.5672118332822365,,,,đội nhóm làm việc từ xa phải đáp ứng tiêu chuẩn chất lượng như đội nhóm truyền thống nhưng vẫn có những khác biệt nhỏ,,
fleurs-mt/full/opus-mt-vi-en-ct2-cpu,vi-en-mt-1910,MT,vi,vi->en,,,opus-mt-vi-en-ct2-cpu,0.663,399.2890625,,,2.27457437979845,,,,người pa ri nổi tiếng là ích kỷ thô lỗ và kiêu ngạo,,
fleurs-mt/full/opus-mt-vi-en-ct2-cpu,vi-en-mt-1911,MT,vi,vi->en,,,opus-mt-vi-en-ct2-cpu,3.9887,399.2890625,,,3.3757541750677653,,,,tương tự như vậy bằng việc sở hữu thị thực schengen bạn không cần phải nộp đơn xin thị thực riêng biệt cho mỗi quốc gia thành viên schengen vì vậy tiết kiệm thời gian tiền bạc và thủ tục hồ sơ,,
fleurs-mt/full/opus-mt-vi-en-ct2-cpu,vi-en-mt-1912,MT,vi,vi->en,,,opus-mt-vi-en-ct2-cpu,0.6007,399.2890625,,,16.857365212831063,,,,hầu hết các quần đảo nhỏ hơn là những quốc gia độc lập hoặc liên kết với pháp và được biết đến là những khu nghỉ mát bãi biển sang trọng,,
fleurs-mt/full/opus-mt-vi-en-ct2-cpu,vi-en-mt-1913,MT,vi,vi->en,,,opus-mt-vi-en-ct2-cpu,0.706,399.2890625,,,13.716549481565734,,,,tiếng gầm của cọp không giống tiếng gầm rống của sư tử mà giống như một chuỗi những tiếng gầm gừ trong cổ họng,,
fleurs-mt/full/opus-mt-vi-en-ct2-cpu,vi-en-mt-1914,MT,vi,vi->en,,,opus-mt-vi-en-ct2-cpu,1.681,399.2890625,,,6.084398257751886,,,,các nghiên cứu thế kỷ hai mươi đã chứng minh rằng có hai nhóm biến dị di truyền lặn và trội,,
fleurs-mt/full/opus-mt-vi-en-ct2-cpu,vi-en-mt-1915,MT,vi,vi->en,,,opus-mt-vi-en-ct2-cpu,0.4211,399.2890625,,,8.688218206838483,,,,bạn có thể dùng boda-boda xe ôm để thăm thú goma. giá địa phương thông thường là ~500 franc congo cho chuyến đi ngắn đó,,
fleurs-mt/full/opus-mt-vi-en-ct2-cpu,vi-en-mt-1916,MT,vi,vi->en,,,opus-mt-vi-en-ct2-cpu,1.7091,399.2890625,,,5.901430676196751,,,,nhiều món bánh nướng của đức còn có hạnh nhân quả phỉ và các loại hạt khác bánh càng ngon hơn khi ăn kèm một tách cà phê đậm đà,,
fleurs-mt/full/opus-mt-vi-en-ct2-cpu,vi-en-mt-1917,MT,vi,vi->en,,,opus-mt-vi-en-ct2-cpu,0.2309,399.2890625,,,11.96942203138118,,,,một số màn hình truyền hình lớn được lắp đặt tại nhiều nơi ở rome để mọi người có thể xem buổi lễ,,
fleurs-mt/full/opus-mt-vi-en-ct2-cpu,vi-en-mt-1918,MT,vi,vi->en,,,opus-mt-vi-en-ct2-cpu,1.1787,399.2890625,,,3.951744928978941,,,,sundarbans đã được unesco công nhận là địa điểm di sản thế giới khu vực rừng thuộc lãnh thổ ấn độ có tên là công viên quốc gia sundarbans,,
fleurs-mt/full/opus-mt-vi-en-ct2-cpu,vi-en-mt-1919,MT,vi,vi->en,,,opus-mt-vi-en-ct2-cpu,2.1651,399.2890625,,,14.75422115398798,,,,thành phố này cũng là căn cứ để leo lên núi lửa nyiragongo cùng với một số thiết bị theo dõi núi gorilla rẻ nhất ở châu phi,,
fleurs-mt/full/opus-mt-vi-en-ct2-cpu,vi-en-mt-1920,MT,vi,vi->en,,,opus-mt-vi-en-ct2-cpu,0.2915,399.2890625,,,10.951798972572618,,,,họ thường cung cấp những thức ăn đồ uống và giải trí đặc biệt để giữ khách hàng thoải mái và giữ họ ở lại,,
fleurs-mt/full/opus-mt-vi-en-ct2-cpu,vi-en-mt-1921,MT,vi,vi->en,,,opus-mt-vi-en-ct2-cpu,0.9835,399.2890625,,,8.375502143604033,,,,mặt khác băng và tuyết là hiện tượng bình thường ở nhiều nước và quanh năm giao thông gần như không bị gián đoạn,,
fleurs-mt/full/opus-mt-vi-en-ct2-cpu,vi-en-mt-1922,MT,vi,vi->en,,,opus-mt-vi-en-ct2-cpu,1.6606,399.2890625,,,3.703211431967432,,,,tất nhiên truyền thống này được lý giải theo thần học kitô giáo tuy nhiên đây cũng có thể là một nghi lễ mùa xuân tiền kitô giáo và phồn thực,,
fleurs-mt/full/opus-mt-vi-en-ct2-cpu,vi-en-mt-1923,MT,vi,vi->en,,,opus-mt-vi-en-ct2-cpu,0.7821,399.2890625,,,7.142565875275517,,,,chiến lược này đã chứng minh tính hiệu quả thông qua việc cắt đứt đường tiếp viện quân sự và dân sự mặc dù sự phong tỏa này đã vi phạm luật pháp quốc tế được chấp nhận rộng rãi quy ước bởi nhiều thỏa thuận quốc tế trong hai thế kỷ qua,,
fleurs-mt/full/opus-mt-vi-en-ct2-cpu,vi-en-mt-1924,MT,vi,vi->en,,,opus-mt-vi-en-ct2-cpu,4.5699,399.2890625,,,4.611419832879263,,,,bốn vận động viên trượt tuyết trong đội nữ đã không hoàn tất được cuộc đua và 45 trong tổng số 117 vận động viên trượt tuyết ở môn giant slalom không giành được vị trí trong bảng xếp hạng,,
fleurs-mt/full/opus-mt-vi-en-ct2-cpu,vi-en-mt-1925,MT,vi,vi->en,,,opus-mt-vi-en-ct2-cpu,4.6385,399.2890625,,,18.043239916836058,,,,công việc hoàn thành chủ yếu là lý thuyết nhưng chương trình được viết ra để mô phỏng sự quan sát của thiên hà nhân mã,,
fleurs-mt/full/opus-mt-vi-en-ct2-cpu,vi-en-mt-1926,MT,vi,vi->en,,,opus-mt-vi-en-ct2-cpu,0.5632,399.2890625,,,8.889175589171739,,,,chấp nhận là quan điểm của aristotle về tất cả mọi vấn đề liên quan đến khoa học kể cả tâm lý học,,
fleurs-mt/full/opus-mt-vi-en-ct2-cpu,vi-en-mt-1927,MT,vi,vi->en,,,opus-mt-vi-en-ct2-cpu,4.9242,399.2890625,,,1.9065636152974514,,,,angel 2006 giải thích phương pháp liên tục là một phương pháp dùng để giúp các tổ chức đạt được mức hiệu năng cao hơn,,
fleurs-mt/full/opus-mt-vi-en-ct2-cpu,vi-en-mt-1928,MT,vi,vi->en,,,opus-mt-vi-en-ct2-cpu,0.416,399.2890625,,,8.852818280995221,,,,đến năm 1976 ba mươi phần trăm của machu picchu đã được phục hồi và công việc phục hồi vẫn tiếp diễn cho đến ngày nay,,
fleurs-mt/full/opus-mt-vi-en-ct2-cpu,vi-en-mt-1929,MT,vi,vi->en,,,opus-mt-vi-en-ct2-cpu,4.5883,399.2890625,,,1.9144184101006685,,,,del potro có ưu thế sớm trong set thứ hai tuy nhiên thời gian nghỉ giải lao khá ít sau khi đạt tỷ số 6-6,,
fleurs-mt/full/opus-mt-vi-en-ct2-cpu,vi-en-mt-1930,MT,vi,vi->en,,,opus-mt-vi-en-ct2-cpu,0.522,399.2890625,,,5.739995047374933,,,,cũng như những nhiếp ảnh gia người phi-líp-pin sáu con tin gồm trẻ em và người già đã được thả sớm,,
fleurs-mt/full/opus-mt-vi-en-ct2-cpu,vi-en-mt-1931,MT,vi,vi->en,,,opus-mt-vi-en-ct2-cpu,3.7868,399.2890625,,,13.78894112588712,,,,dịch vụ này thường được sử dụng bởi tàu thuyền gồm cả tàu du lịch cũng như các đoàn thám hiểm có nhu cầu trao đổi dữ liệu và giọng nói từ xa,,
fleurs-mt/full/opus-mt-vi-en-ct2-cpu,vi-en-mt-1932,MT,vi,vi->en,,,opus-mt-vi-en-ct2-cpu,3.9703,399.2890625,,,6.04954886528008,,,,năm phút sau khi bắt đầu cuộc trình diễn một cơn gió bắt đầu xuất hiện khoảng một phút sau gió đạt vận tốc 70km/h... sau đó mưa tới với cường độ mạnh và lớn đến nỗi da có cảm giác như bị kim châm sau đó mưa đá xuất hiện mọi người hoảng loạn và la hét và dẫm đạp lên nhau,,
fleurs-mt/full/opus-mt-vi-en-ct2-cpu,vi-en-mt-1933,MT,vi,vi->en,,,opus-mt-vi-en-ct2-cpu,3.793,399.2890625,,,10.176289493427026,,,,cuối cùng có nhiều loài mèo nhỏ gồm cả mèo nuôi trong nhà ăn những con mồi nhỏ có số lượng lớn như côn trùng các loài gặm nhấm thằn lằn và chim,,
fleurs-mt/full/opus-mt-vi-en-ct2-cpu,vi-en-mt-1934,MT,vi,vi->en,,,opus-mt-vi-en-ct2-cpu,0.4082,399.2890625,,,22.542577626536843,,,,thường bạn luôn nghe tiếng của các du khách và người bán hàng rong câu chuyện về âm thanh và ánh sáng giống như một quyển sách truyện,,
fleurs-mt/full/opus-mt-vi-en-ct2-cpu,vi-en-mt-1935,MT,vi,vi->en,,,opus-mt-vi-en-ct2-cpu,0.2909,399.2890625,,,21.16762957457998,,,,tuy nhiên điều đó không đúng mặc dù có thứ gì đó được viết ở mặt sau của tài liệu nhưng đó không phải là bản đồ kho báu,,
fleurs-mt/full/opus-mt-vi-en-ct2-cpu,vi-en-mt-1936,MT,vi,vi->en,,,opus-mt-vi-en-ct2-cpu,4.7953,399.2890625,,,20.129866817806132,,,,perry tuyên bố ông sẽ quay lại texas để đánh giá kết quả của cuộc họp kín tối nay hầu xác định liệu có con đường nào ở phía trước dành cho tôi trong cuộc đua này hay không nhưng sau đó lại nói ông sẽ tiếp tục cuộc đua và tranh cử trong kỳ bầu cử sơ bộ ngày 21 tháng giêng của bang south carolina,,
fleurs-mt/full/opus-mt-vi-en-ct2-cpu,vi-en-mt-1937,MT,vi,vi->en,,,opus-mt-vi-en-ct2-cpu,4.4166,399.2890625,,,14.581682033093353,,,,tuy nhiên những kế hoạch này sụp đổ gần như chỉ sau một đêm khi hơn 800.000 hồng quân liên xô đã tiến vào và tạo nên mặt trận belarus và ukraine sau khi xâm lược các vùng phía đông ba lan vi phạm hiệp ước hòa bình riga công ước không xâm phạm giữa liên xô và ba lan và các hiệp ước quốc tế khác cả song phương lẫn đa phương,,
fleurs-mt/full/opus-mt-vi-en-ct2-cpu,vi-en-mt-1938,MT,vi,vi->en,,,opus-mt-vi-en-ct2-cpu,0.4005,399.2890625,,,3.43554045043224,,,,bệnh viện này đã làm theo quy trình kiểm soát lây nhiễm bao gồm cách ly bệnh nhân với các bệnh nhân khác để ngăn ngừa lây nhiễm có thể có cho những người khác,,
fleurs-mt/full/opus-mt-vi-en-ct2-cpu,vi-en-mt-1939,MT,vi,vi->en,,,opus-mt-vi-en-ct2-cpu,0.5627,399.2890625,,,6.019608768705656,,,,ngoài ra sau cuộc cách mạng các nghề nghiệp đã mở cửa cho tất cả nam giới đi xin việc giúp cho những người nhiều tham vọng nhất được thành công,,
fleurs-mt/full/opus-mt-vi-en-ct2-cpu,vi-en-mt-1940,MT,vi,vi->en,,,opus-mt-vi-en-ct2-cpu,1.0675,399.2890625,,,26.221486578975913,,,,sau khi đã cân nhắc mọi thứ chúng ta không nên ngạc nhiên nếu tổ tiên của chúng ta đã giải quyết vấn đề protein theo cách tương tự như những con tinh tinh trên thảo nguyên ngày nay,,
fleurs-mt/full/opus-mt-vi-en-ct2-cpu,vi-en-mt-1941,MT,vi,vi->en,,,opus-mt-vi-en-ct2-cpu,0.5748,399.2890625,,,4.141141330484801,,,,những cặp đôi này đã quyết định lên kế hoạch nhận con nuôi,,
fleurs-mt/full/opus-mt-vi-en-ct2-cpu,vi-en-mt-1942,MT,vi,vi->en,,,opus-mt-vi-en-ct2-cpu,0.5105,399.2890625,,,11.741473432581428,,,,chúng ta dựng nhà từ thực vật và may quần áo từ thực vật hầu hết thức ăn của chúng ta là từ thực vật không có thực vật động vật không thể sống sót,,
fleurs-mt/full/opus-mt-vi-en-ct2-cpu,vi-en-mt-1943,MT,vi,vi->en,,,opus-mt-vi-en-ct2-cpu,5.7482,399.2890625,,,9.860503902921007,,,,sự căng thẳng càng giảm bớt thì sinh lực tích cực càng hiện hữu tất cả mọi người đều có tiềm năng tìm được sự yên bình và mãn nguyện tuyệt đối,,
fleurs-mt/full/opus-mt-vi-en-ct2-cpu,vi-en-mt-1944,MT,vi,vi->en,,,opus-mt-vi-en-ct2-cpu,0.2728,399.2890625,,,4.699443186217679,,,,đây là những bãi biển gia đình đôi khi đông đúc có nhiều cửa hàng dọc theo bờ biển nơi đây có thể bơi lội an toàn,,
fleurs-mt/full/opus-mt-vi-en-ct2-cpu,vi-en-mt-1945,MT,vi,vi->en,,,opus-mt-vi-en-ct2-cpu,6.155,399.2890625,,,26.73465335275292,,,,casablanca là một trong những nơi ít thú vị nhất để mua sắm trên khắp ma-rốc,,
fleurs-mt/full/opus-mt-vi-en-ct2-cpu,vi-en-mt-1946,MT,vi,vi->en,,,opus-mt-vi-en-ct2-cpu,1.6919,399.2890625,,,1.0959933475393717,,,,các chính sách huỷ có khác nhau tuy nhiên tính đến cuối tháng 3 hầu hết các chính sách huỷ do vi-rút corona đều không cho phép gia hạn đến tháng 7 năm 2020 - thời điểm diễn ra thế vận hội theo kế hoạch,,
fleurs-mt/full/opus-mt-vi-en-ct2-cpu,vi-en-mt-1947,MT,vi,vi->en,,,opus-mt-vi-en-ct2-cpu,0.4202,399.2890625,,,5.927305348705564,,,,trước khi quân đội có mặt haiti không gặp phải các vấn đề liên quan đến bệnh này từ những năm 1800,,
fleurs-mt/full/opus-mt-vi-en-ct2-cpu,vi-en-mt-1948,MT,vi,vi->en,,,opus-mt-vi-en-ct2-cpu,4.6036,399.2890625,,,33.9445740152787,,,,tam quốc là một trong những kỷ nguyên đẫm máu nhất trong lịch sử trung hoa cổ đại hàng ngàn người đã chết chỉ để tranh ngồi vào ngai vàng trong đại điện ở thành tây an,,
fleurs-mt/full/opus-mt-vi-en-ct2-cpu,vi-en-mt-1949,MT,vi,vi->en,,,opus-mt-vi-en-ct2-cpu,4.1602,399.2890625,,,5.231957860849837,,,,các nhà côn trùng học sử dụng thuật ngữ bọ với nghĩa chính thức để đặt cho nhóm côn trùng này,,
fleurs-mt/full/opus-mt-vi-en-ct2-cpu,vi-en-mt-1950,MT,vi,vi->en,,,opus-mt-vi-en-ct2-cpu,4.4169,399.2890625,,,2.1108149330143946,,,,nằm về phía bắc và thuận tiện về giao thông là thị trấn sintra lãng mạn và hấp dẫn nổi tiếng với người nước ngoài sau một bài thơ ca ngợi của lord byron,,
fleurs-mt/full/opus-mt-vi-en-ct2-cpu,vi-en-mt-1951,MT,vi,vi->en,,,opus-mt-vi-en-ct2-cpu,0.9003,399.2890625,,,2.3671021549025606,,,,năm 2002 thành phố goma bị san bằng bởi núi lửa nyiragongo thảm họa núi lửa phun trào này đã chôn vùi phần lớn thành phố này đặc biệt là khu vực trung tâm thành phố,,
fleurs-mt/full/opus-mt-vi-en-ct2-cpu,vi-en-mt-1952,MT,vi,vi->en,,,opus-mt-vi-en-ct2-cpu,0.67,399.2890625,,,7.048793693474341,,,,bất kỳ ai muốn lái xe trên khu vực cao hoặc băng đèo đều cần cân khả năng có tuyết rơi băng hoặc nhiệt độ đóng băng,,
fleurs-mt/full/opus-mt-vi-en-ct2-cpu,vi-en-mt-1953,MT,vi,vi->en,,,opus-mt-vi-en-ct2-cpu,1.5862,399.2890625,,,2.6711961764401657,,,,ông ta sau đó được chuyển đến bệnh viện addenbrooke ở cambridge,,
fleurs-mt/full/opus-mt-vi-en-ct2-cpu,vi-en-mt-1954,MT,vi,vi->en,,,opus-mt-vi-en-ct2-cpu,0.2964,399.2890625,,,2.06275322750699,,,,sự kỷ luật trong phòng thủ khả năng xử lý bóng và tính đồng đội tuyệt vời khiến họ khác biệt và rõ ràng đây là đội hình chiến thắng,,
fleurs-mt/full/opus-mt-vi-en-ct2-cpu,vi-en-mt-1955,MT,vi,vi->en,,,opus-mt-vi-en-ct2-cpu,0.2792,399.2890625,,,24.184402796423644,,,,bệnh đa xơ cứng ảnh hưởng hệ thần kinh trung ương được tạo thành từ bộ não tủy sống và dây thần kinh thị giác,,
fleurs-mt/full/opus-mt-vi-en-ct2-cpu,vi-en-mt-1956,MT,vi,vi->en,,,opus-mt-vi-en-ct2-cpu,4.2906,399.2890625,,,4.282106947883588,,,,sử dụng tàu thuyền để vận chuyển hàng hóa là cách làm hiệu quả nhất ở thời điểm hiện tại để vận chuyển số lượng lớn con người và hàng hóa qua biển,,
fleurs-mt/full/opus-mt-vi-en-ct2-cpu,vi-en-mt-1957,MT,vi,vi->en,,,opus-mt-vi-en-ct2-cpu,0.3352,399.2890625,,,10.511846841633776,,,,ông gọi những tin đồn này là cuộc tán gẫu về chính trị và sự điên rồ,,
fleurs-mt/full/opus-mt-vi-en-ct2-cpu,vi-en-mt-1958,MT,vi,vi->en,,,opus-mt-vi-en-ct2-cpu,0.5208,399.2890625,,,3.6005134109777908,,,,thành phố này đối lập hoàn toàn với những thành phố khác trong nước vì nơi đây mang đậm phong cách ả-rập hơn là châu phi,,
fleurs-mt/full/opus-mt-vi-en-ct2-cpu,vi-en-mt-1959,MT,vi,vi->en,,,opus-mt-vi-en-ct2-cpu,0.1632,399.2890625,,,18.331704949485054,,,,tuy vậy hãy làm theo khuyến cáo của chính quyền tuân thủ tất cả các biển báo và chú ý đến các cảnh báo an toàn,,
fleurs-mt/full/opus-mt-vi-en-ct2-cpu,vi-en-mt-1960,MT,vi,vi->en,,,opus-mt-vi-en-ct2-cpu,0.4671,399.2890625,,,6.195434067782696,,,,theo báo cáo thì cậu ấy đang ở độ tuổi đôi mươi trong một tuyên bố bieber nói rằng dù tôi không có mặt và cũng không liên quan trực tiếp đến vụ tai nạn thương tâm này tôi muốn gửi lời chia buồn và nguyện cầu đến gia đình nạn nhân,,
fleurs-mt/full/opus-mt-vi-en-ct2-cpu,vi-en-mt-1961,MT,vi,vi->en,,,opus-mt-vi-en-ct2-cpu,3.8871,399.2890625,,,5.080819475793082,,,,một trong những phương pháp phổ biến nhất được sử dụng để minh họa tầm quan trọng của xã hội hóa là dẫn chứng một vài trường hợp đáng tiếc về trẻ em liên quan đến sự bỏ bê bất hạnh hoặc cố ý lạm dụng thiếu tiếp xúc xã hội đến từ người nuôi dưỡng khi trẻ trưởng thành,,
fleurs-mt/full/opus-mt-vi-en-ct2-cpu,vi-en-mt-1962,MT,vi,vi->en,,,opus-mt-vi-en-ct2-cpu,4.0054,399.2890625,,,6.465504130515581,,,,độ ph được chỉ thị bằng số lượng ion hydro h trong ph trong hóa chất thí nghiệm,,
fleurs-mt/full/opus-mt-vi-en-ct2-cpu,vi-en-mt-1963,MT,vi,vi->en,,,opus-mt-vi-en-ct2-cpu,0.4826,399.2890625,,,22.963869978965583,,,,việc là quần áo ướt có thể giúp chúng khô nhiều khách sạn có một bàn là và cầu bàn là để cho mượn thậm chí ngay cả khi bạn không thấy có cái nào trong phòng,,
fleurs-mt/full/opus-mt-vi-en-ct2-cpu,vi-en-mt-1964,MT,vi,vi->en,,,opus-mt-vi-en-ct2-cpu,0.1882,399.2890625,,,4.516705608862737,,,,25 tờ dunlap được cho là vẫn còn là những bản chụp lâu đời nhất còn tồn tại của tài liệu này bản chụp viết tay ban đầu đã không còn nữa,,
fleurs-mt/full/opus-mt-vi-en-ct2-cpu,vi-en-mt-1965,MT,vi,vi->en,,,opus-mt-vi-en-ct2-cpu,5.2332,399.2890625,,,9.313775329024091,,,,chúng hầu hết đều là bãi biển cát an toàn cho việc bơi lội và hầu hết có bóng mát từ các cây pohutukawa,,
fleurs-mt/full/opus-mt-vi-en-ct2-cpu,vi-en-mt-1966,MT,vi,vi->en,,,opus-mt-vi-en-ct2-cpu,0.2997,399.2890625,,,3.176023542809473,,,,lệnh này là phản ứng của martelly với các cuộc biểu tình chống chế độ lan rộng từ tháng 10,,
fleurs-mt/full/opus-mt-vi-en-ct2-cpu,vi-en-mt-1967,MT,vi,vi->en,,,opus-mt-vi-en-ct2-cpu,0.519,399.2890625,,,6.65164060716038,,,,layton đã đòi hỏi một số thay đổi trong dự luật môi sinh của phe bảo thủ trong cuộc họp với thủ tướng yêu cầu viết lại kỹ lưỡng và hoàn chỉnh dự luật môi sinh của đảng bảo thủ,,
fleurs-mt/full/opus-mt-vi-en-ct2-cpu,vi-en-mt-1968,MT,vi,vi->en,,,opus-mt-vi-en-ct2-cpu,4.9868,399.2890625,,,11.50797700637802,,,,một số chuyến du lịch sẽ đề cập đến thành phố berlin đức trong tờ quảng cáo như bạn thấy trên bản đồ berlin không nằm gần biển và chuyến tham quan thành phố sẽ không bao gồm trong giá chuyến đi,,
fleurs-mt/full/opus-mt-vi-en-ct2-cpu,vi-en-mt-1969,MT,vi,vi->en,,,opus-mt-vi-en-ct2-cpu,4.9769,399.2890625,,,3.1721401133120106,,,,theo quy tắc này vị trí hữu hiệu nhất dành cho chủ thể chính là giao điểm của các đường phân chia hình ảnh thành ba phần theo chiều dọc và chiều ngang xem ví dụ,,
fleurs-mt/full/opus-mt-vi-en-ct2-cpu,vi-en-mt-1970,MT,vi,vi->en,,,opus-mt-vi-en-ct2-cpu,0.4037,399.2890625,,,10.858943671423319,,,,chúng ta không biết chắc chắn nhưng có thể nó có lưỡi chẻ thức ăn của nó bao gồm rùa cá lớn những con mosasaur khác và nó thậm chí có thể là thú ăn thịt,,
fleurs-mt/full/opus-mt-vi-en-ct2-cpu,vi-en-mt-1971,MT,vi,vi->en,,,opus-mt-vi-en-ct2-cpu,1.4367,399.2890625,,,3.101275160696086,,,,gió mạnh mưa đá lượng mưa nhiều và cháy rừng là các loại và sự ảnh hưởng của thời tiết khắc nghiệt cũng như bão tố lốc xoáy vòi rồng biển và bão lốc xoáy nhiệt đới,,
fleurs-mt/full/opus-mt-vi-en-ct2-cpu,vi-en-mt-1972,MT,vi,vi->en,,,opus-mt-vi-en-ct2-cpu,0.2861,399.2890625,,,21.092951227865772,,,,nhiều người không nghĩ loài vật này là khủng long vì chúng có lông vũ và biết bay,,
fleurs-mt/full/opus-mt-vi-en-ct2-cpu,vi-en-mt-1973,MT,vi,vi->en,,,opus-mt-vi-en-ct2-cpu,0.6805,399.2890625,,,10.23857820560022,,,,nhưng ở nơi nằm trong vùng  siêu nhiệt đới” chỉ cách đường xích đạo vài độ về phía bắc bạn sẽ cần phải vượt qua cả sự nóng bức luôn luôn lẫn ánh nắng gay gắt khi trời trong cũng rất thường xuyên,,
fleurs-mt/full/opus-mt-vi-en-ct2-cpu,vi-en-mt-1974,MT,vi,vi->en,,,opus-mt-vi-en-ct2-cpu,0.4857,399.2890625,,,2.233853375671084,,,,tương tự nam giới phải mặc quần dài che phủ đầu gối,,
fleurs-mt/full/opus-mt-vi-en-ct2-cpu,vi-en-mt-1975,MT,vi,vi->en,,,opus-mt-vi-en-ct2-cpu,0.353,399.2890625,,,20.154695688398604,,,,dân số của thành phố vatican khoảng 800 người đây là quốc gia độc lập nhỏ nhất trên thế giới và là quốc gia có dân số ít nhất,,
fleurs-mt/full/opus-mt-vi-en-ct2-cpu,vi-en-mt-1976,MT,vi,vi->en,,,opus-mt-vi-en-ct2-cpu,4.0157,399.2890625,,,2.4315419644986362,,,,các cầu thủ đập bóng vị trí giữa sachin tendulkar và rahul dravid đã chơi tốt và là cặp đối tác ở đường chạy một trăm,,
fleurs-mt/full/opus-mt-vi-en-ct2-cpu,vi-en-mt-1977,MT,vi,vi->en,,,opus-mt-vi-en-ct2-cpu,0.5697,399.2890625,,,6.554459887409975,,,,bầy gồm có một đến ba con đực trưởng thành có họ hàng với nhau cùng với khoảng ba mươi con cái và các con con,,
fleurs-mt/full/opus-mt-vi-en-ct2-cpu,vi-en-mt-1978,MT,vi,vi->en,,,opus-mt-vi-en-ct2-cpu,0.5365,399.2890625,,,0.9798555761147508,,,,đối với springboks trận này đã giúp đội tuyển kết thúc chuỗi thua 5 trận liền,,
fleurs-mt/full/opus-mt-vi-en-ct2-cpu,vi-en-mt-1979,MT,vi,vi->en,,,opus-mt-vi-en-ct2-cpu,3.9278,399.2890625,,,1.5545965863479354,,,,đồng tiền chính thức của falklands là đồng bảng falkland fkp có giá trị được ấn định bằng với đồng bảng anh gbp,,
fleurs-mt/full/opus-mt-vi-en-ct2-cpu,vi-en-mt-1980,MT,vi,vi->en,,,opus-mt-vi-en-ct2-cpu,3.9654,399.2890625,,,0.9527800929822878,,,,khốn nỗi rất khó để nghiên cứu lưu lượng giao thông vì không thể đoán chắc chắn một trăm phần trăm hành vi của người lái xe,,
fleurs-mt/full/opus-mt-vi-en-ct2-cpu,vi-en-mt-1981,MT,vi,vi->en,,,opus-mt-vi-en-ct2-cpu,0.455,399.2890625,,,1.828996666614971,,,,nếu bạn chỉ vào bờ bằng xe đưa tham quan của hãng tàu thì bạn không cần đến thị thực riêng vào năm 2009,,
fleurs-mt/full/opus-mt-vi-en-ct2-cpu,vi-en-mt-1982,MT,vi,vi->en,,,opus-mt-vi-en-ct2-cpu,0.2386,399.2890625,,,5.538003944406129,,,,phụ nữ du khách nữ nên nói là họ đã kết hôn dù tình trạng hôn nhân thực tế là gì,,
fleurs-mt/full/opus-mt-vi-en-ct2-cpu,vi-en-mt-1983,MT,vi,vi->en,,,opus-mt-vi-en-ct2-cpu,2.5464,399.2890625,,,12.597212929057191,,,,từ văn minh xuất phát từ civilis trong tiếng latinh nghĩa là thuộc nhân dân liên quan đến civis trong tiếng latinh nghĩa là công dân và civitas nghĩa là thành phố hay thành bang và nó cũng phần nào xác định quy mô của xã hội,,
fleurs-mt/full/opus-mt-vi-en-ct2-cpu,vi-en-mt-1984,MT,vi,vi->en,,,opus-mt-vi-en-ct2-cpu,4.0315,399.2890625,,,5.250307109942528,,,,việc quá nhiều người sở hữu xe hơi cũng dẫn đến sự gia tăng số vụ tai nạn giao thông dẫn tới phát minh kỹ thuật mới trong ngành y tế để phục hồi những tổn thương trên thân thể,,
fleurs-mt/full/opus-mt-vi-en-ct2-cpu,vi-en-mt-1985,MT,vi,vi->en,,,opus-mt-vi-en-ct2-cpu,4.1005,399.2890625,,,2.3584364532268696,,,,nó liên quan nhưng thường không bao gồm kiểu dạo chơi hay kiểu leo núi sử dụng ván trượt tuyết kiểu alpes kiểu sau được thực hiện ở địa hình dốc và cần ván trượt và giày cứng hơn nhiều,,
fleurs-mt/full/opus-mt-vi-en-ct2-cpu,vi-en-mt-1986,MT,vi,vi->en,,,opus-mt-vi-en-ct2-cpu,0.3467,399.2890625,,,13.51575749048951,,,,sự hiện diện của  đội vô hình” thực sự larson và lafasto 1989 tr. 109 cũng là thành phần đặc biệt của đội ảo,,
fleurs-mt/full/opus-mt-vi-en-ct2-cpu,vi-en-mt-1987,MT,vi,vi->en,,,opus-mt-vi-en-ct2-cpu,0.4278,399.2890625,,,2.4700774086427155,,,,vụ rơi trực thăng diễn ra trên địa hình núi cao và được quy cho hỏa lực của quân địch gây ra,,
fleurs-mt/full/opus-mt-vi-en-ct2-cpu,vi-en-mt-1988,MT,vi,vi->en,,,opus-mt-vi-en-ct2-cpu,4.3357,399.2890625,,,2.455204077683301,,,,trong thập niên 1920 quan điểm phổ biến của hầu hết mọi công dân và quốc gia là theo khuynh hướng của chủ nghĩa hòa bình và cô lập,,
fleurs-mt/full/opus-mt-vi-en-ct2-cpu,vi-en-mt-1989,MT,vi,vi->en,,,opus-mt-vi-en-ct2-cpu,0.5206,399.2890625,,,21.0434166167833,,,,ông ta cũng tham gia vào việc khắc các loại tiền giấy cho nhiều quốc gia những ví dụ gần đây về công việc của ông ấy bao gồm chân dung thủ tướng trên mặt trước của tờ 5 đô la canada và 100 đô la canada mới,,
fleurs-mt/full/opus-mt-vi-en-ct2-cpu,vi-en-mt-1990,MT,vi,vi->en,,,opus-mt-vi-en-ct2-cpu,0.4707,399.2890625,,,13.314854327669,,,,blog cũng có thể giúp cải thiện khả năng viết lách của học sinh khi bắt đầu viết blog những học sinh này thường mắc lỗi ngữ pháp và chính tả do cẩu thả sự hiện diện của độc giả nhìn chung làm thay đổi điều đó,,
fleurs-mt/full/opus-mt-vi-en-ct2-cpu,vi-en-mt-1991,MT,vi,vi->en,,,opus-mt-vi-en-ct2-cpu,0.4479,399.2890625,,,11.104262965417023,,,,trong suốt thời kỳ này của lịch sử châu âu nhà thờ công giáo lúc này đã trở nên giàu có và quyền lực bắt đầu chịu sự soi xét,,
fleurs-mt/full/opus-mt-vi-en-ct2-cpu,vi-en-mt-1992,MT,vi,vi->en,,,opus-mt-vi-en-ct2-cpu,1.1337,399.2890625,,,1.9768266516775843,,,,thuật ngữ safari được sử dụng phổ biến để chỉ việc du lịch đường bộ để chiêm ngưỡng cuộc sống hoang dã tại châu phi đặc biệt là savanna,,
fleurs-mt/full/opus-mt-vi-en-ct2-cpu,vi-en-mt-1993,MT,vi,vi->en,,,opus-mt-vi-en-ct2-cpu,0.3079,399.2890625,,,8.863826494908315,,,,cơn bão được đặt tên thứ mười của mùa bão atlantic bão cận nhiệt đới jerry đã hình thành tại biển atlantic hôm nay,,
fleurs-mt/full/opus-mt-vi-en-ct2-cpu,vi-en-mt-1994,MT,vi,vi->en,,,opus-mt-vi-en-ct2-cpu,1.2259,399.2890625,,,7.771324020744104,,,,hiển nhiên nếu bạn biết một ngôn ngữ la mã bạn sẽ dễ dàng học tiếng bồ đào nha,,
fleurs-mt/full/opus-mt-vi-en-ct2-cpu,vi-en-mt-1995,MT,vi,vi->en,,,opus-mt-vi-en-ct2-cpu,0.5966,399.2890625,,,3.5065286065798196,,,,phương pháp scaffolds ảo được nội tại hóa trong phần mềm và có mục đích nhằm đặt câu hỏi nhắc nhở và giải thích các quy trình mà có thể thách thức các học sinh giải quyết vấn đề một mình,,
fleurs-mt/full/opus-mt-vi-en-ct2-cpu,vi-en-mt-1996,MT,vi,vi->en,,,opus-mt-vi-en-ct2-cpu,4.1145,399.2890625,,,0.7165008243215685,,,,mitchell gourley của australia về đích ở vị trí thứ mười một ở cuộc đua super-g đứng dành cho nam đối thủ đến từ séc oldrich jelinek về đích ở vị trí thứ mười sáu ở cuộc đua super-g ngồi dành cho nam,,
fleurs-mt/full/opus-mt-vi-en-ct2-cpu,vi-en-mt-1997,MT,vi,vi->en,,,opus-mt-vi-en-ct2-cpu,0.5449,399.2890625,,,8.359039001432452,,,,tuy nhiên dường như tỷ lệ xdr-tb trong tổng số người mắc bệnh lao vẫn còn ở mức thấp chỉ có 6.000 trong tổng số 330.000 người bị nhiễm bệnh tại một thời điểm cụ thể bất kỳ tại nam phi,,
fleurs-mt/full/opus-mt-vi-en-ct2-cpu,vi-en-mt-1998,MT,vi,vi->en,,,opus-mt-vi-en-ct2-cpu,0.3489,399.2890625,,,9.338451581514656,,,,chân của chúng có vảy và móng vuốt chúng đẻ trứng và đi lại bằng hai chân sau như những con t-rex,,
fleurs-mt/full/opus-mt-vi-en-ct2-cpu,vi-en-mt-1999,MT,vi,vi->en,,,opus-mt-vi-en-ct2-cpu,5.1895,399.2890625,,,2.0230740637890166,,,,trong suốt thập niên 1960 brzezinski làm việc cho john f kennedy trong vai trò cố vấn và sau đó làm việc cho chính quyền lyndon b johnson,,
fleurs-mt/full/opus-mt-vi-en-ct2-cpu,vi-en-mt-2000,MT,vi,vi->en,,,opus-mt-vi-en-ct2-cpu,0.4714,399.2890625,,,3.953276102956001,,,,nếu vượt biển bắc baltic vào mùa đông hãy kiểm tra lại buồng ngủ vì khi tàu phá băng sẽ tạo ra những tiếng ồn kinh khủng mà không phải ai cũng chịu đựng được,,
fleurs-mt/full/opus-mt-vi-en-ct2-cpu,vi-en-mt-2001,MT,vi,vi->en,,,opus-mt-vi-en-ct2-cpu,1.3991,399.2890625,,,5.34953747029384,,,,du khách được khuyến cáo nên đề phòng mọi rủi ro thời tiết khắc nghiệt ảnh hưởng đến khu vực của họ vì thời tiết khắc nghiệt có thể ảnh hưởng đến bất kỳ kế hoạch du lịch nào,,
fleurs-mt/full/opus-mt-vi-en-ct2-cpu,vi-en-mt-2002,MT,vi,vi->en,,,opus-mt-vi-en-ct2-cpu,1.3551,399.2890625,,,23.386786214190373,,,,việc này cho phép người chơi điều khiển hành động và di chuyển trong trò chơi video bằng việc di chuyển thiết bị trong không trung,,
fleurs-mt/full/opus-mt-vi-en-ct2-cpu,vi-en-mt-2003,MT,vi,vi->en,,,opus-mt-vi-en-ct2-cpu,0.2541,399.2890625,,,17.51489536280261,,,,để được ngắm nhìn hồng kông từ góc độ đẹp nhất hãy rời hòn đảo và đến thẳng bờ sông kowloon đối diện,,
fleurs-mt/full/opus-mt-vi-en-ct2-cpu,vi-en-mt-2004,MT,vi,vi->en,,,opus-mt-vi-en-ct2-cpu,0.6903,399.2890625,,,8.31232151020472,,,,cùng tháng đó cũng chứng kiến một máy bay khác chạy quá đường băng tại mashhad và đâm vào một bức tường làm thiệt mạng mười bảy người,,
fleurs-mt/full/opus-mt-vi-en-ct2-cpu,vi-en-mt-2005,MT,vi,vi->en,,,opus-mt-vi-en-ct2-cpu,0.3781,399.2890625,,,2.6117888703725427,,,,tuy nhiên loài chim vẫn có rất nhiều điểm giống với khủng long,,
fleurs-mt/full/opus-mt-vi-en-ct2-cpu,vi-en-mt-2006,MT,vi,vi->en,,,opus-mt-vi-en-ct2-cpu,0.6863,399.2890625,,,14.151579459126014,,,,các nguyên tố như canxi và kali được coi là kim loại dĩ nhiên cũng có các kim loại như vàng và bạc,,
fleurs-mt/full/opus-mt-vi-en-ct2-cpu,vi-en-mt-2007,MT,vi,vi->en,,,opus-mt-vi-en-ct2-cpu,0.5887,399.2890625,,,7.076972675308514,,,,quân đoàn công binh hoa kỳ ước tính 6 inch nước mưa có thể làm vỡ những đoạn đê đã bị hư tổn từ trước,,
fleurs-mt/full/opus-mt-vi-en-ct2-cpu,vi-en-mt-2009,MT,vi,vi->en,,,opus-mt-vi-en-ct2-cpu,4.138,399.2890625,,,19.676468281484976,,,,các nguồn thực vật có thể tiếp cận nhanh nhất hẳn sẽ là nguồn protein có trong lá và cây họ đậu nhưng chúng khó cho những loài linh trưởng như chúng ta tiêu hóa trừ khi được nấu chín,,
fleurs-mt/gold-set/m2m100-vi-en-ct2-cpu,vi-en-mt-1824,MT,vi,vi->en,,,m2m100-vi-en-ct2-cpu,1.4817,1102.34375,,,8.550728344263787,,,,cao nguyên giza hay khu lăng mộ giza trong thung lũng lăng mộ của ai cập có nhiều kim tự tháp trong đó đại kim tự tháp là kim tự tháp lớn nhất nhiều ngôi mộ nhỏ nhiều đền đài và tượng đại nhân sư,,
fleurs-mt/gold-set/m2m100-vi-en-ct2-cpu,vi-en-mt-1816,MT,vi,vi->en,,,m2m100-vi-en-ct2-cpu,0.7378,1102.34375,,,6.980016503925314,,,,duvall đã kết hôn và có hai người con trưởng thành không để lại ấn tượng gì nhiều với miller người có liên quan tới câu chuyện,,
fleurs-mt/gold-set/m2m100-vi-en-ct2-cpu,vi-en-mt-1951,MT,vi,vi->en,,,m2m100-vi-en-ct2-cpu,1.559,1102.34375,,,13.04360686614678,,,,năm 2002 thành phố goma bị san bằng bởi núi lửa nyiragongo thảm họa núi lửa phun trào này đã chôn vùi phần lớn thành phố này đặc biệt là khu vực trung tâm thành phố,,
fleurs-mt/gold-set/m2m100-vi-en-ct2-cpu,vi-en-mt-1822,MT,vi,vi->en,,,m2m100-vi-en-ct2-cpu,1.4514,1102.34375,,,19.696330878717085,,,,vương quốc ma-rốc đã xây dựng lại thành phố này giống như daru l-badya và nó được đặt tên là casablanca bởi các thương nhân tây ban nha là những người đã lập các cơ sở giao thương ở đó,,
fleurs-mt/gold-set/m2m100-vi-en-ct2-cpu,vi-en-mt-1899,MT,vi,vi->en,,,m2m100-vi-en-ct2-cpu,1.176,1102.34375,,,16.72775533681936,,,,muhammad quan tâm sâu sắc đến những vấn đề ngoài cuộc sống trần tục này. ông ấy thường đến một hang động được gọi là  hira‘ trên núi  noor ánh sáng để suy ngẫm,,
fleurs-mt/gold-set/m2m100-vi-en-ct2-cpu,vi-en-mt-1660,MT,vi,vi->en,,,m2m100-vi-en-ct2-cpu,0.8831,1102.34375,,,12.512236921161914,,,,chủ nghĩa lãng mạn có một yếu tố lớn về quyết định văn hóa được rút ra từ những tác giả như goethe fichte và schlegel,,
fleurs-mt/gold-set/m2m100-vi-en-ct2-cpu,vi-en-mt-1922,MT,vi,vi->en,,,m2m100-vi-en-ct2-cpu,0.9134,1102.34375,,,11.124661907380256,,,,tất nhiên truyền thống này được lý giải theo thần học kitô giáo tuy nhiên đây cũng có thể là một nghi lễ mùa xuân tiền kitô giáo và phồn thực,,
fleurs-mt/gold-set/m2m100-vi-en-ct2-cpu,vi-en-mt-1743,MT,vi,vi->en,,,m2m100-vi-en-ct2-cpu,1.5762,1102.34375,,,3.4281874337552627,,,,hầu hết các cách giải thích về quyết định luận công nghệ đều có hai ý tưởng chung bản thân sự phát triển công nghệ đi theo một con đường riêng không chịu sự ảnh hưởng của văn hóa và chính trị và công nghệ có ảnh hưởng ngược lại đến các xã hội vốn có chứ không phải xã hội điều kiện,,
fleurs-mt/gold-set/m2m100-vi-en-ct2-cpu,vi-en-mt-1730,MT,vi,vi->en,,,m2m100-vi-en-ct2-cpu,1.2884,1102.34375,,,28.761107249999,,,,xe buýt xuất phát từ trạm xe buýt liên huyện dọc con sông chạy cả ngày dù chủ yếu đặc biệt là các xe đến phía đông và jakar/bumthang sẽ xuất phát từ lúc 06:30 đến 07:30,,
fleurs-mt/gold-set/m2m100-vi-en-ct2-cpu,vi-en-mt-1847,MT,vi,vi->en,,,m2m100-vi-en-ct2-cpu,0.8177,1102.34375,,,27.326653732219494,,,,ông được phó thủ tướng singapore wong kan seng tiếp đón và thảo luận về các vấn đề thương mại và khủng bố với thủ tướng singapore lý hiển long,,
fleurs-mt/gold-set/m2m100-vi-en-ct2-cpu,vi-en-mt-1874,MT,vi,vi->en,,,m2m100-vi-en-ct2-cpu,0.935,1102.34375,,,36.81003942334573,,,,một số người nghĩ rằng ông ấy đã đúng nhưng nhiều người tin điều ngược lại; rằng hệ mặt trời xoay quanh trái đất bao gồm cả mặt trời và cả những ngôi sao khác,,
fleurs-mt/gold-set/m2m100-vi-en-ct2-cpu,vi-en-mt-1675,MT,vi,vi->en,,,m2m100-vi-en-ct2-cpu,1.0276,1102.34375,,,15.639686545296048,,,,mọi danh từ kế bên từ sie dành cho bạn luôn bắt đầu bằng một chữ viết hoa ngay cả khi ở giữa câu,,
fleurs-mt/gold-set/m2m100-vi-en-ct2-cpu,vi-en-mt-1929,MT,vi,vi->en,,,m2m100-vi-en-ct2-cpu,0.796,1102.34375,,,16.299446731288942,,,,del potro có ưu thế sớm trong set thứ hai tuy nhiên thời gian nghỉ giải lao khá ít sau khi đạt tỷ số 6-6,,
fleurs-mt/gold-set/m2m100-vi-en-ct2-cpu,vi-en-mt-1961,MT,vi,vi->en,,,m2m100-vi-en-ct2-cpu,2.0731,1102.34375,,,35.86057527593636,,,,một trong những phương pháp phổ biến nhất được sử dụng để minh họa tầm quan trọng của xã hội hóa là dẫn chứng một vài trường hợp đáng tiếc về trẻ em liên quan đến sự bỏ bê bất hạnh hoặc cố ý lạm dụng thiếu tiếp xúc xã hội đến từ người nuôi dưỡng khi trẻ trưởng thành,,
fleurs-mt/gold-set/m2m100-vi-en-ct2-cpu,vi-en-mt-1707,MT,vi,vi->en,,,m2m100-vi-en-ct2-cpu,1.0373,1102.34375,,,29.51516238086372,,,,đây là một trong những điểm du lịch thu hút chính của nam phi và nó được coi là nơi chủ đạo thuộc cơ quan vườn quốc gia nam phi sanparks,,
fleurs-mt/gold-set/m2m100-vi-en-ct2-cpu,vi-en-mt-1748,MT,vi,vi->en,,,m2m100-vi-en-ct2-cpu,0.6374,1102.34375,,,18.20705281109213,,,,tới 11:35 tối đội cứu hỏa cuối cùng đã dùng nước dập được đám cháy,,
fleurs-mt/gold-set/m2m100-vi-en-ct2-cpu,vi-en-mt-1931,MT,vi,vi->en,,,m2m100-vi-en-ct2-cpu,1.0067,1102.34375,,,12.409597120849801,,,,dịch vụ này thường được sử dụng bởi tàu thuyền gồm cả tàu du lịch cũng như các đoàn thám hiểm có nhu cầu trao đổi dữ liệu và giọng nói từ xa,,
fleurs-mt/gold-set/m2m100-vi-en-ct2-cpu,vi-en-mt-2001,MT,vi,vi->en,,,m2m100-vi-en-ct2-cpu,1.0582,1102.34375,,,15.21030418834027,,,,du khách được khuyến cáo nên đề phòng mọi rủi ro thời tiết khắc nghiệt ảnh hưởng đến khu vực của họ vì thời tiết khắc nghiệt có thể ảnh hưởng đến bất kỳ kế hoạch du lịch nào,,
fleurs-mt/gold-set/m2m100-vi-en-ct2-cpu,vi-en-mt-1835,MT,vi,vi->en,,,m2m100-vi-en-ct2-cpu,1.7143,1102.34375,,,11.668694360677035,,,,không có cảnh báo sóng thần nào được đưa ra và theo cơ quan địa vật lý jakarta sẽ không có cảnh báo sóng thần vì cơn địa chấn chưa đạt tới tiêu chuẩn 6.5 độ richter,,
fleurs-mt/gold-set/m2m100-vi-en-ct2-cpu,vi-en-mt-1946,MT,vi,vi->en,,,m2m100-vi-en-ct2-cpu,1.38,1102.34375,,,3.176605498590708,,,,các chính sách huỷ có khác nhau tuy nhiên tính đến cuối tháng 3 hầu hết các chính sách huỷ do vi-rút corona đều không cho phép gia hạn đến tháng 7 năm 2020 - thời điểm diễn ra thế vận hội theo kế hoạch,,
fleurs-mt/gold-set/m2m100-vi-en-ct2-cpu,vi-en-mt-1689,MT,vi,vi->en,,,m2m100-vi-en-ct2-cpu,1.1129,1102.34375,,,5.564336493951758,,,,châu âu là lục địa tương đối nhỏ nhưng có nhiều quốc gia độc lập thông thường việc đi qua nhiều quốc gia đồng nghĩa với việc phải xin thị thực và xét hộ chiếu nhiều lần,,
fleurs-mt/gold-set/m2m100-vi-en-ct2-cpu,vi-en-mt-1969,MT,vi,vi->en,,,m2m100-vi-en-ct2-cpu,1.2632,1102.34375,,,22.455129433835886,,,,theo quy tắc này vị trí hữu hiệu nhất dành cho chủ thể chính là giao điểm của các đường phân chia hình ảnh thành ba phần theo chiều dọc và chiều ngang xem ví dụ,,
fleurs-mt/gold-set/m2m100-vi-en-ct2-cpu,vi-en-mt-1854,MT,vi,vi->en,,,m2m100-vi-en-ct2-cpu,0.6459,1102.34375,,,42.22374352161797,,,,chiếc xe đã được đưa đi khỏi hiện trường tai nạn vào khoảng 12:00 giờ gmt cùng ngày hôm đó,,
fleurs-mt/gold-set/m2m100-vi-en-ct2-cpu,vi-en-mt-1798,MT,vi,vi->en,,,m2m100-vi-en-ct2-cpu,1.0829,1102.34375,,,34.06227682100306,,,,trong những ngày đầu chương trình chỉ được giới thiệu trên trang web phát thanh dài hạn internet toginet radio một trang web tập trung vào chương trình truyền thanh đối thoại,,
fleurs-mt/gold-set/m2m100-vi-en-ct2-cpu,vi-en-mt-1804,MT,vi,vi->en,,,m2m100-vi-en-ct2-cpu,1.3054,1102.34375,,,8.840994001530047,,,,viện tư pháp và dân chủ haiti đã tham khảo các kết quả nghiên cứu độc lập cho thấy tiểu đoàn gìn giữ hòa bình của liên hiệp quốc ở nepal đã vô tình mang mầm bệnh đến haiti,,
fleurs-mt/gold-set/m2m100-vi-en-ct2-cpu,vi-en-mt-1898,MT,vi,vi->en,,,m2m100-vi-en-ct2-cpu,1.7963,1102.34375,,,21.082788143069553,,,,"""anh ta [wales] từ đầu đã nói dối chúng tôi. đầu tiên bằng việc làm như thể vì những lý do hợp pháp. thứ nữa bằng việc giả bộ như đang lắng nghe chúng tôi anh ta đã có màn xóa dấu vết đầy ngoạn mục.",,
fleurs-mt/gold-set/m2m100-vi-en-ct2-cpu,vi-en-mt-1772,MT,vi,vi->en,,,m2m100-vi-en-ct2-cpu,0.4549,1102.34375,,,5.024584978301581,,,,vậy là có khả năng chú thích được thêm vào đơn giản chỉ là nhãn đánh dấu,,
fleurs-mt/gold-set/m2m100-vi-en-ct2-cpu,vi-en-mt-1715,MT,vi,vi->en,,,m2m100-vi-en-ct2-cpu,1.5879,1102.34375,,,6.54866065762502,,,,thông báo thông thường trong khu metro chỉ được phát bằng tiếng catalunya tuy nhiên với những sự cố bất ngờ thì thông báo sẽ được thực hiên qua hệ thống tự động bằng nhiều thứ tiếng gồm tiếng tây ban nha tiếng anh tiếng pháp tiếng ả rập và tiếng nhật,,
fleurs-mt/gold-set/m2m100-vi-en-ct2-cpu,vi-en-mt-1692,MT,vi,vi->en,,,m2m100-vi-en-ct2-cpu,0.8972,1102.34375,,,7.692375026049747,,,,cơ quan năng lượng hạt nhân nhật bản thông báo đã phát hiện chất xê-zi và i-ốt phóng xạ tại nhà máy này,,
fleurs-mt/gold-set/m2m100-vi-en-ct2-cpu,vi-en-mt-1932,MT,vi,vi->en,,,m2m100-vi-en-ct2-cpu,2.8359,1102.34375,,,19.17932152503266,,,,năm phút sau khi bắt đầu cuộc trình diễn một cơn gió bắt đầu xuất hiện khoảng một phút sau gió đạt vận tốc 70km/h... sau đó mưa tới với cường độ mạnh và lớn đến nỗi da có cảm giác như bị kim châm sau đó mưa đá xuất hiện mọi người hoảng loạn và la hét và dẫm đạp lên nhau,,
fleurs-mt/gold-set/m2m100-vi-en-ct2-cpu,gold-mt-00,MT,vi,vi->en,,,m2m100-vi-en-ct2-cpu,0.4166,1102.34375,,,58.14307369682194,,,,Xin hãy đeo kính bảo hộ trước khi vào khu vực làm việc.,,
fleurs-mt/gold-set/m2m100-vi-en-ct2-cpu,gold-mt-01,MT,vi,vi->en,,,m2m100-vi-en-ct2-cpu,0.4704,1102.34375,,,7.347053125977879,,,,Cần kiểm tra áp suất lốp xe nâng mỗi ca làm việc.,,
fleurs-mt/gold-set/m2m100-vi-en-ct2-cpu,gold-mt-02,MT,vi,vi->en,,,m2m100-vi-en-ct2-cpu,0.4843,1102.34375,,,35.08439695638686,,,,"Máy nén khí đang quá nhiệt, hãy tắt ngay lập tức.",,
fleurs-mt/gold-set/m2m100-vi-en-ct2-cpu,gold-mt-03,MT,vi,vi->en,,,m2m100-vi-en-ct2-cpu,0.5474,1102.34375,,,9.425159511373677,,,,Kho hàng số tám đã nhận đủ năm mươi thùng hàng.,,
fleurs-mt/gold-set/m2m100-vi-en-ct2-cpu,gold-mt-04,MT,vi,vi->en,,,m2m100-vi-en-ct2-cpu,0.5916,1102.34375,,,20.80375826108923,,,,Cảnh báo: khu vực này có nguy cơ rơi vật thể từ trên cao.,,
fleurs-mt/gold-set/m2m100-vi-en-ct2-cpu,gold-mt-05,MT,vi,vi->en,,,m2m100-vi-en-ct2-cpu,0.4119,1102.34375,,,17.242221289766626,,,,Vui lòng giữ khoảng cách hai mét với băng chuyền.,,
fleurs-mt/gold-set/m2m100-vi-en-ct2-cpu,gold-mt-06,MT,vi,vi->en,,,m2m100-vi-en-ct2-cpu,0.6639,1102.34375,,,5.0243511979240845,,,,"Đèn báo hiệu đang nhấp nháy, không được đi qua.",,
fleurs-mt/gold-set/m2m100-vi-en-ct2-cpu,gold-mt-07,MT,vi,vi->en,,,m2m100-vi-en-ct2-cpu,0.5637,1102.34375,,,58.59059370151705,,,,Hôm nay chúng ta xuất kho tổng cộng một trăm hai mươi đơn.,,
fleurs-mt/gold-set/m2m100-vi-en-ct2-cpu,gold-mt-08,MT,vi,vi->en,,,m2m100-vi-en-ct2-cpu,0.5615,1102.34375,,,3.716499092256818,,,,"Mặt hàng dễ vỡ, xếp nhẹ tay và dán nhãn cẩn thận.",,
fleurs-mt/gold-set/m2m100-vi-en-ct2-cpu,gold-mt-09,MT,vi,vi->en,,,m2m100-vi-en-ct2-cpu,0.402,1102.34375,,,46.92470064105599,,,,Cần bổ sung ba kiện hàng vào chuyến giao buổi chiều.,,
fleurs-mt/gold-set/m2m100-vi-en-ct2-cpu,gold-mt-10,MT,vi,vi->en,,,m2m100-vi-en-ct2-cpu,0.5021,1102.34375,,,9.425159511373677,,,,"Van an toàn đã mở, xả áp suất dư thừa ra ngoài.",,
fleurs-mt/gold-set/m2m100-vi-en-ct2-cpu,gold-mt-11,MT,vi,vi->en,,,m2m100-vi-en-ct2-cpu,0.5228,1102.34375,,,10.127993013562818,,,,Cấm sử dụng điện thoại di động gần trạm biến áp.,,
fleurs-mt/gold-set/opus-mt-vi-en-ct2-cpu,vi-en-mt-1824,MT,vi,vi->en,,,opus-mt-vi-en-ct2-cpu,0.4963,389.0390625,,,6.878920975160078,,,,cao nguyên giza hay khu lăng mộ giza trong thung lũng lăng mộ của ai cập có nhiều kim tự tháp trong đó đại kim tự tháp là kim tự tháp lớn nhất nhiều ngôi mộ nhỏ nhiều đền đài và tượng đại nhân sư,,
fleurs-mt/gold-set/opus-mt-vi-en-ct2-cpu,vi-en-mt-1816,MT,vi,vi->en,,,opus-mt-vi-en-ct2-cpu,0.4851,393.74609375,,,2.601650184384758,,,,duvall đã kết hôn và có hai người con trưởng thành không để lại ấn tượng gì nhiều với miller người có liên quan tới câu chuyện,,
fleurs-mt/gold-set/opus-mt-vi-en-ct2-cpu,vi-en-mt-1951,MT,vi,vi->en,,,opus-mt-vi-en-ct2-cpu,0.8357,394.4921875,,,2.3671021549025606,,,,năm 2002 thành phố goma bị san bằng bởi núi lửa nyiragongo thảm họa núi lửa phun trào này đã chôn vùi phần lớn thành phố này đặc biệt là khu vực trung tâm thành phố,,
fleurs-mt/gold-set/opus-mt-vi-en-ct2-cpu,vi-en-mt-1822,MT,vi,vi->en,,,opus-mt-vi-en-ct2-cpu,0.3873,395.60546875,,,6.541868941754435,,,,vương quốc ma-rốc đã xây dựng lại thành phố này giống như daru l-badya và nó được đặt tên là casablanca bởi các thương nhân tây ban nha là những người đã lập các cơ sở giao thương ở đó,,
fleurs-mt/gold-set/opus-mt-vi-en-ct2-cpu,vi-en-mt-1899,MT,vi,vi->en,,,opus-mt-vi-en-ct2-cpu,0.7416,395.60546875,,,20.022178999449746,,,,muhammad quan tâm sâu sắc đến những vấn đề ngoài cuộc sống trần tục này. ông ấy thường đến một hang động được gọi là  hira‘ trên núi  noor ánh sáng để suy ngẫm,,
fleurs-mt/gold-set/opus-mt-vi-en-ct2-cpu,vi-en-mt-1660,MT,vi,vi->en,,,opus-mt-vi-en-ct2-cpu,4.1437,395.7421875,,,7.274999134192135,,,,chủ nghĩa lãng mạn có một yếu tố lớn về quyết định văn hóa được rút ra từ những tác giả như goethe fichte và schlegel,,
fleurs-mt/gold-set/opus-mt-vi-en-ct2-cpu,vi-en-mt-1922,MT,vi,vi->en,,,opus-mt-vi-en-ct2-cpu,1.1662,395.7421875,,,3.703211431967432,,,,tất nhiên truyền thống này được lý giải theo thần học kitô giáo tuy nhiên đây cũng có thể là một nghi lễ mùa xuân tiền kitô giáo và phồn thực,,
fleurs-mt/gold-set/opus-mt-vi-en-ct2-cpu,vi-en-mt-1743,MT,vi,vi->en,,,opus-mt-vi-en-ct2-cpu,3.8472,396.72265625,,,5.897427461053446,,,,hầu hết các cách giải thích về quyết định luận công nghệ đều có hai ý tưởng chung bản thân sự phát triển công nghệ đi theo một con đường riêng không chịu sự ảnh hưởng của văn hóa và chính trị và công nghệ có ảnh hưởng ngược lại đến các xã hội vốn có chứ không phải xã hội điều kiện,,
fleurs-mt/gold-set/opus-mt-vi-en-ct2-cpu,vi-en-mt-1730,MT,vi,vi->en,,,opus-mt-vi-en-ct2-cpu,4.4559,396.72265625,,,11.21139859507586,,,,xe buýt xuất phát từ trạm xe buýt liên huyện dọc con sông chạy cả ngày dù chủ yếu đặc biệt là các xe đến phía đông và jakar/bumthang sẽ xuất phát từ lúc 06:30 đến 07:30,,
fleurs-mt/gold-set/opus-mt-vi-en-ct2-cpu,vi-en-mt-1847,MT,vi,vi->en,,,opus-mt-vi-en-ct2-cpu,4.4649,396.72265625,,,3.37470849451182,,,,ông được phó thủ tướng singapore wong kan seng tiếp đón và thảo luận về các vấn đề thương mại và khủng bố với thủ tướng singapore lý hiển long,,
fleurs-mt/gold-set/opus-mt-vi-en-ct2-cpu,vi-en-mt-1874,MT,vi,vi->en,,,opus-mt-vi-en-ct2-cpu,0.3974,396.72265625,,,29.792603363507173,,,,một số người nghĩ rằng ông ấy đã đúng nhưng nhiều người tin điều ngược lại; rằng hệ mặt trời xoay quanh trái đất bao gồm cả mặt trời và cả những ngôi sao khác,,
fleurs-mt/gold-set/opus-mt-vi-en-ct2-cpu,vi-en-mt-1675,MT,vi,vi->en,,,opus-mt-vi-en-ct2-cpu,0.8208,396.72265625,,,20.905249013301397,,,,mọi danh từ kế bên từ sie dành cho bạn luôn bắt đầu bằng một chữ viết hoa ngay cả khi ở giữa câu,,
fleurs-mt/gold-set/opus-mt-vi-en-ct2-cpu,vi-en-mt-1929,MT,vi,vi->en,,,opus-mt-vi-en-ct2-cpu,3.9743,396.72265625,,,1.9144184101006685,,,,del potro có ưu thế sớm trong set thứ hai tuy nhiên thời gian nghỉ giải lao khá ít sau khi đạt tỷ số 6-6,,
fleurs-mt/gold-set/opus-mt-vi-en-ct2-cpu,vi-en-mt-1961,MT,vi,vi->en,,,opus-mt-vi-en-ct2-cpu,3.9293,396.96484375,,,5.080819475793082,,,,một trong những phương pháp phổ biến nhất được sử dụng để minh họa tầm quan trọng của xã hội hóa là dẫn chứng một vài trường hợp đáng tiếc về trẻ em liên quan đến sự bỏ bê bất hạnh hoặc cố ý lạm dụng thiếu tiếp xúc xã hội đến từ người nuôi dưỡng khi trẻ trưởng thành,,
fleurs-mt/gold-set/opus-mt-vi-en-ct2-cpu,vi-en-mt-1707,MT,vi,vi->en,,,opus-mt-vi-en-ct2-cpu,0.5332,396.96484375,,,21.631187459215713,,,,đây là một trong những điểm du lịch thu hút chính của nam phi và nó được coi là nơi chủ đạo thuộc cơ quan vườn quốc gia nam phi sanparks,,
fleurs-mt/gold-set/opus-mt-vi-en-ct2-cpu,vi-en-mt-1748,MT,vi,vi->en,,,opus-mt-vi-en-ct2-cpu,0.1675,396.96484375,,,8.461633959345022,,,,tới 11:35 tối đội cứu hỏa cuối cùng đã dùng nước dập được đám cháy,,
fleurs-mt/gold-set/opus-mt-vi-en-ct2-cpu,vi-en-mt-1931,MT,vi,vi->en,,,opus-mt-vi-en-ct2-cpu,4.1027,396.96484375,,,13.78894112588712,,,,dịch vụ này thường được sử dụng bởi tàu thuyền gồm cả tàu du lịch cũng như các đoàn thám hiểm có nhu cầu trao đổi dữ liệu và giọng nói từ xa,,
fleurs-mt/gold-set/opus-mt-vi-en-ct2-cpu,vi-en-mt-2001,MT,vi,vi->en,,,opus-mt-vi-en-ct2-cpu,1.4122,396.96484375,,,5.34953747029384,,,,du khách được khuyến cáo nên đề phòng mọi rủi ro thời tiết khắc nghiệt ảnh hưởng đến khu vực của họ vì thời tiết khắc nghiệt có thể ảnh hưởng đến bất kỳ kế hoạch du lịch nào,,
fleurs-mt/gold-set/opus-mt-vi-en-ct2-cpu,vi-en-mt-1835,MT,vi,vi->en,,,opus-mt-vi-en-ct2-cpu,0.3492,396.96484375,,,21.324284352170146,,,,không có cảnh báo sóng thần nào được đưa ra và theo cơ quan địa vật lý jakarta sẽ không có cảnh báo sóng thần vì cơn địa chấn chưa đạt tới tiêu chuẩn 6.5 độ richter,,
fleurs-mt/gold-set/opus-mt-vi-en-ct2-cpu,vi-en-mt-1946,MT,vi,vi->en,,,opus-mt-vi-en-ct2-cpu,0.8871,396.96484375,,,1.0959933475393717,,,,các chính sách huỷ có khác nhau tuy nhiên tính đến cuối tháng 3 hầu hết các chính sách huỷ do vi-rút corona đều không cho phép gia hạn đến tháng 7 năm 2020 - thời điểm diễn ra thế vận hội theo kế hoạch,,
fleurs-mt/gold-set/opus-mt-vi-en-ct2-cpu,vi-en-mt-1689,MT,vi,vi->en,,,opus-mt-vi-en-ct2-cpu,0.2792,396.96484375,,,8.10371533925042,,,,châu âu là lục địa tương đối nhỏ nhưng có nhiều quốc gia độc lập thông thường việc đi qua nhiều quốc gia đồng nghĩa với việc phải xin thị thực và xét hộ chiếu nhiều lần,,
fleurs-mt/gold-set/opus-mt-vi-en-ct2-cpu,vi-en-mt-1969,MT,vi,vi->en,,,opus-mt-vi-en-ct2-cpu,3.7555,396.96484375,,,3.1721401133120106,,,,theo quy tắc này vị trí hữu hiệu nhất dành cho chủ thể chính là giao điểm của các đường phân chia hình ảnh thành ba phần theo chiều dọc và chiều ngang xem ví dụ,,
fleurs-mt/gold-set/opus-mt-vi-en-ct2-cpu,vi-en-mt-1854,MT,vi,vi->en,,,opus-mt-vi-en-ct2-cpu,3.8151,396.96484375,,,4.051372365240763,,,,chiếc xe đã được đưa đi khỏi hiện trường tai nạn vào khoảng 12:00 giờ gmt cùng ngày hôm đó,,
fleurs-mt/gold-set/opus-mt-vi-en-ct2-cpu,vi-en-mt-1798,MT,vi,vi->en,,,opus-mt-vi-en-ct2-cpu,3.416,396.96484375,,,4.38256857729659,,,,trong những ngày đầu chương trình chỉ được giới thiệu trên trang web phát thanh dài hạn internet toginet radio một trang web tập trung vào chương trình truyền thanh đối thoại,,
fleurs-mt/gold-set/opus-mt-vi-en-ct2-cpu,vi-en-mt-1804,MT,vi,vi->en,,,opus-mt-vi-en-ct2-cpu,4.143,396.96484375,,,1.4941354345185398,,,,viện tư pháp và dân chủ haiti đã tham khảo các kết quả nghiên cứu độc lập cho thấy tiểu đoàn gìn giữ hòa bình của liên hiệp quốc ở nepal đã vô tình mang mầm bệnh đến haiti,,
fleurs-mt/gold-set/opus-mt-vi-en-ct2-cpu,vi-en-mt-1898,MT,vi,vi->en,,,opus-mt-vi-en-ct2-cpu,0.3502,396.96484375,,,34.045151632989345,,,,"""anh ta [wales] từ đầu đã nói dối chúng tôi. đầu tiên bằng việc làm như thể vì những lý do hợp pháp. thứ nữa bằng việc giả bộ như đang lắng nghe chúng tôi anh ta đã có màn xóa dấu vết đầy ngoạn mục.",,
fleurs-mt/gold-set/opus-mt-vi-en-ct2-cpu,vi-en-mt-1772,MT,vi,vi->en,,,opus-mt-vi-en-ct2-cpu,0.7473,396.96484375,,,3.9239490178721312,,,,vậy là có khả năng chú thích được thêm vào đơn giản chỉ là nhãn đánh dấu,,
fleurs-mt/gold-set/opus-mt-vi-en-ct2-cpu,vi-en-mt-1715,MT,vi,vi->en,,,opus-mt-vi-en-ct2-cpu,5.0137,397.4375,,,3.26570265577889,,,,thông báo thông thường trong khu metro chỉ được phát bằng tiếng catalunya tuy nhiên với những sự cố bất ngờ thì thông báo sẽ được thực hiên qua hệ thống tự động bằng nhiều thứ tiếng gồm tiếng tây ban nha tiếng anh tiếng pháp tiếng ả rập và tiếng nhật,,
fleurs-mt/gold-set/opus-mt-vi-en-ct2-cpu,vi-en-mt-1692,MT,vi,vi->en,,,opus-mt-vi-en-ct2-cpu,0.2163,397.4375,,,2.707657626755448,,,,cơ quan năng lượng hạt nhân nhật bản thông báo đã phát hiện chất xê-zi và i-ốt phóng xạ tại nhà máy này,,
fleurs-mt/gold-set/opus-mt-vi-en-ct2-cpu,vi-en-mt-1932,MT,vi,vi->en,,,opus-mt-vi-en-ct2-cpu,4.4446,397.4375,,,6.04954886528008,,,,năm phút sau khi bắt đầu cuộc trình diễn một cơn gió bắt đầu xuất hiện khoảng một phút sau gió đạt vận tốc 70km/h... sau đó mưa tới với cường độ mạnh và lớn đến nỗi da có cảm giác như bị kim châm sau đó mưa đá xuất hiện mọi người hoảng loạn và la hét và dẫm đạp lên nhau,,
fleurs-mt/gold-set/opus-mt-vi-en-ct2-cpu,gold-mt-00,MT,vi,vi->en,,,opus-mt-vi-en-ct2-cpu,0.5794,397.4375,,,21.36435031981171,,,,Xin hãy đeo kính bảo hộ trước khi vào khu vực làm việc.,,
fleurs-mt/gold-set/opus-mt-vi-en-ct2-cpu,gold-mt-01,MT,vi,vi->en,,,opus-mt-vi-en-ct2-cpu,0.21,397.4375,,,6.986768364373988,,,,Cần kiểm tra áp suất lốp xe nâng mỗi ca làm việc.,,
fleurs-mt/gold-set/opus-mt-vi-en-ct2-cpu,gold-mt-02,MT,vi,vi->en,,,opus-mt-vi-en-ct2-cpu,0.0954,397.4375,,,17.86940056814559,,,,"Máy nén khí đang quá nhiệt, hãy tắt ngay lập tức.",,
fleurs-mt/gold-set/opus-mt-vi-en-ct2-cpu,gold-mt-03,MT,vi,vi->en,,,opus-mt-vi-en-ct2-cpu,0.2198,397.4375,,,20.44800736021839,,,,Kho hàng số tám đã nhận đủ năm mươi thùng hàng.,,
fleurs-mt/gold-set/opus-mt-vi-en-ct2-cpu,gold-mt-04,MT,vi,vi->en,,,opus-mt-vi-en-ct2-cpu,0.1694,397.4375,,,23.397625978961173,,,,Cảnh báo: khu vực này có nguy cơ rơi vật thể từ trên cao.,,
fleurs-mt/gold-set/opus-mt-vi-en-ct2-cpu,gold-mt-05,MT,vi,vi->en,,,opus-mt-vi-en-ct2-cpu,0.3682,397.4375,,,9.093798669760577,,,,Vui lòng giữ khoảng cách hai mét với băng chuyền.,,
fleurs-mt/gold-set/opus-mt-vi-en-ct2-cpu,gold-mt-06,MT,vi,vi->en,,,opus-mt-vi-en-ct2-cpu,0.1075,397.4375,,,11.355085821332205,,,,"Đèn báo hiệu đang nhấp nháy, không được đi qua.",,
fleurs-mt/gold-set/opus-mt-vi-en-ct2-cpu,gold-mt-07,MT,vi,vi->en,,,opus-mt-vi-en-ct2-cpu,0.14,397.4375,,,8.913765521398126,,,,Hôm nay chúng ta xuất kho tổng cộng một trăm hai mươi đơn.,,
fleurs-mt/gold-set/opus-mt-vi-en-ct2-cpu,gold-mt-08,MT,vi,vi->en,,,opus-mt-vi-en-ct2-cpu,0.3862,397.4375,,,1.6023787294278133,,,,"Mặt hàng dễ vỡ, xếp nhẹ tay và dán nhãn cẩn thận.",,
fleurs-mt/gold-set/opus-mt-vi-en-ct2-cpu,gold-mt-09,MT,vi,vi->en,,,opus-mt-vi-en-ct2-cpu,0.1334,397.4375,,,10.343603005129705,,,,Cần bổ sung ba kiện hàng vào chuyến giao buổi chiều.,,
fleurs-mt/gold-set/opus-mt-vi-en-ct2-cpu,gold-mt-10,MT,vi,vi->en,,,opus-mt-vi-en-ct2-cpu,0.1551,397.4375,,,14.211672443220438,,,,"Van an toàn đã mở, xả áp suất dư thừa ra ngoài.",,
fleurs-mt/gold-set/opus-mt-vi-en-ct2-cpu,gold-mt-11,MT,vi,vi->en,,,opus-mt-vi-en-ct2-cpu,0.129,397.4375,,,36.72056269893593,,,,Cấm sử dụng điện thoại di động gần trạm biến áp.,,
