run,item_id,stage,language,direction,snr,noise_type,candidate_id,latency_s,peak_ram_mb,wer,cer,bleu,rtf,notes,audio_ref,input_text,output_audio_path,error
vivos/moonshine-tiny-vi-hf-cpu,vi-asr-VIVOSDEV01_R027-clean,ASR,vi,,,clean,moonshine-tiny-vi-hf-cpu,0.4121,461.66015625,0.4666666666666667,0.21311475409836064,,0.08733245033112583,,eval_data\mixed_vivos\vi_VIVOSDEV01_R027_clean.wav,,,
vivos/moonshine-tiny-vi-hf-cpu,vi-asr-VIVOSDEV01_R027-steady-15,ASR,vi,,15.0,steady,moonshine-tiny-vi-hf-cpu,0.3911,466.390625,0.2,0.08196721311475409,,0.08288211920529802,,eval_data\mixed_vivos\vi_VIVOSDEV01_R027_steady_15.wav,,,
vivos/moonshine-tiny-vi-hf-cpu,vi-asr-VIVOSDEV01_R027-steady-10,ASR,vi,,10.0,steady,moonshine-tiny-vi-hf-cpu,0.4016,466.890625,0.2,0.08196721311475409,,0.08510728476821193,,eval_data\mixed_vivos\vi_VIVOSDEV01_R027_steady_10.wav,,,
vivos/moonshine-tiny-vi-hf-cpu,vi-asr-VIVOSDEV01_R027-steady-5,ASR,vi,,5.0,steady,moonshine-tiny-vi-hf-cpu,0.4019,466.89453125,0.4666666666666667,0.2459016393442623,,0.08517086092715231,,eval_data\mixed_vivos\vi_VIVOSDEV01_R027_steady_5.wav,,,
vivos/moonshine-tiny-vi-hf-cpu,vi-asr-VIVOSDEV01_R027-steady-0,ASR,vi,,0.0,steady,moonshine-tiny-vi-hf-cpu,0.4074,466.90234375,0.5333333333333333,0.32786885245901637,,0.08633642384105959,,eval_data\mixed_vivos\vi_VIVOSDEV01_R027_steady_0.wav,,,
vivos/moonshine-tiny-vi-hf-cpu,vi-asr-VIVOSDEV01_R027-impulsive-15,ASR,vi,,15.0,impulsive,moonshine-tiny-vi-hf-cpu,0.4458,466.90234375,0.26666666666666666,0.09836065573770492,,0.09447417218543046,,eval_data\mixed_vivos\vi_VIVOSDEV01_R027_impulsive_15.wav,,,
vivos/moonshine-tiny-vi-hf-cpu,vi-asr-VIVOSDEV01_R027-impulsive-10,ASR,vi,,10.0,impulsive,moonshine-tiny-vi-hf-cpu,0.4402,468.53125,0.26666666666666666,0.09836065573770492,,0.09328741721854304,,eval_data\mixed_vivos\vi_VIVOSDEV01_R027_impulsive_10.wav,,,
vivos/moonshine-tiny-vi-hf-cpu,vi-asr-VIVOSDEV01_R027-impulsive-5,ASR,vi,,5.0,impulsive,moonshine-tiny-vi-hf-cpu,0.4402,468.53515625,0.26666666666666666,0.09836065573770492,,0.09328741721854304,,eval_data\mixed_vivos\vi_VIVOSDEV01_R027_impulsive_5.wav,,,
vivos/moonshine-tiny-vi-hf-cpu,vi-asr-VIVOSDEV01_R027-impulsive-0,ASR,vi,,0.0,impulsive,moonshine-tiny-vi-hf-cpu,0.4112,468.5390625,0.3333333333333333,0.18032786885245902,,0.08714172185430463,,eval_data\mixed_vivos\vi_VIVOSDEV01_R027_impulsive_0.wav,,,
vivos/moonshine-tiny-vi-hf-cpu,vi-asr-VIVOSDEV01_R044-clean,ASR,vi,,,clean,moonshine-tiny-vi-hf-cpu,0.5022,470.90234375,0.21428571428571427,0.08620689655172414,,0.09622994011976048,,eval_data\mixed_vivos\vi_VIVOSDEV01_R044_clean.wav,,,
vivos/moonshine-tiny-vi-hf-cpu,vi-asr-VIVOSDEV01_R044-steady-15,ASR,vi,,15.0,steady,moonshine-tiny-vi-hf-cpu,0.4635,471.5546875,0.14285714285714285,0.034482758620689655,,0.08881437125748504,,eval_data\mixed_vivos\vi_VIVOSDEV01_R044_steady_15.wav,,,
vivos/moonshine-tiny-vi-hf-cpu,vi-asr-VIVOSDEV01_R044-steady-10,ASR,vi,,10.0,steady,moonshine-tiny-vi-hf-cpu,0.4469,471.5625,0.21428571428571427,0.06896551724137931,,0.08563353293413174,,eval_data\mixed_vivos\vi_VIVOSDEV01_R044_steady_10.wav,,,
vivos/moonshine-tiny-vi-hf-cpu,vi-asr-VIVOSDEV01_R044-steady-5,ASR,vi,,5.0,steady,moonshine-tiny-vi-hf-cpu,0.4362,471.578125,0.5,0.27586206896551724,,0.08358323353293413,,eval_data\mixed_vivos\vi_VIVOSDEV01_R044_steady_5.wav,,,
vivos/moonshine-tiny-vi-hf-cpu,vi-asr-VIVOSDEV01_R044-steady-0,ASR,vi,,0.0,steady,moonshine-tiny-vi-hf-cpu,0.4359,471.59765625,0.7142857142857143,0.41379310344827586,,0.08352574850299402,,eval_data\mixed_vivos\vi_VIVOSDEV01_R044_steady_0.wav,,,
vivos/moonshine-tiny-vi-hf-cpu,vi-asr-VIVOSDEV01_R044-impulsive-15,ASR,vi,,15.0,impulsive,moonshine-tiny-vi-hf-cpu,0.469,471.62109375,0.21428571428571427,0.10344827586206896,,0.08986826347305389,,eval_data\mixed_vivos\vi_VIVOSDEV01_R044_impulsive_15.wav,,,
vivos/moonshine-tiny-vi-hf-cpu,vi-asr-VIVOSDEV01_R044-impulsive-10,ASR,vi,,10.0,impulsive,moonshine-tiny-vi-hf-cpu,0.4571,471.66796875,0.21428571428571427,0.10344827586206896,,0.0875880239520958,,eval_data\mixed_vivos\vi_VIVOSDEV01_R044_impulsive_10.wav,,,
vivos/moonshine-tiny-vi-hf-cpu,vi-asr-VIVOSDEV01_R044-impulsive-5,ASR,vi,,5.0,impulsive,moonshine-tiny-vi-hf-cpu,0.5564,471.6796875,0.42857142857142855,0.27586206896551724,,0.10661556886227545,,eval_data\mixed_vivos\vi_VIVOSDEV01_R044_impulsive_5.wav,,,
vivos/moonshine-tiny-vi-hf-cpu,vi-asr-VIVOSDEV01_R044-impulsive-0,ASR,vi,,0.0,impulsive,moonshine-tiny-vi-hf-cpu,0.4805,471.69921875,0.42857142857142855,0.29310344827586204,,0.09207185628742515,,eval_data\mixed_vivos\vi_VIVOSDEV01_R044_impulsive_0.wav,,,
vivos/moonshine-tiny-vi-hf-cpu,vi-asr-VIVOSDEV01_R086-clean,ASR,vi,,,clean,moonshine-tiny-vi-hf-cpu,0.3837,471.8515625,0.18181818181818182,0.0425531914893617,,0.09301818181818182,,eval_data\mixed_vivos\vi_VIVOSDEV01_R086_clean.wav,,,
vivos/moonshine-tiny-vi-hf-cpu,vi-asr-VIVOSDEV01_R086-steady-15,ASR,vi,,15.0,steady,moonshine-tiny-vi-hf-cpu,0.4043,472.375,0.18181818181818182,0.0425531914893617,,0.09801212121212122,,eval_data\mixed_vivos\vi_VIVOSDEV01_R086_steady_15.wav,,,
vivos/moonshine-tiny-vi-hf-cpu,vi-asr-VIVOSDEV01_R086-steady-10,ASR,vi,,10.0,steady,moonshine-tiny-vi-hf-cpu,0.4839,472.39453125,0.18181818181818182,0.06382978723404255,,0.1173090909090909,,eval_data\mixed_vivos\vi_VIVOSDEV01_R086_steady_10.wav,,,
vivos/moonshine-tiny-vi-hf-cpu,vi-asr-VIVOSDEV01_R086-steady-5,ASR,vi,,5.0,steady,moonshine-tiny-vi-hf-cpu,0.6033,472.40234375,0.2727272727272727,0.10638297872340426,,0.14625454545454544,,eval_data\mixed_vivos\vi_VIVOSDEV01_R086_steady_5.wav,,,
vivos/moonshine-tiny-vi-hf-cpu,vi-asr-VIVOSDEV01_R086-steady-0,ASR,vi,,0.0,steady,moonshine-tiny-vi-hf-cpu,0.6617,472.41796875,0.5454545454545454,0.23404255319148937,,0.1604121212121212,,eval_data\mixed_vivos\vi_VIVOSDEV01_R086_steady_0.wav,,,
vivos/moonshine-tiny-vi-hf-cpu,vi-asr-VIVOSDEV01_R086-impulsive-15,ASR,vi,,15.0,impulsive,moonshine-tiny-vi-hf-cpu,0.5934,472.4296875,0.18181818181818182,0.0425531914893617,,0.14385454545454546,,eval_data\mixed_vivos\vi_VIVOSDEV01_R086_impulsive_15.wav,,,
vivos/moonshine-tiny-vi-hf-cpu,vi-asr-VIVOSDEV01_R086-impulsive-10,ASR,vi,,10.0,impulsive,moonshine-tiny-vi-hf-cpu,0.5516,472.50390625,0.18181818181818182,0.0425531914893617,,0.13372121212121213,,eval_data\mixed_vivos\vi_VIVOSDEV01_R086_impulsive_10.wav,,,
vivos/moonshine-tiny-vi-hf-cpu,vi-asr-VIVOSDEV01_R086-impulsive-5,ASR,vi,,5.0,impulsive,moonshine-tiny-vi-hf-cpu,0.574,472.50390625,0.18181818181818182,0.0425531914893617,,0.13915151515151514,,eval_data\mixed_vivos\vi_VIVOSDEV01_R086_impulsive_5.wav,,,
vivos/moonshine-tiny-vi-hf-cpu,vi-asr-VIVOSDEV01_R086-impulsive-0,ASR,vi,,0.0,impulsive,moonshine-tiny-vi-hf-cpu,0.5479,472.5078125,0.18181818181818182,0.0425531914893617,,0.13282424242424243,,eval_data\mixed_vivos\vi_VIVOSDEV01_R086_impulsive_0.wav,,,
vivos/moonshine-tiny-vi-hf-cpu,vi-asr-VIVOSDEV01_R130-clean,ASR,vi,,,clean,moonshine-tiny-vi-hf-cpu,0.4417,472.6953125,0.18181818181818182,0.03773584905660377,,0.11877647058823529,,eval_data\mixed_vivos\vi_VIVOSDEV01_R130_clean.wav,,,
vivos/moonshine-tiny-vi-hf-cpu,vi-asr-VIVOSDEV01_R130-steady-15,ASR,vi,,15.0,steady,moonshine-tiny-vi-hf-cpu,0.4765,472.96484375,0.2727272727272727,0.07547169811320754,,0.1281344537815126,,eval_data\mixed_vivos\vi_VIVOSDEV01_R130_steady_15.wav,,,
vivos/moonshine-tiny-vi-hf-cpu,vi-asr-VIVOSDEV01_R130-steady-10,ASR,vi,,10.0,steady,moonshine-tiny-vi-hf-cpu,0.5249,472.96484375,0.36363636363636365,0.11320754716981132,,0.14114957983193277,,eval_data\mixed_vivos\vi_VIVOSDEV01_R130_steady_10.wav,,,
vivos/moonshine-tiny-vi-hf-cpu,vi-asr-VIVOSDEV01_R130-steady-5,ASR,vi,,5.0,steady,moonshine-tiny-vi-hf-cpu,0.4864,473.15234375,0.2727272727272727,0.09433962264150944,,0.13079663865546218,,eval_data\mixed_vivos\vi_VIVOSDEV01_R130_steady_5.wav,,,
vivos/moonshine-tiny-vi-hf-cpu,vi-asr-VIVOSDEV01_R130-steady-0,ASR,vi,,0.0,steady,moonshine-tiny-vi-hf-cpu,0.4717,473.15625,0.36363636363636365,0.24528301886792453,,0.1268436974789916,,eval_data\mixed_vivos\vi_VIVOSDEV01_R130_steady_0.wav,,,
vivos/moonshine-tiny-vi-hf-cpu,vi-asr-VIVOSDEV01_R130-impulsive-15,ASR,vi,,15.0,impulsive,moonshine-tiny-vi-hf-cpu,0.5661,473.15625,0.18181818181818182,0.05660377358490566,,0.15222857142857144,,eval_data\mixed_vivos\vi_VIVOSDEV01_R130_impulsive_15.wav,,,
vivos/moonshine-tiny-vi-hf-cpu,vi-asr-VIVOSDEV01_R130-impulsive-10,ASR,vi,,10.0,impulsive,moonshine-tiny-vi-hf-cpu,0.4931,473.15625,0.18181818181818182,0.05660377358490566,,0.13259831932773108,,eval_data\mixed_vivos\vi_VIVOSDEV01_R130_impulsive_10.wav,,,
vivos/moonshine-tiny-vi-hf-cpu,vi-asr-VIVOSDEV01_R130-impulsive-5,ASR,vi,,5.0,impulsive,moonshine-tiny-vi-hf-cpu,0.4437,473.15625,0.18181818181818182,0.07547169811320754,,0.1193142857142857,,eval_data\mixed_vivos\vi_VIVOSDEV01_R130_impulsive_5.wav,,,
vivos/moonshine-tiny-vi-hf-cpu,vi-asr-VIVOSDEV01_R130-impulsive-0,ASR,vi,,0.0,impulsive,moonshine-tiny-vi-hf-cpu,0.4425,473.15625,0.18181818181818182,0.07547169811320754,,0.11899159663865547,,eval_data\mixed_vivos\vi_VIVOSDEV01_R130_impulsive_0.wav,,,
vivos/moonshine-tiny-vi-hf-cpu,vi-asr-VIVOSDEV01_R170-clean,ASR,vi,,,clean,moonshine-tiny-vi-hf-cpu,0.4331,473.54296875,0.36363636363636365,0.11627906976744186,,0.13199238095238094,,eval_data\mixed_vivos\vi_VIVOSDEV01_R170_clean.wav,,,
vivos/moonshine-tiny-vi-hf-cpu,vi-asr-VIVOSDEV01_R170-steady-15,ASR,vi,,15.0,steady,moonshine-tiny-vi-hf-cpu,0.4649,473.74609375,0.2727272727272727,0.13953488372093023,,0.14168380952380952,,eval_data\mixed_vivos\vi_VIVOSDEV01_R170_steady_15.wav,,,
vivos/moonshine-tiny-vi-hf-cpu,vi-asr-VIVOSDEV01_R170-steady-10,ASR,vi,,10.0,steady,moonshine-tiny-vi-hf-cpu,0.4692,473.74609375,0.45454545454545453,0.23255813953488372,,0.1429942857142857,,eval_data\mixed_vivos\vi_VIVOSDEV01_R170_steady_10.wav,,,
vivos/moonshine-tiny-vi-hf-cpu,vi-asr-VIVOSDEV01_R170-steady-5,ASR,vi,,5.0,steady,moonshine-tiny-vi-hf-cpu,0.4517,473.74609375,0.45454545454545453,0.23255813953488372,,0.13766095238095238,,eval_data\mixed_vivos\vi_VIVOSDEV01_R170_steady_5.wav,,,
vivos/moonshine-tiny-vi-hf-cpu,vi-asr-VIVOSDEV01_R170-steady-0,ASR,vi,,0.0,steady,moonshine-tiny-vi-hf-cpu,0.5576,473.74609375,0.7272727272727273,0.5581395348837209,,0.16993523809523808,,eval_data\mixed_vivos\vi_VIVOSDEV01_R170_steady_0.wav,,,
vivos/moonshine-tiny-vi-hf-cpu,vi-asr-VIVOSDEV01_R170-impulsive-15,ASR,vi,,15.0,impulsive,moonshine-tiny-vi-hf-cpu,0.5678,473.74609375,0.2727272727272727,0.06976744186046512,,0.17304380952380952,,eval_data\mixed_vivos\vi_VIVOSDEV01_R170_impulsive_15.wav,,,
vivos/moonshine-tiny-vi-hf-cpu,vi-asr-VIVOSDEV01_R170-impulsive-10,ASR,vi,,10.0,impulsive,moonshine-tiny-vi-hf-cpu,0.4701,473.74609375,0.2727272727272727,0.06976744186046512,,0.14326857142857144,,eval_data\mixed_vivos\vi_VIVOSDEV01_R170_impulsive_10.wav,,,
vivos/moonshine-tiny-vi-hf-cpu,vi-asr-VIVOSDEV01_R170-impulsive-5,ASR,vi,,5.0,impulsive,moonshine-tiny-vi-hf-cpu,0.4449,473.74609375,0.2727272727272727,0.06976744186046512,,0.13558857142857145,,eval_data\mixed_vivos\vi_VIVOSDEV01_R170_impulsive_5.wav,,,
vivos/moonshine-tiny-vi-hf-cpu,vi-asr-VIVOSDEV01_R170-impulsive-0,ASR,vi,,0.0,impulsive,moonshine-tiny-vi-hf-cpu,0.438,473.74609375,0.2727272727272727,0.06976744186046512,,0.1334857142857143,,eval_data\mixed_vivos\vi_VIVOSDEV01_R170_impulsive_0.wav,,,
vivos/moonshine-tiny-vi-hf-cpu,vi-asr-VIVOSDEV01_T038-clean,ASR,vi,,,clean,moonshine-tiny-vi-hf-cpu,0.353,474.5625,0.2222222222222222,0.1388888888888889,,0.1412,,eval_data\mixed_vivos\vi_VIVOSDEV01_T038_clean.wav,,,
vivos/moonshine-tiny-vi-hf-cpu,vi-asr-VIVOSDEV01_T038-steady-15,ASR,vi,,15.0,steady,moonshine-tiny-vi-hf-cpu,0.3762,474.5625,0.2222222222222222,0.1388888888888889,,0.15048,,eval_data\mixed_vivos\vi_VIVOSDEV01_T038_steady_15.wav,,,
vivos/moonshine-tiny-vi-hf-cpu,vi-asr-VIVOSDEV01_T038-steady-10,ASR,vi,,10.0,steady,moonshine-tiny-vi-hf-cpu,0.3608,474.56640625,0.3333333333333333,0.16666666666666666,,0.14432,,eval_data\mixed_vivos\vi_VIVOSDEV01_T038_steady_10.wav,,,
vivos/moonshine-tiny-vi-hf-cpu,vi-asr-VIVOSDEV01_T038-steady-5,ASR,vi,,5.0,steady,moonshine-tiny-vi-hf-cpu,0.3545,474.56640625,0.4444444444444444,0.2777777777777778,,0.14179999999999998,,eval_data\mixed_vivos\vi_VIVOSDEV01_T038_steady_5.wav,,,
vivos/moonshine-tiny-vi-hf-cpu,vi-asr-VIVOSDEV01_T038-steady-0,ASR,vi,,0.0,steady,moonshine-tiny-vi-hf-cpu,0.4275,474.56640625,1.0,0.7222222222222222,,0.17099999999999999,,eval_data\mixed_vivos\vi_VIVOSDEV01_T038_steady_0.wav,,,
vivos/moonshine-tiny-vi-hf-cpu,vi-asr-VIVOSDEV01_T038-impulsive-15,ASR,vi,,15.0,impulsive,moonshine-tiny-vi-hf-cpu,0.3395,474.56640625,0.2222222222222222,0.1388888888888889,,0.1358,,eval_data\mixed_vivos\vi_VIVOSDEV01_T038_impulsive_15.wav,,,
vivos/moonshine-tiny-vi-hf-cpu,vi-asr-VIVOSDEV01_T038-impulsive-10,ASR,vi,,10.0,impulsive,moonshine-tiny-vi-hf-cpu,0.3986,474.56640625,0.2222222222222222,0.16666666666666666,,0.15944,,eval_data\mixed_vivos\vi_VIVOSDEV01_T038_impulsive_10.wav,,,
vivos/moonshine-tiny-vi-hf-cpu,vi-asr-VIVOSDEV01_T038-impulsive-5,ASR,vi,,5.0,impulsive,moonshine-tiny-vi-hf-cpu,0.3491,474.56640625,0.2222222222222222,0.16666666666666666,,0.13964000000000001,,eval_data\mixed_vivos\vi_VIVOSDEV01_T038_impulsive_5.wav,,,
vivos/moonshine-tiny-vi-hf-cpu,vi-asr-VIVOSDEV01_T038-impulsive-0,ASR,vi,,0.0,impulsive,moonshine-tiny-vi-hf-cpu,0.3997,474.56640625,0.2222222222222222,0.1388888888888889,,0.15988,,eval_data\mixed_vivos\vi_VIVOSDEV01_T038_impulsive_0.wav,,,
vivos/moonshine-tiny-vi-hf-cpu,vi-asr-VIVOSDEV02_R031-clean,ASR,vi,,,clean,moonshine-tiny-vi-hf-cpu,0.5774,476.82421875,0.14285714285714285,0.10714285714285714,,0.1074232558139535,,eval_data\mixed_vivos\vi_VIVOSDEV02_R031_clean.wav,,,
vivos/moonshine-tiny-vi-hf-cpu,vi-asr-VIVOSDEV02_R031-steady-15,ASR,vi,,15.0,steady,moonshine-tiny-vi-hf-cpu,0.6675,477.48046875,0.14285714285714285,0.10714285714285714,,0.1241860465116279,,eval_data\mixed_vivos\vi_VIVOSDEV02_R031_steady_15.wav,,,
vivos/moonshine-tiny-vi-hf-cpu,vi-asr-VIVOSDEV02_R031-steady-10,ASR,vi,,10.0,steady,moonshine-tiny-vi-hf-cpu,0.4117,477.80859375,0.2857142857142857,0.19642857142857142,,0.07659534883720931,,eval_data\mixed_vivos\vi_VIVOSDEV02_R031_steady_10.wav,,,
vivos/moonshine-tiny-vi-hf-cpu,vi-asr-VIVOSDEV02_R031-steady-5,ASR,vi,,5.0,steady,moonshine-tiny-vi-hf-cpu,0.3981,477.80859375,0.42857142857142855,0.25,,0.07406511627906977,,eval_data\mixed_vivos\vi_VIVOSDEV02_R031_steady_5.wav,,,
vivos/moonshine-tiny-vi-hf-cpu,vi-asr-VIVOSDEV02_R031-steady-0,ASR,vi,,0.0,steady,moonshine-tiny-vi-hf-cpu,0.5762,477.83203125,0.42857142857142855,0.26785714285714285,,0.1072,,eval_data\mixed_vivos\vi_VIVOSDEV02_R031_steady_0.wav,,,
vivos/moonshine-tiny-vi-hf-cpu,vi-asr-VIVOSDEV02_R031-impulsive-15,ASR,vi,,15.0,impulsive,moonshine-tiny-vi-hf-cpu,0.6014,477.86328125,0.2857142857142857,0.19642857142857142,,0.11188837209302327,,eval_data\mixed_vivos\vi_VIVOSDEV02_R031_impulsive_15.wav,,,
vivos/moonshine-tiny-vi-hf-cpu,vi-asr-VIVOSDEV02_R031-impulsive-10,ASR,vi,,10.0,impulsive,moonshine-tiny-vi-hf-cpu,0.5251,477.86328125,0.2857142857142857,0.19642857142857142,,0.09769302325581396,,eval_data\mixed_vivos\vi_VIVOSDEV02_R031_impulsive_10.wav,,,
vivos/moonshine-tiny-vi-hf-cpu,vi-asr-VIVOSDEV02_R031-impulsive-5,ASR,vi,,5.0,impulsive,moonshine-tiny-vi-hf-cpu,0.7846,477.86328125,0.07142857142857142,0.05357142857142857,,0.1459720930232558,,eval_data\mixed_vivos\vi_VIVOSDEV02_R031_impulsive_5.wav,,,
vivos/moonshine-tiny-vi-hf-cpu,vi-asr-VIVOSDEV02_R031-impulsive-0,ASR,vi,,0.0,impulsive,moonshine-tiny-vi-hf-cpu,0.5726,477.86328125,0.07142857142857142,0.05357142857142857,,0.10653023255813954,,eval_data\mixed_vivos\vi_VIVOSDEV02_R031_impulsive_0.wav,,,
vivos/moonshine-tiny-vi-hf-cpu,vi-asr-VIVOSDEV02_R069-clean,ASR,vi,,,clean,moonshine-tiny-vi-hf-cpu,0.3803,477.86328125,0.4,0.13043478260869565,,0.15212,,eval_data\mixed_vivos\vi_VIVOSDEV02_R069_clean.wav,,,
vivos/moonshine-tiny-vi-hf-cpu,vi-asr-VIVOSDEV02_R069-steady-15,ASR,vi,,15.0,steady,moonshine-tiny-vi-hf-cpu,0.297,477.86328125,0.4,0.13043478260869565,,0.11879999999999999,,eval_data\mixed_vivos\vi_VIVOSDEV02_R069_steady_15.wav,,,
vivos/moonshine-tiny-vi-hf-cpu,vi-asr-VIVOSDEV02_R069-steady-10,ASR,vi,,10.0,steady,moonshine-tiny-vi-hf-cpu,0.209,477.86328125,0.6,0.30434782608695654,,0.0836,,eval_data\mixed_vivos\vi_VIVOSDEV02_R069_steady_10.wav,,,
vivos/moonshine-tiny-vi-hf-cpu,vi-asr-VIVOSDEV02_R069-steady-5,ASR,vi,,5.0,steady,moonshine-tiny-vi-hf-cpu,0.2244,477.86328125,0.2,0.13043478260869565,,0.08975999999999999,,eval_data\mixed_vivos\vi_VIVOSDEV02_R069_steady_5.wav,,,
vivos/moonshine-tiny-vi-hf-cpu,vi-asr-VIVOSDEV02_R069-steady-0,ASR,vi,,0.0,steady,moonshine-tiny-vi-hf-cpu,0.1971,477.86328125,1.0,0.5652173913043478,,0.07884,,eval_data\mixed_vivos\vi_VIVOSDEV02_R069_steady_0.wav,,,
vivos/moonshine-tiny-vi-hf-cpu,vi-asr-VIVOSDEV02_R069-impulsive-15,ASR,vi,,15.0,impulsive,moonshine-tiny-vi-hf-cpu,0.2212,477.86328125,0.4,0.13043478260869565,,0.08848,,eval_data\mixed_vivos\vi_VIVOSDEV02_R069_impulsive_15.wav,,,
vivos/moonshine-tiny-vi-hf-cpu,vi-asr-VIVOSDEV02_R069-impulsive-10,ASR,vi,,10.0,impulsive,moonshine-tiny-vi-hf-cpu,0.2266,477.86328125,0.4,0.13043478260869565,,0.09064,,eval_data\mixed_vivos\vi_VIVOSDEV02_R069_impulsive_10.wav,,,
vivos/moonshine-tiny-vi-hf-cpu,vi-asr-VIVOSDEV02_R069-impulsive-5,ASR,vi,,5.0,impulsive,moonshine-tiny-vi-hf-cpu,0.3839,477.86328125,0.4,0.13043478260869565,,0.15356,,eval_data\mixed_vivos\vi_VIVOSDEV02_R069_impulsive_5.wav,,,
vivos/moonshine-tiny-vi-hf-cpu,vi-asr-VIVOSDEV02_R069-impulsive-0,ASR,vi,,0.0,impulsive,moonshine-tiny-vi-hf-cpu,0.2636,477.86328125,0.4,0.21739130434782608,,0.10544,,eval_data\mixed_vivos\vi_VIVOSDEV02_R069_impulsive_0.wav,,,
vivos/moonshine-tiny-vi-hf-cpu,vi-asr-VIVOSDEV02_R099-clean,ASR,vi,,,clean,moonshine-tiny-vi-hf-cpu,0.9194,478.3203125,0.21428571428571427,0.09433962264150944,,0.18160987654320987,,eval_data\mixed_vivos\vi_VIVOSDEV02_R099_clean.wav,,,
vivos/moonshine-tiny-vi-hf-cpu,vi-asr-VIVOSDEV02_R099-steady-15,ASR,vi,,15.0,steady,moonshine-tiny-vi-hf-cpu,0.7309,478.94140625,0.14285714285714285,0.07547169811320754,,0.14437530864197531,,eval_data\mixed_vivos\vi_VIVOSDEV02_R099_steady_15.wav,,,
vivos/moonshine-tiny-vi-hf-cpu,vi-asr-VIVOSDEV02_R099-steady-10,ASR,vi,,10.0,steady,moonshine-tiny-vi-hf-cpu,1.054,479.25,0.14285714285714285,0.07547169811320754,,0.20819753086419754,,eval_data\mixed_vivos\vi_VIVOSDEV02_R099_steady_10.wav,,,
vivos/moonshine-tiny-vi-hf-cpu,vi-asr-VIVOSDEV02_R099-steady-5,ASR,vi,,5.0,steady,moonshine-tiny-vi-hf-cpu,0.7125,479.25,0.21428571428571427,0.09433962264150944,,0.14074074074074075,,eval_data\mixed_vivos\vi_VIVOSDEV02_R099_steady_5.wav,,,
vivos/moonshine-tiny-vi-hf-cpu,vi-asr-VIVOSDEV02_R099-steady-0,ASR,vi,,0.0,steady,moonshine-tiny-vi-hf-cpu,0.7966,479.25,0.5,0.3018867924528302,,0.15735308641975307,,eval_data\mixed_vivos\vi_VIVOSDEV02_R099_steady_0.wav,,,
vivos/moonshine-tiny-vi-hf-cpu,vi-asr-VIVOSDEV02_R099-impulsive-15,ASR,vi,,15.0,impulsive,moonshine-tiny-vi-hf-cpu,0.6685,479.25,0.35714285714285715,0.09433962264150944,,0.13204938271604938,,eval_data\mixed_vivos\vi_VIVOSDEV02_R099_impulsive_15.wav,,,
vivos/moonshine-tiny-vi-hf-cpu,vi-asr-VIVOSDEV02_R099-impulsive-10,ASR,vi,,10.0,impulsive,moonshine-tiny-vi-hf-cpu,0.7065,479.25,0.14285714285714285,0.03773584905660377,,0.13955555555555557,,eval_data\mixed_vivos\vi_VIVOSDEV02_R099_impulsive_10.wav,,,
vivos/moonshine-tiny-vi-hf-cpu,vi-asr-VIVOSDEV02_R099-impulsive-5,ASR,vi,,5.0,impulsive,moonshine-tiny-vi-hf-cpu,0.8212,479.25,0.14285714285714285,0.05660377358490566,,0.16221234567901235,,eval_data\mixed_vivos\vi_VIVOSDEV02_R099_impulsive_5.wav,,,
vivos/moonshine-tiny-vi-hf-cpu,vi-asr-VIVOSDEV02_R099-impulsive-0,ASR,vi,,0.0,impulsive,moonshine-tiny-vi-hf-cpu,0.9255,479.25,0.21428571428571427,0.16981132075471697,,0.18281481481481482,,eval_data\mixed_vivos\vi_VIVOSDEV02_R099_impulsive_0.wav,,,
vivos/moonshine-tiny-vi-hf-cpu,vi-asr-VIVOSDEV02_R132-clean,ASR,vi,,,clean,moonshine-tiny-vi-hf-cpu,1.1331,479.25,0.36363636363636365,0.1111111111111111,,0.29241290322580643,,eval_data\mixed_vivos\vi_VIVOSDEV02_R132_clean.wav,,,
vivos/moonshine-tiny-vi-hf-cpu,vi-asr-VIVOSDEV02_R132-steady-15,ASR,vi,,15.0,steady,moonshine-tiny-vi-hf-cpu,0.5087,479.25,0.09090909090909091,0.037037037037037035,,0.13127741935483872,,eval_data\mixed_vivos\vi_VIVOSDEV02_R132_steady_15.wav,,,
vivos/moonshine-tiny-vi-hf-cpu,vi-asr-VIVOSDEV02_R132-steady-10,ASR,vi,,10.0,steady,moonshine-tiny-vi-hf-cpu,0.6564,479.7265625,0.2727272727272727,0.09259259259259259,,0.16939354838709678,,eval_data\mixed_vivos\vi_VIVOSDEV02_R132_steady_10.wav,,,
vivos/moonshine-tiny-vi-hf-cpu,vi-asr-VIVOSDEV02_R132-steady-5,ASR,vi,,5.0,steady,moonshine-tiny-vi-hf-cpu,0.5223,479.9140625,0.8181818181818182,0.3148148148148148,,0.13478709677419354,,eval_data\mixed_vivos\vi_VIVOSDEV02_R132_steady_5.wav,,,
vivos/moonshine-tiny-vi-hf-cpu,vi-asr-VIVOSDEV02_R132-steady-0,ASR,vi,,0.0,steady,moonshine-tiny-vi-hf-cpu,0.466,479.9765625,0.7272727272727273,0.35185185185185186,,0.12025806451612904,,eval_data\mixed_vivos\vi_VIVOSDEV02_R132_steady_0.wav,,,
vivos/moonshine-tiny-vi-hf-cpu,vi-asr-VIVOSDEV02_R132-impulsive-15,ASR,vi,,15.0,impulsive,moonshine-tiny-vi-hf-cpu,0.4438,479.9765625,0.45454545454545453,0.16666666666666666,,0.1145290322580645,,eval_data\mixed_vivos\vi_VIVOSDEV02_R132_impulsive_15.wav,,,
vivos/moonshine-tiny-vi-hf-cpu,vi-asr-VIVOSDEV02_R132-impulsive-10,ASR,vi,,10.0,impulsive,moonshine-tiny-vi-hf-cpu,0.4258,479.9765625,0.45454545454545453,0.16666666666666666,,0.10988387096774194,,eval_data\mixed_vivos\vi_VIVOSDEV02_R132_impulsive_10.wav,,,
vivos/moonshine-tiny-vi-hf-cpu,vi-asr-VIVOSDEV02_R132-impulsive-5,ASR,vi,,5.0,impulsive,moonshine-tiny-vi-hf-cpu,0.4595,479.9765625,0.7272727272727273,0.2222222222222222,,0.11858064516129033,,eval_data\mixed_vivos\vi_VIVOSDEV02_R132_impulsive_5.wav,,,
vivos/moonshine-tiny-vi-hf-cpu,vi-asr-VIVOSDEV02_R132-impulsive-0,ASR,vi,,0.0,impulsive,moonshine-tiny-vi-hf-cpu,0.4413,479.9765625,0.7272727272727273,0.25925925925925924,,0.11388387096774194,,eval_data\mixed_vivos\vi_VIVOSDEV02_R132_impulsive_0.wav,,,
vivos/moonshine-tiny-vi-hf-cpu,vi-asr-VIVOSDEV02_R170-clean,ASR,vi,,,clean,moonshine-tiny-vi-hf-cpu,0.3766,481.43359375,0.18181818181818182,0.06818181818181818,,0.07627341772151898,,eval_data\mixed_vivos\vi_VIVOSDEV02_R170_clean.wav,,,
vivos/moonshine-tiny-vi-hf-cpu,vi-asr-VIVOSDEV02_R170-steady-15,ASR,vi,,15.0,steady,moonshine-tiny-vi-hf-cpu,0.3624,482.03515625,0.18181818181818182,0.06818181818181818,,0.07339746835443038,,eval_data\mixed_vivos\vi_VIVOSDEV02_R170_steady_15.wav,,,
vivos/moonshine-tiny-vi-hf-cpu,vi-asr-VIVOSDEV02_R170-steady-10,ASR,vi,,10.0,steady,moonshine-tiny-vi-hf-cpu,0.36,482.34375,0.18181818181818182,0.06818181818181818,,0.0729113924050633,,eval_data\mixed_vivos\vi_VIVOSDEV02_R170_steady_10.wav,,,
vivos/moonshine-tiny-vi-hf-cpu,vi-asr-VIVOSDEV02_R170-steady-5,ASR,vi,,5.0,steady,moonshine-tiny-vi-hf-cpu,0.3933,482.34375,0.2727272727272727,0.13636363636363635,,0.07965569620253164,,eval_data\mixed_vivos\vi_VIVOSDEV02_R170_steady_5.wav,,,
vivos/moonshine-tiny-vi-hf-cpu,vi-asr-VIVOSDEV02_R170-steady-0,ASR,vi,,0.0,steady,moonshine-tiny-vi-hf-cpu,0.4442,482.34375,0.36363636363636365,0.22727272727272727,,0.08996455696202531,,eval_data\mixed_vivos\vi_VIVOSDEV02_R170_steady_0.wav,,,
vivos/moonshine-tiny-vi-hf-cpu,vi-asr-VIVOSDEV02_R170-impulsive-15,ASR,vi,,15.0,impulsive,moonshine-tiny-vi-hf-cpu,0.3571,482.34375,0.18181818181818182,0.06818181818181818,,0.07232405063291139,,eval_data\mixed_vivos\vi_VIVOSDEV02_R170_impulsive_15.wav,,,
vivos/moonshine-tiny-vi-hf-cpu,vi-asr-VIVOSDEV02_R170-impulsive-10,ASR,vi,,10.0,impulsive,moonshine-tiny-vi-hf-cpu,0.3431,482.34375,0.18181818181818182,0.06818181818181818,,0.06948860759493672,,eval_data\mixed_vivos\vi_VIVOSDEV02_R170_impulsive_10.wav,,,
vivos/moonshine-tiny-vi-hf-cpu,vi-asr-VIVOSDEV02_R170-impulsive-5,ASR,vi,,5.0,impulsive,moonshine-tiny-vi-hf-cpu,0.4177,482.34375,0.45454545454545453,0.25,,0.08459746835443038,,eval_data\mixed_vivos\vi_VIVOSDEV02_R170_impulsive_5.wav,,,
vivos/moonshine-tiny-vi-hf-cpu,vi-asr-VIVOSDEV02_R170-impulsive-0,ASR,vi,,0.0,impulsive,moonshine-tiny-vi-hf-cpu,0.4092,482.34375,0.45454545454545453,0.25,,0.08287594936708861,,eval_data\mixed_vivos\vi_VIVOSDEV02_R170_impulsive_0.wav,,,
vivos/moonshine-tiny-vi-hf-cpu,vi-asr-VIVOSDEV02_T043-clean,ASR,vi,,,clean,moonshine-tiny-vi-hf-cpu,0.3704,482.44140625,0.09090909090909091,0.022727272727272728,,0.09795702479338843,,eval_data\mixed_vivos\vi_VIVOSDEV02_T043_clean.wav,,,
vivos/moonshine-tiny-vi-hf-cpu,vi-asr-VIVOSDEV02_T043-steady-15,ASR,vi,,15.0,steady,moonshine-tiny-vi-hf-cpu,0.3793,482.6640625,0.09090909090909091,0.022727272727272728,,0.1003107438016529,,eval_data\mixed_vivos\vi_VIVOSDEV02_T043_steady_15.wav,,,
vivos/moonshine-tiny-vi-hf-cpu,vi-asr-VIVOSDEV02_T043-steady-10,ASR,vi,,10.0,steady,moonshine-tiny-vi-hf-cpu,0.3697,482.6640625,0.09090909090909091,0.022727272727272728,,0.09777190082644627,,eval_data\mixed_vivos\vi_VIVOSDEV02_T043_steady_10.wav,,,
vivos/moonshine-tiny-vi-hf-cpu,vi-asr-VIVOSDEV02_T043-steady-5,ASR,vi,,5.0,steady,moonshine-tiny-vi-hf-cpu,0.3606,482.6640625,0.18181818181818182,0.045454545454545456,,0.09536528925619835,,eval_data\mixed_vivos\vi_VIVOSDEV02_T043_steady_5.wav,,,
vivos/moonshine-tiny-vi-hf-cpu,vi-asr-VIVOSDEV02_T043-steady-0,ASR,vi,,0.0,steady,moonshine-tiny-vi-hf-cpu,0.3503,482.6640625,0.6363636363636364,0.36363636363636365,,0.09264132231404959,,eval_data\mixed_vivos\vi_VIVOSDEV02_T043_steady_0.wav,,,
vivos/moonshine-tiny-vi-hf-cpu,vi-asr-VIVOSDEV02_T043-impulsive-15,ASR,vi,,15.0,impulsive,moonshine-tiny-vi-hf-cpu,0.38,482.6640625,0.09090909090909091,0.022727272727272728,,0.10049586776859504,,eval_data\mixed_vivos\vi_VIVOSDEV02_T043_impulsive_15.wav,,,
vivos/moonshine-tiny-vi-hf-cpu,vi-asr-VIVOSDEV02_T043-impulsive-10,ASR,vi,,10.0,impulsive,moonshine-tiny-vi-hf-cpu,0.392,482.6640625,0.09090909090909091,0.022727272727272728,,0.10366942148760332,,eval_data\mixed_vivos\vi_VIVOSDEV02_T043_impulsive_10.wav,,,
vivos/moonshine-tiny-vi-hf-cpu,vi-asr-VIVOSDEV02_T043-impulsive-5,ASR,vi,,5.0,impulsive,moonshine-tiny-vi-hf-cpu,0.3855,482.6640625,0.09090909090909091,0.022727272727272728,,0.1019504132231405,,eval_data\mixed_vivos\vi_VIVOSDEV02_T043_impulsive_5.wav,,,
vivos/moonshine-tiny-vi-hf-cpu,vi-asr-VIVOSDEV02_T043-impulsive-0,ASR,vi,,0.0,impulsive,moonshine-tiny-vi-hf-cpu,0.3138,482.6640625,0.09090909090909091,0.022727272727272728,,0.08298842975206612,,eval_data\mixed_vivos\vi_VIVOSDEV02_T043_impulsive_0.wav,,,
vivos/moonshine-tiny-vi-hf-cpu,vi-asr-VIVOSDEV03_R041-clean,ASR,vi,,,clean,moonshine-tiny-vi-hf-cpu,0.3166,483.11328125,0.0,0.0,,0.10777872340425532,,eval_data\mixed_vivos\vi_VIVOSDEV03_R041_clean.wav,,,
vivos/moonshine-tiny-vi-hf-cpu,vi-asr-VIVOSDEV03_R041-steady-15,ASR,vi,,15.0,steady,moonshine-tiny-vi-hf-cpu,0.406,483.11328125,0.0,0.0,,0.13821276595744683,,eval_data\mixed_vivos\vi_VIVOSDEV03_R041_steady_15.wav,,,
vivos/moonshine-tiny-vi-hf-cpu,vi-asr-VIVOSDEV03_R041-steady-10,ASR,vi,,10.0,steady,moonshine-tiny-vi-hf-cpu,0.3163,483.11328125,0.0,0.0,,0.10767659574468086,,eval_data\mixed_vivos\vi_VIVOSDEV03_R041_steady_10.wav,,,
vivos/moonshine-tiny-vi-hf-cpu,vi-asr-VIVOSDEV03_R041-steady-5,ASR,vi,,5.0,steady,moonshine-tiny-vi-hf-cpu,0.2905,483.11328125,0.0,0.0,,0.0988936170212766,,eval_data\mixed_vivos\vi_VIVOSDEV03_R041_steady_5.wav,,,
vivos/moonshine-tiny-vi-hf-cpu,vi-asr-VIVOSDEV03_R041-steady-0,ASR,vi,,0.0,steady,moonshine-tiny-vi-hf-cpu,0.3024,483.11328125,0.3333333333333333,0.19444444444444445,,0.10294468085106383,,eval_data\mixed_vivos\vi_VIVOSDEV03_R041_steady_0.wav,,,
vivos/moonshine-tiny-vi-hf-cpu,vi-asr-VIVOSDEV03_R041-impulsive-15,ASR,vi,,15.0,impulsive,moonshine-tiny-vi-hf-cpu,0.3256,483.11328125,0.0,0.0,,0.11084255319148936,,eval_data\mixed_vivos\vi_VIVOSDEV03_R041_impulsive_15.wav,,,
vivos/moonshine-tiny-vi-hf-cpu,vi-asr-VIVOSDEV03_R041-impulsive-10,ASR,vi,,10.0,impulsive,moonshine-tiny-vi-hf-cpu,0.2949,483.11328125,0.0,0.0,,0.10039148936170213,,eval_data\mixed_vivos\vi_VIVOSDEV03_R041_impulsive_10.wav,,,
vivos/moonshine-tiny-vi-hf-cpu,vi-asr-VIVOSDEV03_R041-impulsive-5,ASR,vi,,5.0,impulsive,moonshine-tiny-vi-hf-cpu,0.325,483.11328125,0.1111111111111111,0.05555555555555555,,0.11063829787234043,,eval_data\mixed_vivos\vi_VIVOSDEV03_R041_impulsive_5.wav,,,
vivos/moonshine-tiny-vi-hf-cpu,vi-asr-VIVOSDEV03_R041-impulsive-0,ASR,vi,,0.0,impulsive,moonshine-tiny-vi-hf-cpu,0.5141,483.11328125,0.1111111111111111,0.05555555555555555,,0.1750127659574468,,eval_data\mixed_vivos\vi_VIVOSDEV03_R041_impulsive_0.wav,,,
vivos/moonshine-tiny-vi-hf-cpu,vi-asr-VIVOSDEV03_R082-clean,ASR,vi,,,clean,moonshine-tiny-vi-hf-cpu,0.4911,484.125,0.0,0.0,,0.12472380952380951,,eval_data\mixed_vivos\vi_VIVOSDEV03_R082_clean.wav,,,
vivos/moonshine-tiny-vi-hf-cpu,vi-asr-VIVOSDEV03_R082-steady-15,ASR,vi,,15.0,steady,moonshine-tiny-vi-hf-cpu,0.475,484.36328125,0.08333333333333333,0.058823529411764705,,0.12063492063492062,,eval_data\mixed_vivos\vi_VIVOSDEV03_R082_steady_15.wav,,,
vivos/moonshine-tiny-vi-hf-cpu,vi-asr-VIVOSDEV03_R082-steady-10,ASR,vi,,10.0,steady,moonshine-tiny-vi-hf-cpu,0.4833,484.36328125,0.08333333333333333,0.058823529411764705,,0.12274285714285714,,eval_data\mixed_vivos\vi_VIVOSDEV03_R082_steady_10.wav,,,
vivos/moonshine-tiny-vi-hf-cpu,vi-asr-VIVOSDEV03_R082-steady-5,ASR,vi,,5.0,steady,moonshine-tiny-vi-hf-cpu,0.4656,484.36328125,0.08333333333333333,0.058823529411764705,,0.11824761904761905,,eval_data\mixed_vivos\vi_VIVOSDEV03_R082_steady_5.wav,,,
vivos/moonshine-tiny-vi-hf-cpu,vi-asr-VIVOSDEV03_R082-steady-0,ASR,vi,,0.0,steady,moonshine-tiny-vi-hf-cpu,0.4702,484.36328125,0.3333333333333333,0.17647058823529413,,0.11941587301587302,,eval_data\mixed_vivos\vi_VIVOSDEV03_R082_steady_0.wav,,,
vivos/moonshine-tiny-vi-hf-cpu,vi-asr-VIVOSDEV03_R082-impulsive-15,ASR,vi,,15.0,impulsive,moonshine-tiny-vi-hf-cpu,0.4102,484.36328125,0.0,0.0,,0.10417777777777779,,eval_data\mixed_vivos\vi_VIVOSDEV03_R082_impulsive_15.wav,,,
vivos/moonshine-tiny-vi-hf-cpu,vi-asr-VIVOSDEV03_R082-impulsive-10,ASR,vi,,10.0,impulsive,moonshine-tiny-vi-hf-cpu,0.4677,484.36328125,0.08333333333333333,0.0392156862745098,,0.11878095238095238,,eval_data\mixed_vivos\vi_VIVOSDEV03_R082_impulsive_10.wav,,,
vivos/moonshine-tiny-vi-hf-cpu,vi-asr-VIVOSDEV03_R082-impulsive-5,ASR,vi,,5.0,impulsive,moonshine-tiny-vi-hf-cpu,0.4666,484.36328125,0.08333333333333333,0.0392156862745098,,0.1185015873015873,,eval_data\mixed_vivos\vi_VIVOSDEV03_R082_impulsive_5.wav,,,
vivos/moonshine-tiny-vi-hf-cpu,vi-asr-VIVOSDEV03_R082-impulsive-0,ASR,vi,,0.0,impulsive,moonshine-tiny-vi-hf-cpu,0.4511,484.36328125,0.16666666666666666,0.058823529411764705,,0.11456507936507937,,eval_data\mixed_vivos\vi_VIVOSDEV03_R082_impulsive_0.wav,,,
vivos/moonshine-tiny-vi-hf-cpu,vi-asr-VIVOSDEV03_R117-clean,ASR,vi,,,clean,moonshine-tiny-vi-hf-cpu,0.3056,484.65234375,0.0,0.0,,0.17156491228070175,,eval_data\mixed_vivos\vi_VIVOSDEV03_R117_clean.wav,,,
vivos/moonshine-tiny-vi-hf-cpu,vi-asr-VIVOSDEV03_R117-steady-15,ASR,vi,,15.0,steady,moonshine-tiny-vi-hf-cpu,0.2841,484.65234375,0.0,0.0,,0.15949473684210527,,eval_data\mixed_vivos\vi_VIVOSDEV03_R117_steady_15.wav,,,
vivos/moonshine-tiny-vi-hf-cpu,vi-asr-VIVOSDEV03_R117-steady-10,ASR,vi,,10.0,steady,moonshine-tiny-vi-hf-cpu,0.2857,484.65234375,0.0,0.0,,0.16039298245614036,,eval_data\mixed_vivos\vi_VIVOSDEV03_R117_steady_10.wav,,,
vivos/moonshine-tiny-vi-hf-cpu,vi-asr-VIVOSDEV03_R117-steady-5,ASR,vi,,5.0,steady,moonshine-tiny-vi-hf-cpu,0.3059,484.65234375,0.0,0.0,,0.17173333333333335,,eval_data\mixed_vivos\vi_VIVOSDEV03_R117_steady_5.wav,,,
vivos/moonshine-tiny-vi-hf-cpu,vi-asr-VIVOSDEV03_R117-steady-0,ASR,vi,,0.0,steady,moonshine-tiny-vi-hf-cpu,0.6203,484.65234375,0.7142857142857143,0.6551724137931034,,0.34823859649122807,,eval_data\mixed_vivos\vi_VIVOSDEV03_R117_steady_0.wav,,,
vivos/moonshine-tiny-vi-hf-cpu,vi-asr-VIVOSDEV03_R117-impulsive-15,ASR,vi,,15.0,impulsive,moonshine-tiny-vi-hf-cpu,0.2808,484.65234375,0.0,0.0,,0.1576421052631579,,eval_data\mixed_vivos\vi_VIVOSDEV03_R117_impulsive_15.wav,,,
vivos/moonshine-tiny-vi-hf-cpu,vi-asr-VIVOSDEV03_R117-impulsive-10,ASR,vi,,10.0,impulsive,moonshine-tiny-vi-hf-cpu,0.3167,484.65234375,0.0,0.0,,0.17779649122807017,,eval_data\mixed_vivos\vi_VIVOSDEV03_R117_impulsive_10.wav,,,
vivos/moonshine-tiny-vi-hf-cpu,vi-asr-VIVOSDEV03_R117-impulsive-5,ASR,vi,,5.0,impulsive,moonshine-tiny-vi-hf-cpu,0.2747,484.65234375,0.0,0.0,,0.15421754385964911,,eval_data\mixed_vivos\vi_VIVOSDEV03_R117_impulsive_5.wav,,,
vivos/moonshine-tiny-vi-hf-cpu,vi-asr-VIVOSDEV03_R117-impulsive-0,ASR,vi,,0.0,impulsive,moonshine-tiny-vi-hf-cpu,0.2857,484.65234375,0.0,0.0,,0.16039298245614036,,eval_data\mixed_vivos\vi_VIVOSDEV03_R117_impulsive_0.wav,,,
vivos/moonshine-tiny-vi-hf-cpu,vi-asr-VIVOSDEV03_R148-clean,ASR,vi,,,clean,moonshine-tiny-vi-hf-cpu,0.463,485.453125,0.1,0.06976744186046512,,0.15433333333333335,,eval_data\mixed_vivos\vi_VIVOSDEV03_R148_clean.wav,,,
vivos/moonshine-tiny-vi-hf-cpu,vi-asr-VIVOSDEV03_R148-steady-15,ASR,vi,,15.0,steady,moonshine-tiny-vi-hf-cpu,0.4696,485.453125,0.1,0.06976744186046512,,0.15653333333333333,,eval_data\mixed_vivos\vi_VIVOSDEV03_R148_steady_15.wav,,,
vivos/moonshine-tiny-vi-hf-cpu,vi-asr-VIVOSDEV03_R148-steady-10,ASR,vi,,10.0,steady,moonshine-tiny-vi-hf-cpu,0.4971,485.453125,0.2,0.11627906976744186,,0.1657,,eval_data\mixed_vivos\vi_VIVOSDEV03_R148_steady_10.wav,,,
vivos/moonshine-tiny-vi-hf-cpu,vi-asr-VIVOSDEV03_R148-steady-5,ASR,vi,,5.0,steady,moonshine-tiny-vi-hf-cpu,0.4539,485.453125,0.4,0.16279069767441862,,0.15130000000000002,,eval_data\mixed_vivos\vi_VIVOSDEV03_R148_steady_5.wav,,,
vivos/moonshine-tiny-vi-hf-cpu,vi-asr-VIVOSDEV03_R148-steady-0,ASR,vi,,0.0,steady,moonshine-tiny-vi-hf-cpu,0.4846,485.453125,0.5,0.32558139534883723,,0.16153333333333333,,eval_data\mixed_vivos\vi_VIVOSDEV03_R148_steady_0.wav,,,
vivos/moonshine-tiny-vi-hf-cpu,vi-asr-VIVOSDEV03_R148-impulsive-15,ASR,vi,,15.0,impulsive,moonshine-tiny-vi-hf-cpu,0.5036,485.453125,0.1,0.06976744186046512,,0.1678666666666667,,eval_data\mixed_vivos\vi_VIVOSDEV03_R148_impulsive_15.wav,,,
vivos/moonshine-tiny-vi-hf-cpu,vi-asr-VIVOSDEV03_R148-impulsive-10,ASR,vi,,10.0,impulsive,moonshine-tiny-vi-hf-cpu,0.4548,485.453125,0.1,0.06976744186046512,,0.15159999999999998,,eval_data\mixed_vivos\vi_VIVOSDEV03_R148_impulsive_10.wav,,,
vivos/moonshine-tiny-vi-hf-cpu,vi-asr-VIVOSDEV03_R148-impulsive-5,ASR,vi,,5.0,impulsive,moonshine-tiny-vi-hf-cpu,0.4897,485.453125,0.1,0.06976744186046512,,0.16323333333333334,,eval_data\mixed_vivos\vi_VIVOSDEV03_R148_impulsive_5.wav,,,
vivos/moonshine-tiny-vi-hf-cpu,vi-asr-VIVOSDEV03_R148-impulsive-0,ASR,vi,,0.0,impulsive,moonshine-tiny-vi-hf-cpu,0.4407,485.453125,0.1,0.06976744186046512,,0.1469,,eval_data\mixed_vivos\vi_VIVOSDEV03_R148_impulsive_0.wav,,,
vivos/moonshine-tiny-vi-hf-cpu,vi-asr-VIVOSDEV03_R191-clean,ASR,vi,,,clean,moonshine-tiny-vi-hf-cpu,0.2528,486.00390625,0.25,0.06666666666666667,,0.14980740740740742,,eval_data\mixed_vivos\vi_VIVOSDEV03_R191_clean.wav,,,
vivos/moonshine-tiny-vi-hf-cpu,vi-asr-VIVOSDEV03_R191-steady-15,ASR,vi,,15.0,steady,moonshine-tiny-vi-hf-cpu,0.1978,486.00390625,0.25,0.06666666666666667,,0.11721481481481481,,eval_data\mixed_vivos\vi_VIVOSDEV03_R191_steady_15.wav,,,
vivos/moonshine-tiny-vi-hf-cpu,vi-asr-VIVOSDEV03_R191-steady-10,ASR,vi,,10.0,steady,moonshine-tiny-vi-hf-cpu,0.2087,486.00390625,0.25,0.06666666666666667,,0.12367407407407408,,eval_data\mixed_vivos\vi_VIVOSDEV03_R191_steady_10.wav,,,
vivos/moonshine-tiny-vi-hf-cpu,vi-asr-VIVOSDEV03_R191-steady-5,ASR,vi,,5.0,steady,moonshine-tiny-vi-hf-cpu,0.1747,486.00390625,0.5,0.26666666666666666,,0.10352592592592592,,eval_data\mixed_vivos\vi_VIVOSDEV03_R191_steady_5.wav,,,
vivos/moonshine-tiny-vi-hf-cpu,vi-asr-VIVOSDEV03_R191-steady-0,ASR,vi,,0.0,steady,moonshine-tiny-vi-hf-cpu,0.1892,486.00390625,0.75,0.5333333333333333,,0.11211851851851852,,eval_data\mixed_vivos\vi_VIVOSDEV03_R191_steady_0.wav,,,
vivos/moonshine-tiny-vi-hf-cpu,vi-asr-VIVOSDEV03_R191-impulsive-15,ASR,vi,,15.0,impulsive,moonshine-tiny-vi-hf-cpu,0.2497,486.00390625,0.25,0.06666666666666667,,0.14797037037037036,,eval_data\mixed_vivos\vi_VIVOSDEV03_R191_impulsive_15.wav,,,
vivos/moonshine-tiny-vi-hf-cpu,vi-asr-VIVOSDEV03_R191-impulsive-10,ASR,vi,,10.0,impulsive,moonshine-tiny-vi-hf-cpu,0.1939,486.00390625,0.25,0.06666666666666667,,0.1149037037037037,,eval_data\mixed_vivos\vi_VIVOSDEV03_R191_impulsive_10.wav,,,
vivos/moonshine-tiny-vi-hf-cpu,vi-asr-VIVOSDEV03_R191-impulsive-5,ASR,vi,,5.0,impulsive,moonshine-tiny-vi-hf-cpu,0.1984,486.00390625,0.25,0.06666666666666667,,0.11757037037037037,,eval_data\mixed_vivos\vi_VIVOSDEV03_R191_impulsive_5.wav,,,
vivos/moonshine-tiny-vi-hf-cpu,vi-asr-VIVOSDEV03_R191-impulsive-0,ASR,vi,,0.0,impulsive,moonshine-tiny-vi-hf-cpu,0.2089,486.00390625,0.5,0.26666666666666666,,0.12379259259259259,,eval_data\mixed_vivos\vi_VIVOSDEV03_R191_impulsive_0.wav,,,
vivos/moonshine-tiny-vi-hf-cpu,vi-asr-VIVOSDEV03_T047-clean,ASR,vi,,,clean,moonshine-tiny-vi-hf-cpu,0.2547,486.703125,0.0,0.0,,0.11164931506849314,,eval_data\mixed_vivos\vi_VIVOSDEV03_T047_clean.wav,,,
vivos/moonshine-tiny-vi-hf-cpu,vi-asr-VIVOSDEV03_T047-steady-15,ASR,vi,,15.0,steady,moonshine-tiny-vi-hf-cpu,0.2643,486.703125,0.0,0.0,,0.11585753424657533,,eval_data\mixed_vivos\vi_VIVOSDEV03_T047_steady_15.wav,,,
vivos/moonshine-tiny-vi-hf-cpu,vi-asr-VIVOSDEV03_T047-steady-10,ASR,vi,,10.0,steady,moonshine-tiny-vi-hf-cpu,0.2828,486.703125,0.0,0.0,,0.12396712328767123,,eval_data\mixed_vivos\vi_VIVOSDEV03_T047_steady_10.wav,,,
vivos/moonshine-tiny-vi-hf-cpu,vi-asr-VIVOSDEV03_T047-steady-5,ASR,vi,,5.0,steady,moonshine-tiny-vi-hf-cpu,0.2997,486.703125,0.0,0.0,,0.13137534246575344,,eval_data\mixed_vivos\vi_VIVOSDEV03_T047_steady_5.wav,,,
vivos/moonshine-tiny-vi-hf-cpu,vi-asr-VIVOSDEV03_T047-steady-0,ASR,vi,,0.0,steady,moonshine-tiny-vi-hf-cpu,0.2979,486.703125,0.5714285714285714,0.29411764705882354,,0.13058630136986302,,eval_data\mixed_vivos\vi_VIVOSDEV03_T047_steady_0.wav,,,
vivos/moonshine-tiny-vi-hf-cpu,vi-asr-VIVOSDEV03_T047-impulsive-15,ASR,vi,,15.0,impulsive,moonshine-tiny-vi-hf-cpu,0.2971,486.703125,0.0,0.0,,0.13023561643835616,,eval_data\mixed_vivos\vi_VIVOSDEV03_T047_impulsive_15.wav,,,
vivos/moonshine-tiny-vi-hf-cpu,vi-asr-VIVOSDEV03_T047-impulsive-10,ASR,vi,,10.0,impulsive,moonshine-tiny-vi-hf-cpu,0.2882,486.703125,0.2857142857142857,0.08823529411764706,,0.12633424657534248,,eval_data\mixed_vivos\vi_VIVOSDEV03_T047_impulsive_10.wav,,,
vivos/moonshine-tiny-vi-hf-cpu,vi-asr-VIVOSDEV03_T047-impulsive-5,ASR,vi,,5.0,impulsive,moonshine-tiny-vi-hf-cpu,0.2679,486.703125,0.2857142857142857,0.08823529411764706,,0.11743561643835618,,eval_data\mixed_vivos\vi_VIVOSDEV03_T047_impulsive_5.wav,,,
vivos/moonshine-tiny-vi-hf-cpu,vi-asr-VIVOSDEV03_T047-impulsive-0,ASR,vi,,0.0,impulsive,moonshine-tiny-vi-hf-cpu,0.3273,486.703125,0.5714285714285714,0.23529411764705882,,0.14347397260273972,,eval_data\mixed_vivos\vi_VIVOSDEV03_T047_impulsive_0.wav,,,
vivos/moonshine-tiny-vi-hf-cpu,vi-asr-VIVOSDEV04_R002-clean,ASR,vi,,,clean,moonshine-tiny-vi-hf-cpu,0.5112,487.1171875,0.0,0.0,,0.15146666666666667,,eval_data\mixed_vivos\vi_VIVOSDEV04_R002_clean.wav,,,
vivos/moonshine-tiny-vi-hf-cpu,vi-asr-VIVOSDEV04_R002-steady-15,ASR,vi,,15.0,steady,moonshine-tiny-vi-hf-cpu,0.3749,487.1171875,0.0,0.0,,0.11108148148148149,,eval_data\mixed_vivos\vi_VIVOSDEV04_R002_steady_15.wav,,,
vivos/moonshine-tiny-vi-hf-cpu,vi-asr-VIVOSDEV04_R002-steady-10,ASR,vi,,10.0,steady,moonshine-tiny-vi-hf-cpu,0.4221,487.1171875,0.0,0.0,,0.12506666666666666,,eval_data\mixed_vivos\vi_VIVOSDEV04_R002_steady_10.wav,,,
vivos/moonshine-tiny-vi-hf-cpu,vi-asr-VIVOSDEV04_R002-steady-5,ASR,vi,,5.0,steady,moonshine-tiny-vi-hf-cpu,0.3897,487.1171875,0.0,0.0,,0.11546666666666666,,eval_data\mixed_vivos\vi_VIVOSDEV04_R002_steady_5.wav,,,
vivos/moonshine-tiny-vi-hf-cpu,vi-asr-VIVOSDEV04_R002-steady-0,ASR,vi,,0.0,steady,moonshine-tiny-vi-hf-cpu,0.3916,487.1171875,0.0,0.0,,0.11602962962962964,,eval_data\mixed_vivos\vi_VIVOSDEV04_R002_steady_0.wav,,,
vivos/moonshine-tiny-vi-hf-cpu,vi-asr-VIVOSDEV04_R002-impulsive-15,ASR,vi,,15.0,impulsive,moonshine-tiny-vi-hf-cpu,0.4006,487.1171875,0.0,0.0,,0.1186962962962963,,eval_data\mixed_vivos\vi_VIVOSDEV04_R002_impulsive_15.wav,,,
vivos/moonshine-tiny-vi-hf-cpu,vi-asr-VIVOSDEV04_R002-impulsive-10,ASR,vi,,10.0,impulsive,moonshine-tiny-vi-hf-cpu,0.3709,487.1171875,0.0,0.0,,0.1098962962962963,,eval_data\mixed_vivos\vi_VIVOSDEV04_R002_impulsive_10.wav,,,
vivos/moonshine-tiny-vi-hf-cpu,vi-asr-VIVOSDEV04_R002-impulsive-5,ASR,vi,,5.0,impulsive,moonshine-tiny-vi-hf-cpu,0.3945,487.1171875,0.0,0.0,,0.11688888888888889,,eval_data\mixed_vivos\vi_VIVOSDEV04_R002_impulsive_5.wav,,,
vivos/moonshine-tiny-vi-hf-cpu,vi-asr-VIVOSDEV04_R002-impulsive-0,ASR,vi,,0.0,impulsive,moonshine-tiny-vi-hf-cpu,0.425,487.1171875,0.0,0.0,,0.1259259259259259,,eval_data\mixed_vivos\vi_VIVOSDEV04_R002_impulsive_0.wav,,,
vivos/moonshine-tiny-vi-hf-cpu,vi-asr-VIVOSDEV04_R063-clean,ASR,vi,,,clean,moonshine-tiny-vi-hf-cpu,0.3206,488.01171875,0.14285714285714285,0.034482758620689655,,0.08273548387096774,,eval_data\mixed_vivos\vi_VIVOSDEV04_R063_clean.wav,,,
vivos/moonshine-tiny-vi-hf-cpu,vi-asr-VIVOSDEV04_R063-steady-15,ASR,vi,,15.0,steady,moonshine-tiny-vi-hf-cpu,0.3386,488.01171875,0.2857142857142857,0.06896551724137931,,0.08738064516129032,,eval_data\mixed_vivos\vi_VIVOSDEV04_R063_steady_15.wav,,,
vivos/moonshine-tiny-vi-hf-cpu,vi-asr-VIVOSDEV04_R063-steady-10,ASR,vi,,10.0,steady,moonshine-tiny-vi-hf-cpu,0.3595,488.01171875,0.42857142857142855,0.1724137931034483,,0.09277419354838709,,eval_data\mixed_vivos\vi_VIVOSDEV04_R063_steady_10.wav,,,
vivos/moonshine-tiny-vi-hf-cpu,vi-asr-VIVOSDEV04_R063-steady-5,ASR,vi,,5.0,steady,moonshine-tiny-vi-hf-cpu,0.3299,488.01171875,0.42857142857142855,0.1724137931034483,,0.08513548387096775,,eval_data\mixed_vivos\vi_VIVOSDEV04_R063_steady_5.wav,,,
vivos/moonshine-tiny-vi-hf-cpu,vi-asr-VIVOSDEV04_R063-steady-0,ASR,vi,,0.0,steady,moonshine-tiny-vi-hf-cpu,0.373,488.01171875,0.2857142857142857,0.13793103448275862,,0.09625806451612903,,eval_data\mixed_vivos\vi_VIVOSDEV04_R063_steady_0.wav,,,
vivos/moonshine-tiny-vi-hf-cpu,vi-asr-VIVOSDEV04_R063-impulsive-15,ASR,vi,,15.0,impulsive,moonshine-tiny-vi-hf-cpu,0.382,488.01171875,0.0,0.0,,0.09858064516129032,,eval_data\mixed_vivos\vi_VIVOSDEV04_R063_impulsive_15.wav,,,
vivos/moonshine-tiny-vi-hf-cpu,vi-asr-VIVOSDEV04_R063-impulsive-10,ASR,vi,,10.0,impulsive,moonshine-tiny-vi-hf-cpu,0.4466,488.57421875,0.0,0.0,,0.1152516129032258,,eval_data\mixed_vivos\vi_VIVOSDEV04_R063_impulsive_10.wav,,,
vivos/moonshine-tiny-vi-hf-cpu,vi-asr-VIVOSDEV04_R063-impulsive-5,ASR,vi,,5.0,impulsive,moonshine-tiny-vi-hf-cpu,0.3034,488.57421875,0.0,0.0,,0.07829677419354839,,eval_data\mixed_vivos\vi_VIVOSDEV04_R063_impulsive_5.wav,,,
vivos/moonshine-tiny-vi-hf-cpu,vi-asr-VIVOSDEV04_R063-impulsive-0,ASR,vi,,0.0,impulsive,moonshine-tiny-vi-hf-cpu,0.3583,488.57421875,0.14285714285714285,0.10344827586206896,,0.09246451612903225,,eval_data\mixed_vivos\vi_VIVOSDEV04_R063_impulsive_0.wav,,,
vivos/moonshine-tiny-vi-hf-cpu,vi-asr-VIVOSDEV04_R097-clean,ASR,vi,,,clean,moonshine-tiny-vi-hf-cpu,0.2357,488.77734375,0.3333333333333333,0.1111111111111111,,0.0992421052631579,,eval_data\mixed_vivos\vi_VIVOSDEV04_R097_clean.wav,,,
vivos/moonshine-tiny-vi-hf-cpu,vi-asr-VIVOSDEV04_R097-steady-15,ASR,vi,,15.0,steady,moonshine-tiny-vi-hf-cpu,0.2864,488.77734375,0.3333333333333333,0.1111111111111111,,0.12058947368421052,,eval_data\mixed_vivos\vi_VIVOSDEV04_R097_steady_15.wav,,,
vivos/moonshine-tiny-vi-hf-cpu,vi-asr-VIVOSDEV04_R097-steady-10,ASR,vi,,10.0,steady,moonshine-tiny-vi-hf-cpu,0.2515,488.77734375,0.3333333333333333,0.1111111111111111,,0.10589473684210526,,eval_data\mixed_vivos\vi_VIVOSDEV04_R097_steady_10.wav,,,
vivos/moonshine-tiny-vi-hf-cpu,vi-asr-VIVOSDEV04_R097-steady-5,ASR,vi,,5.0,steady,moonshine-tiny-vi-hf-cpu,0.2773,488.77734375,0.3333333333333333,0.1111111111111111,,0.1167578947368421,,eval_data\mixed_vivos\vi_VIVOSDEV04_R097_steady_5.wav,,,
vivos/moonshine-tiny-vi-hf-cpu,vi-asr-VIVOSDEV04_R097-steady-0,ASR,vi,,0.0,steady,moonshine-tiny-vi-hf-cpu,0.2592,488.77734375,0.3333333333333333,0.14814814814814814,,0.10913684210526316,,eval_data\mixed_vivos\vi_VIVOSDEV04_R097_steady_0.wav,,,
vivos/moonshine-tiny-vi-hf-cpu,vi-asr-VIVOSDEV04_R097-impulsive-15,ASR,vi,,15.0,impulsive,moonshine-tiny-vi-hf-cpu,0.2577,488.77734375,0.3333333333333333,0.1111111111111111,,0.10850526315789473,,eval_data\mixed_vivos\vi_VIVOSDEV04_R097_impulsive_15.wav,,,
vivos/moonshine-tiny-vi-hf-cpu,vi-asr-VIVOSDEV04_R097-impulsive-10,ASR,vi,,10.0,impulsive,moonshine-tiny-vi-hf-cpu,0.2655,488.77734375,0.16666666666666666,0.07407407407407407,,0.11178947368421054,,eval_data\mixed_vivos\vi_VIVOSDEV04_R097_impulsive_10.wav,,,
vivos/moonshine-tiny-vi-hf-cpu,vi-asr-VIVOSDEV04_R097-impulsive-5,ASR,vi,,5.0,impulsive,moonshine-tiny-vi-hf-cpu,0.2701,488.77734375,0.16666666666666666,0.07407407407407407,,0.11372631578947369,,eval_data\mixed_vivos\vi_VIVOSDEV04_R097_impulsive_5.wav,,,
vivos/moonshine-tiny-vi-hf-cpu,vi-asr-VIVOSDEV04_R097-impulsive-0,ASR,vi,,0.0,impulsive,moonshine-tiny-vi-hf-cpu,0.2978,488.77734375,0.16666666666666666,0.07407407407407407,,0.12538947368421052,,eval_data\mixed_vivos\vi_VIVOSDEV04_R097_impulsive_0.wav,,,
vivos/moonshine-tiny-vi-hf-cpu,vi-asr-VIVOSDEV04_R118-clean,ASR,vi,,,clean,moonshine-tiny-vi-hf-cpu,0.3502,489.5546875,0.14285714285714285,0.06896551724137931,,0.14553766233766235,,eval_data\mixed_vivos\vi_VIVOSDEV04_R118_clean.wav,,,
vivos/moonshine-tiny-vi-hf-cpu,vi-asr-VIVOSDEV04_R118-steady-15,ASR,vi,,15.0,steady,moonshine-tiny-vi-hf-cpu,0.31,489.5546875,0.14285714285714285,0.06896551724137931,,0.12883116883116882,,eval_data\mixed_vivos\vi_VIVOSDEV04_R118_steady_15.wav,,,
vivos/moonshine-tiny-vi-hf-cpu,vi-asr-VIVOSDEV04_R118-steady-10,ASR,vi,,10.0,steady,moonshine-tiny-vi-hf-cpu,0.3152,489.5546875,0.14285714285714285,0.06896551724137931,,0.13099220779220777,,eval_data\mixed_vivos\vi_VIVOSDEV04_R118_steady_10.wav,,,
vivos/moonshine-tiny-vi-hf-cpu,vi-asr-VIVOSDEV04_R118-steady-5,ASR,vi,,5.0,steady,moonshine-tiny-vi-hf-cpu,0.3386,489.5546875,0.14285714285714285,0.13793103448275862,,0.14071688311688313,,eval_data\mixed_vivos\vi_VIVOSDEV04_R118_steady_5.wav,,,
vivos/moonshine-tiny-vi-hf-cpu,vi-asr-VIVOSDEV04_R118-steady-0,ASR,vi,,0.0,steady,moonshine-tiny-vi-hf-cpu,0.3022,489.5546875,0.5714285714285714,0.4482758620689655,,0.1255896103896104,,eval_data\mixed_vivos\vi_VIVOSDEV04_R118_steady_0.wav,,,
vivos/moonshine-tiny-vi-hf-cpu,vi-asr-VIVOSDEV04_R118-impulsive-15,ASR,vi,,15.0,impulsive,moonshine-tiny-vi-hf-cpu,0.387,489.5546875,0.2857142857142857,0.1724137931034483,,0.16083116883116882,,eval_data\mixed_vivos\vi_VIVOSDEV04_R118_impulsive_15.wav,,,
vivos/moonshine-tiny-vi-hf-cpu,vi-asr-VIVOSDEV04_R118-impulsive-10,ASR,vi,,10.0,impulsive,moonshine-tiny-vi-hf-cpu,0.3159,489.5546875,0.42857142857142855,0.27586206896551724,,0.1312831168831169,,eval_data\mixed_vivos\vi_VIVOSDEV04_R118_impulsive_10.wav,,,
vivos/moonshine-tiny-vi-hf-cpu,vi-asr-VIVOSDEV04_R118-impulsive-5,ASR,vi,,5.0,impulsive,moonshine-tiny-vi-hf-cpu,0.3268,489.5546875,0.42857142857142855,0.27586206896551724,,0.135812987012987,,eval_data\mixed_vivos\vi_VIVOSDEV04_R118_impulsive_5.wav,,,
vivos/moonshine-tiny-vi-hf-cpu,vi-asr-VIVOSDEV04_R118-impulsive-0,ASR,vi,,0.0,impulsive,moonshine-tiny-vi-hf-cpu,0.2909,489.5546875,0.5714285714285714,0.3103448275862069,,0.12089350649350648,,eval_data\mixed_vivos\vi_VIVOSDEV04_R118_impulsive_0.wav,,,
vivos/moonshine-tiny-vi-hf-cpu,vi-asr-VIVOSDEV04_R152-clean,ASR,vi,,,clean,moonshine-tiny-vi-hf-cpu,0.4458,489.5546875,0.08333333333333333,0.017543859649122806,,0.09838344827586207,,eval_data\mixed_vivos\vi_VIVOSDEV04_R152_clean.wav,,,
vivos/moonshine-tiny-vi-hf-cpu,vi-asr-VIVOSDEV04_R152-steady-15,ASR,vi,,15.0,steady,moonshine-tiny-vi-hf-cpu,0.4631,489.72265625,0.0,0.0,,0.10220137931034483,,eval_data\mixed_vivos\vi_VIVOSDEV04_R152_steady_15.wav,,,
vivos/moonshine-tiny-vi-hf-cpu,vi-asr-VIVOSDEV04_R152-steady-10,ASR,vi,,10.0,steady,moonshine-tiny-vi-hf-cpu,0.4322,490.8125,0.0,0.0,,0.09538206896551724,,eval_data\mixed_vivos\vi_VIVOSDEV04_R152_steady_10.wav,,,
vivos/moonshine-tiny-vi-hf-cpu,vi-asr-VIVOSDEV04_R152-steady-5,ASR,vi,,5.0,steady,moonshine-tiny-vi-hf-cpu,0.6569,490.8125,0.0,0.0,,0.14497103448275864,,eval_data\mixed_vivos\vi_VIVOSDEV04_R152_steady_5.wav,,,
vivos/moonshine-tiny-vi-hf-cpu,vi-asr-VIVOSDEV04_R152-steady-0,ASR,vi,,0.0,steady,moonshine-tiny-vi-hf-cpu,0.5034,490.8125,0.3333333333333333,0.21052631578947367,,0.11109517241379309,,eval_data\mixed_vivos\vi_VIVOSDEV04_R152_steady_0.wav,,,
vivos/moonshine-tiny-vi-hf-cpu,vi-asr-VIVOSDEV04_R152-impulsive-15,ASR,vi,,15.0,impulsive,moonshine-tiny-vi-hf-cpu,0.5774,490.8125,0.08333333333333333,0.017543859649122806,,0.12742620689655174,,eval_data\mixed_vivos\vi_VIVOSDEV04_R152_impulsive_15.wav,,,
vivos/moonshine-tiny-vi-hf-cpu,vi-asr-VIVOSDEV04_R152-impulsive-10,ASR,vi,,10.0,impulsive,moonshine-tiny-vi-hf-cpu,0.8152,490.8125,0.08333333333333333,0.017543859649122806,,0.17990620689655173,,eval_data\mixed_vivos\vi_VIVOSDEV04_R152_impulsive_10.wav,,,
vivos/moonshine-tiny-vi-hf-cpu,vi-asr-VIVOSDEV04_R152-impulsive-5,ASR,vi,,5.0,impulsive,moonshine-tiny-vi-hf-cpu,0.5907,490.8125,0.0,0.0,,0.13036137931034483,,eval_data\mixed_vivos\vi_VIVOSDEV04_R152_impulsive_5.wav,,,
vivos/moonshine-tiny-vi-hf-cpu,vi-asr-VIVOSDEV04_R152-impulsive-0,ASR,vi,,0.0,impulsive,moonshine-tiny-vi-hf-cpu,0.5535,491.0,0.0,0.0,,0.12215172413793103,,eval_data\mixed_vivos\vi_VIVOSDEV04_R152_impulsive_0.wav,,,
vivos/moonshine-tiny-vi-hf-cpu,vi-asr-VIVOSDEV04_T003-clean,ASR,vi,,,clean,moonshine-tiny-vi-hf-cpu,0.3903,491.2421875,0.0,0.0,,0.13146947368421052,,eval_data\mixed_vivos\vi_VIVOSDEV04_T003_clean.wav,,,
vivos/moonshine-tiny-vi-hf-cpu,vi-asr-VIVOSDEV04_T003-steady-15,ASR,vi,,15.0,steady,moonshine-tiny-vi-hf-cpu,0.3727,491.2421875,0.0,0.0,,0.12554105263157894,,eval_data\mixed_vivos\vi_VIVOSDEV04_T003_steady_15.wav,,,
vivos/moonshine-tiny-vi-hf-cpu,vi-asr-VIVOSDEV04_T003-steady-10,ASR,vi,,10.0,steady,moonshine-tiny-vi-hf-cpu,0.3375,491.2421875,0.1111111111111111,0.05405405405405406,,0.11368421052631579,,eval_data\mixed_vivos\vi_VIVOSDEV04_T003_steady_10.wav,,,
vivos/moonshine-tiny-vi-hf-cpu,vi-asr-VIVOSDEV04_T003-steady-5,ASR,vi,,5.0,steady,moonshine-tiny-vi-hf-cpu,0.3869,491.2421875,0.1111111111111111,0.05405405405405406,,0.1303242105263158,,eval_data\mixed_vivos\vi_VIVOSDEV04_T003_steady_5.wav,,,
vivos/moonshine-tiny-vi-hf-cpu,vi-asr-VIVOSDEV04_T003-steady-0,ASR,vi,,0.0,steady,moonshine-tiny-vi-hf-cpu,0.3833,491.2421875,0.4444444444444444,0.2972972972972973,,0.1291115789473684,,eval_data\mixed_vivos\vi_VIVOSDEV04_T003_steady_0.wav,,,
vivos/moonshine-tiny-vi-hf-cpu,vi-asr-VIVOSDEV04_T003-impulsive-15,ASR,vi,,15.0,impulsive,moonshine-tiny-vi-hf-cpu,0.4054,491.2421875,0.0,0.0,,0.1365557894736842,,eval_data\mixed_vivos\vi_VIVOSDEV04_T003_impulsive_15.wav,,,
vivos/moonshine-tiny-vi-hf-cpu,vi-asr-VIVOSDEV04_T003-impulsive-10,ASR,vi,,10.0,impulsive,moonshine-tiny-vi-hf-cpu,0.3643,491.2421875,0.0,0.0,,0.12271157894736842,,eval_data\mixed_vivos\vi_VIVOSDEV04_T003_impulsive_10.wav,,,
vivos/moonshine-tiny-vi-hf-cpu,vi-asr-VIVOSDEV04_T003-impulsive-5,ASR,vi,,5.0,impulsive,moonshine-tiny-vi-hf-cpu,0.4704,491.2421875,0.0,0.0,,0.15845052631578946,,eval_data\mixed_vivos\vi_VIVOSDEV04_T003_impulsive_5.wav,,,
vivos/moonshine-tiny-vi-hf-cpu,vi-asr-VIVOSDEV04_T003-impulsive-0,ASR,vi,,0.0,impulsive,moonshine-tiny-vi-hf-cpu,0.3387,491.2421875,0.0,0.0,,0.11408842105263158,,eval_data\mixed_vivos\vi_VIVOSDEV04_T003_impulsive_0.wav,,,
vivos/moonshine-tiny-vi-hf-cpu,vi-asr-VIVOSDEV05_043-clean,ASR,vi,,,clean,moonshine-tiny-vi-hf-cpu,0.3894,491.609375,0.0,0.0,,0.1298,,eval_data\mixed_vivos\vi_VIVOSDEV05_043_clean.wav,,,
vivos/moonshine-tiny-vi-hf-cpu,vi-asr-VIVOSDEV05_043-steady-15,ASR,vi,,15.0,steady,moonshine-tiny-vi-hf-cpu,0.3915,491.609375,0.0,0.0,,0.1305,,eval_data\mixed_vivos\vi_VIVOSDEV05_043_steady_15.wav,,,
vivos/moonshine-tiny-vi-hf-cpu,vi-asr-VIVOSDEV05_043-steady-10,ASR,vi,,10.0,steady,moonshine-tiny-vi-hf-cpu,0.4173,491.609375,0.0,0.0,,0.1391,,eval_data\mixed_vivos\vi_VIVOSDEV05_043_steady_10.wav,,,
vivos/moonshine-tiny-vi-hf-cpu,vi-asr-VIVOSDEV05_043-steady-5,ASR,vi,,5.0,steady,moonshine-tiny-vi-hf-cpu,0.3791,491.609375,0.1111111111111111,0.07692307692307693,,0.12636666666666665,,eval_data\mixed_vivos\vi_VIVOSDEV05_043_steady_5.wav,,,
vivos/moonshine-tiny-vi-hf-cpu,vi-asr-VIVOSDEV05_043-steady-0,ASR,vi,,0.0,steady,moonshine-tiny-vi-hf-cpu,0.4757,491.609375,0.1111111111111111,0.07692307692307693,,0.15856666666666666,,eval_data\mixed_vivos\vi_VIVOSDEV05_043_steady_0.wav,,,
vivos/moonshine-tiny-vi-hf-cpu,vi-asr-VIVOSDEV05_043-impulsive-15,ASR,vi,,15.0,impulsive,moonshine-tiny-vi-hf-cpu,0.398,491.609375,0.0,0.0,,0.13266666666666668,,eval_data\mixed_vivos\vi_VIVOSDEV05_043_impulsive_15.wav,,,
vivos/moonshine-tiny-vi-hf-cpu,vi-asr-VIVOSDEV05_043-impulsive-10,ASR,vi,,10.0,impulsive,moonshine-tiny-vi-hf-cpu,0.4569,491.609375,0.0,0.0,,0.1523,,eval_data\mixed_vivos\vi_VIVOSDEV05_043_impulsive_10.wav,,,
vivos/moonshine-tiny-vi-hf-cpu,vi-asr-VIVOSDEV05_043-impulsive-5,ASR,vi,,5.0,impulsive,moonshine-tiny-vi-hf-cpu,0.4619,491.609375,0.0,0.0,,0.15396666666666667,,eval_data\mixed_vivos\vi_VIVOSDEV05_043_impulsive_5.wav,,,
vivos/moonshine-tiny-vi-hf-cpu,vi-asr-VIVOSDEV05_043-impulsive-0,ASR,vi,,0.0,impulsive,moonshine-tiny-vi-hf-cpu,0.5108,491.609375,0.0,0.0,,0.17026666666666668,,eval_data\mixed_vivos\vi_VIVOSDEV05_043_impulsive_0.wav,,,
vivos/moonshine-tiny-vi-hf-cpu,vi-asr-VIVOSDEV05_109-clean,ASR,vi,,,clean,moonshine-tiny-vi-hf-cpu,0.5004,491.84765625,0.0,0.0,,0.1952780487804878,,eval_data\mixed_vivos\vi_VIVOSDEV05_109_clean.wav,,,
vivos/moonshine-tiny-vi-hf-cpu,vi-asr-VIVOSDEV05_109-steady-15,ASR,vi,,15.0,steady,moonshine-tiny-vi-hf-cpu,0.5056,492.0,0.0,0.0,,0.19730731707317076,,eval_data\mixed_vivos\vi_VIVOSDEV05_109_steady_15.wav,,,
vivos/moonshine-tiny-vi-hf-cpu,vi-asr-VIVOSDEV05_109-steady-10,ASR,vi,,10.0,steady,moonshine-tiny-vi-hf-cpu,0.463,492.0,0.0,0.0,,0.18068292682926831,,eval_data\mixed_vivos\vi_VIVOSDEV05_109_steady_10.wav,,,
vivos/moonshine-tiny-vi-hf-cpu,vi-asr-VIVOSDEV05_109-steady-5,ASR,vi,,5.0,steady,moonshine-tiny-vi-hf-cpu,0.4167,492.0,0.0,0.0,,0.16261463414634147,,eval_data\mixed_vivos\vi_VIVOSDEV05_109_steady_5.wav,,,
vivos/moonshine-tiny-vi-hf-cpu,vi-asr-VIVOSDEV05_109-steady-0,ASR,vi,,0.0,steady,moonshine-tiny-vi-hf-cpu,0.3843,492.0,0.0,0.0,,0.14997073170731706,,eval_data\mixed_vivos\vi_VIVOSDEV05_109_steady_0.wav,,,
vivos/moonshine-tiny-vi-hf-cpu,vi-asr-VIVOSDEV05_109-impulsive-15,ASR,vi,,15.0,impulsive,moonshine-tiny-vi-hf-cpu,0.4873,492.0,0.0,0.0,,0.19016585365853658,,eval_data\mixed_vivos\vi_VIVOSDEV05_109_impulsive_15.wav,,,
vivos/moonshine-tiny-vi-hf-cpu,vi-asr-VIVOSDEV05_109-impulsive-10,ASR,vi,,10.0,impulsive,moonshine-tiny-vi-hf-cpu,0.4328,492.0,0.0,0.0,,0.16889756097560976,,eval_data\mixed_vivos\vi_VIVOSDEV05_109_impulsive_10.wav,,,
vivos/moonshine-tiny-vi-hf-cpu,vi-asr-VIVOSDEV05_109-impulsive-5,ASR,vi,,5.0,impulsive,moonshine-tiny-vi-hf-cpu,0.4323,492.0,0.0,0.0,,0.16870243902439025,,eval_data\mixed_vivos\vi_VIVOSDEV05_109_impulsive_5.wav,,,
vivos/moonshine-tiny-vi-hf-cpu,vi-asr-VIVOSDEV05_109-impulsive-0,ASR,vi,,0.0,impulsive,moonshine-tiny-vi-hf-cpu,1.0942,492.0,1.625,1.5813953488372092,,0.4270048780487805,,eval_data\mixed_vivos\vi_VIVOSDEV05_109_impulsive_0.wav,,,
vivos/moonshine-tiny-vi-hf-cpu,vi-asr-VIVOSDEV05_136-clean,ASR,vi,,,clean,moonshine-tiny-vi-hf-cpu,0.2829,492.5234375,0.0,0.0,,0.13312941176470589,,eval_data\mixed_vivos\vi_VIVOSDEV05_136_clean.wav,,,
vivos/moonshine-tiny-vi-hf-cpu,vi-asr-VIVOSDEV05_136-steady-15,ASR,vi,,15.0,steady,moonshine-tiny-vi-hf-cpu,0.2101,492.76953125,0.0,0.0,,0.09887058823529413,,eval_data\mixed_vivos\vi_VIVOSDEV05_136_steady_15.wav,,,
vivos/moonshine-tiny-vi-hf-cpu,vi-asr-VIVOSDEV05_136-steady-10,ASR,vi,,10.0,steady,moonshine-tiny-vi-hf-cpu,0.258,492.76953125,0.0,0.0,,0.12141176470588236,,eval_data\mixed_vivos\vi_VIVOSDEV05_136_steady_10.wav,,,
vivos/moonshine-tiny-vi-hf-cpu,vi-asr-VIVOSDEV05_136-steady-5,ASR,vi,,5.0,steady,moonshine-tiny-vi-hf-cpu,0.2472,492.76953125,0.16666666666666666,0.08695652173913043,,0.11632941176470589,,eval_data\mixed_vivos\vi_VIVOSDEV05_136_steady_5.wav,,,
vivos/moonshine-tiny-vi-hf-cpu,vi-asr-VIVOSDEV05_136-steady-0,ASR,vi,,0.0,steady,moonshine-tiny-vi-hf-cpu,0.3687,492.76953125,0.8333333333333334,0.5652173913043478,,0.17350588235294118,,eval_data\mixed_vivos\vi_VIVOSDEV05_136_steady_0.wav,,,
vivos/moonshine-tiny-vi-hf-cpu,vi-asr-VIVOSDEV05_136-impulsive-15,ASR,vi,,15.0,impulsive,moonshine-tiny-vi-hf-cpu,0.2009,492.76953125,0.0,0.0,,0.09454117647058824,,eval_data\mixed_vivos\vi_VIVOSDEV05_136_impulsive_15.wav,,,
vivos/moonshine-tiny-vi-hf-cpu,vi-asr-VIVOSDEV05_136-impulsive-10,ASR,vi,,10.0,impulsive,moonshine-tiny-vi-hf-cpu,0.1965,492.76953125,0.0,0.0,,0.09247058823529412,,eval_data\mixed_vivos\vi_VIVOSDEV05_136_impulsive_10.wav,,,
vivos/moonshine-tiny-vi-hf-cpu,vi-asr-VIVOSDEV05_136-impulsive-5,ASR,vi,,5.0,impulsive,moonshine-tiny-vi-hf-cpu,0.2778,492.76953125,0.0,0.0,,0.13072941176470587,,eval_data\mixed_vivos\vi_VIVOSDEV05_136_impulsive_5.wav,,,
vivos/moonshine-tiny-vi-hf-cpu,vi-asr-VIVOSDEV05_136-impulsive-0,ASR,vi,,0.0,impulsive,moonshine-tiny-vi-hf-cpu,0.222,492.76953125,0.0,0.0,,0.10447058823529412,,eval_data\mixed_vivos\vi_VIVOSDEV05_136_impulsive_0.wav,,,
vivos/moonshine-tiny-vi-hf-cpu,vi-asr-VIVOSDEV05_189-clean,ASR,vi,,,clean,moonshine-tiny-vi-hf-cpu,0.2767,493.3125,0.14285714285714285,0.038461538461538464,,0.11351794871794872,,eval_data\mixed_vivos\vi_VIVOSDEV05_189_clean.wav,,,
vivos/moonshine-tiny-vi-hf-cpu,vi-asr-VIVOSDEV05_189-steady-15,ASR,vi,,15.0,steady,moonshine-tiny-vi-hf-cpu,0.2483,493.609375,0.0,0.0,,0.10186666666666666,,eval_data\mixed_vivos\vi_VIVOSDEV05_189_steady_15.wav,,,
vivos/moonshine-tiny-vi-hf-cpu,vi-asr-VIVOSDEV05_189-steady-10,ASR,vi,,10.0,steady,moonshine-tiny-vi-hf-cpu,0.3306,493.609375,0.0,0.0,,0.13563076923076922,,eval_data\mixed_vivos\vi_VIVOSDEV05_189_steady_10.wav,,,
vivos/moonshine-tiny-vi-hf-cpu,vi-asr-VIVOSDEV05_189-steady-5,ASR,vi,,5.0,steady,moonshine-tiny-vi-hf-cpu,0.3216,493.609375,0.14285714285714285,0.038461538461538464,,0.13193846153846153,,eval_data\mixed_vivos\vi_VIVOSDEV05_189_steady_5.wav,,,
vivos/moonshine-tiny-vi-hf-cpu,vi-asr-VIVOSDEV05_189-steady-0,ASR,vi,,0.0,steady,moonshine-tiny-vi-hf-cpu,0.3813,493.609375,0.2857142857142857,0.11538461538461539,,0.1564307692307692,,eval_data\mixed_vivos\vi_VIVOSDEV05_189_steady_0.wav,,,
vivos/moonshine-tiny-vi-hf-cpu,vi-asr-VIVOSDEV05_189-impulsive-15,ASR,vi,,15.0,impulsive,moonshine-tiny-vi-hf-cpu,0.3587,493.609375,0.14285714285714285,0.038461538461538464,,0.14715897435897438,,eval_data\mixed_vivos\vi_VIVOSDEV05_189_impulsive_15.wav,,,
vivos/moonshine-tiny-vi-hf-cpu,vi-asr-VIVOSDEV05_189-impulsive-10,ASR,vi,,10.0,impulsive,moonshine-tiny-vi-hf-cpu,0.3075,493.609375,0.14285714285714285,0.038461538461538464,,0.12615384615384614,,eval_data\mixed_vivos\vi_VIVOSDEV05_189_impulsive_10.wav,,,
vivos/moonshine-tiny-vi-hf-cpu,vi-asr-VIVOSDEV05_189-impulsive-5,ASR,vi,,5.0,impulsive,moonshine-tiny-vi-hf-cpu,0.2867,493.609375,0.14285714285714285,0.038461538461538464,,0.11762051282051282,,eval_data\mixed_vivos\vi_VIVOSDEV05_189_impulsive_5.wav,,,
vivos/moonshine-tiny-vi-hf-cpu,vi-asr-VIVOSDEV05_189-impulsive-0,ASR,vi,,0.0,impulsive,moonshine-tiny-vi-hf-cpu,0.2751,493.609375,0.14285714285714285,0.038461538461538464,,0.11286153846153847,,eval_data\mixed_vivos\vi_VIVOSDEV05_189_impulsive_0.wav,,,
vivos/moonshine-tiny-vi-hf-cpu,vi-asr-VIVOSDEV05_226-clean,ASR,vi,,,clean,moonshine-tiny-vi-hf-cpu,0.2891,493.86328125,0.16666666666666666,0.10714285714285714,,0.14016969696969697,,eval_data\mixed_vivos\vi_VIVOSDEV05_226_clean.wav,,,
vivos/moonshine-tiny-vi-hf-cpu,vi-asr-VIVOSDEV05_226-steady-15,ASR,vi,,15.0,steady,moonshine-tiny-vi-hf-cpu,0.3458,493.96875,0.16666666666666666,0.10714285714285714,,0.16766060606060607,,eval_data\mixed_vivos\vi_VIVOSDEV05_226_steady_15.wav,,,
vivos/moonshine-tiny-vi-hf-cpu,vi-asr-VIVOSDEV05_226-steady-10,ASR,vi,,10.0,steady,moonshine-tiny-vi-hf-cpu,0.29,493.96875,0.16666666666666666,0.10714285714285714,,0.1406060606060606,,eval_data\mixed_vivos\vi_VIVOSDEV05_226_steady_10.wav,,,
vivos/moonshine-tiny-vi-hf-cpu,vi-asr-VIVOSDEV05_226-steady-5,ASR,vi,,5.0,steady,moonshine-tiny-vi-hf-cpu,0.2485,493.96875,0.16666666666666666,0.10714285714285714,,0.12048484848484849,,eval_data\mixed_vivos\vi_VIVOSDEV05_226_steady_5.wav,,,
vivos/moonshine-tiny-vi-hf-cpu,vi-asr-VIVOSDEV05_226-steady-0,ASR,vi,,0.0,steady,moonshine-tiny-vi-hf-cpu,0.2973,493.96875,0.3333333333333333,0.25,,0.14414545454545455,,eval_data\mixed_vivos\vi_VIVOSDEV05_226_steady_0.wav,,,
vivos/moonshine-tiny-vi-hf-cpu,vi-asr-VIVOSDEV05_226-impulsive-15,ASR,vi,,15.0,impulsive,moonshine-tiny-vi-hf-cpu,0.3142,493.96875,0.3333333333333333,0.17857142857142858,,0.15233939393939394,,eval_data\mixed_vivos\vi_VIVOSDEV05_226_impulsive_15.wav,,,
vivos/moonshine-tiny-vi-hf-cpu,vi-asr-VIVOSDEV05_226-impulsive-10,ASR,vi,,10.0,impulsive,moonshine-tiny-vi-hf-cpu,0.325,493.96875,0.3333333333333333,0.17857142857142858,,0.1575757575757576,,eval_data\mixed_vivos\vi_VIVOSDEV05_226_impulsive_10.wav,,,
vivos/moonshine-tiny-vi-hf-cpu,vi-asr-VIVOSDEV05_226-impulsive-5,ASR,vi,,5.0,impulsive,moonshine-tiny-vi-hf-cpu,0.33,493.96875,0.3333333333333333,0.17857142857142858,,0.16,,eval_data\mixed_vivos\vi_VIVOSDEV05_226_impulsive_5.wav,,,
vivos/moonshine-tiny-vi-hf-cpu,vi-asr-VIVOSDEV05_226-impulsive-0,ASR,vi,,0.0,impulsive,moonshine-tiny-vi-hf-cpu,0.2387,493.96875,0.16666666666666666,0.10714285714285714,,0.11573333333333333,,eval_data\mixed_vivos\vi_VIVOSDEV05_226_impulsive_0.wav,,,
vivos/moonshine-tiny-vi-hf-cpu,vi-asr-VIVOSDEV05_270-clean,ASR,vi,,,clean,moonshine-tiny-vi-hf-cpu,0.1489,494.6171875,0.5,0.1875,,0.06806857142857144,,eval_data\mixed_vivos\vi_VIVOSDEV05_270_clean.wav,,,
vivos/moonshine-tiny-vi-hf-cpu,vi-asr-VIVOSDEV05_270-steady-15,ASR,vi,,15.0,steady,moonshine-tiny-vi-hf-cpu,0.1443,494.8828125,0.5,0.3125,,0.0659657142857143,,eval_data\mixed_vivos\vi_VIVOSDEV05_270_steady_15.wav,,,
vivos/moonshine-tiny-vi-hf-cpu,vi-asr-VIVOSDEV05_270-steady-10,ASR,vi,,10.0,steady,moonshine-tiny-vi-hf-cpu,0.1479,494.8828125,0.5,0.3125,,0.06761142857142857,,eval_data\mixed_vivos\vi_VIVOSDEV05_270_steady_10.wav,,,
vivos/moonshine-tiny-vi-hf-cpu,vi-asr-VIVOSDEV05_270-steady-5,ASR,vi,,5.0,steady,moonshine-tiny-vi-hf-cpu,0.1559,494.8828125,0.5,0.3125,,0.07126857142857143,,eval_data\mixed_vivos\vi_VIVOSDEV05_270_steady_5.wav,,,
vivos/moonshine-tiny-vi-hf-cpu,vi-asr-VIVOSDEV05_270-steady-0,ASR,vi,,0.0,steady,moonshine-tiny-vi-hf-cpu,0.1776,494.8828125,1.0,0.8125,,0.08118857142857143,,eval_data\mixed_vivos\vi_VIVOSDEV05_270_steady_0.wav,,,
vivos/moonshine-tiny-vi-hf-cpu,vi-asr-VIVOSDEV05_270-impulsive-15,ASR,vi,,15.0,impulsive,moonshine-tiny-vi-hf-cpu,0.2038,494.8828125,0.5,0.1875,,0.0931657142857143,,eval_data\mixed_vivos\vi_VIVOSDEV05_270_impulsive_15.wav,,,
vivos/moonshine-tiny-vi-hf-cpu,vi-asr-VIVOSDEV05_270-impulsive-10,ASR,vi,,10.0,impulsive,moonshine-tiny-vi-hf-cpu,0.1888,494.8828125,0.5,0.1875,,0.08630857142857143,,eval_data\mixed_vivos\vi_VIVOSDEV05_270_impulsive_10.wav,,,
vivos/moonshine-tiny-vi-hf-cpu,vi-asr-VIVOSDEV05_270-impulsive-5,ASR,vi,,5.0,impulsive,moonshine-tiny-vi-hf-cpu,0.1776,494.8828125,0.5,0.1875,,0.08118857142857143,,eval_data\mixed_vivos\vi_VIVOSDEV05_270_impulsive_5.wav,,,
vivos/moonshine-tiny-vi-hf-cpu,vi-asr-VIVOSDEV05_270-impulsive-0,ASR,vi,,0.0,impulsive,moonshine-tiny-vi-hf-cpu,0.1881,494.8828125,0.5,0.1875,,0.08598857142857143,,eval_data\mixed_vivos\vi_VIVOSDEV05_270_impulsive_0.wav,,,
vivos/moonshine-tiny-vi-hf-cpu,vi-asr-VIVOSDEV06_022-clean,ASR,vi,,,clean,moonshine-tiny-vi-hf-cpu,0.4129,495.703125,0.0,0.0,,0.132128,,eval_data\mixed_vivos\vi_VIVOSDEV06_022_clean.wav,,,
vivos/moonshine-tiny-vi-hf-cpu,vi-asr-VIVOSDEV06_022-steady-15,ASR,vi,,15.0,steady,moonshine-tiny-vi-hf-cpu,0.393,496.08203125,0.0,0.0,,0.12576,,eval_data\mixed_vivos\vi_VIVOSDEV06_022_steady_15.wav,,,
vivos/moonshine-tiny-vi-hf-cpu,vi-asr-VIVOSDEV06_022-steady-10,ASR,vi,,10.0,steady,moonshine-tiny-vi-hf-cpu,0.4188,496.2734375,0.125,0.02702702702702703,,0.134016,,eval_data\mixed_vivos\vi_VIVOSDEV06_022_steady_10.wav,,,
vivos/moonshine-tiny-vi-hf-cpu,vi-asr-VIVOSDEV06_022-steady-5,ASR,vi,,5.0,steady,moonshine-tiny-vi-hf-cpu,0.4152,496.2734375,0.125,0.02702702702702703,,0.132864,,eval_data\mixed_vivos\vi_VIVOSDEV06_022_steady_5.wav,,,
vivos/moonshine-tiny-vi-hf-cpu,vi-asr-VIVOSDEV06_022-steady-0,ASR,vi,,0.0,steady,moonshine-tiny-vi-hf-cpu,0.5946,496.2734375,0.5,0.1891891891891892,,0.190272,,eval_data\mixed_vivos\vi_VIVOSDEV06_022_steady_0.wav,,,
vivos/moonshine-tiny-vi-hf-cpu,vi-asr-VIVOSDEV06_022-impulsive-15,ASR,vi,,15.0,impulsive,moonshine-tiny-vi-hf-cpu,0.3832,496.2734375,0.0,0.0,,0.122624,,eval_data\mixed_vivos\vi_VIVOSDEV06_022_impulsive_15.wav,,,
vivos/moonshine-tiny-vi-hf-cpu,vi-asr-VIVOSDEV06_022-impulsive-10,ASR,vi,,10.0,impulsive,moonshine-tiny-vi-hf-cpu,0.3773,496.2734375,0.0,0.0,,0.12073600000000001,,eval_data\mixed_vivos\vi_VIVOSDEV06_022_impulsive_10.wav,,,
vivos/moonshine-tiny-vi-hf-cpu,vi-asr-VIVOSDEV06_022-impulsive-5,ASR,vi,,5.0,impulsive,moonshine-tiny-vi-hf-cpu,0.3963,496.2734375,0.0,0.0,,0.12681599999999998,,eval_data\mixed_vivos\vi_VIVOSDEV06_022_impulsive_5.wav,,,
vivos/moonshine-tiny-vi-hf-cpu,vi-asr-VIVOSDEV06_022-impulsive-0,ASR,vi,,0.0,impulsive,moonshine-tiny-vi-hf-cpu,0.3907,496.2734375,0.0,0.0,,0.125024,,eval_data\mixed_vivos\vi_VIVOSDEV06_022_impulsive_0.wav,,,
vivos/moonshine-tiny-vi-hf-cpu,vi-asr-VIVOSDEV06_078-clean,ASR,vi,,,clean,moonshine-tiny-vi-hf-cpu,0.3428,496.2734375,0.0,0.0,,0.117952688172043,,eval_data\mixed_vivos\vi_VIVOSDEV06_078_clean.wav,,,
vivos/moonshine-tiny-vi-hf-cpu,vi-asr-VIVOSDEV06_078-steady-15,ASR,vi,,15.0,steady,moonshine-tiny-vi-hf-cpu,0.3578,496.2734375,0.0,0.0,,0.12311397849462366,,eval_data\mixed_vivos\vi_VIVOSDEV06_078_steady_15.wav,,,
vivos/moonshine-tiny-vi-hf-cpu,vi-asr-VIVOSDEV06_078-steady-10,ASR,vi,,10.0,steady,moonshine-tiny-vi-hf-cpu,0.2993,496.2734375,0.0,0.0,,0.10298494623655914,,eval_data\mixed_vivos\vi_VIVOSDEV06_078_steady_10.wav,,,
vivos/moonshine-tiny-vi-hf-cpu,vi-asr-VIVOSDEV06_078-steady-5,ASR,vi,,5.0,steady,moonshine-tiny-vi-hf-cpu,0.2606,496.2734375,0.0,0.0,,0.08966881720430107,,eval_data\mixed_vivos\vi_VIVOSDEV06_078_steady_5.wav,,,
vivos/moonshine-tiny-vi-hf-cpu,vi-asr-VIVOSDEV06_078-steady-0,ASR,vi,,0.0,steady,moonshine-tiny-vi-hf-cpu,0.3375,496.2734375,0.0,0.0,,0.11612903225806452,,eval_data\mixed_vivos\vi_VIVOSDEV06_078_steady_0.wav,,,
vivos/moonshine-tiny-vi-hf-cpu,vi-asr-VIVOSDEV06_078-impulsive-15,ASR,vi,,15.0,impulsive,moonshine-tiny-vi-hf-cpu,0.2833,496.2734375,0.0,0.0,,0.09747956989247311,,eval_data\mixed_vivos\vi_VIVOSDEV06_078_impulsive_15.wav,,,
vivos/moonshine-tiny-vi-hf-cpu,vi-asr-VIVOSDEV06_078-impulsive-10,ASR,vi,,10.0,impulsive,moonshine-tiny-vi-hf-cpu,0.3491,496.2734375,0.0,0.0,,0.12012043010752689,,eval_data\mixed_vivos\vi_VIVOSDEV06_078_impulsive_10.wav,,,
vivos/moonshine-tiny-vi-hf-cpu,vi-asr-VIVOSDEV06_078-impulsive-5,ASR,vi,,5.0,impulsive,moonshine-tiny-vi-hf-cpu,0.3441,496.2734375,0.0,0.0,,0.1184,,eval_data\mixed_vivos\vi_VIVOSDEV06_078_impulsive_5.wav,,,
vivos/moonshine-tiny-vi-hf-cpu,vi-asr-VIVOSDEV06_078-impulsive-0,ASR,vi,,0.0,impulsive,moonshine-tiny-vi-hf-cpu,0.3344,496.2734375,0.0,0.0,,0.11506236559139785,,eval_data\mixed_vivos\vi_VIVOSDEV06_078_impulsive_0.wav,,,
vivos/moonshine-tiny-vi-hf-cpu,vi-asr-VIVOSDEV06_143-clean,ASR,vi,,,clean,moonshine-tiny-vi-hf-cpu,0.5356,496.5546875,0.16666666666666666,0.08163265306122448,,0.12069859154929577,,eval_data\mixed_vivos\vi_VIVOSDEV06_143_clean.wav,,,
vivos/moonshine-tiny-vi-hf-cpu,vi-asr-VIVOSDEV06_143-steady-15,ASR,vi,,15.0,steady,moonshine-tiny-vi-hf-cpu,0.4647,497.06640625,0.16666666666666666,0.061224489795918366,,0.10472112676056337,,eval_data\mixed_vivos\vi_VIVOSDEV06_143_steady_15.wav,,,
vivos/moonshine-tiny-vi-hf-cpu,vi-asr-VIVOSDEV06_143-steady-10,ASR,vi,,10.0,steady,moonshine-tiny-vi-hf-cpu,0.5868,497.06640625,0.25,0.08163265306122448,,0.13223661971830986,,eval_data\mixed_vivos\vi_VIVOSDEV06_143_steady_10.wav,,,
vivos/moonshine-tiny-vi-hf-cpu,vi-asr-VIVOSDEV06_143-steady-5,ASR,vi,,5.0,steady,moonshine-tiny-vi-hf-cpu,0.4943,497.06640625,0.3333333333333333,0.16326530612244897,,0.11139154929577465,,eval_data\mixed_vivos\vi_VIVOSDEV06_143_steady_5.wav,,,
vivos/moonshine-tiny-vi-hf-cpu,vi-asr-VIVOSDEV06_143-steady-0,ASR,vi,,0.0,steady,moonshine-tiny-vi-hf-cpu,0.546,497.06640625,0.5,0.2857142857142857,,0.12304225352112677,,eval_data\mixed_vivos\vi_VIVOSDEV06_143_steady_0.wav,,,
vivos/moonshine-tiny-vi-hf-cpu,vi-asr-VIVOSDEV06_143-impulsive-15,ASR,vi,,15.0,impulsive,moonshine-tiny-vi-hf-cpu,0.4756,497.06640625,0.16666666666666666,0.08163265306122448,,0.1071774647887324,,eval_data\mixed_vivos\vi_VIVOSDEV06_143_impulsive_15.wav,,,
vivos/moonshine-tiny-vi-hf-cpu,vi-asr-VIVOSDEV06_143-impulsive-10,ASR,vi,,10.0,impulsive,moonshine-tiny-vi-hf-cpu,0.5296,497.06640625,0.16666666666666666,0.08163265306122448,,0.11934647887323943,,eval_data\mixed_vivos\vi_VIVOSDEV06_143_impulsive_10.wav,,,
vivos/moonshine-tiny-vi-hf-cpu,vi-asr-VIVOSDEV06_143-impulsive-5,ASR,vi,,5.0,impulsive,moonshine-tiny-vi-hf-cpu,0.4538,497.06640625,0.16666666666666666,0.08163265306122448,,0.10226478873239436,,eval_data\mixed_vivos\vi_VIVOSDEV06_143_impulsive_5.wav,,,
vivos/moonshine-tiny-vi-hf-cpu,vi-asr-VIVOSDEV06_143-impulsive-0,ASR,vi,,0.0,impulsive,moonshine-tiny-vi-hf-cpu,0.4739,497.06640625,0.16666666666666666,0.061224489795918366,,0.10679436619718309,,eval_data\mixed_vivos\vi_VIVOSDEV06_143_impulsive_0.wav,,,
vivos/moonshine-tiny-vi-hf-cpu,vi-asr-VIVOSDEV06_240-clean,ASR,vi,,,clean,moonshine-tiny-vi-hf-cpu,0.1923,497.06640625,0.3333333333333333,0.36,,0.05697777777777778,,eval_data\mixed_vivos\vi_VIVOSDEV06_240_clean.wav,,,
vivos/moonshine-tiny-vi-hf-cpu,vi-asr-VIVOSDEV06_240-steady-15,ASR,vi,,15.0,steady,moonshine-tiny-vi-hf-cpu,0.1944,497.06640625,0.3333333333333333,0.36,,0.0576,,eval_data\mixed_vivos\vi_VIVOSDEV06_240_steady_15.wav,,,
vivos/moonshine-tiny-vi-hf-cpu,vi-asr-VIVOSDEV06_240-steady-10,ASR,vi,,10.0,steady,moonshine-tiny-vi-hf-cpu,0.1935,497.06640625,0.3333333333333333,0.36,,0.05733333333333333,,eval_data\mixed_vivos\vi_VIVOSDEV06_240_steady_10.wav,,,
vivos/moonshine-tiny-vi-hf-cpu,vi-asr-VIVOSDEV06_240-steady-5,ASR,vi,,5.0,steady,moonshine-tiny-vi-hf-cpu,0.2111,497.06640625,0.3333333333333333,0.36,,0.06254814814814814,,eval_data\mixed_vivos\vi_VIVOSDEV06_240_steady_5.wav,,,
vivos/moonshine-tiny-vi-hf-cpu,vi-asr-VIVOSDEV06_240-steady-0,ASR,vi,,0.0,steady,moonshine-tiny-vi-hf-cpu,0.2798,497.06640625,0.16666666666666666,0.12,,0.0829037037037037,,eval_data\mixed_vivos\vi_VIVOSDEV06_240_steady_0.wav,,,
vivos/moonshine-tiny-vi-hf-cpu,vi-asr-VIVOSDEV06_240-impulsive-15,ASR,vi,,15.0,impulsive,moonshine-tiny-vi-hf-cpu,0.2078,497.06640625,0.3333333333333333,0.36,,0.06157037037037037,,eval_data\mixed_vivos\vi_VIVOSDEV06_240_impulsive_15.wav,,,
vivos/moonshine-tiny-vi-hf-cpu,vi-asr-VIVOSDEV06_240-impulsive-10,ASR,vi,,10.0,impulsive,moonshine-tiny-vi-hf-cpu,0.2014,497.06640625,0.3333333333333333,0.36,,0.059674074074074074,,eval_data\mixed_vivos\vi_VIVOSDEV06_240_impulsive_10.wav,,,
vivos/moonshine-tiny-vi-hf-cpu,vi-asr-VIVOSDEV06_240-impulsive-5,ASR,vi,,5.0,impulsive,moonshine-tiny-vi-hf-cpu,0.1849,497.06640625,0.3333333333333333,0.36,,0.05478518518518519,,eval_data\mixed_vivos\vi_VIVOSDEV06_240_impulsive_5.wav,,,
vivos/moonshine-tiny-vi-hf-cpu,vi-asr-VIVOSDEV06_240-impulsive-0,ASR,vi,,0.0,impulsive,moonshine-tiny-vi-hf-cpu,0.13,497.06640625,1.0,1.0,,0.03851851851851852,,eval_data\mixed_vivos\vi_VIVOSDEV06_240_impulsive_0.wav,,,
vivos/moonshine-tiny-vi-hf-cpu,vi-asr-VIVOSDEV06_285-clean,ASR,vi,,,clean,moonshine-tiny-vi-hf-cpu,0.3411,497.25390625,0.0,0.0,,0.09574736842105264,,eval_data\mixed_vivos\vi_VIVOSDEV06_285_clean.wav,,,
vivos/moonshine-tiny-vi-hf-cpu,vi-asr-VIVOSDEV06_285-steady-15,ASR,vi,,15.0,steady,moonshine-tiny-vi-hf-cpu,0.3317,497.69140625,0.0,0.0,,0.09310877192982456,,eval_data\mixed_vivos\vi_VIVOSDEV06_285_steady_15.wav,,,
vivos/moonshine-tiny-vi-hf-cpu,vi-asr-VIVOSDEV06_285-steady-10,ASR,vi,,10.0,steady,moonshine-tiny-vi-hf-cpu,0.3201,497.69140625,0.0,0.0,,0.08985263157894736,,eval_data\mixed_vivos\vi_VIVOSDEV06_285_steady_10.wav,,,
vivos/moonshine-tiny-vi-hf-cpu,vi-asr-VIVOSDEV06_285-steady-5,ASR,vi,,5.0,steady,moonshine-tiny-vi-hf-cpu,0.3299,497.94140625,0.0,0.0,,0.09260350877192983,,eval_data\mixed_vivos\vi_VIVOSDEV06_285_steady_5.wav,,,
vivos/moonshine-tiny-vi-hf-cpu,vi-asr-VIVOSDEV06_285-steady-0,ASR,vi,,0.0,steady,moonshine-tiny-vi-hf-cpu,0.3362,497.94140625,0.125,0.02857142857142857,,0.0943719298245614,,eval_data\mixed_vivos\vi_VIVOSDEV06_285_steady_0.wav,,,
vivos/moonshine-tiny-vi-hf-cpu,vi-asr-VIVOSDEV06_285-impulsive-15,ASR,vi,,15.0,impulsive,moonshine-tiny-vi-hf-cpu,0.3205,497.94140625,0.0,0.0,,0.08996491228070176,,eval_data\mixed_vivos\vi_VIVOSDEV06_285_impulsive_15.wav,,,
vivos/moonshine-tiny-vi-hf-cpu,vi-asr-VIVOSDEV06_285-impulsive-10,ASR,vi,,10.0,impulsive,moonshine-tiny-vi-hf-cpu,0.3355,497.94140625,0.0,0.0,,0.09417543859649123,,eval_data\mixed_vivos\vi_VIVOSDEV06_285_impulsive_10.wav,,,
vivos/moonshine-tiny-vi-hf-cpu,vi-asr-VIVOSDEV06_285-impulsive-5,ASR,vi,,5.0,impulsive,moonshine-tiny-vi-hf-cpu,0.3376,497.94140625,0.0,0.0,,0.09476491228070176,,eval_data\mixed_vivos\vi_VIVOSDEV06_285_impulsive_5.wav,,,
vivos/moonshine-tiny-vi-hf-cpu,vi-asr-VIVOSDEV06_285-impulsive-0,ASR,vi,,0.0,impulsive,moonshine-tiny-vi-hf-cpu,0.3035,497.94140625,0.0,0.0,,0.08519298245614035,,eval_data\mixed_vivos\vi_VIVOSDEV06_285_impulsive_0.wav,,,
vivos/moonshine-tiny-vi-hf-cpu,vi-asr-VIVOSDEV07_039-clean,ASR,vi,,,clean,moonshine-tiny-vi-hf-cpu,0.4638,499.8125,0.1,0.061224489795918366,,0.12165245901639345,,eval_data\mixed_vivos\vi_VIVOSDEV07_039_clean.wav,,,
vivos/moonshine-tiny-vi-hf-cpu,vi-asr-VIVOSDEV07_039-steady-15,ASR,vi,,15.0,steady,moonshine-tiny-vi-hf-cpu,0.467,500.33984375,0.1,0.061224489795918366,,0.12249180327868853,,eval_data\mixed_vivos\vi_VIVOSDEV07_039_steady_15.wav,,,
vivos/moonshine-tiny-vi-hf-cpu,vi-asr-VIVOSDEV07_039-steady-10,ASR,vi,,10.0,steady,moonshine-tiny-vi-hf-cpu,0.39,500.5703125,0.1,0.02040816326530612,,0.10229508196721313,,eval_data\mixed_vivos\vi_VIVOSDEV07_039_steady_10.wav,,,
vivos/moonshine-tiny-vi-hf-cpu,vi-asr-VIVOSDEV07_039-steady-5,ASR,vi,,5.0,steady,moonshine-tiny-vi-hf-cpu,0.4155,500.5703125,0.1,0.02040816326530612,,0.10898360655737704,,eval_data\mixed_vivos\vi_VIVOSDEV07_039_steady_5.wav,,,
vivos/moonshine-tiny-vi-hf-cpu,vi-asr-VIVOSDEV07_039-steady-0,ASR,vi,,0.0,steady,moonshine-tiny-vi-hf-cpu,0.4556,500.5703125,0.5,0.2653061224489796,,0.11950163934426229,,eval_data\mixed_vivos\vi_VIVOSDEV07_039_steady_0.wav,,,
vivos/moonshine-tiny-vi-hf-cpu,vi-asr-VIVOSDEV07_039-impulsive-15,ASR,vi,,15.0,impulsive,moonshine-tiny-vi-hf-cpu,0.4441,500.5703125,0.1,0.061224489795918366,,0.11648524590163935,,eval_data\mixed_vivos\vi_VIVOSDEV07_039_impulsive_15.wav,,,
vivos/moonshine-tiny-vi-hf-cpu,vi-asr-VIVOSDEV07_039-impulsive-10,ASR,vi,,10.0,impulsive,moonshine-tiny-vi-hf-cpu,0.5016,501.3203125,0.2,0.08163265306122448,,0.1315672131147541,,eval_data\mixed_vivos\vi_VIVOSDEV07_039_impulsive_10.wav,,,
vivos/moonshine-tiny-vi-hf-cpu,vi-asr-VIVOSDEV07_039-impulsive-5,ASR,vi,,5.0,impulsive,moonshine-tiny-vi-hf-cpu,0.5969,501.5703125,0.1,0.061224489795918366,,0.1565639344262295,,eval_data\mixed_vivos\vi_VIVOSDEV07_039_impulsive_5.wav,,,
vivos/moonshine-tiny-vi-hf-cpu,vi-asr-VIVOSDEV07_039-impulsive-0,ASR,vi,,0.0,impulsive,moonshine-tiny-vi-hf-cpu,0.4879,501.5703125,0.1,0.061224489795918366,,0.12797377049180328,,eval_data\mixed_vivos\vi_VIVOSDEV07_039_impulsive_0.wav,,,
vivos/moonshine-tiny-vi-hf-cpu,vi-asr-VIVOSDEV07_098-clean,ASR,vi,,,clean,moonshine-tiny-vi-hf-cpu,0.1855,501.5703125,0.0,0.0,,0.05496296296296296,,eval_data\mixed_vivos\vi_VIVOSDEV07_098_clean.wav,,,
vivos/moonshine-tiny-vi-hf-cpu,vi-asr-VIVOSDEV07_098-steady-15,ASR,vi,,15.0,steady,moonshine-tiny-vi-hf-cpu,0.1849,501.5703125,0.0,0.0,,0.05478518518518519,,eval_data\mixed_vivos\vi_VIVOSDEV07_098_steady_15.wav,,,
vivos/moonshine-tiny-vi-hf-cpu,vi-asr-VIVOSDEV07_098-steady-10,ASR,vi,,10.0,steady,moonshine-tiny-vi-hf-cpu,0.1806,501.5703125,0.0,0.0,,0.05351111111111111,,eval_data\mixed_vivos\vi_VIVOSDEV07_098_steady_10.wav,,,
vivos/moonshine-tiny-vi-hf-cpu,vi-asr-VIVOSDEV07_098-steady-5,ASR,vi,,5.0,steady,moonshine-tiny-vi-hf-cpu,0.1787,501.5703125,0.25,0.15,,0.05294814814814815,,eval_data\mixed_vivos\vi_VIVOSDEV07_098_steady_5.wav,,,
vivos/moonshine-tiny-vi-hf-cpu,vi-asr-VIVOSDEV07_098-steady-0,ASR,vi,,0.0,steady,moonshine-tiny-vi-hf-cpu,0.1905,501.5703125,0.25,0.15,,0.05644444444444444,,eval_data\mixed_vivos\vi_VIVOSDEV07_098_steady_0.wav,,,
vivos/moonshine-tiny-vi-hf-cpu,vi-asr-VIVOSDEV07_098-impulsive-15,ASR,vi,,15.0,impulsive,moonshine-tiny-vi-hf-cpu,0.1722,501.5703125,0.0,0.0,,0.05102222222222222,,eval_data\mixed_vivos\vi_VIVOSDEV07_098_impulsive_15.wav,,,
vivos/moonshine-tiny-vi-hf-cpu,vi-asr-VIVOSDEV07_098-impulsive-10,ASR,vi,,10.0,impulsive,moonshine-tiny-vi-hf-cpu,0.1758,501.5703125,0.0,0.0,,0.05208888888888889,,eval_data\mixed_vivos\vi_VIVOSDEV07_098_impulsive_10.wav,,,
vivos/moonshine-tiny-vi-hf-cpu,vi-asr-VIVOSDEV07_098-impulsive-5,ASR,vi,,5.0,impulsive,moonshine-tiny-vi-hf-cpu,0.1705,501.5703125,0.0,0.0,,0.050518518518518525,,eval_data\mixed_vivos\vi_VIVOSDEV07_098_impulsive_5.wav,,,
vivos/moonshine-tiny-vi-hf-cpu,vi-asr-VIVOSDEV07_098-impulsive-0,ASR,vi,,0.0,impulsive,moonshine-tiny-vi-hf-cpu,0.2268,501.5703125,0.25,0.1,,0.0672,,eval_data\mixed_vivos\vi_VIVOSDEV07_098_impulsive_0.wav,,,
vivos/moonshine-tiny-vi-hf-cpu,vi-asr-VIVOSDEV07_151-clean,ASR,vi,,,clean,moonshine-tiny-vi-hf-cpu,0.1895,501.70703125,1.25,1.0588235294117647,,0.09475,,eval_data\mixed_vivos\vi_VIVOSDEV07_151_clean.wav,,,
vivos/moonshine-tiny-vi-hf-cpu,vi-asr-VIVOSDEV07_151-steady-15,ASR,vi,,15.0,steady,moonshine-tiny-vi-hf-cpu,0.1999,501.828125,1.5,1.1764705882352942,,0.09995,,eval_data\mixed_vivos\vi_VIVOSDEV07_151_steady_15.wav,,,
vivos/moonshine-tiny-vi-hf-cpu,vi-asr-VIVOSDEV07_151-steady-10,ASR,vi,,10.0,steady,moonshine-tiny-vi-hf-cpu,0.2291,501.828125,1.5,1.1764705882352942,,0.11455,,eval_data\mixed_vivos\vi_VIVOSDEV07_151_steady_10.wav,,,
vivos/moonshine-tiny-vi-hf-cpu,vi-asr-VIVOSDEV07_151-steady-5,ASR,vi,,5.0,steady,moonshine-tiny-vi-hf-cpu,0.2403,501.828125,1.25,1.1176470588235294,,0.12015,,eval_data\mixed_vivos\vi_VIVOSDEV07_151_steady_5.wav,,,
vivos/moonshine-tiny-vi-hf-cpu,vi-asr-VIVOSDEV07_151-steady-0,ASR,vi,,0.0,steady,moonshine-tiny-vi-hf-cpu,0.143,501.828125,1.0,0.5294117647058824,,0.0715,,eval_data\mixed_vivos\vi_VIVOSDEV07_151_steady_0.wav,,,
vivos/moonshine-tiny-vi-hf-cpu,vi-asr-VIVOSDEV07_151-impulsive-15,ASR,vi,,15.0,impulsive,moonshine-tiny-vi-hf-cpu,0.2323,501.828125,1.25,1.0588235294117647,,0.11615,,eval_data\mixed_vivos\vi_VIVOSDEV07_151_impulsive_15.wav,,,
vivos/moonshine-tiny-vi-hf-cpu,vi-asr-VIVOSDEV07_151-impulsive-10,ASR,vi,,10.0,impulsive,moonshine-tiny-vi-hf-cpu,0.1756,501.828125,1.25,1.0588235294117647,,0.0878,,eval_data\mixed_vivos\vi_VIVOSDEV07_151_impulsive_10.wav,,,
vivos/moonshine-tiny-vi-hf-cpu,vi-asr-VIVOSDEV07_151-impulsive-5,ASR,vi,,5.0,impulsive,moonshine-tiny-vi-hf-cpu,0.2348,501.828125,1.25,1.0588235294117647,,0.1174,,eval_data\mixed_vivos\vi_VIVOSDEV07_151_impulsive_5.wav,,,
vivos/moonshine-tiny-vi-hf-cpu,vi-asr-VIVOSDEV07_151-impulsive-0,ASR,vi,,0.0,impulsive,moonshine-tiny-vi-hf-cpu,0.198,501.828125,1.25,1.0588235294117647,,0.099,,eval_data\mixed_vivos\vi_VIVOSDEV07_151_impulsive_0.wav,,,
vivos/moonshine-tiny-vi-hf-cpu,vi-asr-VIVOSDEV07_194-clean,ASR,vi,,,clean,moonshine-tiny-vi-hf-cpu,0.7556,502.23828125,0.18181818181818182,0.043478260869565216,,0.2572255319148936,,eval_data\mixed_vivos\vi_VIVOSDEV07_194_clean.wav,,,
vivos/moonshine-tiny-vi-hf-cpu,vi-asr-VIVOSDEV07_194-steady-15,ASR,vi,,15.0,steady,moonshine-tiny-vi-hf-cpu,0.4138,502.23828125,0.18181818181818182,0.08695652173913043,,0.140868085106383,,eval_data\mixed_vivos\vi_VIVOSDEV07_194_steady_15.wav,,,
vivos/moonshine-tiny-vi-hf-cpu,vi-asr-VIVOSDEV07_194-steady-10,ASR,vi,,10.0,steady,moonshine-tiny-vi-hf-cpu,0.4228,502.23828125,0.2727272727272727,0.1956521739130435,,0.14393191489361704,,eval_data\mixed_vivos\vi_VIVOSDEV07_194_steady_10.wav,,,
vivos/moonshine-tiny-vi-hf-cpu,vi-asr-VIVOSDEV07_194-steady-5,ASR,vi,,5.0,steady,moonshine-tiny-vi-hf-cpu,0.4595,502.23828125,0.2727272727272727,0.1956521739130435,,0.1564255319148936,,eval_data\mixed_vivos\vi_VIVOSDEV07_194_steady_5.wav,,,
vivos/moonshine-tiny-vi-hf-cpu,vi-asr-VIVOSDEV07_194-steady-0,ASR,vi,,0.0,steady,moonshine-tiny-vi-hf-cpu,0.5514,502.23828125,0.45454545454545453,0.2826086956521739,,0.18771063829787235,,eval_data\mixed_vivos\vi_VIVOSDEV07_194_steady_0.wav,,,
vivos/moonshine-tiny-vi-hf-cpu,vi-asr-VIVOSDEV07_194-impulsive-15,ASR,vi,,15.0,impulsive,moonshine-tiny-vi-hf-cpu,0.5252,502.2421875,0.09090909090909091,0.021739130434782608,,0.17879148936170214,,eval_data\mixed_vivos\vi_VIVOSDEV07_194_impulsive_15.wav,,,
vivos/moonshine-tiny-vi-hf-cpu,vi-asr-VIVOSDEV07_194-impulsive-10,ASR,vi,,10.0,impulsive,moonshine-tiny-vi-hf-cpu,0.4824,502.2421875,0.18181818181818182,0.08695652173913043,,0.16422127659574468,,eval_data\mixed_vivos\vi_VIVOSDEV07_194_impulsive_10.wav,,,
vivos/moonshine-tiny-vi-hf-cpu,vi-asr-VIVOSDEV07_194-impulsive-5,ASR,vi,,5.0,impulsive,moonshine-tiny-vi-hf-cpu,0.4341,502.2421875,0.18181818181818182,0.08695652173913043,,0.14777872340425532,,eval_data\mixed_vivos\vi_VIVOSDEV07_194_impulsive_5.wav,,,
vivos/moonshine-tiny-vi-hf-cpu,vi-asr-VIVOSDEV07_194-impulsive-0,ASR,vi,,0.0,impulsive,moonshine-tiny-vi-hf-cpu,0.5012,502.2421875,0.2727272727272727,0.10869565217391304,,0.17062127659574466,,eval_data\mixed_vivos\vi_VIVOSDEV07_194_impulsive_0.wav,,,
vivos/moonshine-tiny-vi-hf-cpu,vi-asr-VIVOSDEV07_246-clean,ASR,vi,,,clean,moonshine-tiny-vi-hf-cpu,0.2047,502.2421875,0.16666666666666666,0.17857142857142858,,0.07988292682926829,,eval_data\mixed_vivos\vi_VIVOSDEV07_246_clean.wav,,,
vivos/moonshine-tiny-vi-hf-cpu,vi-asr-VIVOSDEV07_246-steady-15,ASR,vi,,15.0,steady,moonshine-tiny-vi-hf-cpu,0.2048,502.2421875,0.16666666666666666,0.17857142857142858,,0.0799219512195122,,eval_data\mixed_vivos\vi_VIVOSDEV07_246_steady_15.wav,,,
vivos/moonshine-tiny-vi-hf-cpu,vi-asr-VIVOSDEV07_246-steady-10,ASR,vi,,10.0,steady,moonshine-tiny-vi-hf-cpu,0.2427,502.2421875,0.16666666666666666,0.14285714285714285,,0.09471219512195123,,eval_data\mixed_vivos\vi_VIVOSDEV07_246_steady_10.wav,,,
vivos/moonshine-tiny-vi-hf-cpu,vi-asr-VIVOSDEV07_246-steady-5,ASR,vi,,5.0,steady,moonshine-tiny-vi-hf-cpu,0.2688,502.2421875,0.16666666666666666,0.14285714285714285,,0.10489756097560975,,eval_data\mixed_vivos\vi_VIVOSDEV07_246_steady_5.wav,,,
vivos/moonshine-tiny-vi-hf-cpu,vi-asr-VIVOSDEV07_246-steady-0,ASR,vi,,0.0,steady,moonshine-tiny-vi-hf-cpu,0.2384,502.2421875,0.8333333333333334,0.4642857142857143,,0.09303414634146341,,eval_data\mixed_vivos\vi_VIVOSDEV07_246_steady_0.wav,,,
vivos/moonshine-tiny-vi-hf-cpu,vi-asr-VIVOSDEV07_246-impulsive-15,ASR,vi,,15.0,impulsive,moonshine-tiny-vi-hf-cpu,0.1957,502.2421875,0.16666666666666666,0.17857142857142858,,0.07637073170731708,,eval_data\mixed_vivos\vi_VIVOSDEV07_246_impulsive_15.wav,,,
vivos/moonshine-tiny-vi-hf-cpu,vi-asr-VIVOSDEV07_246-impulsive-10,ASR,vi,,10.0,impulsive,moonshine-tiny-vi-hf-cpu,0.1794,502.2421875,0.16666666666666666,0.17857142857142858,,0.07000975609756098,,eval_data\mixed_vivos\vi_VIVOSDEV07_246_impulsive_10.wav,,,
vivos/moonshine-tiny-vi-hf-cpu,vi-asr-VIVOSDEV07_246-impulsive-5,ASR,vi,,5.0,impulsive,moonshine-tiny-vi-hf-cpu,0.2328,502.2421875,0.16666666666666666,0.17857142857142858,,0.09084878048780488,,eval_data\mixed_vivos\vi_VIVOSDEV07_246_impulsive_5.wav,,,
vivos/moonshine-tiny-vi-hf-cpu,vi-asr-VIVOSDEV07_246-impulsive-0,ASR,vi,,0.0,impulsive,moonshine-tiny-vi-hf-cpu,0.322,502.2421875,0.6666666666666666,0.25,,0.12565853658536585,,eval_data\mixed_vivos\vi_VIVOSDEV07_246_impulsive_0.wav,,,
vivos/moonshine-tiny-vi-hf-cpu,vi-asr-VIVOSDEV08_032-clean,ASR,vi,,,clean,moonshine-tiny-vi-hf-cpu,0.6149,504.0390625,0.0,0.0,,0.11853493975903615,,eval_data\mixed_vivos\vi_VIVOSDEV08_032_clean.wav,,,
vivos/moonshine-tiny-vi-hf-cpu,vi-asr-VIVOSDEV08_032-steady-15,ASR,vi,,15.0,steady,moonshine-tiny-vi-hf-cpu,0.597,504.671875,0.0,0.0,,0.11508433734939759,,eval_data\mixed_vivos\vi_VIVOSDEV08_032_steady_15.wav,,,
vivos/moonshine-tiny-vi-hf-cpu,vi-asr-VIVOSDEV08_032-steady-10,ASR,vi,,10.0,steady,moonshine-tiny-vi-hf-cpu,0.5752,504.9921875,0.08333333333333333,0.07017543859649122,,0.11088192771084338,,eval_data\mixed_vivos\vi_VIVOSDEV08_032_steady_10.wav,,,
vivos/moonshine-tiny-vi-hf-cpu,vi-asr-VIVOSDEV08_032-steady-5,ASR,vi,,5.0,steady,moonshine-tiny-vi-hf-cpu,0.5353,504.9921875,0.3333333333333333,0.15789473684210525,,0.10319036144578313,,eval_data\mixed_vivos\vi_VIVOSDEV08_032_steady_5.wav,,,
vivos/moonshine-tiny-vi-hf-cpu,vi-asr-VIVOSDEV08_032-steady-0,ASR,vi,,0.0,steady,moonshine-tiny-vi-hf-cpu,0.5487,504.9921875,0.6666666666666666,0.3333333333333333,,0.1057734939759036,,eval_data\mixed_vivos\vi_VIVOSDEV08_032_steady_0.wav,,,
vivos/moonshine-tiny-vi-hf-cpu,vi-asr-VIVOSDEV08_032-impulsive-15,ASR,vi,,15.0,impulsive,moonshine-tiny-vi-hf-cpu,0.5957,504.99609375,0.0,0.0,,0.11483373493975904,,eval_data\mixed_vivos\vi_VIVOSDEV08_032_impulsive_15.wav,,,
vivos/moonshine-tiny-vi-hf-cpu,vi-asr-VIVOSDEV08_032-impulsive-10,ASR,vi,,10.0,impulsive,moonshine-tiny-vi-hf-cpu,0.5852,504.99609375,0.0,0.0,,0.11280963855421688,,eval_data\mixed_vivos\vi_VIVOSDEV08_032_impulsive_10.wav,,,
vivos/moonshine-tiny-vi-hf-cpu,vi-asr-VIVOSDEV08_032-impulsive-5,ASR,vi,,5.0,impulsive,moonshine-tiny-vi-hf-cpu,0.6046,504.99609375,0.0,0.0,,0.11654939759036145,,eval_data\mixed_vivos\vi_VIVOSDEV08_032_impulsive_5.wav,,,
vivos/moonshine-tiny-vi-hf-cpu,vi-asr-VIVOSDEV08_032-impulsive-0,ASR,vi,,0.0,impulsive,moonshine-tiny-vi-hf-cpu,0.6419,504.99609375,0.08333333333333333,0.03508771929824561,,0.12373975903614458,,eval_data\mixed_vivos\vi_VIVOSDEV08_032_impulsive_0.wav,,,
vivos/moonshine-tiny-vi-hf-cpu,vi-asr-VIVOSDEV08_093-clean,ASR,vi,,,clean,moonshine-tiny-vi-hf-cpu,0.5713,505.16015625,0.25,0.058823529411764705,,0.13442352941176472,,eval_data\mixed_vivos\vi_VIVOSDEV08_093_clean.wav,,,
vivos/moonshine-tiny-vi-hf-cpu,vi-asr-VIVOSDEV08_093-steady-15,ASR,vi,,15.0,steady,moonshine-tiny-vi-hf-cpu,0.5437,505.6796875,0.25,0.11764705882352941,,0.12792941176470587,,eval_data\mixed_vivos\vi_VIVOSDEV08_093_steady_15.wav,,,
vivos/moonshine-tiny-vi-hf-cpu,vi-asr-VIVOSDEV08_093-steady-10,ASR,vi,,10.0,steady,moonshine-tiny-vi-hf-cpu,0.5544,505.6796875,0.25,0.11764705882352941,,0.13044705882352942,,eval_data\mixed_vivos\vi_VIVOSDEV08_093_steady_10.wav,,,
vivos/moonshine-tiny-vi-hf-cpu,vi-asr-VIVOSDEV08_093-steady-5,ASR,vi,,5.0,steady,moonshine-tiny-vi-hf-cpu,0.5451,505.6796875,0.4166666666666667,0.19607843137254902,,0.12825882352941176,,eval_data\mixed_vivos\vi_VIVOSDEV08_093_steady_5.wav,,,
vivos/moonshine-tiny-vi-hf-cpu,vi-asr-VIVOSDEV08_093-steady-0,ASR,vi,,0.0,steady,moonshine-tiny-vi-hf-cpu,0.5532,505.6796875,0.5833333333333334,0.35294117647058826,,0.13016470588235296,,eval_data\mixed_vivos\vi_VIVOSDEV08_093_steady_0.wav,,,
vivos/moonshine-tiny-vi-hf-cpu,vi-asr-VIVOSDEV08_093-impulsive-15,ASR,vi,,15.0,impulsive,moonshine-tiny-vi-hf-cpu,0.7764,505.68359375,0.3333333333333333,0.13725490196078433,,0.18268235294117646,,eval_data\mixed_vivos\vi_VIVOSDEV08_093_impulsive_15.wav,,,
vivos/moonshine-tiny-vi-hf-cpu,vi-asr-VIVOSDEV08_093-impulsive-10,ASR,vi,,10.0,impulsive,moonshine-tiny-vi-hf-cpu,0.5734,505.68359375,0.3333333333333333,0.13725490196078433,,0.13491764705882353,,eval_data\mixed_vivos\vi_VIVOSDEV08_093_impulsive_10.wav,,,
vivos/moonshine-tiny-vi-hf-cpu,vi-asr-VIVOSDEV08_093-impulsive-5,ASR,vi,,5.0,impulsive,moonshine-tiny-vi-hf-cpu,0.5276,505.68359375,0.3333333333333333,0.11764705882352941,,0.12414117647058823,,eval_data\mixed_vivos\vi_VIVOSDEV08_093_impulsive_5.wav,,,
vivos/moonshine-tiny-vi-hf-cpu,vi-asr-VIVOSDEV08_093-impulsive-0,ASR,vi,,0.0,impulsive,moonshine-tiny-vi-hf-cpu,0.5326,505.68359375,0.3333333333333333,0.11764705882352941,,0.12531764705882353,,eval_data\mixed_vivos\vi_VIVOSDEV08_093_impulsive_0.wav,,,
vivos/moonshine-tiny-vi-hf-cpu,vi-asr-VIVOSDEV08_159-clean,ASR,vi,,,clean,moonshine-tiny-vi-hf-cpu,0.3462,505.87109375,0.125,0.06060606060606061,,0.12309333333333333,,eval_data\mixed_vivos\vi_VIVOSDEV08_159_clean.wav,,,
vivos/moonshine-tiny-vi-hf-cpu,vi-asr-VIVOSDEV08_159-steady-15,ASR,vi,,15.0,steady,moonshine-tiny-vi-hf-cpu,0.3648,506.0390625,0.125,0.06060606060606061,,0.12970666666666666,,eval_data\mixed_vivos\vi_VIVOSDEV08_159_steady_15.wav,,,
vivos/moonshine-tiny-vi-hf-cpu,vi-asr-VIVOSDEV08_159-steady-10,ASR,vi,,10.0,steady,moonshine-tiny-vi-hf-cpu,0.3563,506.0390625,0.125,0.06060606060606061,,0.12668444444444443,,eval_data\mixed_vivos\vi_VIVOSDEV08_159_steady_10.wav,,,
vivos/moonshine-tiny-vi-hf-cpu,vi-asr-VIVOSDEV08_159-steady-5,ASR,vi,,5.0,steady,moonshine-tiny-vi-hf-cpu,0.3631,506.0390625,0.5,0.3333333333333333,,0.1291022222222222,,eval_data\mixed_vivos\vi_VIVOSDEV08_159_steady_5.wav,,,
vivos/moonshine-tiny-vi-hf-cpu,vi-asr-VIVOSDEV08_159-steady-0,ASR,vi,,0.0,steady,moonshine-tiny-vi-hf-cpu,0.4061,506.0390625,0.5,0.2727272727272727,,0.1443911111111111,,eval_data\mixed_vivos\vi_VIVOSDEV08_159_steady_0.wav,,,
vivos/moonshine-tiny-vi-hf-cpu,vi-asr-VIVOSDEV08_159-impulsive-15,ASR,vi,,15.0,impulsive,moonshine-tiny-vi-hf-cpu,0.3573,506.0390625,0.125,0.06060606060606061,,0.12704000000000001,,eval_data\mixed_vivos\vi_VIVOSDEV08_159_impulsive_15.wav,,,
vivos/moonshine-tiny-vi-hf-cpu,vi-asr-VIVOSDEV08_159-impulsive-10,ASR,vi,,10.0,impulsive,moonshine-tiny-vi-hf-cpu,0.3633,506.04296875,0.125,0.06060606060606061,,0.12917333333333333,,eval_data\mixed_vivos\vi_VIVOSDEV08_159_impulsive_10.wav,,,
vivos/moonshine-tiny-vi-hf-cpu,vi-asr-VIVOSDEV08_159-impulsive-5,ASR,vi,,5.0,impulsive,moonshine-tiny-vi-hf-cpu,0.3171,506.046875,0.125,0.09090909090909091,,0.11274666666666666,,eval_data\mixed_vivos\vi_VIVOSDEV08_159_impulsive_5.wav,,,
vivos/moonshine-tiny-vi-hf-cpu,vi-asr-VIVOSDEV08_159-impulsive-0,ASR,vi,,0.0,impulsive,moonshine-tiny-vi-hf-cpu,0.3455,506.046875,0.125,0.09090909090909091,,0.12284444444444444,,eval_data\mixed_vivos\vi_VIVOSDEV08_159_impulsive_0.wav,,,
vivos/moonshine-tiny-vi-hf-cpu,vi-asr-VIVOSDEV08_208-clean,ASR,vi,,,clean,moonshine-tiny-vi-hf-cpu,0.2248,506.6171875,0.3333333333333333,0.08333333333333333,,0.09991111111111112,,eval_data\mixed_vivos\vi_VIVOSDEV08_208_clean.wav,,,
vivos/moonshine-tiny-vi-hf-cpu,vi-asr-VIVOSDEV08_208-steady-15,ASR,vi,,15.0,steady,moonshine-tiny-vi-hf-cpu,0.2368,506.6171875,0.3333333333333333,0.08333333333333333,,0.10524444444444445,,eval_data\mixed_vivos\vi_VIVOSDEV08_208_steady_15.wav,,,
vivos/moonshine-tiny-vi-hf-cpu,vi-asr-VIVOSDEV08_208-steady-10,ASR,vi,,10.0,steady,moonshine-tiny-vi-hf-cpu,0.2022,506.6171875,0.3333333333333333,0.16666666666666666,,0.08986666666666666,,eval_data\mixed_vivos\vi_VIVOSDEV08_208_steady_10.wav,,,
vivos/moonshine-tiny-vi-hf-cpu,vi-asr-VIVOSDEV08_208-steady-5,ASR,vi,,5.0,steady,moonshine-tiny-vi-hf-cpu,0.19,506.6171875,0.3333333333333333,0.16666666666666666,,0.08444444444444445,,eval_data\mixed_vivos\vi_VIVOSDEV08_208_steady_5.wav,,,
vivos/moonshine-tiny-vi-hf-cpu,vi-asr-VIVOSDEV08_208-steady-0,ASR,vi,,0.0,steady,moonshine-tiny-vi-hf-cpu,0.4933,506.6171875,1.8333333333333333,1.4583333333333333,,0.21924444444444446,,eval_data\mixed_vivos\vi_VIVOSDEV08_208_steady_0.wav,,,
vivos/moonshine-tiny-vi-hf-cpu,vi-asr-VIVOSDEV08_208-impulsive-15,ASR,vi,,15.0,impulsive,moonshine-tiny-vi-hf-cpu,0.1253,506.6171875,1.0,0.9583333333333334,,0.055688888888888885,,eval_data\mixed_vivos\vi_VIVOSDEV08_208_impulsive_15.wav,,,
vivos/moonshine-tiny-vi-hf-cpu,vi-asr-VIVOSDEV08_208-impulsive-10,ASR,vi,,10.0,impulsive,moonshine-tiny-vi-hf-cpu,0.1261,506.6171875,1.0,0.9583333333333334,,0.05604444444444444,,eval_data\mixed_vivos\vi_VIVOSDEV08_208_impulsive_10.wav,,,
vivos/moonshine-tiny-vi-hf-cpu,vi-asr-VIVOSDEV08_208-impulsive-5,ASR,vi,,5.0,impulsive,moonshine-tiny-vi-hf-cpu,0.1686,506.6171875,1.0,0.9583333333333334,,0.07493333333333334,,eval_data\mixed_vivos\vi_VIVOSDEV08_208_impulsive_5.wav,,,
vivos/moonshine-tiny-vi-hf-cpu,vi-asr-VIVOSDEV08_208-impulsive-0,ASR,vi,,0.0,impulsive,moonshine-tiny-vi-hf-cpu,0.146,506.6171875,1.0,0.9583333333333334,,0.06488888888888888,,eval_data\mixed_vivos\vi_VIVOSDEV08_208_impulsive_0.wav,,,
vivos/moonshine-tiny-vi-hf-cpu,vi-asr-VIVOSDEV08_274-clean,ASR,vi,,,clean,moonshine-tiny-vi-hf-cpu,0.6992,506.9375,2.3333333333333335,2.111111111111111,,0.3857655172413793,,eval_data\mixed_vivos\vi_VIVOSDEV08_274_clean.wav,,,
vivos/moonshine-tiny-vi-hf-cpu,vi-asr-VIVOSDEV08_274-steady-15,ASR,vi,,15.0,steady,moonshine-tiny-vi-hf-cpu,0.4687,506.94140625,1.1666666666666667,0.8148148148148148,,0.25859310344827585,,eval_data\mixed_vivos\vi_VIVOSDEV08_274_steady_15.wav,,,
vivos/moonshine-tiny-vi-hf-cpu,vi-asr-VIVOSDEV08_274-steady-10,ASR,vi,,10.0,steady,moonshine-tiny-vi-hf-cpu,0.4556,506.94140625,1.1666666666666667,0.8888888888888888,,0.2513655172413793,,eval_data\mixed_vivos\vi_VIVOSDEV08_274_steady_10.wav,,,
vivos/moonshine-tiny-vi-hf-cpu,vi-asr-VIVOSDEV08_274-steady-5,ASR,vi,,5.0,steady,moonshine-tiny-vi-hf-cpu,0.3076,506.94140625,0.16666666666666666,0.037037037037037035,,0.1697103448275862,,eval_data\mixed_vivos\vi_VIVOSDEV08_274_steady_5.wav,,,
vivos/moonshine-tiny-vi-hf-cpu,vi-asr-VIVOSDEV08_274-steady-0,ASR,vi,,0.0,steady,moonshine-tiny-vi-hf-cpu,0.3524,506.94140625,0.3333333333333333,0.07407407407407407,,0.19442758620689654,,eval_data\mixed_vivos\vi_VIVOSDEV08_274_steady_0.wav,,,
vivos/moonshine-tiny-vi-hf-cpu,vi-asr-VIVOSDEV08_274-impulsive-15,ASR,vi,,15.0,impulsive,moonshine-tiny-vi-hf-cpu,0.7736,506.94140625,2.3333333333333335,2.074074074074074,,0.42681379310344825,,eval_data\mixed_vivos\vi_VIVOSDEV08_274_impulsive_15.wav,,,
vivos/moonshine-tiny-vi-hf-cpu,vi-asr-VIVOSDEV08_274-impulsive-10,ASR,vi,,10.0,impulsive,moonshine-tiny-vi-hf-cpu,0.7262,506.94140625,2.1666666666666665,1.8148148148148149,,0.4006620689655172,,eval_data\mixed_vivos\vi_VIVOSDEV08_274_impulsive_10.wav,,,
vivos/moonshine-tiny-vi-hf-cpu,vi-asr-VIVOSDEV08_274-impulsive-5,ASR,vi,,5.0,impulsive,moonshine-tiny-vi-hf-cpu,0.8732,506.94921875,3.0,2.7777777777777777,,0.4817655172413793,,eval_data\mixed_vivos\vi_VIVOSDEV08_274_impulsive_5.wav,,,
vivos/moonshine-tiny-vi-hf-cpu,vi-asr-VIVOSDEV08_274-impulsive-0,ASR,vi,,0.0,impulsive,moonshine-tiny-vi-hf-cpu,1.2849,506.94921875,4.333333333333333,4.0,,0.7089103448275862,,eval_data\mixed_vivos\vi_VIVOSDEV08_274_impulsive_0.wav,,,
vivos/moonshine-tiny-vi-hf-cpu,vi-asr-VIVOSDEV09_038-clean,ASR,vi,,,clean,moonshine-tiny-vi-hf-cpu,0.3726,507.859375,0.3333333333333333,0.10256410256410256,,0.10019495798319328,,eval_data\mixed_vivos\vi_VIVOSDEV09_038_clean.wav,,,
vivos/moonshine-tiny-vi-hf-cpu,vi-asr-VIVOSDEV09_038-steady-15,ASR,vi,,15.0,steady,moonshine-tiny-vi-hf-cpu,0.4177,507.87109375,0.4444444444444444,0.1794871794871795,,0.11232268907563026,,eval_data\mixed_vivos\vi_VIVOSDEV09_038_steady_15.wav,,,
vivos/moonshine-tiny-vi-hf-cpu,vi-asr-VIVOSDEV09_038-steady-10,ASR,vi,,10.0,steady,moonshine-tiny-vi-hf-cpu,0.415,507.87109375,0.6666666666666666,0.2564102564102564,,0.11159663865546218,,eval_data\mixed_vivos\vi_VIVOSDEV09_038_steady_10.wav,,,
vivos/moonshine-tiny-vi-hf-cpu,vi-asr-VIVOSDEV09_038-steady-5,ASR,vi,,5.0,steady,moonshine-tiny-vi-hf-cpu,0.4189,507.87890625,0.6666666666666666,0.3333333333333333,,0.11264537815126051,,eval_data\mixed_vivos\vi_VIVOSDEV09_038_steady_5.wav,,,
vivos/moonshine-tiny-vi-hf-cpu,vi-asr-VIVOSDEV09_038-steady-0,ASR,vi,,0.0,steady,moonshine-tiny-vi-hf-cpu,0.7348,507.87890625,0.7777777777777778,0.46153846153846156,,0.19759327731092438,,eval_data\mixed_vivos\vi_VIVOSDEV09_038_steady_0.wav,,,
vivos/moonshine-tiny-vi-hf-cpu,vi-asr-VIVOSDEV09_038-impulsive-15,ASR,vi,,15.0,impulsive,moonshine-tiny-vi-hf-cpu,0.4825,507.87890625,0.7777777777777778,0.3333333333333333,,0.12974789915966387,,eval_data\mixed_vivos\vi_VIVOSDEV09_038_impulsive_15.wav,,,
vivos/moonshine-tiny-vi-hf-cpu,vi-asr-VIVOSDEV09_038-impulsive-10,ASR,vi,,10.0,impulsive,moonshine-tiny-vi-hf-cpu,0.5805,507.87890625,0.6666666666666666,0.3076923076923077,,0.15610084033613444,,eval_data\mixed_vivos\vi_VIVOSDEV09_038_impulsive_10.wav,,,
vivos/moonshine-tiny-vi-hf-cpu,vi-asr-VIVOSDEV09_038-impulsive-5,ASR,vi,,5.0,impulsive,moonshine-tiny-vi-hf-cpu,0.5029,507.87890625,0.5555555555555556,0.20512820512820512,,0.13523361344537815,,eval_data\mixed_vivos\vi_VIVOSDEV09_038_impulsive_5.wav,,,
vivos/moonshine-tiny-vi-hf-cpu,vi-asr-VIVOSDEV09_038-impulsive-0,ASR,vi,,0.0,impulsive,moonshine-tiny-vi-hf-cpu,0.5989,507.87890625,0.6666666666666666,0.23076923076923078,,0.16104873949579832,,eval_data\mixed_vivos\vi_VIVOSDEV09_038_impulsive_0.wav,,,
vivos/moonshine-tiny-vi-hf-cpu,vi-asr-VIVOSDEV09_091-clean,ASR,vi,,,clean,moonshine-tiny-vi-hf-cpu,0.1964,507.87890625,0.0,0.0,,0.10302950819672131,,eval_data\mixed_vivos\vi_VIVOSDEV09_091_clean.wav,,,
vivos/moonshine-tiny-vi-hf-cpu,vi-asr-VIVOSDEV09_091-steady-15,ASR,vi,,15.0,steady,moonshine-tiny-vi-hf-cpu,0.1718,507.87890625,0.0,0.0,,0.09012459016393443,,eval_data\mixed_vivos\vi_VIVOSDEV09_091_steady_15.wav,,,
vivos/moonshine-tiny-vi-hf-cpu,vi-asr-VIVOSDEV09_091-steady-10,ASR,vi,,10.0,steady,moonshine-tiny-vi-hf-cpu,0.169,507.87890625,0.0,0.0,,0.08865573770491804,,eval_data\mixed_vivos\vi_VIVOSDEV09_091_steady_10.wav,,,
vivos/moonshine-tiny-vi-hf-cpu,vi-asr-VIVOSDEV09_091-steady-5,ASR,vi,,5.0,steady,moonshine-tiny-vi-hf-cpu,0.1887,507.87890625,0.5,0.16666666666666666,,0.09899016393442624,,eval_data\mixed_vivos\vi_VIVOSDEV09_091_steady_5.wav,,,
vivos/moonshine-tiny-vi-hf-cpu,vi-asr-VIVOSDEV09_091-steady-0,ASR,vi,,0.0,steady,moonshine-tiny-vi-hf-cpu,0.187,507.87890625,0.75,0.3888888888888889,,0.09809836065573771,,eval_data\mixed_vivos\vi_VIVOSDEV09_091_steady_0.wav,,,
vivos/moonshine-tiny-vi-hf-cpu,vi-asr-VIVOSDEV09_091-impulsive-15,ASR,vi,,15.0,impulsive,moonshine-tiny-vi-hf-cpu,0.2097,507.87890625,0.0,0.0,,0.11000655737704917,,eval_data\mixed_vivos\vi_VIVOSDEV09_091_impulsive_15.wav,,,
vivos/moonshine-tiny-vi-hf-cpu,vi-asr-VIVOSDEV09_091-impulsive-10,ASR,vi,,10.0,impulsive,moonshine-tiny-vi-hf-cpu,0.1968,507.87890625,0.0,0.0,,0.10323934426229509,,eval_data\mixed_vivos\vi_VIVOSDEV09_091_impulsive_10.wav,,,
vivos/moonshine-tiny-vi-hf-cpu,vi-asr-VIVOSDEV09_091-impulsive-5,ASR,vi,,5.0,impulsive,moonshine-tiny-vi-hf-cpu,0.1851,507.87890625,0.0,0.0,,0.09710163934426229,,eval_data\mixed_vivos\vi_VIVOSDEV09_091_impulsive_5.wav,,,
vivos/moonshine-tiny-vi-hf-cpu,vi-asr-VIVOSDEV09_091-impulsive-0,ASR,vi,,0.0,impulsive,moonshine-tiny-vi-hf-cpu,0.1712,507.87890625,0.0,0.0,,0.08980983606557377,,eval_data\mixed_vivos\vi_VIVOSDEV09_091_impulsive_0.wav,,,
vivos/moonshine-tiny-vi-hf-cpu,vi-asr-VIVOSDEV09_158-clean,ASR,vi,,,clean,moonshine-tiny-vi-hf-cpu,0.4182,508.57421875,0.18181818181818182,0.06521739130434782,,0.11738947368421053,,eval_data\mixed_vivos\vi_VIVOSDEV09_158_clean.wav,,,
vivos/moonshine-tiny-vi-hf-cpu,vi-asr-VIVOSDEV09_158-steady-15,ASR,vi,,15.0,steady,moonshine-tiny-vi-hf-cpu,0.4065,508.57421875,0.2727272727272727,0.08695652173913043,,0.11410526315789472,,eval_data\mixed_vivos\vi_VIVOSDEV09_158_steady_15.wav,,,
vivos/moonshine-tiny-vi-hf-cpu,vi-asr-VIVOSDEV09_158-steady-10,ASR,vi,,10.0,steady,moonshine-tiny-vi-hf-cpu,0.4374,508.57421875,0.36363636363636365,0.10869565217391304,,0.12277894736842106,,eval_data\mixed_vivos\vi_VIVOSDEV09_158_steady_10.wav,,,
vivos/moonshine-tiny-vi-hf-cpu,vi-asr-VIVOSDEV09_158-steady-5,ASR,vi,,5.0,steady,moonshine-tiny-vi-hf-cpu,0.3764,508.57421875,0.36363636363636365,0.15217391304347827,,0.1056561403508772,,eval_data\mixed_vivos\vi_VIVOSDEV09_158_steady_5.wav,,,
vivos/moonshine-tiny-vi-hf-cpu,vi-asr-VIVOSDEV09_158-steady-0,ASR,vi,,0.0,steady,moonshine-tiny-vi-hf-cpu,0.392,508.578125,0.6363636363636364,0.45652173913043476,,0.11003508771929825,,eval_data\mixed_vivos\vi_VIVOSDEV09_158_steady_0.wav,,,
vivos/moonshine-tiny-vi-hf-cpu,vi-asr-VIVOSDEV09_158-impulsive-15,ASR,vi,,15.0,impulsive,moonshine-tiny-vi-hf-cpu,0.4273,508.58203125,0.5454545454545454,0.15217391304347827,,0.11994385964912281,,eval_data\mixed_vivos\vi_VIVOSDEV09_158_impulsive_15.wav,,,
vivos/moonshine-tiny-vi-hf-cpu,vi-asr-VIVOSDEV09_158-impulsive-10,ASR,vi,,10.0,impulsive,moonshine-tiny-vi-hf-cpu,0.4072,508.58203125,0.5454545454545454,0.15217391304347827,,0.11430175438596492,,eval_data\mixed_vivos\vi_VIVOSDEV09_158_impulsive_10.wav,,,
vivos/moonshine-tiny-vi-hf-cpu,vi-asr-VIVOSDEV09_158-impulsive-5,ASR,vi,,5.0,impulsive,moonshine-tiny-vi-hf-cpu,0.4304,508.58984375,0.45454545454545453,0.10869565217391304,,0.1208140350877193,,eval_data\mixed_vivos\vi_VIVOSDEV09_158_impulsive_5.wav,,,
vivos/moonshine-tiny-vi-hf-cpu,vi-asr-VIVOSDEV09_158-impulsive-0,ASR,vi,,0.0,impulsive,moonshine-tiny-vi-hf-cpu,0.4657,508.59765625,0.45454545454545453,0.10869565217391304,,0.13072280701754385,,eval_data\mixed_vivos\vi_VIVOSDEV09_158_impulsive_0.wav,,,
vivos/moonshine-tiny-vi-hf-cpu,vi-asr-VIVOSDEV09_203-clean,ASR,vi,,,clean,moonshine-tiny-vi-hf-cpu,0.2157,509.04296875,0.2,0.045454545454545456,,0.07843636363636364,,eval_data\mixed_vivos\vi_VIVOSDEV09_203_clean.wav,,,
vivos/moonshine-tiny-vi-hf-cpu,vi-asr-VIVOSDEV09_203-steady-15,ASR,vi,,15.0,steady,moonshine-tiny-vi-hf-cpu,0.2195,509.20703125,0.2,0.045454545454545456,,0.07981818181818182,,eval_data\mixed_vivos\vi_VIVOSDEV09_203_steady_15.wav,,,
vivos/moonshine-tiny-vi-hf-cpu,vi-asr-VIVOSDEV09_203-steady-10,ASR,vi,,10.0,steady,moonshine-tiny-vi-hf-cpu,0.2628,509.20703125,0.2,0.045454545454545456,,0.09556363636363635,,eval_data\mixed_vivos\vi_VIVOSDEV09_203_steady_10.wav,,,
vivos/moonshine-tiny-vi-hf-cpu,vi-asr-VIVOSDEV09_203-steady-5,ASR,vi,,5.0,steady,moonshine-tiny-vi-hf-cpu,0.2453,509.2109375,0.2,0.045454545454545456,,0.0892,,eval_data\mixed_vivos\vi_VIVOSDEV09_203_steady_5.wav,,,
vivos/moonshine-tiny-vi-hf-cpu,vi-asr-VIVOSDEV09_203-steady-0,ASR,vi,,0.0,steady,moonshine-tiny-vi-hf-cpu,0.2685,509.2109375,0.2,0.045454545454545456,,0.09763636363636365,,eval_data\mixed_vivos\vi_VIVOSDEV09_203_steady_0.wav,,,
vivos/moonshine-tiny-vi-hf-cpu,vi-asr-VIVOSDEV09_203-impulsive-15,ASR,vi,,15.0,impulsive,moonshine-tiny-vi-hf-cpu,0.2578,509.2109375,0.2,0.045454545454545456,,0.09374545454545453,,eval_data\mixed_vivos\vi_VIVOSDEV09_203_impulsive_15.wav,,,
vivos/moonshine-tiny-vi-hf-cpu,vi-asr-VIVOSDEV09_203-impulsive-10,ASR,vi,,10.0,impulsive,moonshine-tiny-vi-hf-cpu,0.3143,509.2109375,0.2,0.045454545454545456,,0.1142909090909091,,eval_data\mixed_vivos\vi_VIVOSDEV09_203_impulsive_10.wav,,,
vivos/moonshine-tiny-vi-hf-cpu,vi-asr-VIVOSDEV09_203-impulsive-5,ASR,vi,,5.0,impulsive,moonshine-tiny-vi-hf-cpu,0.3153,509.2109375,0.2,0.045454545454545456,,0.11465454545454547,,eval_data\mixed_vivos\vi_VIVOSDEV09_203_impulsive_5.wav,,,
vivos/moonshine-tiny-vi-hf-cpu,vi-asr-VIVOSDEV09_203-impulsive-0,ASR,vi,,0.0,impulsive,moonshine-tiny-vi-hf-cpu,0.2991,509.2109375,0.2,0.045454545454545456,,0.10876363636363635,,eval_data\mixed_vivos\vi_VIVOSDEV09_203_impulsive_0.wav,,,
vivos/moonshine-tiny-vi-hf-cpu,vi-asr-VIVOSDEV09_288-clean,ASR,vi,,,clean,moonshine-tiny-vi-hf-cpu,0.7421,509.81640625,0.0,0.0,,0.237472,,eval_data\mixed_vivos\vi_VIVOSDEV09_288_clean.wav,,,
vivos/moonshine-tiny-vi-hf-cpu,vi-asr-VIVOSDEV09_288-steady-15,ASR,vi,,15.0,steady,moonshine-tiny-vi-hf-cpu,0.4178,509.81640625,0.0,0.0,,0.133696,,eval_data\mixed_vivos\vi_VIVOSDEV09_288_steady_15.wav,,,
vivos/moonshine-tiny-vi-hf-cpu,vi-asr-VIVOSDEV09_288-steady-10,ASR,vi,,10.0,steady,moonshine-tiny-vi-hf-cpu,0.4414,509.81640625,0.4444444444444444,0.16666666666666666,,0.141248,,eval_data\mixed_vivos\vi_VIVOSDEV09_288_steady_10.wav,,,
vivos/moonshine-tiny-vi-hf-cpu,vi-asr-VIVOSDEV09_288-steady-5,ASR,vi,,5.0,steady,moonshine-tiny-vi-hf-cpu,0.4213,509.81640625,0.4444444444444444,0.25,,0.134816,,eval_data\mixed_vivos\vi_VIVOSDEV09_288_steady_5.wav,,,
vivos/moonshine-tiny-vi-hf-cpu,vi-asr-VIVOSDEV09_288-steady-0,ASR,vi,,0.0,steady,moonshine-tiny-vi-hf-cpu,0.4941,509.81640625,0.5555555555555556,0.3888888888888889,,0.158112,,eval_data\mixed_vivos\vi_VIVOSDEV09_288_steady_0.wav,,,
vivos/moonshine-tiny-vi-hf-cpu,vi-asr-VIVOSDEV09_288-impulsive-15,ASR,vi,,15.0,impulsive,moonshine-tiny-vi-hf-cpu,0.4142,509.81640625,0.1111111111111111,0.05555555555555555,,0.132544,,eval_data\mixed_vivos\vi_VIVOSDEV09_288_impulsive_15.wav,,,
vivos/moonshine-tiny-vi-hf-cpu,vi-asr-VIVOSDEV09_288-impulsive-10,ASR,vi,,10.0,impulsive,moonshine-tiny-vi-hf-cpu,0.4264,509.81640625,0.1111111111111111,0.05555555555555555,,0.136448,,eval_data\mixed_vivos\vi_VIVOSDEV09_288_impulsive_10.wav,,,
vivos/moonshine-tiny-vi-hf-cpu,vi-asr-VIVOSDEV09_288-impulsive-5,ASR,vi,,5.0,impulsive,moonshine-tiny-vi-hf-cpu,0.3955,509.81640625,0.2222222222222222,0.08333333333333333,,0.12656,,eval_data\mixed_vivos\vi_VIVOSDEV09_288_impulsive_5.wav,,,
vivos/moonshine-tiny-vi-hf-cpu,vi-asr-VIVOSDEV09_288-impulsive-0,ASR,vi,,0.0,impulsive,moonshine-tiny-vi-hf-cpu,0.3388,509.81640625,0.5555555555555556,0.25,,0.108416,,eval_data\mixed_vivos\vi_VIVOSDEV09_288_impulsive_0.wav,,,
vivos/moonshine-tiny-vi-hf-cpu,vi-asr-VIVOSDEV10_024-clean,ASR,vi,,,clean,moonshine-tiny-vi-hf-cpu,0.4365,509.81640625,0.375,0.23529411764705882,,0.14859574468085107,,eval_data\mixed_vivos\vi_VIVOSDEV10_024_clean.wav,,,
vivos/moonshine-tiny-vi-hf-cpu,vi-asr-VIVOSDEV10_024-steady-15,ASR,vi,,15.0,steady,moonshine-tiny-vi-hf-cpu,0.3623,509.81640625,0.25,0.11764705882352941,,0.12333617021276597,,eval_data\mixed_vivos\vi_VIVOSDEV10_024_steady_15.wav,,,
vivos/moonshine-tiny-vi-hf-cpu,vi-asr-VIVOSDEV10_024-steady-10,ASR,vi,,10.0,steady,moonshine-tiny-vi-hf-cpu,0.4034,509.81640625,0.25,0.11764705882352941,,0.13732765957446808,,eval_data\mixed_vivos\vi_VIVOSDEV10_024_steady_10.wav,,,
vivos/moonshine-tiny-vi-hf-cpu,vi-asr-VIVOSDEV10_024-steady-5,ASR,vi,,5.0,steady,moonshine-tiny-vi-hf-cpu,0.3882,509.81640625,0.375,0.17647058823529413,,0.1321531914893617,,eval_data\mixed_vivos\vi_VIVOSDEV10_024_steady_5.wav,,,
vivos/moonshine-tiny-vi-hf-cpu,vi-asr-VIVOSDEV10_024-steady-0,ASR,vi,,0.0,steady,moonshine-tiny-vi-hf-cpu,0.5184,509.81640625,0.625,0.2647058823529412,,0.17647659574468083,,eval_data\mixed_vivos\vi_VIVOSDEV10_024_steady_0.wav,,,
vivos/moonshine-tiny-vi-hf-cpu,vi-asr-VIVOSDEV10_024-impulsive-15,ASR,vi,,15.0,impulsive,moonshine-tiny-vi-hf-cpu,0.6011,509.81640625,0.375,0.23529411764705882,,0.20462978723404254,,eval_data\mixed_vivos\vi_VIVOSDEV10_024_impulsive_15.wav,,,
vivos/moonshine-tiny-vi-hf-cpu,vi-asr-VIVOSDEV10_024-impulsive-10,ASR,vi,,10.0,impulsive,moonshine-tiny-vi-hf-cpu,0.4544,509.81640625,0.375,0.23529411764705882,,0.15468936170212766,,eval_data\mixed_vivos\vi_VIVOSDEV10_024_impulsive_10.wav,,,
vivos/moonshine-tiny-vi-hf-cpu,vi-asr-VIVOSDEV10_024-impulsive-5,ASR,vi,,5.0,impulsive,moonshine-tiny-vi-hf-cpu,0.485,509.81640625,0.375,0.23529411764705882,,0.1651063829787234,,eval_data\mixed_vivos\vi_VIVOSDEV10_024_impulsive_5.wav,,,
vivos/moonshine-tiny-vi-hf-cpu,vi-asr-VIVOSDEV10_024-impulsive-0,ASR,vi,,0.0,impulsive,moonshine-tiny-vi-hf-cpu,0.4401,509.81640625,0.5,0.29411764705882354,,0.14982127659574468,,eval_data\mixed_vivos\vi_VIVOSDEV10_024_impulsive_0.wav,,,
vivos/moonshine-tiny-vi-hf-cpu,vi-asr-VIVOSDEV10_072-clean,ASR,vi,,,clean,moonshine-tiny-vi-hf-cpu,0.8003,509.81640625,0.5,0.16071428571428573,,0.17908811188811188,,eval_data\mixed_vivos\vi_VIVOSDEV10_072_clean.wav,,,
vivos/moonshine-tiny-vi-hf-cpu,vi-asr-VIVOSDEV10_072-steady-15,ASR,vi,,15.0,steady,moonshine-tiny-vi-hf-cpu,0.7257,509.81640625,0.25,0.07142857142857142,,0.1623944055944056,,eval_data\mixed_vivos\vi_VIVOSDEV10_072_steady_15.wav,,,
vivos/moonshine-tiny-vi-hf-cpu,vi-asr-VIVOSDEV10_072-steady-10,ASR,vi,,10.0,steady,moonshine-tiny-vi-hf-cpu,0.7838,509.81640625,0.16666666666666666,0.03571428571428571,,0.1753958041958042,,eval_data\mixed_vivos\vi_VIVOSDEV10_072_steady_10.wav,,,
vivos/moonshine-tiny-vi-hf-cpu,vi-asr-VIVOSDEV10_072-steady-5,ASR,vi,,5.0,steady,moonshine-tiny-vi-hf-cpu,0.9038,509.81640625,0.5833333333333334,0.26785714285714285,,0.20224895104895105,,eval_data\mixed_vivos\vi_VIVOSDEV10_072_steady_5.wav,,,
vivos/moonshine-tiny-vi-hf-cpu,vi-asr-VIVOSDEV10_072-steady-0,ASR,vi,,0.0,steady,moonshine-tiny-vi-hf-cpu,0.7285,509.81640625,0.6666666666666666,0.39285714285714285,,0.16302097902097903,,eval_data\mixed_vivos\vi_VIVOSDEV10_072_steady_0.wav,,,
vivos/moonshine-tiny-vi-hf-cpu,vi-asr-VIVOSDEV10_072-impulsive-15,ASR,vi,,15.0,impulsive,moonshine-tiny-vi-hf-cpu,1.0001,509.81640625,0.3333333333333333,0.08928571428571429,,0.2237986013986014,,eval_data\mixed_vivos\vi_VIVOSDEV10_072_impulsive_15.wav,,,
vivos/moonshine-tiny-vi-hf-cpu,vi-asr-VIVOSDEV10_072-impulsive-10,ASR,vi,,10.0,impulsive,moonshine-tiny-vi-hf-cpu,0.6993,509.81640625,0.3333333333333333,0.10714285714285714,,0.1564867132867133,,eval_data\mixed_vivos\vi_VIVOSDEV10_072_impulsive_10.wav,,,
vivos/moonshine-tiny-vi-hf-cpu,vi-asr-VIVOSDEV10_072-impulsive-5,ASR,vi,,5.0,impulsive,moonshine-tiny-vi-hf-cpu,0.6727,509.81640625,0.4166666666666667,0.16071428571428573,,0.15053426573426573,,eval_data\mixed_vivos\vi_VIVOSDEV10_072_impulsive_5.wav,,,
vivos/moonshine-tiny-vi-hf-cpu,vi-asr-VIVOSDEV10_072-impulsive-0,ASR,vi,,0.0,impulsive,moonshine-tiny-vi-hf-cpu,0.8016,509.81640625,0.75,0.35714285714285715,,0.17937902097902098,,eval_data\mixed_vivos\vi_VIVOSDEV10_072_impulsive_0.wav,,,
vivos/moonshine-tiny-vi-hf-cpu,vi-asr-VIVOSDEV10_156-clean,ASR,vi,,,clean,moonshine-tiny-vi-hf-cpu,0.71,511.59765625,0.6428571428571429,0.25806451612903225,,0.1290909090909091,,eval_data\mixed_vivos\vi_VIVOSDEV10_156_clean.wav,,,
vivos/moonshine-tiny-vi-hf-cpu,vi-asr-VIVOSDEV10_156-steady-15,ASR,vi,,15.0,steady,moonshine-tiny-vi-hf-cpu,0.6818,512.5859375,0.6428571428571429,0.3064516129032258,,0.12396363636363636,,eval_data\mixed_vivos\vi_VIVOSDEV10_156_steady_15.wav,,,
vivos/moonshine-tiny-vi-hf-cpu,vi-asr-VIVOSDEV10_156-steady-10,ASR,vi,,10.0,steady,moonshine-tiny-vi-hf-cpu,0.6625,512.5859375,0.42857142857142855,0.12903225806451613,,0.12045454545454545,,eval_data\mixed_vivos\vi_VIVOSDEV10_156_steady_10.wav,,,
vivos/moonshine-tiny-vi-hf-cpu,vi-asr-VIVOSDEV10_156-steady-5,ASR,vi,,5.0,steady,moonshine-tiny-vi-hf-cpu,0.9553,512.7734375,0.42857142857142855,0.22580645161290322,,0.1736909090909091,,eval_data\mixed_vivos\vi_VIVOSDEV10_156_steady_5.wav,,,
vivos/moonshine-tiny-vi-hf-cpu,vi-asr-VIVOSDEV10_156-steady-0,ASR,vi,,0.0,steady,moonshine-tiny-vi-hf-cpu,0.7077,513.21484375,0.7142857142857143,0.43548387096774194,,0.12867272727272727,,eval_data\mixed_vivos\vi_VIVOSDEV10_156_steady_0.wav,,,
vivos/moonshine-tiny-vi-hf-cpu,vi-asr-VIVOSDEV10_156-impulsive-15,ASR,vi,,15.0,impulsive,moonshine-tiny-vi-hf-cpu,0.7013,513.78515625,0.35714285714285715,0.12903225806451613,,0.1275090909090909,,eval_data\mixed_vivos\vi_VIVOSDEV10_156_impulsive_15.wav,,,
vivos/moonshine-tiny-vi-hf-cpu,vi-asr-VIVOSDEV10_156-impulsive-10,ASR,vi,,10.0,impulsive,moonshine-tiny-vi-hf-cpu,0.7304,513.79296875,0.35714285714285715,0.14516129032258066,,0.1328,,eval_data\mixed_vivos\vi_VIVOSDEV10_156_impulsive_10.wav,,,
vivos/moonshine-tiny-vi-hf-cpu,vi-asr-VIVOSDEV10_156-impulsive-5,ASR,vi,,5.0,impulsive,moonshine-tiny-vi-hf-cpu,0.6359,513.79296875,0.35714285714285715,0.14516129032258066,,0.11561818181818183,,eval_data\mixed_vivos\vi_VIVOSDEV10_156_impulsive_5.wav,,,
vivos/moonshine-tiny-vi-hf-cpu,vi-asr-VIVOSDEV10_156-impulsive-0,ASR,vi,,0.0,impulsive,moonshine-tiny-vi-hf-cpu,0.7828,513.79296875,0.35714285714285715,0.14516129032258066,,0.14232727272727275,,eval_data\mixed_vivos\vi_VIVOSDEV10_156_impulsive_0.wav,,,
vivos/moonshine-tiny-vi-hf-cpu,vi-asr-VIVOSDEV10_212-clean,ASR,vi,,,clean,moonshine-tiny-vi-hf-cpu,0.1764,513.79296875,1.0,0.9473684210526315,,0.0882,,eval_data\mixed_vivos\vi_VIVOSDEV10_212_clean.wav,,,
vivos/moonshine-tiny-vi-hf-cpu,vi-asr-VIVOSDEV10_212-steady-15,ASR,vi,,15.0,steady,moonshine-tiny-vi-hf-cpu,0.2137,513.79296875,1.0,0.9473684210526315,,0.10685,,eval_data\mixed_vivos\vi_VIVOSDEV10_212_steady_15.wav,,,
vivos/moonshine-tiny-vi-hf-cpu,vi-asr-VIVOSDEV10_212-steady-10,ASR,vi,,10.0,steady,moonshine-tiny-vi-hf-cpu,0.2752,513.796875,0.4,0.15789473684210525,,0.1376,,eval_data\mixed_vivos\vi_VIVOSDEV10_212_steady_10.wav,,,
vivos/moonshine-tiny-vi-hf-cpu,vi-asr-VIVOSDEV10_212-steady-5,ASR,vi,,5.0,steady,moonshine-tiny-vi-hf-cpu,0.2346,513.796875,0.2,0.15789473684210525,,0.1173,,eval_data\mixed_vivos\vi_VIVOSDEV10_212_steady_5.wav,,,
vivos/moonshine-tiny-vi-hf-cpu,vi-asr-VIVOSDEV10_212-steady-0,ASR,vi,,0.0,steady,moonshine-tiny-vi-hf-cpu,0.212,513.796875,0.6,0.5263157894736842,,0.106,,eval_data\mixed_vivos\vi_VIVOSDEV10_212_steady_0.wav,,,
vivos/moonshine-tiny-vi-hf-cpu,vi-asr-VIVOSDEV10_212-impulsive-15,ASR,vi,,15.0,impulsive,moonshine-tiny-vi-hf-cpu,0.204,513.796875,0.4,0.15789473684210525,,0.102,,eval_data\mixed_vivos\vi_VIVOSDEV10_212_impulsive_15.wav,,,
vivos/moonshine-tiny-vi-hf-cpu,vi-asr-VIVOSDEV10_212-impulsive-10,ASR,vi,,10.0,impulsive,moonshine-tiny-vi-hf-cpu,0.2356,513.80078125,0.2,0.10526315789473684,,0.1178,,eval_data\mixed_vivos\vi_VIVOSDEV10_212_impulsive_10.wav,,,
vivos/moonshine-tiny-vi-hf-cpu,vi-asr-VIVOSDEV10_212-impulsive-5,ASR,vi,,5.0,impulsive,moonshine-tiny-vi-hf-cpu,0.2348,513.80078125,0.2,0.10526315789473684,,0.1174,,eval_data\mixed_vivos\vi_VIVOSDEV10_212_impulsive_5.wav,,,
vivos/moonshine-tiny-vi-hf-cpu,vi-asr-VIVOSDEV10_212-impulsive-0,ASR,vi,,0.0,impulsive,moonshine-tiny-vi-hf-cpu,0.2659,513.8046875,0.2,0.10526315789473684,,0.13295,,eval_data\mixed_vivos\vi_VIVOSDEV10_212_impulsive_0.wav,,,
vivos/moonshine-tiny-vi-hf-cpu,vi-asr-VIVOSDEV10_262-clean,ASR,vi,,,clean,moonshine-tiny-vi-hf-cpu,0.2646,513.8125,0.8571428571428571,0.39285714285714285,,0.09621818181818181,,eval_data\mixed_vivos\vi_VIVOSDEV10_262_clean.wav,,,
vivos/moonshine-tiny-vi-hf-cpu,vi-asr-VIVOSDEV10_262-steady-15,ASR,vi,,15.0,steady,moonshine-tiny-vi-hf-cpu,0.3647,513.8125,0.8571428571428571,0.42857142857142855,,0.13261818181818183,,eval_data\mixed_vivos\vi_VIVOSDEV10_262_steady_15.wav,,,
vivos/moonshine-tiny-vi-hf-cpu,vi-asr-VIVOSDEV10_262-steady-10,ASR,vi,,10.0,steady,moonshine-tiny-vi-hf-cpu,0.3323,513.8125,0.8571428571428571,0.39285714285714285,,0.12083636363636363,,eval_data\mixed_vivos\vi_VIVOSDEV10_262_steady_10.wav,,,
vivos/moonshine-tiny-vi-hf-cpu,vi-asr-VIVOSDEV10_262-steady-5,ASR,vi,,5.0,steady,moonshine-tiny-vi-hf-cpu,0.2962,513.8125,0.8571428571428571,0.35714285714285715,,0.10770909090909092,,eval_data\mixed_vivos\vi_VIVOSDEV10_262_steady_5.wav,,,
vivos/moonshine-tiny-vi-hf-cpu,vi-asr-VIVOSDEV10_262-steady-0,ASR,vi,,0.0,steady,moonshine-tiny-vi-hf-cpu,0.3931,513.81640625,0.8571428571428571,0.5714285714285714,,0.14294545454545454,,eval_data\mixed_vivos\vi_VIVOSDEV10_262_steady_0.wav,,,
vivos/moonshine-tiny-vi-hf-cpu,vi-asr-VIVOSDEV10_262-impulsive-15,ASR,vi,,15.0,impulsive,moonshine-tiny-vi-hf-cpu,0.3814,513.8203125,0.7142857142857143,0.35714285714285715,,0.1386909090909091,,eval_data\mixed_vivos\vi_VIVOSDEV10_262_impulsive_15.wav,,,
vivos/moonshine-tiny-vi-hf-cpu,vi-asr-VIVOSDEV10_262-impulsive-10,ASR,vi,,10.0,impulsive,moonshine-tiny-vi-hf-cpu,0.4078,513.82421875,0.7142857142857143,0.2857142857142857,,0.14829090909090908,,eval_data\mixed_vivos\vi_VIVOSDEV10_262_impulsive_10.wav,,,
vivos/moonshine-tiny-vi-hf-cpu,vi-asr-VIVOSDEV10_262-impulsive-5,ASR,vi,,5.0,impulsive,moonshine-tiny-vi-hf-cpu,0.375,513.82421875,0.5714285714285714,0.25,,0.13636363636363635,,eval_data\mixed_vivos\vi_VIVOSDEV10_262_impulsive_5.wav,,,
vivos/moonshine-tiny-vi-hf-cpu,vi-asr-VIVOSDEV10_262-impulsive-0,ASR,vi,,0.0,impulsive,moonshine-tiny-vi-hf-cpu,0.3646,513.82421875,0.7142857142857143,0.2857142857142857,,0.13258181818181816,,eval_data\mixed_vivos\vi_VIVOSDEV10_262_impulsive_0.wav,,,
vivos/moonshine-tiny-vi-hf-cpu,vi-asr-VIVOSDEV11_038-clean,ASR,vi,,,clean,moonshine-tiny-vi-hf-cpu,0.3751,513.98828125,0.125,0.02631578947368421,,0.1622054054054054,,eval_data\mixed_vivos\vi_VIVOSDEV11_038_clean.wav,,,
vivos/moonshine-tiny-vi-hf-cpu,vi-asr-VIVOSDEV11_038-steady-15,ASR,vi,,15.0,steady,moonshine-tiny-vi-hf-cpu,0.3524,514.1328125,0.125,0.02631578947368421,,0.15238918918918917,,eval_data\mixed_vivos\vi_VIVOSDEV11_038_steady_15.wav,,,
vivos/moonshine-tiny-vi-hf-cpu,vi-asr-VIVOSDEV11_038-steady-10,ASR,vi,,10.0,steady,moonshine-tiny-vi-hf-cpu,0.3595,514.1328125,0.0,0.0,,0.15545945945945946,,eval_data\mixed_vivos\vi_VIVOSDEV11_038_steady_10.wav,,,
vivos/moonshine-tiny-vi-hf-cpu,vi-asr-VIVOSDEV11_038-steady-5,ASR,vi,,5.0,steady,moonshine-tiny-vi-hf-cpu,0.3548,514.1328125,0.0,0.0,,0.15342702702702704,,eval_data\mixed_vivos\vi_VIVOSDEV11_038_steady_5.wav,,,
vivos/moonshine-tiny-vi-hf-cpu,vi-asr-VIVOSDEV11_038-steady-0,ASR,vi,,0.0,steady,moonshine-tiny-vi-hf-cpu,0.4429,514.1328125,0.125,0.07894736842105263,,0.19152432432432434,,eval_data\mixed_vivos\vi_VIVOSDEV11_038_steady_0.wav,,,
vivos/moonshine-tiny-vi-hf-cpu,vi-asr-VIVOSDEV11_038-impulsive-15,ASR,vi,,15.0,impulsive,moonshine-tiny-vi-hf-cpu,0.4332,514.1328125,0.125,0.02631578947368421,,0.18732972972972972,,eval_data\mixed_vivos\vi_VIVOSDEV11_038_impulsive_15.wav,,,
vivos/moonshine-tiny-vi-hf-cpu,vi-asr-VIVOSDEV11_038-impulsive-10,ASR,vi,,10.0,impulsive,moonshine-tiny-vi-hf-cpu,0.5339,514.1328125,0.125,0.02631578947368421,,0.23087567567567568,,eval_data\mixed_vivos\vi_VIVOSDEV11_038_impulsive_10.wav,,,
vivos/moonshine-tiny-vi-hf-cpu,vi-asr-VIVOSDEV11_038-impulsive-5,ASR,vi,,5.0,impulsive,moonshine-tiny-vi-hf-cpu,0.4787,514.1328125,0.125,0.02631578947368421,,0.2070054054054054,,eval_data\mixed_vivos\vi_VIVOSDEV11_038_impulsive_5.wav,,,
vivos/moonshine-tiny-vi-hf-cpu,vi-asr-VIVOSDEV11_038-impulsive-0,ASR,vi,,0.0,impulsive,moonshine-tiny-vi-hf-cpu,0.5082,514.13671875,0.125,0.02631578947368421,,0.21976216216216216,,eval_data\mixed_vivos\vi_VIVOSDEV11_038_impulsive_0.wav,,,
vivos/moonshine-tiny-vi-hf-cpu,vi-asr-VIVOSDEV11_079-clean,ASR,vi,,,clean,moonshine-tiny-vi-hf-cpu,0.5873,514.6484375,0.09090909090909091,0.041666666666666664,,0.1648561403508772,,eval_data\mixed_vivos\vi_VIVOSDEV11_079_clean.wav,,,
vivos/moonshine-tiny-vi-hf-cpu,vi-asr-VIVOSDEV11_079-steady-15,ASR,vi,,15.0,steady,moonshine-tiny-vi-hf-cpu,0.7353,514.6484375,0.09090909090909091,0.041666666666666664,,0.2064,,eval_data\mixed_vivos\vi_VIVOSDEV11_079_steady_15.wav,,,
vivos/moonshine-tiny-vi-hf-cpu,vi-asr-VIVOSDEV11_079-steady-10,ASR,vi,,10.0,steady,moonshine-tiny-vi-hf-cpu,0.6872,514.65234375,0.09090909090909091,0.041666666666666664,,0.1928982456140351,,eval_data\mixed_vivos\vi_VIVOSDEV11_079_steady_10.wav,,,
vivos/moonshine-tiny-vi-hf-cpu,vi-asr-VIVOSDEV11_079-steady-5,ASR,vi,,5.0,steady,moonshine-tiny-vi-hf-cpu,0.5237,514.65625,0.09090909090909091,0.020833333333333332,,0.14700350877192983,,eval_data\mixed_vivos\vi_VIVOSDEV11_079_steady_5.wav,,,
vivos/moonshine-tiny-vi-hf-cpu,vi-asr-VIVOSDEV11_079-steady-0,ASR,vi,,0.0,steady,moonshine-tiny-vi-hf-cpu,0.6782,514.65625,0.36363636363636365,0.14583333333333334,,0.19037192982456141,,eval_data\mixed_vivos\vi_VIVOSDEV11_079_steady_0.wav,,,
vivos/moonshine-tiny-vi-hf-cpu,vi-asr-VIVOSDEV11_079-impulsive-15,ASR,vi,,15.0,impulsive,moonshine-tiny-vi-hf-cpu,0.6505,514.65625,0.09090909090909091,0.041666666666666664,,0.18259649122807017,,eval_data\mixed_vivos\vi_VIVOSDEV11_079_impulsive_15.wav,,,
vivos/moonshine-tiny-vi-hf-cpu,vi-asr-VIVOSDEV11_079-impulsive-10,ASR,vi,,10.0,impulsive,moonshine-tiny-vi-hf-cpu,0.5947,514.65625,0.09090909090909091,0.041666666666666664,,0.16693333333333332,,eval_data\mixed_vivos\vi_VIVOSDEV11_079_impulsive_10.wav,,,
vivos/moonshine-tiny-vi-hf-cpu,vi-asr-VIVOSDEV11_079-impulsive-5,ASR,vi,,5.0,impulsive,moonshine-tiny-vi-hf-cpu,0.6878,514.66015625,0.18181818181818182,0.0625,,0.19306666666666666,,eval_data\mixed_vivos\vi_VIVOSDEV11_079_impulsive_5.wav,,,
vivos/moonshine-tiny-vi-hf-cpu,vi-asr-VIVOSDEV11_079-impulsive-0,ASR,vi,,0.0,impulsive,moonshine-tiny-vi-hf-cpu,0.5547,514.66015625,0.09090909090909091,0.041666666666666664,,0.15570526315789474,,eval_data\mixed_vivos\vi_VIVOSDEV11_079_impulsive_0.wav,,,
vivos/moonshine-tiny-vi-hf-cpu,vi-asr-VIVOSDEV11_136-clean,ASR,vi,,,clean,moonshine-tiny-vi-hf-cpu,0.447,515.421875,0.08333333333333333,0.021739130434782608,,0.09536,,eval_data\mixed_vivos\vi_VIVOSDEV11_136_clean.wav,,,
vivos/moonshine-tiny-vi-hf-cpu,vi-asr-VIVOSDEV11_136-steady-15,ASR,vi,,15.0,steady,moonshine-tiny-vi-hf-cpu,0.4807,515.99609375,0.08333333333333333,0.021739130434782608,,0.10254933333333334,,eval_data\mixed_vivos\vi_VIVOSDEV11_136_steady_15.wav,,,
vivos/moonshine-tiny-vi-hf-cpu,vi-asr-VIVOSDEV11_136-steady-10,ASR,vi,,10.0,steady,moonshine-tiny-vi-hf-cpu,0.5399,516.71484375,0.08333333333333333,0.021739130434782608,,0.11517866666666668,,eval_data\mixed_vivos\vi_VIVOSDEV11_136_steady_10.wav,,,
vivos/moonshine-tiny-vi-hf-cpu,vi-asr-VIVOSDEV11_136-steady-5,ASR,vi,,5.0,steady,moonshine-tiny-vi-hf-cpu,0.5596,516.71484375,0.08333333333333333,0.021739130434782608,,0.11938133333333333,,eval_data\mixed_vivos\vi_VIVOSDEV11_136_steady_5.wav,,,
vivos/moonshine-tiny-vi-hf-cpu,vi-asr-VIVOSDEV11_136-steady-0,ASR,vi,,0.0,steady,moonshine-tiny-vi-hf-cpu,0.6572,516.71484375,0.3333333333333333,0.13043478260869565,,0.14020266666666667,,eval_data\mixed_vivos\vi_VIVOSDEV11_136_steady_0.wav,,,
vivos/moonshine-tiny-vi-hf-cpu,vi-asr-VIVOSDEV11_136-impulsive-15,ASR,vi,,15.0,impulsive,moonshine-tiny-vi-hf-cpu,0.5581,516.71484375,0.08333333333333333,0.021739130434782608,,0.11906133333333334,,eval_data\mixed_vivos\vi_VIVOSDEV11_136_impulsive_15.wav,,,
vivos/moonshine-tiny-vi-hf-cpu,vi-asr-VIVOSDEV11_136-impulsive-10,ASR,vi,,10.0,impulsive,moonshine-tiny-vi-hf-cpu,0.5533,516.71484375,0.08333333333333333,0.021739130434782608,,0.11803733333333334,,eval_data\mixed_vivos\vi_VIVOSDEV11_136_impulsive_10.wav,,,
vivos/moonshine-tiny-vi-hf-cpu,vi-asr-VIVOSDEV11_136-impulsive-5,ASR,vi,,5.0,impulsive,moonshine-tiny-vi-hf-cpu,0.606,516.71484375,0.08333333333333333,0.021739130434782608,,0.12928,,eval_data\mixed_vivos\vi_VIVOSDEV11_136_impulsive_5.wav,,,
vivos/moonshine-tiny-vi-hf-cpu,vi-asr-VIVOSDEV11_136-impulsive-0,ASR,vi,,0.0,impulsive,moonshine-tiny-vi-hf-cpu,0.5997,516.71484375,0.08333333333333333,0.021739130434782608,,0.127936,,eval_data\mixed_vivos\vi_VIVOSDEV11_136_impulsive_0.wav,,,
vivos/moonshine-tiny-vi-hf-cpu,vi-asr-VIVOSDEV11_200-clean,ASR,vi,,,clean,moonshine-tiny-vi-hf-cpu,0.1952,516.71484375,0.0,0.0,,0.0879774647887324,,eval_data\mixed_vivos\vi_VIVOSDEV11_200_clean.wav,,,
vivos/moonshine-tiny-vi-hf-cpu,vi-asr-VIVOSDEV11_200-steady-15,ASR,vi,,15.0,steady,moonshine-tiny-vi-hf-cpu,0.2513,516.71484375,0.0,0.0,,0.11326197183098592,,eval_data\mixed_vivos\vi_VIVOSDEV11_200_steady_15.wav,,,
vivos/moonshine-tiny-vi-hf-cpu,vi-asr-VIVOSDEV11_200-steady-10,ASR,vi,,10.0,steady,moonshine-tiny-vi-hf-cpu,0.1642,516.71484375,0.0,0.0,,0.07400563380281691,,eval_data\mixed_vivos\vi_VIVOSDEV11_200_steady_10.wav,,,
vivos/moonshine-tiny-vi-hf-cpu,vi-asr-VIVOSDEV11_200-steady-5,ASR,vi,,5.0,steady,moonshine-tiny-vi-hf-cpu,0.1616,516.71484375,0.0,0.0,,0.07283380281690141,,eval_data\mixed_vivos\vi_VIVOSDEV11_200_steady_5.wav,,,
vivos/moonshine-tiny-vi-hf-cpu,vi-asr-VIVOSDEV11_200-steady-0,ASR,vi,,0.0,steady,moonshine-tiny-vi-hf-cpu,0.167,516.71484375,0.0,0.0,,0.07526760563380282,,eval_data\mixed_vivos\vi_VIVOSDEV11_200_steady_0.wav,,,
vivos/moonshine-tiny-vi-hf-cpu,vi-asr-VIVOSDEV11_200-impulsive-15,ASR,vi,,15.0,impulsive,moonshine-tiny-vi-hf-cpu,0.1651,516.71484375,0.0,0.0,,0.0744112676056338,,eval_data\mixed_vivos\vi_VIVOSDEV11_200_impulsive_15.wav,,,
vivos/moonshine-tiny-vi-hf-cpu,vi-asr-VIVOSDEV11_200-impulsive-10,ASR,vi,,10.0,impulsive,moonshine-tiny-vi-hf-cpu,0.1709,516.71484375,0.0,0.0,,0.07702535211267605,,eval_data\mixed_vivos\vi_VIVOSDEV11_200_impulsive_10.wav,,,
vivos/moonshine-tiny-vi-hf-cpu,vi-asr-VIVOSDEV11_200-impulsive-5,ASR,vi,,5.0,impulsive,moonshine-tiny-vi-hf-cpu,0.5111,516.71484375,2.3333333333333335,2.9166666666666665,,0.23035492957746478,,eval_data\mixed_vivos\vi_VIVOSDEV11_200_impulsive_5.wav,,,
vivos/moonshine-tiny-vi-hf-cpu,vi-asr-VIVOSDEV11_200-impulsive-0,ASR,vi,,0.0,impulsive,moonshine-tiny-vi-hf-cpu,0.4421,516.71484375,2.0,2.6666666666666665,,0.199256338028169,,eval_data\mixed_vivos\vi_VIVOSDEV11_200_impulsive_0.wav,,,
vivos/moonshine-tiny-vi-hf-cpu,vi-asr-VIVOSDEV11_274-clean,ASR,vi,,,clean,moonshine-tiny-vi-hf-cpu,0.3992,516.71484375,0.0,0.0,,0.13169484536082474,,eval_data\mixed_vivos\vi_VIVOSDEV11_274_clean.wav,,,
vivos/moonshine-tiny-vi-hf-cpu,vi-asr-VIVOSDEV11_274-steady-15,ASR,vi,,15.0,steady,moonshine-tiny-vi-hf-cpu,0.3394,516.76953125,0.0,0.0,,0.11196701030927834,,eval_data\mixed_vivos\vi_VIVOSDEV11_274_steady_15.wav,,,
vivos/moonshine-tiny-vi-hf-cpu,vi-asr-VIVOSDEV11_274-steady-10,ASR,vi,,10.0,steady,moonshine-tiny-vi-hf-cpu,0.3285,517.45703125,0.0,0.0,,0.10837113402061856,,eval_data\mixed_vivos\vi_VIVOSDEV11_274_steady_10.wav,,,
vivos/moonshine-tiny-vi-hf-cpu,vi-asr-VIVOSDEV11_274-steady-5,ASR,vi,,5.0,steady,moonshine-tiny-vi-hf-cpu,0.3548,517.51953125,0.0,0.0,,0.11704742268041238,,eval_data\mixed_vivos\vi_VIVOSDEV11_274_steady_5.wav,,,
vivos/moonshine-tiny-vi-hf-cpu,vi-asr-VIVOSDEV11_274-steady-0,ASR,vi,,0.0,steady,moonshine-tiny-vi-hf-cpu,0.4542,517.51953125,0.125,0.08333333333333333,,0.14983917525773197,,eval_data\mixed_vivos\vi_VIVOSDEV11_274_steady_0.wav,,,
vivos/moonshine-tiny-vi-hf-cpu,vi-asr-VIVOSDEV11_274-impulsive-15,ASR,vi,,15.0,impulsive,moonshine-tiny-vi-hf-cpu,0.3419,517.51953125,0.0,0.0,,0.11279175257731958,,eval_data\mixed_vivos\vi_VIVOSDEV11_274_impulsive_15.wav,,,
vivos/moonshine-tiny-vi-hf-cpu,vi-asr-VIVOSDEV11_274-impulsive-10,ASR,vi,,10.0,impulsive,moonshine-tiny-vi-hf-cpu,0.6777,517.51953125,0.0,0.0,,0.22357113402061854,,eval_data\mixed_vivos\vi_VIVOSDEV11_274_impulsive_10.wav,,,
vivos/moonshine-tiny-vi-hf-cpu,vi-asr-VIVOSDEV11_274-impulsive-5,ASR,vi,,5.0,impulsive,moonshine-tiny-vi-hf-cpu,0.4119,517.51953125,0.0,0.0,,0.13588453608247422,,eval_data\mixed_vivos\vi_VIVOSDEV11_274_impulsive_5.wav,,,
vivos/moonshine-tiny-vi-hf-cpu,vi-asr-VIVOSDEV11_274-impulsive-0,ASR,vi,,0.0,impulsive,moonshine-tiny-vi-hf-cpu,0.6682,517.51953125,0.0,0.0,,0.22043711340206187,,eval_data\mixed_vivos\vi_VIVOSDEV11_274_impulsive_0.wav,,,
vivos/moonshine-tiny-vi-hf-cpu,vi-asr-VIVOSDEV12_054-clean,ASR,vi,,,clean,moonshine-tiny-vi-hf-cpu,0.6859,518.5859375,0.0,0.0,,0.14069743589743589,,eval_data\mixed_vivos\vi_VIVOSDEV12_054_clean.wav,,,
vivos/moonshine-tiny-vi-hf-cpu,vi-asr-VIVOSDEV12_054-steady-15,ASR,vi,,15.0,steady,moonshine-tiny-vi-hf-cpu,0.4735,519.69140625,0.0,0.0,,0.09712820512820512,,eval_data\mixed_vivos\vi_VIVOSDEV12_054_steady_15.wav,,,
vivos/moonshine-tiny-vi-hf-cpu,vi-asr-VIVOSDEV12_054-steady-10,ASR,vi,,10.0,steady,moonshine-tiny-vi-hf-cpu,0.6073,520.30078125,0.0,0.0,,0.12457435897435896,,eval_data\mixed_vivos\vi_VIVOSDEV12_054_steady_10.wav,,,
vivos/moonshine-tiny-vi-hf-cpu,vi-asr-VIVOSDEV12_054-steady-5,ASR,vi,,5.0,steady,moonshine-tiny-vi-hf-cpu,0.7846,520.35546875,0.0,0.0,,0.16094358974358974,,eval_data\mixed_vivos\vi_VIVOSDEV12_054_steady_5.wav,,,
vivos/moonshine-tiny-vi-hf-cpu,vi-asr-VIVOSDEV12_054-steady-0,ASR,vi,,0.0,steady,moonshine-tiny-vi-hf-cpu,0.8911,520.35546875,0.25,0.19607843137254902,,0.1827897435897436,,eval_data\mixed_vivos\vi_VIVOSDEV12_054_steady_0.wav,,,
vivos/moonshine-tiny-vi-hf-cpu,vi-asr-VIVOSDEV12_054-impulsive-15,ASR,vi,,15.0,impulsive,moonshine-tiny-vi-hf-cpu,1.0315,520.35546875,0.0,0.0,,0.2115897435897436,,eval_data\mixed_vivos\vi_VIVOSDEV12_054_impulsive_15.wav,,,
vivos/moonshine-tiny-vi-hf-cpu,vi-asr-VIVOSDEV12_054-impulsive-10,ASR,vi,,10.0,impulsive,moonshine-tiny-vi-hf-cpu,0.6848,520.35546875,0.0,0.0,,0.14047179487179487,,eval_data\mixed_vivos\vi_VIVOSDEV12_054_impulsive_10.wav,,,
vivos/moonshine-tiny-vi-hf-cpu,vi-asr-VIVOSDEV12_054-impulsive-5,ASR,vi,,5.0,impulsive,moonshine-tiny-vi-hf-cpu,0.6793,520.35546875,0.0,0.0,,0.13934358974358974,,eval_data\mixed_vivos\vi_VIVOSDEV12_054_impulsive_5.wav,,,
vivos/moonshine-tiny-vi-hf-cpu,vi-asr-VIVOSDEV12_054-impulsive-0,ASR,vi,,0.0,impulsive,moonshine-tiny-vi-hf-cpu,0.6106,520.35546875,0.0,0.0,,0.12525128205128205,,eval_data\mixed_vivos\vi_VIVOSDEV12_054_impulsive_0.wav,,,
vivos/moonshine-tiny-vi-hf-cpu,vi-asr-VIVOSDEV12_076-clean,ASR,vi,,,clean,moonshine-tiny-vi-hf-cpu,0.3939,520.35546875,0.0,0.0,,0.11056842105263157,,eval_data\mixed_vivos\vi_VIVOSDEV12_076_clean.wav,,,
vivos/moonshine-tiny-vi-hf-cpu,vi-asr-VIVOSDEV12_076-steady-15,ASR,vi,,15.0,steady,moonshine-tiny-vi-hf-cpu,0.46,520.35546875,0.0,0.0,,0.12912280701754386,,eval_data\mixed_vivos\vi_VIVOSDEV12_076_steady_15.wav,,,
vivos/moonshine-tiny-vi-hf-cpu,vi-asr-VIVOSDEV12_076-steady-10,ASR,vi,,10.0,steady,moonshine-tiny-vi-hf-cpu,0.4249,520.35546875,0.0,0.0,,0.11927017543859648,,eval_data\mixed_vivos\vi_VIVOSDEV12_076_steady_10.wav,,,
vivos/moonshine-tiny-vi-hf-cpu,vi-asr-VIVOSDEV12_076-steady-5,ASR,vi,,5.0,steady,moonshine-tiny-vi-hf-cpu,0.3625,520.35546875,0.0,0.0,,0.10175438596491228,,eval_data\mixed_vivos\vi_VIVOSDEV12_076_steady_5.wav,,,
vivos/moonshine-tiny-vi-hf-cpu,vi-asr-VIVOSDEV12_076-steady-0,ASR,vi,,0.0,steady,moonshine-tiny-vi-hf-cpu,0.4452,520.35546875,0.7777777777777778,0.3611111111111111,,0.12496842105263158,,eval_data\mixed_vivos\vi_VIVOSDEV12_076_steady_0.wav,,,
vivos/moonshine-tiny-vi-hf-cpu,vi-asr-VIVOSDEV12_076-impulsive-15,ASR,vi,,15.0,impulsive,moonshine-tiny-vi-hf-cpu,0.3474,520.35546875,0.0,0.0,,0.09751578947368421,,eval_data\mixed_vivos\vi_VIVOSDEV12_076_impulsive_15.wav,,,
vivos/moonshine-tiny-vi-hf-cpu,vi-asr-VIVOSDEV12_076-impulsive-10,ASR,vi,,10.0,impulsive,moonshine-tiny-vi-hf-cpu,0.3864,520.35546875,0.0,0.0,,0.10846315789473684,,eval_data\mixed_vivos\vi_VIVOSDEV12_076_impulsive_10.wav,,,
vivos/moonshine-tiny-vi-hf-cpu,vi-asr-VIVOSDEV12_076-impulsive-5,ASR,vi,,5.0,impulsive,moonshine-tiny-vi-hf-cpu,0.3729,520.35546875,0.0,0.0,,0.10467368421052632,,eval_data\mixed_vivos\vi_VIVOSDEV12_076_impulsive_5.wav,,,
vivos/moonshine-tiny-vi-hf-cpu,vi-asr-VIVOSDEV12_076-impulsive-0,ASR,vi,,0.0,impulsive,moonshine-tiny-vi-hf-cpu,0.3332,520.35546875,0.0,0.0,,0.0935298245614035,,eval_data\mixed_vivos\vi_VIVOSDEV12_076_impulsive_0.wav,,,
vivos/moonshine-tiny-vi-hf-cpu,vi-asr-VIVOSDEV12_135-clean,ASR,vi,,,clean,moonshine-tiny-vi-hf-cpu,0.4358,520.35546875,0.0,0.0,,0.17432,,eval_data\mixed_vivos\vi_VIVOSDEV12_135_clean.wav,,,
vivos/moonshine-tiny-vi-hf-cpu,vi-asr-VIVOSDEV12_135-steady-15,ASR,vi,,15.0,steady,moonshine-tiny-vi-hf-cpu,0.5543,520.35546875,0.0,0.0,,0.22172,,eval_data\mixed_vivos\vi_VIVOSDEV12_135_steady_15.wav,,,
vivos/moonshine-tiny-vi-hf-cpu,vi-asr-VIVOSDEV12_135-steady-10,ASR,vi,,10.0,steady,moonshine-tiny-vi-hf-cpu,0.3465,520.35546875,0.0,0.0,,0.1386,,eval_data\mixed_vivos\vi_VIVOSDEV12_135_steady_10.wav,,,
vivos/moonshine-tiny-vi-hf-cpu,vi-asr-VIVOSDEV12_135-steady-5,ASR,vi,,5.0,steady,moonshine-tiny-vi-hf-cpu,0.4035,520.35546875,0.0,0.0,,0.16140000000000002,,eval_data\mixed_vivos\vi_VIVOSDEV12_135_steady_5.wav,,,
vivos/moonshine-tiny-vi-hf-cpu,vi-asr-VIVOSDEV12_135-steady-0,ASR,vi,,0.0,steady,moonshine-tiny-vi-hf-cpu,0.4088,520.35546875,0.0,0.0,,0.16352,,eval_data\mixed_vivos\vi_VIVOSDEV12_135_steady_0.wav,,,
vivos/moonshine-tiny-vi-hf-cpu,vi-asr-VIVOSDEV12_135-impulsive-15,ASR,vi,,15.0,impulsive,moonshine-tiny-vi-hf-cpu,0.3059,520.35546875,0.0,0.0,,0.12236,,eval_data\mixed_vivos\vi_VIVOSDEV12_135_impulsive_15.wav,,,
vivos/moonshine-tiny-vi-hf-cpu,vi-asr-VIVOSDEV12_135-impulsive-10,ASR,vi,,10.0,impulsive,moonshine-tiny-vi-hf-cpu,0.4195,520.35546875,0.0,0.0,,0.1678,,eval_data\mixed_vivos\vi_VIVOSDEV12_135_impulsive_10.wav,,,
vivos/moonshine-tiny-vi-hf-cpu,vi-asr-VIVOSDEV12_135-impulsive-5,ASR,vi,,5.0,impulsive,moonshine-tiny-vi-hf-cpu,0.3944,520.35546875,0.0,0.0,,0.15775999999999998,,eval_data\mixed_vivos\vi_VIVOSDEV12_135_impulsive_5.wav,,,
vivos/moonshine-tiny-vi-hf-cpu,vi-asr-VIVOSDEV12_135-impulsive-0,ASR,vi,,0.0,impulsive,moonshine-tiny-vi-hf-cpu,0.3941,520.35546875,0.0,0.0,,0.15764,,eval_data\mixed_vivos\vi_VIVOSDEV12_135_impulsive_0.wav,,,
vivos/moonshine-tiny-vi-hf-cpu,vi-asr-VIVOSDEV12_197-clean,ASR,vi,,,clean,moonshine-tiny-vi-hf-cpu,0.601,520.55078125,0.21428571428571427,0.07142857142857142,,0.12821333333333332,,eval_data\mixed_vivos\vi_VIVOSDEV12_197_clean.wav,,,
vivos/moonshine-tiny-vi-hf-cpu,vi-asr-VIVOSDEV12_197-steady-15,ASR,vi,,15.0,steady,moonshine-tiny-vi-hf-cpu,0.6744,520.55078125,0.14285714285714285,0.05357142857142857,,0.143872,,eval_data\mixed_vivos\vi_VIVOSDEV12_197_steady_15.wav,,,
vivos/moonshine-tiny-vi-hf-cpu,vi-asr-VIVOSDEV12_197-steady-10,ASR,vi,,10.0,steady,moonshine-tiny-vi-hf-cpu,0.6867,520.55078125,0.14285714285714285,0.05357142857142857,,0.146496,,eval_data\mixed_vivos\vi_VIVOSDEV12_197_steady_10.wav,,,
vivos/moonshine-tiny-vi-hf-cpu,vi-asr-VIVOSDEV12_197-steady-5,ASR,vi,,5.0,steady,moonshine-tiny-vi-hf-cpu,0.7115,520.55078125,0.2857142857142857,0.125,,0.15178666666666668,,eval_data\mixed_vivos\vi_VIVOSDEV12_197_steady_5.wav,,,
vivos/moonshine-tiny-vi-hf-cpu,vi-asr-VIVOSDEV12_197-steady-0,ASR,vi,,0.0,steady,moonshine-tiny-vi-hf-cpu,0.6429,520.55078125,0.9285714285714286,0.7678571428571429,,0.137152,,eval_data\mixed_vivos\vi_VIVOSDEV12_197_steady_0.wav,,,
vivos/moonshine-tiny-vi-hf-cpu,vi-asr-VIVOSDEV12_197-impulsive-15,ASR,vi,,15.0,impulsive,moonshine-tiny-vi-hf-cpu,0.4344,520.55078125,0.21428571428571427,0.07142857142857142,,0.092672,,eval_data\mixed_vivos\vi_VIVOSDEV12_197_impulsive_15.wav,,,
vivos/moonshine-tiny-vi-hf-cpu,vi-asr-VIVOSDEV12_197-impulsive-10,ASR,vi,,10.0,impulsive,moonshine-tiny-vi-hf-cpu,0.5093,520.55078125,0.21428571428571427,0.07142857142857142,,0.10865066666666666,,eval_data\mixed_vivos\vi_VIVOSDEV12_197_impulsive_10.wav,,,
vivos/moonshine-tiny-vi-hf-cpu,vi-asr-VIVOSDEV12_197-impulsive-5,ASR,vi,,5.0,impulsive,moonshine-tiny-vi-hf-cpu,0.5434,520.55078125,0.21428571428571427,0.07142857142857142,,0.11592533333333334,,eval_data\mixed_vivos\vi_VIVOSDEV12_197_impulsive_5.wav,,,
vivos/moonshine-tiny-vi-hf-cpu,vi-asr-VIVOSDEV12_197-impulsive-0,ASR,vi,,0.0,impulsive,moonshine-tiny-vi-hf-cpu,0.5553,520.55078125,0.21428571428571427,0.07142857142857142,,0.118464,,eval_data\mixed_vivos\vi_VIVOSDEV12_197_impulsive_0.wav,,,
vivos/moonshine-tiny-vi-hf-cpu,vi-asr-VIVOSDEV12_271-clean,ASR,vi,,,clean,moonshine-tiny-vi-hf-cpu,0.3796,520.55078125,0.09090909090909091,0.022727272727272728,,0.09564724409448819,,eval_data\mixed_vivos\vi_VIVOSDEV12_271_clean.wav,,,
vivos/moonshine-tiny-vi-hf-cpu,vi-asr-VIVOSDEV12_271-steady-15,ASR,vi,,15.0,steady,moonshine-tiny-vi-hf-cpu,0.3956,520.62890625,0.09090909090909091,0.022727272727272728,,0.09967874015748032,,eval_data\mixed_vivos\vi_VIVOSDEV12_271_steady_15.wav,,,
vivos/moonshine-tiny-vi-hf-cpu,vi-asr-VIVOSDEV12_271-steady-10,ASR,vi,,10.0,steady,moonshine-tiny-vi-hf-cpu,0.4115,520.62890625,0.09090909090909091,0.022727272727272728,,0.10368503937007874,,eval_data\mixed_vivos\vi_VIVOSDEV12_271_steady_10.wav,,,
vivos/moonshine-tiny-vi-hf-cpu,vi-asr-VIVOSDEV12_271-steady-5,ASR,vi,,5.0,steady,moonshine-tiny-vi-hf-cpu,0.4619,520.62890625,0.09090909090909091,0.022727272727272728,,0.11638425196850394,,eval_data\mixed_vivos\vi_VIVOSDEV12_271_steady_5.wav,,,
vivos/moonshine-tiny-vi-hf-cpu,vi-asr-VIVOSDEV12_271-steady-0,ASR,vi,,0.0,steady,moonshine-tiny-vi-hf-cpu,0.5166,520.6328125,0.18181818181818182,0.13636363636363635,,0.13016692913385824,,eval_data\mixed_vivos\vi_VIVOSDEV12_271_steady_0.wav,,,
vivos/moonshine-tiny-vi-hf-cpu,vi-asr-VIVOSDEV12_271-impulsive-15,ASR,vi,,15.0,impulsive,moonshine-tiny-vi-hf-cpu,0.4673,520.63671875,0.09090909090909091,0.022727272727272728,,0.11774488188976377,,eval_data\mixed_vivos\vi_VIVOSDEV12_271_impulsive_15.wav,,,
vivos/moonshine-tiny-vi-hf-cpu,vi-asr-VIVOSDEV12_271-impulsive-10,ASR,vi,,10.0,impulsive,moonshine-tiny-vi-hf-cpu,0.4918,520.63671875,0.18181818181818182,0.06818181818181818,,0.12391811023622047,,eval_data\mixed_vivos\vi_VIVOSDEV12_271_impulsive_10.wav,,,
vivos/moonshine-tiny-vi-hf-cpu,vi-asr-VIVOSDEV12_271-impulsive-5,ASR,vi,,5.0,impulsive,moonshine-tiny-vi-hf-cpu,0.8038,520.63671875,0.18181818181818182,0.06818181818181818,,0.20253228346456692,,eval_data\mixed_vivos\vi_VIVOSDEV12_271_impulsive_5.wav,,,
vivos/moonshine-tiny-vi-hf-cpu,vi-asr-VIVOSDEV12_271-impulsive-0,ASR,vi,,0.0,impulsive,moonshine-tiny-vi-hf-cpu,0.5082,520.64453125,0.18181818181818182,0.06818181818181818,,0.12805039370078738,,eval_data\mixed_vivos\vi_VIVOSDEV12_271_impulsive_0.wav,,,
vivos/moonshine-tiny-vi-hf-cpu,vi-asr-VIVOSDEV13_061-clean,ASR,vi,,,clean,moonshine-tiny-vi-hf-cpu,0.5122,521.4375,0.23076923076923078,0.058823529411764705,,0.1241885134111229,,eval_data\mixed_vivos\vi_VIVOSDEV13_061_clean.wav,,,
vivos/moonshine-tiny-vi-hf-cpu,vi-asr-VIVOSDEV13_061-steady-15,ASR,vi,,15.0,steady,moonshine-tiny-vi-hf-cpu,0.4414,521.6875,0.07692307692307693,0.0196078431372549,,0.10702227610243978,,eval_data\mixed_vivos\vi_VIVOSDEV13_061_steady_15.wav,,,
vivos/moonshine-tiny-vi-hf-cpu,vi-asr-VIVOSDEV13_061-steady-10,ASR,vi,,10.0,steady,moonshine-tiny-vi-hf-cpu,0.502,521.6875,0.07692307692307693,0.0196078431372549,,0.12171541142597364,,eval_data\mixed_vivos\vi_VIVOSDEV13_061_steady_10.wav,,,
vivos/moonshine-tiny-vi-hf-cpu,vi-asr-VIVOSDEV13_061-steady-5,ASR,vi,,5.0,steady,moonshine-tiny-vi-hf-cpu,0.4775,521.6875,0.15384615384615385,0.058823529411764705,,0.11577511744203668,,eval_data\mixed_vivos\vi_VIVOSDEV13_061_steady_5.wav,,,
vivos/moonshine-tiny-vi-hf-cpu,vi-asr-VIVOSDEV13_061-steady-0,ASR,vi,,0.0,steady,moonshine-tiny-vi-hf-cpu,0.5262,521.69140625,0.15384615384615385,0.058823529411764705,,0.12758296711622974,,eval_data\mixed_vivos\vi_VIVOSDEV13_061_steady_0.wav,,,
vivos/moonshine-tiny-vi-hf-cpu,vi-asr-VIVOSDEV13_061-impulsive-15,ASR,vi,,15.0,impulsive,moonshine-tiny-vi-hf-cpu,0.473,521.69140625,0.07692307692307693,0.0196078431372549,,0.11468404303682377,,eval_data\mixed_vivos\vi_VIVOSDEV13_061_impulsive_15.wav,,,
vivos/moonshine-tiny-vi-hf-cpu,vi-asr-VIVOSDEV13_061-impulsive-10,ASR,vi,,10.0,impulsive,moonshine-tiny-vi-hf-cpu,0.4699,521.69140625,0.07692307692307693,0.0196078431372549,,0.11393241400212153,,eval_data\mixed_vivos\vi_VIVOSDEV13_061_impulsive_10.wav,,,
vivos/moonshine-tiny-vi-hf-cpu,vi-asr-VIVOSDEV13_061-impulsive-5,ASR,vi,,5.0,impulsive,moonshine-tiny-vi-hf-cpu,0.412,521.6953125,0.07692307692307693,0.0196078431372549,,0.09989392332171541,,eval_data\mixed_vivos\vi_VIVOSDEV13_061_impulsive_5.wav,,,
vivos/moonshine-tiny-vi-hf-cpu,vi-asr-VIVOSDEV13_061-impulsive-0,ASR,vi,,0.0,impulsive,moonshine-tiny-vi-hf-cpu,0.47,521.6953125,0.07692307692307693,0.0196078431372549,,0.11395666010001515,,eval_data\mixed_vivos\vi_VIVOSDEV13_061_impulsive_0.wav,,,
vivos/moonshine-tiny-vi-hf-cpu,vi-asr-VIVOSDEV13_104-clean,ASR,vi,,,clean,moonshine-tiny-vi-hf-cpu,0.6145,522.24609375,0.15384615384615385,0.03389830508474576,,0.14047721103014718,,eval_data\mixed_vivos\vi_VIVOSDEV13_104_clean.wav,,,
vivos/moonshine-tiny-vi-hf-cpu,vi-asr-VIVOSDEV13_104-steady-15,ASR,vi,,15.0,steady,moonshine-tiny-vi-hf-cpu,0.845,522.78125,0.15384615384615385,0.03389830508474576,,0.19317045292184598,,eval_data\mixed_vivos\vi_VIVOSDEV13_104_steady_15.wav,,,
vivos/moonshine-tiny-vi-hf-cpu,vi-asr-VIVOSDEV13_104-steady-10,ASR,vi,,10.0,steady,moonshine-tiny-vi-hf-cpu,0.5951,522.78515625,0.23076923076923078,0.05084745762711865,,0.13604229175596513,,eval_data\mixed_vivos\vi_VIVOSDEV13_104_steady_10.wav,,,
vivos/moonshine-tiny-vi-hf-cpu,vi-asr-VIVOSDEV13_104-steady-5,ASR,vi,,5.0,steady,moonshine-tiny-vi-hf-cpu,0.6207,522.78515625,0.23076923076923078,0.05084745762711865,,0.14189455636519505,,eval_data\mixed_vivos\vi_VIVOSDEV13_104_steady_5.wav,,,
vivos/moonshine-tiny-vi-hf-cpu,vi-asr-VIVOSDEV13_104-steady-0,ASR,vi,,0.0,steady,moonshine-tiny-vi-hf-cpu,0.6187,522.78515625,0.5384615384615384,0.2542372881355932,,0.14143734819259896,,eval_data\mixed_vivos\vi_VIVOSDEV13_104_steady_0.wav,,,
vivos/moonshine-tiny-vi-hf-cpu,vi-asr-VIVOSDEV13_104-impulsive-15,ASR,vi,,15.0,impulsive,moonshine-tiny-vi-hf-cpu,0.6481,522.78515625,0.15384615384615385,0.03389830508474576,,0.1481583083297614,,eval_data\mixed_vivos\vi_VIVOSDEV13_104_impulsive_15.wav,,,
vivos/moonshine-tiny-vi-hf-cpu,vi-asr-VIVOSDEV13_104-impulsive-10,ASR,vi,,10.0,impulsive,moonshine-tiny-vi-hf-cpu,0.5924,522.78515625,0.15384615384615385,0.03389830508474576,,0.13542506072296046,,eval_data\mixed_vivos\vi_VIVOSDEV13_104_impulsive_10.wav,,,
vivos/moonshine-tiny-vi-hf-cpu,vi-asr-VIVOSDEV13_104-impulsive-5,ASR,vi,,5.0,impulsive,moonshine-tiny-vi-hf-cpu,0.5723,522.78515625,0.15384615384615385,0.03389830508474576,,0.1308301185883698,,eval_data\mixed_vivos\vi_VIVOSDEV13_104_impulsive_5.wav,,,
vivos/moonshine-tiny-vi-hf-cpu,vi-asr-VIVOSDEV13_104-impulsive-0,ASR,vi,,0.0,impulsive,moonshine-tiny-vi-hf-cpu,0.6914,522.78515625,0.15384615384615385,0.03389830508474576,,0.15805686526646665,,eval_data\mixed_vivos\vi_VIVOSDEV13_104_impulsive_0.wav,,,
vivos/moonshine-tiny-vi-hf-cpu,vi-asr-VIVOSDEV13_150-clean,ASR,vi,,,clean,moonshine-tiny-vi-hf-cpu,0.3954,522.79296875,0.09090909090909091,0.022727272727272728,,0.09586907107137445,,eval_data\mixed_vivos\vi_VIVOSDEV13_150_clean.wav,,,
vivos/moonshine-tiny-vi-hf-cpu,vi-asr-VIVOSDEV13_150-steady-15,ASR,vi,,15.0,steady,moonshine-tiny-vi-hf-cpu,0.4372,522.796875,0.09090909090909091,0.022727272727272728,,0.10600393999090772,,eval_data\mixed_vivos\vi_VIVOSDEV13_150_steady_15.wav,,,
vivos/moonshine-tiny-vi-hf-cpu,vi-asr-VIVOSDEV13_150-steady-10,ASR,vi,,10.0,steady,moonshine-tiny-vi-hf-cpu,0.5167,522.796875,0.18181818181818182,0.11363636363636363,,0.12527958781633583,,eval_data\mixed_vivos\vi_VIVOSDEV13_150_steady_10.wav,,,
vivos/moonshine-tiny-vi-hf-cpu,vi-asr-VIVOSDEV13_150-steady-5,ASR,vi,,5.0,steady,moonshine-tiny-vi-hf-cpu,0.4528,522.80078125,0.09090909090909091,0.022727272727272728,,0.10978633126231248,,eval_data\mixed_vivos\vi_VIVOSDEV13_150_steady_5.wav,,,
vivos/moonshine-tiny-vi-hf-cpu,vi-asr-VIVOSDEV13_150-steady-0,ASR,vi,,0.0,steady,moonshine-tiny-vi-hf-cpu,0.4934,522.80078125,0.8181818181818182,0.4772727272727273,,0.1196302470071223,,eval_data\mixed_vivos\vi_VIVOSDEV13_150_steady_0.wav,,,
vivos/moonshine-tiny-vi-hf-cpu,vi-asr-VIVOSDEV13_150-impulsive-15,ASR,vi,,15.0,impulsive,moonshine-tiny-vi-hf-cpu,0.3564,522.80078125,0.09090909090909091,0.022727272727272728,,0.08641309289286256,,eval_data\mixed_vivos\vi_VIVOSDEV13_150_impulsive_15.wav,,,
vivos/moonshine-tiny-vi-hf-cpu,vi-asr-VIVOSDEV13_150-impulsive-10,ASR,vi,,10.0,impulsive,moonshine-tiny-vi-hf-cpu,0.4066,522.80078125,0.18181818181818182,0.045454545454545456,,0.09858463403545993,,eval_data\mixed_vivos\vi_VIVOSDEV13_150_impulsive_10.wav,,,
vivos/moonshine-tiny-vi-hf-cpu,vi-asr-VIVOSDEV13_150-impulsive-5,ASR,vi,,5.0,impulsive,moonshine-tiny-vi-hf-cpu,0.5093,522.80078125,0.18181818181818182,0.045454545454545456,,0.12348537657220791,,eval_data\mixed_vivos\vi_VIVOSDEV13_150_impulsive_5.wav,,,
vivos/moonshine-tiny-vi-hf-cpu,vi-asr-VIVOSDEV13_150-impulsive-0,ASR,vi,,0.0,impulsive,moonshine-tiny-vi-hf-cpu,0.4136,522.80078125,0.18181818181818182,0.045454545454545456,,0.10028186088801334,,eval_data\mixed_vivos\vi_VIVOSDEV13_150_impulsive_0.wav,,,
vivos/moonshine-tiny-vi-hf-cpu,vi-asr-VIVOSDEV13_227-clean,ASR,vi,,,clean,moonshine-tiny-vi-hf-cpu,0.5174,523.1171875,0.09090909090909091,0.02127659574468085,,0.15923062127332177,,eval_data\mixed_vivos\vi_VIVOSDEV13_227_clean.wav,,,
vivos/moonshine-tiny-vi-hf-cpu,vi-asr-VIVOSDEV13_227-steady-15,ASR,vi,,15.0,steady,moonshine-tiny-vi-hf-cpu,0.4784,523.3125,0.0,0.0,,0.14722831313714174,,eval_data\mixed_vivos\vi_VIVOSDEV13_227_steady_15.wav,,,
vivos/moonshine-tiny-vi-hf-cpu,vi-asr-VIVOSDEV13_227-steady-10,ASR,vi,,10.0,steady,moonshine-tiny-vi-hf-cpu,0.4758,523.3125,0.18181818181818182,0.0851063829787234,,0.1464281592613964,,eval_data\mixed_vivos\vi_VIVOSDEV13_227_steady_10.wav,,,
vivos/moonshine-tiny-vi-hf-cpu,vi-asr-VIVOSDEV13_227-steady-5,ASR,vi,,5.0,steady,moonshine-tiny-vi-hf-cpu,0.4712,523.32421875,0.09090909090909091,0.06382978723404255,,0.14501250240430852,,eval_data\mixed_vivos\vi_VIVOSDEV13_227_steady_5.wav,,,
vivos/moonshine-tiny-vi-hf-cpu,vi-asr-VIVOSDEV13_227-steady-0,ASR,vi,,0.0,steady,moonshine-tiny-vi-hf-cpu,0.4505,523.32421875,0.18181818181818182,0.19148936170212766,,0.13864204654741297,,eval_data\mixed_vivos\vi_VIVOSDEV13_227_steady_0.wav,,,
vivos/moonshine-tiny-vi-hf-cpu,vi-asr-VIVOSDEV13_227-impulsive-15,ASR,vi,,15.0,impulsive,moonshine-tiny-vi-hf-cpu,0.4536,523.328125,0.0,0.0,,0.13959607616849393,,eval_data\mixed_vivos\vi_VIVOSDEV13_227_impulsive_15.wav,,,
vivos/moonshine-tiny-vi-hf-cpu,vi-asr-VIVOSDEV13_227-impulsive-10,ASR,vi,,10.0,impulsive,moonshine-tiny-vi-hf-cpu,0.4414,523.328125,0.0,0.0,,0.1358415079823043,,eval_data\mixed_vivos\vi_VIVOSDEV13_227_impulsive_10.wav,,,
vivos/moonshine-tiny-vi-hf-cpu,vi-asr-VIVOSDEV13_227-impulsive-5,ASR,vi,,5.0,impulsive,moonshine-tiny-vi-hf-cpu,0.4815,523.328125,0.0,0.0,,0.14818234275822273,,eval_data\mixed_vivos\vi_VIVOSDEV13_227_impulsive_5.wav,,,
vivos/moonshine-tiny-vi-hf-cpu,vi-asr-VIVOSDEV13_227-impulsive-0,ASR,vi,,0.0,impulsive,moonshine-tiny-vi-hf-cpu,0.4829,523.328125,0.0,0.0,,0.14861319484516253,,eval_data\mixed_vivos\vi_VIVOSDEV13_227_impulsive_0.wav,,,
vivos/moonshine-tiny-vi-hf-cpu,vi-asr-VIVOSDEV13_263-clean,ASR,vi,,,clean,moonshine-tiny-vi-hf-cpu,1.0458,523.671875,1.25,1.0208333333333333,,0.3281584624436164,,eval_data\mixed_vivos\vi_VIVOSDEV13_263_clean.wav,,,
vivos/moonshine-tiny-vi-hf-cpu,vi-asr-VIVOSDEV13_263-steady-15,ASR,vi,,15.0,steady,moonshine-tiny-vi-hf-cpu,0.593,524.05859375,0.16666666666666666,0.10416666666666667,,0.18607570111786623,,eval_data\mixed_vivos\vi_VIVOSDEV13_263_steady_15.wav,,,
vivos/moonshine-tiny-vi-hf-cpu,vi-asr-VIVOSDEV13_263-steady-10,ASR,vi,,10.0,steady,moonshine-tiny-vi-hf-cpu,0.5512,524.05859375,0.25,0.14583333333333334,,0.1729594038046676,,eval_data\mixed_vivos\vi_VIVOSDEV13_263_steady_10.wav,,,
vivos/moonshine-tiny-vi-hf-cpu,vi-asr-VIVOSDEV13_263-steady-5,ASR,vi,,5.0,steady,moonshine-tiny-vi-hf-cpu,0.8211,524.0703125,0.5,0.375,,0.257650519709747,,eval_data\mixed_vivos\vi_VIVOSDEV13_263_steady_5.wav,,,
vivos/moonshine-tiny-vi-hf-cpu,vi-asr-VIVOSDEV13_263-steady-0,ASR,vi,,0.0,steady,moonshine-tiny-vi-hf-cpu,0.6025,524.0703125,0.3333333333333333,0.16666666666666666,,0.18905667777995686,,eval_data\mixed_vivos\vi_VIVOSDEV13_263_steady_0.wav,,,
vivos/moonshine-tiny-vi-hf-cpu,vi-asr-VIVOSDEV13_263-impulsive-15,ASR,vi,,15.0,impulsive,moonshine-tiny-vi-hf-cpu,0.9071,524.0703125,0.6666666666666666,0.5416666666666666,,0.28463620317709354,,eval_data\mixed_vivos\vi_VIVOSDEV13_263_impulsive_15.wav,,,
vivos/moonshine-tiny-vi-hf-cpu,vi-asr-VIVOSDEV13_263-impulsive-10,ASR,vi,,10.0,impulsive,moonshine-tiny-vi-hf-cpu,1.316,524.07421875,1.8333333333333333,1.7083333333333333,,0.4129437144538145,,eval_data\mixed_vivos\vi_VIVOSDEV13_263_impulsive_10.wav,,,
vivos/moonshine-tiny-vi-hf-cpu,vi-asr-VIVOSDEV13_263-impulsive-5,ASR,vi,,5.0,impulsive,moonshine-tiny-vi-hf-cpu,0.9066,524.07421875,0.9166666666666666,0.6666666666666666,,0.28447930966856244,,eval_data\mixed_vivos\vi_VIVOSDEV13_263_impulsive_5.wav,,,
vivos/moonshine-tiny-vi-hf-cpu,vi-asr-VIVOSDEV13_263-impulsive-0,ASR,vi,,0.0,impulsive,moonshine-tiny-vi-hf-cpu,1.0845,524.078125,0.75,0.5,,0.34030202000392235,,eval_data\mixed_vivos\vi_VIVOSDEV13_263_impulsive_0.wav,,,
vivos/moonshine-tiny-vi-hf-cpu,vi-asr-VIVOSDEV14_079-clean,ASR,vi,,,clean,moonshine-tiny-vi-hf-cpu,0.4985,524.3359375,0.0,0.0,,0.14773106130764957,,eval_data\mixed_vivos\vi_VIVOSDEV14_079_clean.wav,,,
vivos/moonshine-tiny-vi-hf-cpu,vi-asr-VIVOSDEV14_079-steady-15,ASR,vi,,15.0,steady,moonshine-tiny-vi-hf-cpu,0.538,524.54296875,0.09090909090909091,0.02,,0.15943693276532692,,eval_data\mixed_vivos\vi_VIVOSDEV14_079_steady_15.wav,,,
vivos/moonshine-tiny-vi-hf-cpu,vi-asr-VIVOSDEV14_079-steady-10,ASR,vi,,10.0,steady,moonshine-tiny-vi-hf-cpu,0.5528,524.54296875,0.09090909090909091,0.02,,0.1638229301722541,,eval_data\mixed_vivos\vi_VIVOSDEV14_079_steady_10.wav,,,
vivos/moonshine-tiny-vi-hf-cpu,vi-asr-VIVOSDEV14_079-steady-5,ASR,vi,,5.0,steady,moonshine-tiny-vi-hf-cpu,0.5384,524.54296875,0.18181818181818182,0.06,,0.1595554732357844,,eval_data\mixed_vivos\vi_VIVOSDEV14_079_steady_5.wav,,,
vivos/moonshine-tiny-vi-hf-cpu,vi-asr-VIVOSDEV14_079-steady-0,ASR,vi,,0.0,steady,moonshine-tiny-vi-hf-cpu,0.5417,524.546875,0.5454545454545454,0.32,,0.1605334321170587,,eval_data\mixed_vivos\vi_VIVOSDEV14_079_steady_0.wav,,,
vivos/moonshine-tiny-vi-hf-cpu,vi-asr-VIVOSDEV14_079-impulsive-15,ASR,vi,,15.0,impulsive,moonshine-tiny-vi-hf-cpu,0.5019,524.55078125,0.09090909090909091,0.02,,0.14873865530653824,,eval_data\mixed_vivos\vi_VIVOSDEV14_079_impulsive_15.wav,,,
vivos/moonshine-tiny-vi-hf-cpu,vi-asr-VIVOSDEV14_079-impulsive-10,ASR,vi,,10.0,impulsive,moonshine-tiny-vi-hf-cpu,0.5154,524.5546875,0.09090909090909091,0.02,,0.1527393961844786,,eval_data\mixed_vivos\vi_VIVOSDEV14_079_impulsive_10.wav,,,
vivos/moonshine-tiny-vi-hf-cpu,vi-asr-VIVOSDEV14_079-impulsive-5,ASR,vi,,5.0,impulsive,moonshine-tiny-vi-hf-cpu,0.5361,524.5546875,0.18181818181818182,0.1,,0.15887386553065383,,eval_data\mixed_vivos\vi_VIVOSDEV14_079_impulsive_5.wav,,,
vivos/moonshine-tiny-vi-hf-cpu,vi-asr-VIVOSDEV14_079-impulsive-0,ASR,vi,,0.0,impulsive,moonshine-tiny-vi-hf-cpu,0.51,524.55859375,0.09090909090909091,0.02,,0.15113909983330245,,eval_data\mixed_vivos\vi_VIVOSDEV14_079_impulsive_0.wav,,,
vivos/moonshine-tiny-vi-hf-cpu,vi-asr-VIVOSDEV14_114-clean,ASR,vi,,,clean,moonshine-tiny-vi-hf-cpu,0.6979,525.01171875,0.07142857142857142,0.017543859649122806,,0.2030623749772686,,eval_data\mixed_vivos\vi_VIVOSDEV14_114_clean.wav,,,
vivos/moonshine-tiny-vi-hf-cpu,vi-asr-VIVOSDEV14_114-steady-15,ASR,vi,,15.0,steady,moonshine-tiny-vi-hf-cpu,0.6046,525.01171875,0.0,0.0,,0.175915621022004,,eval_data\mixed_vivos\vi_VIVOSDEV14_114_steady_15.wav,,,
vivos/moonshine-tiny-vi-hf-cpu,vi-asr-VIVOSDEV14_114-steady-10,ASR,vi,,10.0,steady,moonshine-tiny-vi-hf-cpu,0.6065,525.01171875,0.0,0.0,,0.17646844880887436,,eval_data\mixed_vivos\vi_VIVOSDEV14_114_steady_10.wav,,,
vivos/moonshine-tiny-vi-hf-cpu,vi-asr-VIVOSDEV14_114-steady-5,ASR,vi,,5.0,steady,moonshine-tiny-vi-hf-cpu,0.6707,525.01171875,0.07142857142857142,0.03508771929824561,,0.19514820876523004,,eval_data\mixed_vivos\vi_VIVOSDEV14_114_steady_5.wav,,,
vivos/moonshine-tiny-vi-hf-cpu,vi-asr-VIVOSDEV14_114-steady-0,ASR,vi,,0.0,steady,moonshine-tiny-vi-hf-cpu,0.5841,525.01171875,0.5714285714285714,0.2982456140350877,,0.1699509001636661,,eval_data\mixed_vivos\vi_VIVOSDEV14_114_steady_0.wav,,,
vivos/moonshine-tiny-vi-hf-cpu,vi-asr-VIVOSDEV14_114-impulsive-15,ASR,vi,,15.0,impulsive,moonshine-tiny-vi-hf-cpu,0.5658,525.01171875,0.07142857142857142,0.017543859649122806,,0.16462629569012546,,eval_data\mixed_vivos\vi_VIVOSDEV14_114_impulsive_15.wav,,,
vivos/moonshine-tiny-vi-hf-cpu,vi-asr-VIVOSDEV14_114-impulsive-10,ASR,vi,,10.0,impulsive,moonshine-tiny-vi-hf-cpu,0.694,525.01171875,0.07142857142857142,0.03508771929824561,,0.20192762320421892,,eval_data\mixed_vivos\vi_VIVOSDEV14_114_impulsive_10.wav,,,
vivos/moonshine-tiny-vi-hf-cpu,vi-asr-VIVOSDEV14_114-impulsive-5,ASR,vi,,5.0,impulsive,moonshine-tiny-vi-hf-cpu,0.6208,525.01171875,0.07142857142857142,0.03508771929824561,,0.18062920531005638,,eval_data\mixed_vivos\vi_VIVOSDEV14_114_impulsive_5.wav,,,
vivos/moonshine-tiny-vi-hf-cpu,vi-asr-VIVOSDEV14_114-impulsive-0,ASR,vi,,0.0,impulsive,moonshine-tiny-vi-hf-cpu,0.6518,525.01171875,0.07142857142857142,0.03508771929824561,,0.18964902709583562,,eval_data\mixed_vivos\vi_VIVOSDEV14_114_impulsive_0.wav,,,
vivos/moonshine-tiny-vi-hf-cpu,vi-asr-VIVOSDEV14_156-clean,ASR,vi,,,clean,moonshine-tiny-vi-hf-cpu,0.7135,525.01171875,0.0,0.0,,0.2306728632046878,,eval_data\mixed_vivos\vi_VIVOSDEV14_156_clean.wav,,,
vivos/moonshine-tiny-vi-hf-cpu,vi-asr-VIVOSDEV14_156-steady-15,ASR,vi,,15.0,steady,moonshine-tiny-vi-hf-cpu,0.5857,525.01171875,0.0,0.0,,0.1893554253384522,,eval_data\mixed_vivos\vi_VIVOSDEV14_156_steady_15.wav,,,
vivos/moonshine-tiny-vi-hf-cpu,vi-asr-VIVOSDEV14_156-steady-10,ASR,vi,,10.0,steady,moonshine-tiny-vi-hf-cpu,0.5729,525.42578125,0.0,0.0,,0.18521721559911092,,eval_data\mixed_vivos\vi_VIVOSDEV14_156_steady_10.wav,,,
vivos/moonshine-tiny-vi-hf-cpu,vi-asr-VIVOSDEV14_156-steady-5,ASR,vi,,5.0,steady,moonshine-tiny-vi-hf-cpu,0.5312,525.42578125,0.4166666666666667,0.21818181818181817,,0.17173570418266315,,eval_data\mixed_vivos\vi_VIVOSDEV14_156_steady_5.wav,,,
vivos/moonshine-tiny-vi-hf-cpu,vi-asr-VIVOSDEV14_156-steady-0,ASR,vi,,0.0,steady,moonshine-tiny-vi-hf-cpu,0.5297,525.42578125,0.8333333333333334,0.6,,0.17125075772883408,,eval_data\mixed_vivos\vi_VIVOSDEV14_156_steady_0.wav,,,
vivos/moonshine-tiny-vi-hf-cpu,vi-asr-VIVOSDEV14_156-impulsive-15,ASR,vi,,15.0,impulsive,moonshine-tiny-vi-hf-cpu,0.606,525.42578125,0.0,0.0,,0.19591836734693877,,eval_data\mixed_vivos\vi_VIVOSDEV14_156_impulsive_15.wav,,,
vivos/moonshine-tiny-vi-hf-cpu,vi-asr-VIVOSDEV14_156-impulsive-10,ASR,vi,,10.0,impulsive,moonshine-tiny-vi-hf-cpu,0.595,525.42578125,0.0,0.0,,0.19236209335219234,,eval_data\mixed_vivos\vi_VIVOSDEV14_156_impulsive_10.wav,,,
vivos/moonshine-tiny-vi-hf-cpu,vi-asr-VIVOSDEV14_156-impulsive-5,ASR,vi,,5.0,impulsive,moonshine-tiny-vi-hf-cpu,0.863,525.42578125,0.0,0.0,,0.2790058597696504,,eval_data\mixed_vivos\vi_VIVOSDEV14_156_impulsive_5.wav,,,
vivos/moonshine-tiny-vi-hf-cpu,vi-asr-VIVOSDEV14_156-impulsive-0,ASR,vi,,0.0,impulsive,moonshine-tiny-vi-hf-cpu,0.6342,525.47265625,0.0,0.0,,0.20503536067892503,,eval_data\mixed_vivos\vi_VIVOSDEV14_156_impulsive_0.wav,,,
vivos/moonshine-tiny-vi-hf-cpu,vi-asr-VIVOSDEV14_225-clean,ASR,vi,,,clean,moonshine-tiny-vi-hf-cpu,0.7029,526.3984375,0.16666666666666666,0.07272727272727272,,0.16541256067068688,,eval_data\mixed_vivos\vi_VIVOSDEV14_225_clean.wav,,,
vivos/moonshine-tiny-vi-hf-cpu,vi-asr-VIVOSDEV14_225-steady-15,ASR,vi,,15.0,steady,moonshine-tiny-vi-hf-cpu,0.6774,526.9375,0.16666666666666666,0.07272727272727272,,0.15941167818796884,,eval_data\mixed_vivos\vi_VIVOSDEV14_225_steady_15.wav,,,
vivos/moonshine-tiny-vi-hf-cpu,vi-asr-VIVOSDEV14_225-steady-10,ASR,vi,,10.0,steady,moonshine-tiny-vi-hf-cpu,0.6138,526.94140625,0.16666666666666666,0.07272727272727272,,0.14444477128989558,,eval_data\mixed_vivos\vi_VIVOSDEV14_225_steady_10.wav,,,
vivos/moonshine-tiny-vi-hf-cpu,vi-asr-VIVOSDEV14_225-steady-5,ASR,vi,,5.0,steady,moonshine-tiny-vi-hf-cpu,0.6673,526.9453125,0.3333333333333333,0.16363636363636364,,0.15703485806736286,,eval_data\mixed_vivos\vi_VIVOSDEV14_225_steady_5.wav,,,
vivos/moonshine-tiny-vi-hf-cpu,vi-asr-VIVOSDEV14_225-steady-0,ASR,vi,,0.0,steady,moonshine-tiny-vi-hf-cpu,0.8054,526.94921875,0.4166666666666667,0.3090909090909091,,0.1895337549639653,,eval_data\mixed_vivos\vi_VIVOSDEV14_225_steady_0.wav,,,
vivos/moonshine-tiny-vi-hf-cpu,vi-asr-VIVOSDEV14_225-impulsive-15,ASR,vi,,15.0,impulsive,moonshine-tiny-vi-hf-cpu,0.6731,526.953125,0.3333333333333333,0.14545454545454545,,0.1583997646712752,,eval_data\mixed_vivos\vi_VIVOSDEV14_225_impulsive_15.wav,,,
vivos/moonshine-tiny-vi-hf-cpu,vi-asr-VIVOSDEV14_225-impulsive-10,ASR,vi,,10.0,impulsive,moonshine-tiny-vi-hf-cpu,0.5635,526.953125,0.3333333333333333,0.14545454545454545,,0.13260773643182822,,eval_data\mixed_vivos\vi_VIVOSDEV14_225_impulsive_10.wav,,,
vivos/moonshine-tiny-vi-hf-cpu,vi-asr-VIVOSDEV14_225-impulsive-5,ASR,vi,,5.0,impulsive,moonshine-tiny-vi-hf-cpu,0.6448,526.953125,0.3333333333333333,0.14545454545454545,,0.15173996175908225,,eval_data\mixed_vivos\vi_VIVOSDEV14_225_impulsive_5.wav,,,
vivos/moonshine-tiny-vi-hf-cpu,vi-asr-VIVOSDEV14_225-impulsive-0,ASR,vi,,0.0,impulsive,moonshine-tiny-vi-hf-cpu,0.5974,526.95703125,0.5,0.2909090909090909,,0.14058538020297104,,eval_data\mixed_vivos\vi_VIVOSDEV14_225_impulsive_0.wav,,,
vivos/moonshine-tiny-vi-hf-cpu,vi-asr-VIVOSDEV14_286-clean,ASR,vi,,,clean,moonshine-tiny-vi-hf-cpu,0.5064,526.96875,0.18181818181818182,0.03571428571428571,,0.17428264142826413,,eval_data\mixed_vivos\vi_VIVOSDEV14_286_clean.wav,,,
vivos/moonshine-tiny-vi-hf-cpu,vi-asr-VIVOSDEV14_286-steady-15,ASR,vi,,15.0,steady,moonshine-tiny-vi-hf-cpu,0.4621,526.96875,0.09090909090909091,0.017857142857142856,,0.1590363519036352,,eval_data\mixed_vivos\vi_VIVOSDEV14_286_steady_15.wav,,,
vivos/moonshine-tiny-vi-hf-cpu,vi-asr-VIVOSDEV14_286-steady-10,ASR,vi,,10.0,steady,moonshine-tiny-vi-hf-cpu,0.536,526.96875,0.09090909090909091,0.017857142857142856,,0.18446977844697784,,eval_data\mixed_vivos\vi_VIVOSDEV14_286_steady_10.wav,,,
vivos/moonshine-tiny-vi-hf-cpu,vi-asr-VIVOSDEV14_286-steady-5,ASR,vi,,5.0,steady,moonshine-tiny-vi-hf-cpu,0.5025,526.96875,0.09090909090909091,0.017857142857142856,,0.1729404172940417,,eval_data\mixed_vivos\vi_VIVOSDEV14_286_steady_5.wav,,,
vivos/moonshine-tiny-vi-hf-cpu,vi-asr-VIVOSDEV14_286-steady-0,ASR,vi,,0.0,steady,moonshine-tiny-vi-hf-cpu,0.5366,526.96875,0.36363636363636365,0.19642857142857142,,0.18467627446762744,,eval_data\mixed_vivos\vi_VIVOSDEV14_286_steady_0.wav,,,
vivos/moonshine-tiny-vi-hf-cpu,vi-asr-VIVOSDEV14_286-impulsive-15,ASR,vi,,15.0,impulsive,moonshine-tiny-vi-hf-cpu,0.5308,526.97265625,0.09090909090909091,0.017857142857142856,,0.18268014626801463,,eval_data\mixed_vivos\vi_VIVOSDEV14_286_impulsive_15.wav,,,
vivos/moonshine-tiny-vi-hf-cpu,vi-asr-VIVOSDEV14_286-impulsive-10,ASR,vi,,10.0,impulsive,moonshine-tiny-vi-hf-cpu,0.5546,526.97265625,0.09090909090909091,0.017857142857142856,,0.1908711550871155,,eval_data\mixed_vivos\vi_VIVOSDEV14_286_impulsive_10.wav,,,
vivos/moonshine-tiny-vi-hf-cpu,vi-asr-VIVOSDEV14_286-impulsive-5,ASR,vi,,5.0,impulsive,moonshine-tiny-vi-hf-cpu,0.541,526.97265625,0.18181818181818182,0.10714285714285714,,0.18619057861905786,,eval_data\mixed_vivos\vi_VIVOSDEV14_286_impulsive_5.wav,,,
vivos/moonshine-tiny-vi-hf-cpu,vi-asr-VIVOSDEV14_286-impulsive-0,ASR,vi,,0.0,impulsive,moonshine-tiny-vi-hf-cpu,0.5183,526.97265625,0.18181818181818182,0.10714285714285714,,0.17837814583781458,,eval_data\mixed_vivos\vi_VIVOSDEV14_286_impulsive_0.wav,,,
vivos/moonshine-tiny-vi-hf-cpu,vi-asr-VIVOSDEV15_021-clean,ASR,vi,,,clean,moonshine-tiny-vi-hf-cpu,0.4264,527.09765625,0.36363636363636365,0.1276595744680851,,0.12406619385342789,,eval_data\mixed_vivos\vi_VIVOSDEV15_021_clean.wav,,,
vivos/moonshine-tiny-vi-hf-cpu,vi-asr-VIVOSDEV15_021-steady-15,ASR,vi,,15.0,steady,moonshine-tiny-vi-hf-cpu,0.4544,527.09765625,0.36363636363636365,0.1276595744680851,,0.13221312965993817,,eval_data\mixed_vivos\vi_VIVOSDEV15_021_steady_15.wav,,,
vivos/moonshine-tiny-vi-hf-cpu,vi-asr-VIVOSDEV15_021-steady-10,ASR,vi,,10.0,steady,moonshine-tiny-vi-hf-cpu,0.5512,527.1015625,0.36363636363636365,0.1276595744680851,,0.16037825059101654,,eval_data\mixed_vivos\vi_VIVOSDEV15_021_steady_10.wav,,,
vivos/moonshine-tiny-vi-hf-cpu,vi-asr-VIVOSDEV15_021-steady-5,ASR,vi,,5.0,steady,moonshine-tiny-vi-hf-cpu,0.4524,527.1015625,0.8181818181818182,0.425531914893617,,0.13163120567375886,,eval_data\mixed_vivos\vi_VIVOSDEV15_021_steady_5.wav,,,
vivos/moonshine-tiny-vi-hf-cpu,vi-asr-VIVOSDEV15_021-steady-0,ASR,vi,,0.0,steady,moonshine-tiny-vi-hf-cpu,0.5722,527.1015625,0.8181818181818182,0.425531914893617,,0.16648845244589927,,eval_data\mixed_vivos\vi_VIVOSDEV15_021_steady_0.wav,,,
vivos/moonshine-tiny-vi-hf-cpu,vi-asr-VIVOSDEV15_021-impulsive-15,ASR,vi,,15.0,impulsive,moonshine-tiny-vi-hf-cpu,0.5153,527.1015625,0.45454545454545453,0.19148936170212766,,0.149932715039098,,eval_data\mixed_vivos\vi_VIVOSDEV15_021_impulsive_15.wav,,,
vivos/moonshine-tiny-vi-hf-cpu,vi-asr-VIVOSDEV15_021-impulsive-10,ASR,vi,,10.0,impulsive,moonshine-tiny-vi-hf-cpu,0.5766,527.10546875,0.2727272727272727,0.14893617021276595,,0.1677686852154937,,eval_data\mixed_vivos\vi_VIVOSDEV15_021_impulsive_10.wav,,,
vivos/moonshine-tiny-vi-hf-cpu,vi-asr-VIVOSDEV15_021-impulsive-5,ASR,vi,,5.0,impulsive,moonshine-tiny-vi-hf-cpu,0.4972,527.11328125,0.45454545454545453,0.1702127659574468,,0.1446663029641753,,eval_data\mixed_vivos\vi_VIVOSDEV15_021_impulsive_5.wav,,,
vivos/moonshine-tiny-vi-hf-cpu,vi-asr-VIVOSDEV15_021-impulsive-0,ASR,vi,,0.0,impulsive,moonshine-tiny-vi-hf-cpu,0.4621,527.11328125,0.7272727272727273,0.3617021276595745,,0.1344535370067285,,eval_data\mixed_vivos\vi_VIVOSDEV15_021_impulsive_0.wav,,,
vivos/moonshine-tiny-vi-hf-cpu,vi-asr-VIVOSDEV15_092-clean,ASR,vi,,,clean,moonshine-tiny-vi-hf-cpu,0.5728,528.9453125,0.13333333333333333,0.06349206349206349,,0.1309444206315188,,eval_data\mixed_vivos\vi_VIVOSDEV15_092_clean.wav,,,
vivos/moonshine-tiny-vi-hf-cpu,vi-asr-VIVOSDEV15_092-steady-15,ASR,vi,,15.0,steady,moonshine-tiny-vi-hf-cpu,0.5812,528.9453125,0.13333333333333333,0.06349206349206349,,0.13286469495642236,,eval_data\mixed_vivos\vi_VIVOSDEV15_092_steady_15.wav,,,
vivos/moonshine-tiny-vi-hf-cpu,vi-asr-VIVOSDEV15_092-steady-10,ASR,vi,,10.0,steady,moonshine-tiny-vi-hf-cpu,0.6018,528.9453125,0.2,0.09523809523809523,,0.13757393913416202,,eval_data\mixed_vivos\vi_VIVOSDEV15_092_steady_10.wav,,,
vivos/moonshine-tiny-vi-hf-cpu,vi-asr-VIVOSDEV15_092-steady-5,ASR,vi,,5.0,steady,moonshine-tiny-vi-hf-cpu,0.6401,528.9453125,0.3333333333333333,0.1111111111111111,,0.14632947563937707,,eval_data\mixed_vivos\vi_VIVOSDEV15_092_steady_5.wav,,,
vivos/moonshine-tiny-vi-hf-cpu,vi-asr-VIVOSDEV15_092-steady-0,ASR,vi,,0.0,steady,moonshine-tiny-vi-hf-cpu,0.6678,528.9453125,0.9333333333333333,0.5238095238095238,,0.15266180882983282,,eval_data\mixed_vivos\vi_VIVOSDEV15_092_steady_0.wav,,,
vivos/moonshine-tiny-vi-hf-cpu,vi-asr-VIVOSDEV15_092-impulsive-15,ASR,vi,,15.0,impulsive,moonshine-tiny-vi-hf-cpu,0.5526,528.9453125,0.3333333333333333,0.12698412698412698,,0.12632661808829834,,eval_data\mixed_vivos\vi_VIVOSDEV15_092_impulsive_15.wav,,,
vivos/moonshine-tiny-vi-hf-cpu,vi-asr-VIVOSDEV15_092-impulsive-10,ASR,vi,,10.0,impulsive,moonshine-tiny-vi-hf-cpu,0.6333,528.94921875,0.26666666666666666,0.1111111111111111,,0.14477496785255037,,eval_data\mixed_vivos\vi_VIVOSDEV15_092_impulsive_10.wav,,,
vivos/moonshine-tiny-vi-hf-cpu,vi-asr-VIVOSDEV15_092-impulsive-5,ASR,vi,,5.0,impulsive,moonshine-tiny-vi-hf-cpu,0.6158,528.94921875,0.4666666666666667,0.23809523809523808,,0.14077439634233463,,eval_data\mixed_vivos\vi_VIVOSDEV15_092_impulsive_5.wav,,,
vivos/moonshine-tiny-vi-hf-cpu,vi-asr-VIVOSDEV15_092-impulsive-0,ASR,vi,,0.0,impulsive,moonshine-tiny-vi-hf-cpu,0.7102,528.95703125,0.5333333333333333,0.23809523809523808,,0.16235462208886986,,eval_data\mixed_vivos\vi_VIVOSDEV15_092_impulsive_0.wav,,,
vivos/moonshine-tiny-vi-hf-cpu,vi-asr-VIVOSDEV15_168-clean,ASR,vi,,,clean,moonshine-tiny-vi-hf-cpu,0.7025,529.71484375,0.06666666666666667,0.017543859649122806,,0.12630632655354534,,eval_data\mixed_vivos\vi_VIVOSDEV15_168_clean.wav,,,
vivos/moonshine-tiny-vi-hf-cpu,vi-asr-VIVOSDEV15_168-steady-15,ASR,vi,,15.0,steady,moonshine-tiny-vi-hf-cpu,0.69,530.3984375,0.13333333333333333,0.03508771929824561,,0.1240588830205641,,eval_data\mixed_vivos\vi_VIVOSDEV15_168_steady_15.wav,,,
vivos/moonshine-tiny-vi-hf-cpu,vi-asr-VIVOSDEV15_168-steady-10,ASR,vi,,10.0,steady,moonshine-tiny-vi-hf-cpu,0.6991,530.40625,0.06666666666666667,0.017543859649122806,,0.12569502191257445,,eval_data\mixed_vivos\vi_VIVOSDEV15_168_steady_10.wav,,,
vivos/moonshine-tiny-vi-hf-cpu,vi-asr-VIVOSDEV15_168-steady-5,ASR,vi,,5.0,steady,moonshine-tiny-vi-hf-cpu,0.6895,530.40625,0.4,0.19298245614035087,,0.12396898527924487,,eval_data\mixed_vivos\vi_VIVOSDEV15_168_steady_5.wav,,,
vivos/moonshine-tiny-vi-hf-cpu,vi-asr-VIVOSDEV15_168-steady-0,ASR,vi,,0.0,steady,moonshine-tiny-vi-hf-cpu,0.832,531.78125,1.0,0.6842105263157895,,0.14958984155523092,,eval_data\mixed_vivos\vi_VIVOSDEV15_168_steady_0.wav,,,
vivos/moonshine-tiny-vi-hf-cpu,vi-asr-VIVOSDEV15_168-impulsive-15,ASR,vi,,15.0,impulsive,moonshine-tiny-vi-hf-cpu,0.7543,531.78125,0.4,0.15789473684210525,,0.13561973255421958,,eval_data\mixed_vivos\vi_VIVOSDEV15_168_impulsive_15.wav,,,
vivos/moonshine-tiny-vi-hf-cpu,vi-asr-VIVOSDEV15_168-impulsive-10,ASR,vi,,10.0,impulsive,moonshine-tiny-vi-hf-cpu,0.7963,531.78125,0.4,0.15789473684210525,,0.14317114282503654,,eval_data\mixed_vivos\vi_VIVOSDEV15_168_impulsive_10.wav,,,
vivos/moonshine-tiny-vi-hf-cpu,vi-asr-VIVOSDEV15_168-impulsive-5,ASR,vi,,5.0,impulsive,moonshine-tiny-vi-hf-cpu,0.8545,531.78125,0.4,0.21052631578947367,,0.15363523991459715,,eval_data\mixed_vivos\vi_VIVOSDEV15_168_impulsive_5.wav,,,
vivos/moonshine-tiny-vi-hf-cpu,vi-asr-VIVOSDEV15_168-impulsive-0,ASR,vi,,0.0,impulsive,moonshine-tiny-vi-hf-cpu,0.7378,531.78125,0.4,0.2807017543859649,,0.13265310709068437,,eval_data\mixed_vivos\vi_VIVOSDEV15_168_impulsive_0.wav,,,
vivos/moonshine-tiny-vi-hf-cpu,vi-asr-VIVOSDEV15_208-clean,ASR,vi,,,clean,moonshine-tiny-vi-hf-cpu,0.7604,531.78125,0.15384615384615385,0.034482758620689655,,0.18161516644275266,,eval_data\mixed_vivos\vi_VIVOSDEV15_208_clean.wav,,,
vivos/moonshine-tiny-vi-hf-cpu,vi-asr-VIVOSDEV15_208-steady-15,ASR,vi,,15.0,steady,moonshine-tiny-vi-hf-cpu,0.5936,531.78125,0.15384615384615385,0.034482758620689655,,0.14177638453500524,,eval_data\mixed_vivos\vi_VIVOSDEV15_208_steady_15.wav,,,
vivos/moonshine-tiny-vi-hf-cpu,vi-asr-VIVOSDEV15_208-steady-10,ASR,vi,,10.0,steady,moonshine-tiny-vi-hf-cpu,0.6145,531.78125,0.07692307692307693,0.017241379310344827,,0.14676817435438128,,eval_data\mixed_vivos\vi_VIVOSDEV15_208_steady_10.wav,,,
vivos/moonshine-tiny-vi-hf-cpu,vi-asr-VIVOSDEV15_208-steady-5,ASR,vi,,5.0,steady,moonshine-tiny-vi-hf-cpu,0.6217,531.78125,0.3076923076923077,0.1206896551724138,,0.1484878340050754,,eval_data\mixed_vivos\vi_VIVOSDEV15_208_steady_5.wav,,,
vivos/moonshine-tiny-vi-hf-cpu,vi-asr-VIVOSDEV15_208-steady-0,ASR,vi,,0.0,steady,moonshine-tiny-vi-hf-cpu,0.5845,531.78125,0.38461538461538464,0.20689655172413793,,0.13960292580982236,,eval_data\mixed_vivos\vi_VIVOSDEV15_208_steady_0.wav,,,
vivos/moonshine-tiny-vi-hf-cpu,vi-asr-VIVOSDEV15_208-impulsive-15,ASR,vi,,15.0,impulsive,moonshine-tiny-vi-hf-cpu,0.6518,531.78125,0.15384615384615385,0.034482758620689655,,0.15567696671144948,,eval_data\mixed_vivos\vi_VIVOSDEV15_208_impulsive_15.wav,,,
vivos/moonshine-tiny-vi-hf-cpu,vi-asr-VIVOSDEV15_208-impulsive-10,ASR,vi,,10.0,impulsive,moonshine-tiny-vi-hf-cpu,0.6696,531.78125,0.07692307692307693,0.017241379310344827,,0.15992834751455443,,eval_data\mixed_vivos\vi_VIVOSDEV15_208_impulsive_10.wav,,,
vivos/moonshine-tiny-vi-hf-cpu,vi-asr-VIVOSDEV15_208-impulsive-5,ASR,vi,,5.0,impulsive,moonshine-tiny-vi-hf-cpu,0.6908,531.78125,0.15384615384615385,0.05172413793103448,,0.16499178981937604,,eval_data\mixed_vivos\vi_VIVOSDEV15_208_impulsive_5.wav,,,
vivos/moonshine-tiny-vi-hf-cpu,vi-asr-VIVOSDEV15_208-impulsive-0,ASR,vi,,0.0,impulsive,moonshine-tiny-vi-hf-cpu,0.6081,531.78125,0.15384615384615385,0.05172413793103448,,0.14523958799820869,,eval_data\mixed_vivos\vi_VIVOSDEV15_208_impulsive_0.wav,,,
vivos/moonshine-tiny-vi-hf-cpu,vi-asr-VIVOSDEV15_265-clean,ASR,vi,,,clean,moonshine-tiny-vi-hf-cpu,0.6713,531.796875,0.06666666666666667,0.016666666666666666,,0.15346192313187598,,eval_data\mixed_vivos\vi_VIVOSDEV15_265_clean.wav,,,
vivos/moonshine-tiny-vi-hf-cpu,vi-asr-VIVOSDEV15_265-steady-15,ASR,vi,,15.0,steady,moonshine-tiny-vi-hf-cpu,0.6275,531.796875,0.0,0.0,,0.14344906415202172,,eval_data\mixed_vivos\vi_VIVOSDEV15_265_steady_15.wav,,,
vivos/moonshine-tiny-vi-hf-cpu,vi-asr-VIVOSDEV15_265-steady-10,ASR,vi,,10.0,steady,moonshine-tiny-vi-hf-cpu,0.6584,531.796875,0.0,0.0,,0.15051293041863123,,eval_data\mixed_vivos\vi_VIVOSDEV15_265_steady_10.wav,,,
vivos/moonshine-tiny-vi-hf-cpu,vi-asr-VIVOSDEV15_265-steady-5,ASR,vi,,5.0,steady,moonshine-tiny-vi-hf-cpu,0.6348,531.80078125,0.13333333333333333,0.03333333333333333,,0.14511787398199744,,eval_data\mixed_vivos\vi_VIVOSDEV15_265_steady_5.wav,,,
vivos/moonshine-tiny-vi-hf-cpu,vi-asr-VIVOSDEV15_265-steady-0,ASR,vi,,0.0,steady,moonshine-tiny-vi-hf-cpu,0.7694,531.8046875,0.3333333333333333,0.2,,0.17588798399771396,,eval_data\mixed_vivos\vi_VIVOSDEV15_265_steady_0.wav,,,
vivos/moonshine-tiny-vi-hf-cpu,vi-asr-VIVOSDEV15_265-impulsive-15,ASR,vi,,15.0,impulsive,moonshine-tiny-vi-hf-cpu,0.6282,531.80859375,0.06666666666666667,0.016666666666666666,,0.14360908701243036,,eval_data\mixed_vivos\vi_VIVOSDEV15_265_impulsive_15.wav,,,
vivos/moonshine-tiny-vi-hf-cpu,vi-asr-VIVOSDEV15_265-impulsive-10,ASR,vi,,10.0,impulsive,moonshine-tiny-vi-hf-cpu,0.6294,531.8203125,0.06666666666666667,0.016666666666666666,,0.143883411915988,,eval_data\mixed_vivos\vi_VIVOSDEV15_265_impulsive_10.wav,,,
vivos/moonshine-tiny-vi-hf-cpu,vi-asr-VIVOSDEV15_265-impulsive-5,ASR,vi,,5.0,impulsive,moonshine-tiny-vi-hf-cpu,0.6425,531.8203125,0.26666666666666666,0.06666666666666667,,0.14687812544649237,,eval_data\mixed_vivos\vi_VIVOSDEV15_265_impulsive_5.wav,,,
vivos/moonshine-tiny-vi-hf-cpu,vi-asr-VIVOSDEV15_265-impulsive-0,ASR,vi,,0.0,impulsive,moonshine-tiny-vi-hf-cpu,0.5961,531.8203125,0.3333333333333333,0.08333333333333333,,0.13627089584226318,,eval_data\mixed_vivos\vi_VIVOSDEV15_265_impulsive_0.wav,,,
vivos/moonshine-tiny-vi-hf-cpu,vi-asr-VIVOSDEV16_050-clean,ASR,vi,,,clean,moonshine-tiny-vi-hf-cpu,0.5853,531.8203125,0.16666666666666666,0.07017543859649122,,0.1561060176696116,,eval_data\mixed_vivos\vi_VIVOSDEV16_050_clean.wav,,,
vivos/moonshine-tiny-vi-hf-cpu,vi-asr-VIVOSDEV16_050-steady-15,ASR,vi,,15.0,steady,moonshine-tiny-vi-hf-cpu,0.6983,531.8203125,0.16666666666666666,0.07017543859649122,,0.18624437406234373,,eval_data\mixed_vivos\vi_VIVOSDEV16_050_steady_15.wav,,,
vivos/moonshine-tiny-vi-hf-cpu,vi-asr-VIVOSDEV16_050-steady-10,ASR,vi,,10.0,steady,moonshine-tiny-vi-hf-cpu,0.6714,531.8203125,0.16666666666666666,0.07017543859649122,,0.17906984497416234,,eval_data\mixed_vivos\vi_VIVOSDEV16_050_steady_10.wav,,,
vivos/moonshine-tiny-vi-hf-cpu,vi-asr-VIVOSDEV16_050-steady-5,ASR,vi,,5.0,steady,moonshine-tiny-vi-hf-cpu,0.4969,531.8203125,0.16666666666666666,0.08771929824561403,,0.1325287547924654,,eval_data\mixed_vivos\vi_VIVOSDEV16_050_steady_5.wav,,,
vivos/moonshine-tiny-vi-hf-cpu,vi-asr-VIVOSDEV16_050-steady-0,ASR,vi,,0.0,steady,moonshine-tiny-vi-hf-cpu,0.4734,531.8203125,0.5,0.2807017543859649,,0.1262610435072512,,eval_data\mixed_vivos\vi_VIVOSDEV16_050_steady_0.wav,,,
vivos/moonshine-tiny-vi-hf-cpu,vi-asr-VIVOSDEV16_050-impulsive-15,ASR,vi,,15.0,impulsive,moonshine-tiny-vi-hf-cpu,0.4534,531.8203125,0.08333333333333333,0.017543859649122806,,0.12092682113685614,,eval_data\mixed_vivos\vi_VIVOSDEV16_050_impulsive_15.wav,,,
vivos/moonshine-tiny-vi-hf-cpu,vi-asr-VIVOSDEV16_050-impulsive-10,ASR,vi,,10.0,impulsive,moonshine-tiny-vi-hf-cpu,0.4418,531.8203125,0.08333333333333333,0.017543859649122806,,0.11783297216202701,,eval_data\mixed_vivos\vi_VIVOSDEV16_050_impulsive_10.wav,,,
vivos/moonshine-tiny-vi-hf-cpu,vi-asr-VIVOSDEV16_050-impulsive-5,ASR,vi,,5.0,impulsive,moonshine-tiny-vi-hf-cpu,0.4687,531.8203125,0.16666666666666666,0.07017543859649122,,0.12500750125020837,,eval_data\mixed_vivos\vi_VIVOSDEV16_050_impulsive_5.wav,,,
vivos/moonshine-tiny-vi-hf-cpu,vi-asr-VIVOSDEV16_050-impulsive-0,ASR,vi,,0.0,impulsive,moonshine-tiny-vi-hf-cpu,0.4765,531.8203125,0.16666666666666666,0.07017543859649122,,0.12708784797466244,,eval_data\mixed_vivos\vi_VIVOSDEV16_050_impulsive_0.wav,,,
vivos/moonshine-tiny-vi-hf-cpu,vi-asr-VIVOSDEV16_079-clean,ASR,vi,,,clean,moonshine-tiny-vi-hf-cpu,0.59,532.21484375,0.06666666666666667,0.03125,,0.1180147518439805,,eval_data\mixed_vivos\vi_VIVOSDEV16_079_clean.wav,,,
vivos/moonshine-tiny-vi-hf-cpu,vi-asr-VIVOSDEV16_079-steady-15,ASR,vi,,15.0,steady,moonshine-tiny-vi-hf-cpu,0.6629,533.19921875,0.13333333333333333,0.046875,,0.1325965745718215,,eval_data\mixed_vivos\vi_VIVOSDEV16_079_steady_15.wav,,,
vivos/moonshine-tiny-vi-hf-cpu,vi-asr-VIVOSDEV16_079-steady-10,ASR,vi,,10.0,steady,moonshine-tiny-vi-hf-cpu,0.7085,533.19921875,0.13333333333333333,0.046875,,0.1417177147143393,,eval_data\mixed_vivos\vi_VIVOSDEV16_079_steady_10.wav,,,
vivos/moonshine-tiny-vi-hf-cpu,vi-asr-VIVOSDEV16_079-steady-5,ASR,vi,,5.0,steady,moonshine-tiny-vi-hf-cpu,0.678,533.19921875,0.2,0.09375,,0.1356169521190149,,eval_data\mixed_vivos\vi_VIVOSDEV16_079_steady_5.wav,,,
vivos/moonshine-tiny-vi-hf-cpu,vi-asr-VIVOSDEV16_079-steady-0,ASR,vi,,0.0,steady,moonshine-tiny-vi-hf-cpu,0.7263,533.19921875,0.4666666666666667,0.28125,,0.14527815976997124,,eval_data\mixed_vivos\vi_VIVOSDEV16_079_steady_0.wav,,,
vivos/moonshine-tiny-vi-hf-cpu,vi-asr-VIVOSDEV16_079-impulsive-15,ASR,vi,,15.0,impulsive,moonshine-tiny-vi-hf-cpu,0.9431,533.19921875,0.13333333333333333,0.046875,,0.18864358044755597,,eval_data\mixed_vivos\vi_VIVOSDEV16_079_impulsive_15.wav,,,
vivos/moonshine-tiny-vi-hf-cpu,vi-asr-VIVOSDEV16_079-impulsive-10,ASR,vi,,10.0,impulsive,moonshine-tiny-vi-hf-cpu,0.6645,533.19921875,0.13333333333333333,0.046875,,0.1329166145768221,,eval_data\mixed_vivos\vi_VIVOSDEV16_079_impulsive_10.wav,,,
vivos/moonshine-tiny-vi-hf-cpu,vi-asr-VIVOSDEV16_079-impulsive-5,ASR,vi,,5.0,impulsive,moonshine-tiny-vi-hf-cpu,0.6929,533.19921875,0.13333333333333333,0.046875,,0.1385973246655832,,eval_data\mixed_vivos\vi_VIVOSDEV16_079_impulsive_5.wav,,,
vivos/moonshine-tiny-vi-hf-cpu,vi-asr-VIVOSDEV16_079-impulsive-0,ASR,vi,,0.0,impulsive,moonshine-tiny-vi-hf-cpu,0.6727,533.19921875,0.13333333333333333,0.046875,,0.1345568196024503,,eval_data\mixed_vivos\vi_VIVOSDEV16_079_impulsive_0.wav,,,
vivos/moonshine-tiny-vi-hf-cpu,vi-asr-VIVOSDEV16_168-clean,ASR,vi,,,clean,moonshine-tiny-vi-hf-cpu,0.5077,533.19921875,0.0,0.0,,0.12499153715956303,,eval_data\mixed_vivos\vi_VIVOSDEV16_168_clean.wav,,,
vivos/moonshine-tiny-vi-hf-cpu,vi-asr-VIVOSDEV16_168-steady-15,ASR,vi,,15.0,steady,moonshine-tiny-vi-hf-cpu,0.5558,533.19921875,0.0,0.0,,0.13683335897830434,,eval_data\mixed_vivos\vi_VIVOSDEV16_168_steady_15.wav,,,
vivos/moonshine-tiny-vi-hf-cpu,vi-asr-VIVOSDEV16_168-steady-10,ASR,vi,,10.0,steady,moonshine-tiny-vi-hf-cpu,0.612,533.36328125,0.0,0.0,,0.15066933374365288,,eval_data\mixed_vivos\vi_VIVOSDEV16_168_steady_10.wav,,,
vivos/moonshine-tiny-vi-hf-cpu,vi-asr-VIVOSDEV16_168-steady-5,ASR,vi,,5.0,steady,moonshine-tiny-vi-hf-cpu,0.5154,533.67578125,0.16666666666666666,0.037037037037037035,,0.12688721341744885,,eval_data\mixed_vivos\vi_VIVOSDEV16_168_steady_5.wav,,,
vivos/moonshine-tiny-vi-hf-cpu,vi-asr-VIVOSDEV16_168-steady-0,ASR,vi,,0.0,steady,moonshine-tiny-vi-hf-cpu,0.5414,533.67578125,0.5,0.18518518518518517,,0.13328819818433607,,eval_data\mixed_vivos\vi_VIVOSDEV16_168_steady_0.wav,,,
vivos/moonshine-tiny-vi-hf-cpu,vi-asr-VIVOSDEV16_168-impulsive-15,ASR,vi,,15.0,impulsive,moonshine-tiny-vi-hf-cpu,0.5539,533.67578125,0.0,0.0,,0.13636559470687798,,eval_data\mixed_vivos\vi_VIVOSDEV16_168_impulsive_15.wav,,,
vivos/moonshine-tiny-vi-hf-cpu,vi-asr-VIVOSDEV16_168-impulsive-10,ASR,vi,,10.0,impulsive,moonshine-tiny-vi-hf-cpu,0.5817,533.67578125,0.0,0.0,,0.14320972457301123,,eval_data\mixed_vivos\vi_VIVOSDEV16_168_impulsive_10.wav,,,
vivos/moonshine-tiny-vi-hf-cpu,vi-asr-VIVOSDEV16_168-impulsive-5,ASR,vi,,5.0,impulsive,moonshine-tiny-vi-hf-cpu,0.5522,533.6796875,0.0,0.0,,0.1359470687798123,,eval_data\mixed_vivos\vi_VIVOSDEV16_168_impulsive_5.wav,,,
vivos/moonshine-tiny-vi-hf-cpu,vi-asr-VIVOSDEV16_168-impulsive-0,ASR,vi,,0.0,impulsive,moonshine-tiny-vi-hf-cpu,0.5682,533.6796875,0.25,0.18518518518518517,,0.13988613632866598,,eval_data\mixed_vivos\vi_VIVOSDEV16_168_impulsive_0.wav,,,
vivos/moonshine-tiny-vi-hf-cpu,vi-asr-VIVOSDEV16_198-clean,ASR,vi,,,clean,moonshine-tiny-vi-hf-cpu,0.5868,534.484375,0.07692307692307693,0.037037037037037035,,0.11313170261477287,,eval_data\mixed_vivos\vi_VIVOSDEV16_198_clean.wav,,,
vivos/moonshine-tiny-vi-hf-cpu,vi-asr-VIVOSDEV16_198-steady-15,ASR,vi,,15.0,steady,moonshine-tiny-vi-hf-cpu,0.6148,534.73828125,0.15384615384615385,0.05555555555555555,,0.11852994336667069,,eval_data\mixed_vivos\vi_VIVOSDEV16_198_steady_15.wav,,,
vivos/moonshine-tiny-vi-hf-cpu,vi-asr-VIVOSDEV16_198-steady-10,ASR,vi,,10.0,steady,moonshine-tiny-vi-hf-cpu,0.6076,534.74609375,0.15384615384615385,0.05555555555555555,,0.11714182431618268,,eval_data\mixed_vivos\vi_VIVOSDEV16_198_steady_10.wav,,,
vivos/moonshine-tiny-vi-hf-cpu,vi-asr-VIVOSDEV16_198-steady-5,ASR,vi,,5.0,steady,moonshine-tiny-vi-hf-cpu,0.7754,534.75,0.23076923076923078,0.12962962962962962,,0.14949270996505604,,eval_data\mixed_vivos\vi_VIVOSDEV16_198_steady_5.wav,,,
vivos/moonshine-tiny-vi-hf-cpu,vi-asr-VIVOSDEV16_198-steady-0,ASR,vi,,0.0,steady,moonshine-tiny-vi-hf-cpu,0.5556,534.75,0.38461538461538464,0.2222222222222222,,0.10711652006265815,,eval_data\mixed_vivos\vi_VIVOSDEV16_198_steady_0.wav,,,
vivos/moonshine-tiny-vi-hf-cpu,vi-asr-VIVOSDEV16_198-impulsive-15,ASR,vi,,15.0,impulsive,moonshine-tiny-vi-hf-cpu,0.6992,534.75,0.07692307692307693,0.037037037037037035,,0.13480178334739126,,eval_data\mixed_vivos\vi_VIVOSDEV16_198_impulsive_15.wav,,,
vivos/moonshine-tiny-vi-hf-cpu,vi-asr-VIVOSDEV16_198-impulsive-10,ASR,vi,,10.0,impulsive,moonshine-tiny-vi-hf-cpu,0.6972,534.75,0.07692307692307693,0.037037037037037035,,0.13441619472225572,,eval_data\mixed_vivos\vi_VIVOSDEV16_198_impulsive_10.wav,,,
vivos/moonshine-tiny-vi-hf-cpu,vi-asr-VIVOSDEV16_198-impulsive-5,ASR,vi,,5.0,impulsive,moonshine-tiny-vi-hf-cpu,0.6101,534.75,0.07692307692307693,0.037037037037037035,,0.11762381009760213,,eval_data\mixed_vivos\vi_VIVOSDEV16_198_impulsive_5.wav,,,
vivos/moonshine-tiny-vi-hf-cpu,vi-asr-VIVOSDEV16_198-impulsive-0,ASR,vi,,0.0,impulsive,moonshine-tiny-vi-hf-cpu,0.6098,534.75,0.15384615384615385,0.05555555555555555,,0.1175659718038318,,eval_data\mixed_vivos\vi_VIVOSDEV16_198_impulsive_0.wav,,,
vivos/moonshine-tiny-vi-hf-cpu,vi-asr-VIVOSDEV16_273-clean,ASR,vi,,,clean,moonshine-tiny-vi-hf-cpu,0.5299,534.84375,0.0,0.0,,0.11859560777731153,,eval_data\mixed_vivos\vi_VIVOSDEV16_273_clean.wav,,,
vivos/moonshine-tiny-vi-hf-cpu,vi-asr-VIVOSDEV16_273-steady-15,ASR,vi,,15.0,steady,moonshine-tiny-vi-hf-cpu,0.5671,535.0546875,0.0,0.0,,0.12692124772695484,,eval_data\mixed_vivos\vi_VIVOSDEV16_273_steady_15.wav,,,
vivos/moonshine-tiny-vi-hf-cpu,vi-asr-VIVOSDEV16_273-steady-10,ASR,vi,,10.0,steady,moonshine-tiny-vi-hf-cpu,0.5815,535.0546875,0.0,0.0,,0.1301440760945587,,eval_data\mixed_vivos\vi_VIVOSDEV16_273_steady_10.wav,,,
vivos/moonshine-tiny-vi-hf-cpu,vi-asr-VIVOSDEV16_273-steady-5,ASR,vi,,5.0,steady,moonshine-tiny-vi-hf-cpu,0.6358,535.0546875,0.0,0.0,,0.14229682473073157,,eval_data\mixed_vivos\vi_VIVOSDEV16_273_steady_5.wav,,,
vivos/moonshine-tiny-vi-hf-cpu,vi-asr-VIVOSDEV16_273-steady-0,ASR,vi,,0.0,steady,moonshine-tiny-vi-hf-cpu,0.5784,535.05859375,0.15384615384615385,0.11864406779661017,,0.12945027276542176,,eval_data\mixed_vivos\vi_VIVOSDEV16_273_steady_0.wav,,,
vivos/moonshine-tiny-vi-hf-cpu,vi-asr-VIVOSDEV16_273-impulsive-15,ASR,vi,,15.0,impulsive,moonshine-tiny-vi-hf-cpu,0.6745,535.0703125,0.0,0.0,,0.15095817596866695,,eval_data\mixed_vivos\vi_VIVOSDEV16_273_impulsive_15.wav,,,
vivos/moonshine-tiny-vi-hf-cpu,vi-asr-VIVOSDEV16_273-impulsive-10,ASR,vi,,10.0,impulsive,moonshine-tiny-vi-hf-cpu,0.5991,535.0703125,0.07692307692307693,0.01694915254237288,,0.13408308854385229,,eval_data\mixed_vivos\vi_VIVOSDEV16_273_impulsive_10.wav,,,
vivos/moonshine-tiny-vi-hf-cpu,vi-asr-VIVOSDEV16_273-impulsive-5,ASR,vi,,5.0,impulsive,moonshine-tiny-vi-hf-cpu,0.6252,535.0703125,0.07692307692307693,0.01694915254237288,,0.13992446496013428,,eval_data\mixed_vivos\vi_VIVOSDEV16_273_impulsive_5.wav,,,
vivos/moonshine-tiny-vi-hf-cpu,vi-asr-VIVOSDEV16_273-impulsive-0,ASR,vi,,0.0,impulsive,moonshine-tiny-vi-hf-cpu,0.61,535.0703125,0.07692307692307693,0.01694915254237288,,0.136522590572108,,eval_data\mixed_vivos\vi_VIVOSDEV16_273_impulsive_0.wav,,,
vivos/moonshine-tiny-vi-hf-cpu,vi-asr-VIVOSDEV17_048-clean,ASR,vi,,,clean,moonshine-tiny-vi-hf-cpu,0.5313,535.25390625,0.09090909090909091,0.018867924528301886,,0.14170361726954492,,eval_data\mixed_vivos\vi_VIVOSDEV17_048_clean.wav,,,
vivos/moonshine-tiny-vi-hf-cpu,vi-asr-VIVOSDEV17_048-steady-15,ASR,vi,,15.0,steady,moonshine-tiny-vi-hf-cpu,0.5022,535.25390625,0.09090909090909091,0.018867924528301886,,0.1339423237206201,,eval_data\mixed_vivos\vi_VIVOSDEV17_048_steady_15.wav,,,
vivos/moonshine-tiny-vi-hf-cpu,vi-asr-VIVOSDEV17_048-steady-10,ASR,vi,,10.0,steady,moonshine-tiny-vi-hf-cpu,0.714,535.25390625,0.18181818181818182,0.03773584905660377,,0.19043173862310384,,eval_data\mixed_vivos\vi_VIVOSDEV17_048_steady_10.wav,,,
vivos/moonshine-tiny-vi-hf-cpu,vi-asr-VIVOSDEV17_048-steady-5,ASR,vi,,5.0,steady,moonshine-tiny-vi-hf-cpu,0.4599,535.25390625,0.36363636363636365,0.18867924528301888,,0.12266044340723453,,eval_data\mixed_vivos\vi_VIVOSDEV17_048_steady_5.wav,,,
vivos/moonshine-tiny-vi-hf-cpu,vi-asr-VIVOSDEV17_048-steady-0,ASR,vi,,0.0,steady,moonshine-tiny-vi-hf-cpu,0.5275,535.25390625,0.7272727272727273,0.4528301886792453,,0.14069011501916984,,eval_data\mixed_vivos\vi_VIVOSDEV17_048_steady_0.wav,,,
vivos/moonshine-tiny-vi-hf-cpu,vi-asr-VIVOSDEV17_048-impulsive-15,ASR,vi,,15.0,impulsive,moonshine-tiny-vi-hf-cpu,0.4777,535.25390625,0.09090909090909091,0.018867924528301886,,0.12740790131688615,,eval_data\mixed_vivos\vi_VIVOSDEV17_048_impulsive_15.wav,,,
vivos/moonshine-tiny-vi-hf-cpu,vi-asr-VIVOSDEV17_048-impulsive-10,ASR,vi,,10.0,impulsive,moonshine-tiny-vi-hf-cpu,0.4556,535.25390625,0.09090909090909091,0.018867924528301886,,0.1215135855975996,,eval_data\mixed_vivos\vi_VIVOSDEV17_048_impulsive_10.wav,,,
vivos/moonshine-tiny-vi-hf-cpu,vi-asr-VIVOSDEV17_048-impulsive-5,ASR,vi,,5.0,impulsive,moonshine-tiny-vi-hf-cpu,0.4976,535.25390625,0.09090909090909091,0.018867924528301886,,0.13271545257542924,,eval_data\mixed_vivos\vi_VIVOSDEV17_048_impulsive_5.wav,,,
vivos/moonshine-tiny-vi-hf-cpu,vi-asr-VIVOSDEV17_048-impulsive-0,ASR,vi,,0.0,impulsive,moonshine-tiny-vi-hf-cpu,0.4562,535.25390625,0.09090909090909091,0.018867924528301886,,0.12167361226871144,,eval_data\mixed_vivos\vi_VIVOSDEV17_048_impulsive_0.wav,,,
vivos/moonshine-tiny-vi-hf-cpu,vi-asr-VIVOSDEV17_100-clean,ASR,vi,,,clean,moonshine-tiny-vi-hf-cpu,0.6177,535.25390625,0.16666666666666666,0.043478260869565216,,0.15566545912742163,,eval_data\mixed_vivos\vi_VIVOSDEV17_100_clean.wav,,,
vivos/moonshine-tiny-vi-hf-cpu,vi-asr-VIVOSDEV17_100-steady-15,ASR,vi,,15.0,steady,moonshine-tiny-vi-hf-cpu,0.5935,535.25390625,0.08333333333333333,0.021739130434782608,,0.14956686092298,,eval_data\mixed_vivos\vi_VIVOSDEV17_100_steady_15.wav,,,
vivos/moonshine-tiny-vi-hf-cpu,vi-asr-VIVOSDEV17_100-steady-10,ASR,vi,,10.0,steady,moonshine-tiny-vi-hf-cpu,0.7614,535.25390625,0.08333333333333333,0.021739130434782608,,0.1918790360686722,,eval_data\mixed_vivos\vi_VIVOSDEV17_100_steady_10.wav,,,
vivos/moonshine-tiny-vi-hf-cpu,vi-asr-VIVOSDEV17_100-steady-5,ASR,vi,,5.0,steady,moonshine-tiny-vi-hf-cpu,0.6348,535.25390625,0.08333333333333333,0.021739130434782608,,0.15997479918097338,,eval_data\mixed_vivos\vi_VIVOSDEV17_100_steady_5.wav,,,
vivos/moonshine-tiny-vi-hf-cpu,vi-asr-VIVOSDEV17_100-steady-0,ASR,vi,,0.0,steady,moonshine-tiny-vi-hf-cpu,0.6076,535.25390625,0.25,0.10869565217391304,,0.1531201764057332,,eval_data\mixed_vivos\vi_VIVOSDEV17_100_steady_0.wav,,,
vivos/moonshine-tiny-vi-hf-cpu,vi-asr-VIVOSDEV17_100-impulsive-15,ASR,vi,,15.0,impulsive,moonshine-tiny-vi-hf-cpu,0.6287,535.25390625,0.08333333333333333,0.021739130434782608,,0.15843754922034967,,eval_data\mixed_vivos\vi_VIVOSDEV17_100_impulsive_15.wav,,,
vivos/moonshine-tiny-vi-hf-cpu,vi-asr-VIVOSDEV17_100-impulsive-10,ASR,vi,,10.0,impulsive,moonshine-tiny-vi-hf-cpu,0.6337,535.25390625,0.08333333333333333,0.021739130434782608,,0.1596975901716806,,eval_data\mixed_vivos\vi_VIVOSDEV17_100_impulsive_10.wav,,,
vivos/moonshine-tiny-vi-hf-cpu,vi-asr-VIVOSDEV17_100-impulsive-5,ASR,vi,,5.0,impulsive,moonshine-tiny-vi-hf-cpu,0.5324,535.25390625,0.16666666666666666,0.08695652173913043,,0.13416916049771616,,eval_data\mixed_vivos\vi_VIVOSDEV17_100_impulsive_5.wav,,,
vivos/moonshine-tiny-vi-hf-cpu,vi-asr-VIVOSDEV17_100-impulsive-0,ASR,vi,,0.0,impulsive,moonshine-tiny-vi-hf-cpu,0.4661,535.25390625,0.16666666666666666,0.10869565217391304,,0.1174610174830682,,eval_data\mixed_vivos\vi_VIVOSDEV17_100_impulsive_0.wav,,,
vivos/moonshine-tiny-vi-hf-cpu,vi-asr-VIVOSDEV17_170-clean,ASR,vi,,,clean,moonshine-tiny-vi-hf-cpu,0.8648,535.25390625,0.6,0.45901639344262296,,0.22502520735078874,,eval_data\mixed_vivos\vi_VIVOSDEV17_170_clean.wav,,,
vivos/moonshine-tiny-vi-hf-cpu,vi-asr-VIVOSDEV17_170-steady-15,ASR,vi,,15.0,steady,moonshine-tiny-vi-hf-cpu,0.7776,535.46484375,0.5333333333333333,0.3770491803278688,,0.2023353390795251,,eval_data\mixed_vivos\vi_VIVOSDEV17_170_steady_15.wav,,,
vivos/moonshine-tiny-vi-hf-cpu,vi-asr-VIVOSDEV17_170-steady-10,ASR,vi,,10.0,steady,moonshine-tiny-vi-hf-cpu,0.609,535.46484375,0.3333333333333333,0.11475409836065574,,0.15846479102293054,,eval_data\mixed_vivos\vi_VIVOSDEV17_170_steady_10.wav,,,
vivos/moonshine-tiny-vi-hf-cpu,vi-asr-VIVOSDEV17_170-steady-5,ASR,vi,,5.0,steady,moonshine-tiny-vi-hf-cpu,0.6377,535.65625,0.3333333333333333,0.08196721311475409,,0.16593267197918363,,eval_data\mixed_vivos\vi_VIVOSDEV17_170_steady_5.wav,,,
vivos/moonshine-tiny-vi-hf-cpu,vi-asr-VIVOSDEV17_170-steady-0,ASR,vi,,0.0,steady,moonshine-tiny-vi-hf-cpu,0.6653,535.65625,0.3333333333333333,0.14754098360655737,,0.17311432753293218,,eval_data\mixed_vivos\vi_VIVOSDEV17_170_steady_0.wav,,,
vivos/moonshine-tiny-vi-hf-cpu,vi-asr-VIVOSDEV17_170-impulsive-15,ASR,vi,,15.0,impulsive,moonshine-tiny-vi-hf-cpu,0.9395,535.65625,0.13333333333333333,0.03278688524590164,,0.24446251422995607,,eval_data\mixed_vivos\vi_VIVOSDEV17_170_impulsive_15.wav,,,
vivos/moonshine-tiny-vi-hf-cpu,vi-asr-VIVOSDEV17_170-impulsive-10,ASR,vi,,10.0,impulsive,moonshine-tiny-vi-hf-cpu,0.6199,535.65625,0.13333333333333333,0.03278688524590164,,0.1613010245568385,,eval_data\mixed_vivos\vi_VIVOSDEV17_170_impulsive_10.wav,,,
vivos/moonshine-tiny-vi-hf-cpu,vi-asr-VIVOSDEV17_170-impulsive-5,ASR,vi,,5.0,impulsive,moonshine-tiny-vi-hf-cpu,0.8285,535.65625,0.6666666666666666,0.4262295081967213,,0.21557976906814116,,eval_data\mixed_vivos\vi_VIVOSDEV17_170_impulsive_5.wav,,,
vivos/moonshine-tiny-vi-hf-cpu,vi-asr-VIVOSDEV17_170-impulsive-0,ASR,vi,,0.0,impulsive,moonshine-tiny-vi-hf-cpu,0.6086,535.65625,0.3333333333333333,0.09836065573770492,,0.15836070905838348,,eval_data\mixed_vivos\vi_VIVOSDEV17_170_impulsive_0.wav,,,
vivos/moonshine-tiny-vi-hf-cpu,vi-asr-VIVOSDEV17_213-clean,ASR,vi,,,clean,moonshine-tiny-vi-hf-cpu,0.4738,536.33984375,0.18181818181818182,0.10416666666666667,,0.11755000775314003,,eval_data\mixed_vivos\vi_VIVOSDEV17_213_clean.wav,,,
vivos/moonshine-tiny-vi-hf-cpu,vi-asr-VIVOSDEV17_213-steady-15,ASR,vi,,15.0,steady,moonshine-tiny-vi-hf-cpu,0.4809,536.8359375,0.18181818181818182,0.10416666666666667,,0.11931152116607227,,eval_data\mixed_vivos\vi_VIVOSDEV17_213_steady_15.wav,,,
vivos/moonshine-tiny-vi-hf-cpu,vi-asr-VIVOSDEV17_213-steady-10,ASR,vi,,10.0,steady,moonshine-tiny-vi-hf-cpu,0.6098,536.8359375,0.18181818181818182,0.10416666666666667,,0.1512916731276167,,eval_data\mixed_vivos\vi_VIVOSDEV17_213_steady_10.wav,,,
vivos/moonshine-tiny-vi-hf-cpu,vi-asr-VIVOSDEV17_213-steady-5,ASR,vi,,5.0,steady,moonshine-tiny-vi-hf-cpu,0.4815,536.8359375,0.18181818181818182,0.10416666666666667,,0.11946038145448908,,eval_data\mixed_vivos\vi_VIVOSDEV17_213_steady_5.wav,,,
vivos/moonshine-tiny-vi-hf-cpu,vi-asr-VIVOSDEV17_213-steady-0,ASR,vi,,0.0,steady,moonshine-tiny-vi-hf-cpu,0.5145,536.8359375,0.9090909090909091,0.625,,0.12764769731741354,,eval_data\mixed_vivos\vi_VIVOSDEV17_213_steady_0.wav,,,
vivos/moonshine-tiny-vi-hf-cpu,vi-asr-VIVOSDEV17_213-impulsive-15,ASR,vi,,15.0,impulsive,moonshine-tiny-vi-hf-cpu,0.4501,536.9609375,0.18181818181818182,0.10416666666666667,,0.11167002636067608,,eval_data\mixed_vivos\vi_VIVOSDEV17_213_impulsive_15.wav,,,
vivos/moonshine-tiny-vi-hf-cpu,vi-asr-VIVOSDEV17_213-impulsive-10,ASR,vi,,10.0,impulsive,moonshine-tiny-vi-hf-cpu,0.4489,537.3984375,0.18181818181818182,0.10416666666666667,,0.11137230578384247,,eval_data\mixed_vivos\vi_VIVOSDEV17_213_impulsive_10.wav,,,
vivos/moonshine-tiny-vi-hf-cpu,vi-asr-VIVOSDEV17_213-impulsive-5,ASR,vi,,5.0,impulsive,moonshine-tiny-vi-hf-cpu,0.4717,537.40234375,0.18181818181818182,0.10416666666666667,,0.1170289967436812,,eval_data\mixed_vivos\vi_VIVOSDEV17_213_impulsive_5.wav,,,
vivos/moonshine-tiny-vi-hf-cpu,vi-asr-VIVOSDEV17_213-impulsive-0,ASR,vi,,0.0,impulsive,moonshine-tiny-vi-hf-cpu,0.4953,537.40234375,0.2727272727272727,0.16666666666666666,,0.12288416808807569,,eval_data\mixed_vivos\vi_VIVOSDEV17_213_impulsive_0.wav,,,
vivos/moonshine-tiny-vi-hf-cpu,vi-asr-VIVOSDEV17_285-clean,ASR,vi,,,clean,moonshine-tiny-vi-hf-cpu,0.4178,538.20703125,0.0,0.0,,0.09832034122665098,,eval_data\mixed_vivos\vi_VIVOSDEV17_285_clean.wav,,,
vivos/moonshine-tiny-vi-hf-cpu,vi-asr-VIVOSDEV17_285-steady-15,ASR,vi,,15.0,steady,moonshine-tiny-vi-hf-cpu,0.4505,538.42578125,0.08333333333333333,0.021739130434782608,,0.10601559052801884,,eval_data\mixed_vivos\vi_VIVOSDEV17_285_steady_15.wav,,,
vivos/moonshine-tiny-vi-hf-cpu,vi-asr-VIVOSDEV17_285-steady-10,ASR,vi,,10.0,steady,moonshine-tiny-vi-hf-cpu,0.4525,538.4296875,0.08333333333333333,0.021739130434782608,,0.10648624797764378,,eval_data\mixed_vivos\vi_VIVOSDEV17_285_steady_10.wav,,,
vivos/moonshine-tiny-vi-hf-cpu,vi-asr-VIVOSDEV17_285-steady-5,ASR,vi,,5.0,steady,moonshine-tiny-vi-hf-cpu,0.4434,538.4296875,0.16666666666666666,0.06521739130434782,,0.10434475658185029,,eval_data\mixed_vivos\vi_VIVOSDEV17_285_steady_5.wav,,,
vivos/moonshine-tiny-vi-hf-cpu,vi-asr-VIVOSDEV17_285-steady-0,ASR,vi,,0.0,steady,moonshine-tiny-vi-hf-cpu,0.549,538.43359375,0.25,0.15217391304347827,,0.1291954699220474,,eval_data\mixed_vivos\vi_VIVOSDEV17_285_steady_0.wav,,,
vivos/moonshine-tiny-vi-hf-cpu,vi-asr-VIVOSDEV17_285-impulsive-15,ASR,vi,,15.0,impulsive,moonshine-tiny-vi-hf-cpu,0.4578,538.43359375,0.16666666666666666,0.06521739130434782,,0.10773349021914988,,eval_data\mixed_vivos\vi_VIVOSDEV17_285_impulsive_15.wav,,,
vivos/moonshine-tiny-vi-hf-cpu,vi-asr-VIVOSDEV17_285-impulsive-10,ASR,vi,,10.0,impulsive,moonshine-tiny-vi-hf-cpu,0.4654,538.43359375,0.16666666666666666,0.06521739130434782,,0.10952198852772467,,eval_data\mixed_vivos\vi_VIVOSDEV17_285_impulsive_10.wav,,,
vivos/moonshine-tiny-vi-hf-cpu,vi-asr-VIVOSDEV17_285-impulsive-5,ASR,vi,,5.0,impulsive,moonshine-tiny-vi-hf-cpu,0.4594,538.43359375,0.16666666666666666,0.06521739130434782,,0.10811001617884983,,eval_data\mixed_vivos\vi_VIVOSDEV17_285_impulsive_5.wav,,,
vivos/moonshine-tiny-vi-hf-cpu,vi-asr-VIVOSDEV17_285-impulsive-0,ASR,vi,,0.0,impulsive,moonshine-tiny-vi-hf-cpu,0.5219,538.43359375,0.16666666666666666,0.06521739130434782,,0.12281806147962937,,eval_data\mixed_vivos\vi_VIVOSDEV17_285_impulsive_0.wav,,,
vivos/moonshine-tiny-vi-hf-cpu,vi-asr-VIVOSDEV18_051-clean,ASR,vi,,,clean,moonshine-tiny-vi-hf-cpu,0.5504,538.78515625,0.09090909090909091,0.0784313725490196,,0.1914851054577082,,eval_data\mixed_vivos\vi_VIVOSDEV18_051_clean.wav,,,
vivos/moonshine-tiny-vi-hf-cpu,vi-asr-VIVOSDEV18_051-steady-15,ASR,vi,,15.0,steady,moonshine-tiny-vi-hf-cpu,0.5256,538.78515625,0.09090909090909091,0.0784313725490196,,0.18285714285714283,,eval_data\mixed_vivos\vi_VIVOSDEV18_051_steady_15.wav,,,
vivos/moonshine-tiny-vi-hf-cpu,vi-asr-VIVOSDEV18_051-steady-10,ASR,vi,,10.0,steady,moonshine-tiny-vi-hf-cpu,0.5902,538.78515625,0.09090909090909091,0.0784313725490196,,0.20533159382474447,,eval_data\mixed_vivos\vi_VIVOSDEV18_051_steady_10.wav,,,
vivos/moonshine-tiny-vi-hf-cpu,vi-asr-VIVOSDEV18_051-steady-5,ASR,vi,,5.0,steady,moonshine-tiny-vi-hf-cpu,0.5651,538.78515625,0.18181818181818182,0.09803921568627451,,0.19659926070884975,,eval_data\mixed_vivos\vi_VIVOSDEV18_051_steady_5.wav,,,
vivos/moonshine-tiny-vi-hf-cpu,vi-asr-VIVOSDEV18_051-steady-0,ASR,vi,,0.0,steady,moonshine-tiny-vi-hf-cpu,0.5207,538.79296875,0.36363636363636365,0.21568627450980393,,0.1811524244400957,,eval_data\mixed_vivos\vi_VIVOSDEV18_051_steady_0.wav,,,
vivos/moonshine-tiny-vi-hf-cpu,vi-asr-VIVOSDEV18_051-impulsive-15,ASR,vi,,15.0,impulsive,moonshine-tiny-vi-hf-cpu,0.5616,538.80078125,0.18181818181818182,0.09803921568627451,,0.19538160469667318,,eval_data\mixed_vivos\vi_VIVOSDEV18_051_impulsive_15.wav,,,
vivos/moonshine-tiny-vi-hf-cpu,vi-asr-VIVOSDEV18_051-impulsive-10,ASR,vi,,10.0,impulsive,moonshine-tiny-vi-hf-cpu,0.5891,538.8046875,0.18181818181818182,0.09803921568627451,,0.2049489019352033,,eval_data\mixed_vivos\vi_VIVOSDEV18_051_impulsive_10.wav,,,
vivos/moonshine-tiny-vi-hf-cpu,vi-asr-VIVOSDEV18_051-impulsive-5,ASR,vi,,5.0,impulsive,moonshine-tiny-vi-hf-cpu,0.5719,538.8046875,0.18181818181818182,0.09803921568627451,,0.1989649923896499,,eval_data\mixed_vivos\vi_VIVOSDEV18_051_impulsive_5.wav,,,
vivos/moonshine-tiny-vi-hf-cpu,vi-asr-VIVOSDEV18_051-impulsive-0,ASR,vi,,0.0,impulsive,moonshine-tiny-vi-hf-cpu,0.5519,538.8046875,0.18181818181818182,0.09803921568627451,,0.19200695803435527,,eval_data\mixed_vivos\vi_VIVOSDEV18_051_impulsive_0.wav,,,
vivos/moonshine-tiny-vi-hf-cpu,vi-asr-VIVOSDEV18_118-clean,ASR,vi,,,clean,moonshine-tiny-vi-hf-cpu,0.5775,539.19140625,0.0,0.0,,0.15933781686497672,,eval_data\mixed_vivos\vi_VIVOSDEV18_118_clean.wav,,,
vivos/moonshine-tiny-vi-hf-cpu,vi-asr-VIVOSDEV18_118-steady-15,ASR,vi,,15.0,steady,moonshine-tiny-vi-hf-cpu,0.5801,539.59765625,0.0,0.0,,0.1600551819279186,,eval_data\mixed_vivos\vi_VIVOSDEV18_118_steady_15.wav,,,
vivos/moonshine-tiny-vi-hf-cpu,vi-asr-VIVOSDEV18_118-steady-10,ASR,vi,,10.0,steady,moonshine-tiny-vi-hf-cpu,0.5236,539.59765625,0.0,0.0,,0.1444662872909122,,eval_data\mixed_vivos\vi_VIVOSDEV18_118_steady_10.wav,,,
vivos/moonshine-tiny-vi-hf-cpu,vi-asr-VIVOSDEV18_118-steady-5,ASR,vi,,5.0,steady,moonshine-tiny-vi-hf-cpu,0.541,539.60546875,0.15384615384615385,0.03571428571428571,,0.149267115019831,,eval_data\mixed_vivos\vi_VIVOSDEV18_118_steady_5.wav,,,
vivos/moonshine-tiny-vi-hf-cpu,vi-asr-VIVOSDEV18_118-steady-0,ASR,vi,,0.0,steady,moonshine-tiny-vi-hf-cpu,0.5945,539.60546875,0.38461538461538464,0.23214285714285715,,0.16402828073805828,,eval_data\mixed_vivos\vi_VIVOSDEV18_118_steady_0.wav,,,
vivos/moonshine-tiny-vi-hf-cpu,vi-asr-VIVOSDEV18_118-impulsive-15,ASR,vi,,15.0,impulsive,moonshine-tiny-vi-hf-cpu,0.5695,539.60546875,0.15384615384615385,0.03571428571428571,,0.15713053974823246,,eval_data\mixed_vivos\vi_VIVOSDEV18_118_impulsive_15.wav,,,
vivos/moonshine-tiny-vi-hf-cpu,vi-asr-VIVOSDEV18_118-impulsive-10,ASR,vi,,10.0,impulsive,moonshine-tiny-vi-hf-cpu,0.6287,539.6171875,0.15384615384615385,0.03571428571428571,,0.17346439041214004,,eval_data\mixed_vivos\vi_VIVOSDEV18_118_impulsive_10.wav,,,
vivos/moonshine-tiny-vi-hf-cpu,vi-asr-VIVOSDEV18_118-impulsive-5,ASR,vi,,5.0,impulsive,moonshine-tiny-vi-hf-cpu,0.6305,539.6171875,0.15384615384615385,0.03571428571428571,,0.17396102776340747,,eval_data\mixed_vivos\vi_VIVOSDEV18_118_impulsive_5.wav,,,
vivos/moonshine-tiny-vi-hf-cpu,vi-asr-VIVOSDEV18_118-impulsive-0,ASR,vi,,0.0,impulsive,moonshine-tiny-vi-hf-cpu,0.5568,539.62109375,0.15384615384615385,0.03571428571428571,,0.1536264873254009,,eval_data\mixed_vivos\vi_VIVOSDEV18_118_impulsive_0.wav,,,
vivos/moonshine-tiny-vi-hf-cpu,vi-asr-VIVOSDEV18_194-clean,ASR,vi,,,clean,moonshine-tiny-vi-hf-cpu,0.5739,540.20703125,0.06666666666666667,0.017241379310344827,,0.16547846458821408,,eval_data\mixed_vivos\vi_VIVOSDEV18_194_clean.wav,,,
vivos/moonshine-tiny-vi-hf-cpu,vi-asr-VIVOSDEV18_194-steady-15,ASR,vi,,15.0,steady,moonshine-tiny-vi-hf-cpu,0.5544,540.62890625,0.06666666666666667,0.017241379310344827,,0.15985582987925753,,eval_data\mixed_vivos\vi_VIVOSDEV18_194_steady_15.wav,,,
vivos/moonshine-tiny-vi-hf-cpu,vi-asr-VIVOSDEV18_194-steady-10,ASR,vi,,10.0,steady,moonshine-tiny-vi-hf-cpu,0.6404,540.62890625,0.06666666666666667,0.017241379310344827,,0.1846530906469634,,eval_data\mixed_vivos\vi_VIVOSDEV18_194_steady_10.wav,,,
vivos/moonshine-tiny-vi-hf-cpu,vi-asr-VIVOSDEV18_194-steady-5,ASR,vi,,5.0,steady,moonshine-tiny-vi-hf-cpu,0.5821,540.62890625,0.2,0.10344827586206896,,0.16784285456839068,,eval_data\mixed_vivos\vi_VIVOSDEV18_194_steady_5.wav,,,
vivos/moonshine-tiny-vi-hf-cpu,vi-asr-VIVOSDEV18_194-steady-0,ASR,vi,,0.0,steady,moonshine-tiny-vi-hf-cpu,0.6272,540.6328125,0.4666666666666667,0.27586206896551724,,0.18084699945936203,,eval_data\mixed_vivos\vi_VIVOSDEV18_194_steady_0.wav,,,
vivos/moonshine-tiny-vi-hf-cpu,vi-asr-VIVOSDEV18_194-impulsive-15,ASR,vi,,15.0,impulsive,moonshine-tiny-vi-hf-cpu,0.5984,540.6328125,0.06666666666666667,0.017241379310344827,,0.17254280050459542,,eval_data\mixed_vivos\vi_VIVOSDEV18_194_impulsive_15.wav,,,
vivos/moonshine-tiny-vi-hf-cpu,vi-asr-VIVOSDEV18_194-impulsive-10,ASR,vi,,10.0,impulsive,moonshine-tiny-vi-hf-cpu,0.5795,540.63671875,0.06666666666666667,0.017241379310344827,,0.16709316994052983,,eval_data\mixed_vivos\vi_VIVOSDEV18_194_impulsive_10.wav,,,
vivos/moonshine-tiny-vi-hf-cpu,vi-asr-VIVOSDEV18_194-impulsive-5,ASR,vi,,5.0,impulsive,moonshine-tiny-vi-hf-cpu,0.6209,540.640625,0.13333333333333333,0.05172413793103448,,0.17903045593800684,,eval_data\mixed_vivos\vi_VIVOSDEV18_194_impulsive_5.wav,,,
vivos/moonshine-tiny-vi-hf-cpu,vi-asr-VIVOSDEV18_194-impulsive-0,ASR,vi,,0.0,impulsive,moonshine-tiny-vi-hf-cpu,0.6192,540.64453125,0.13333333333333333,0.10344827586206896,,0.17854027752748242,,eval_data\mixed_vivos\vi_VIVOSDEV18_194_impulsive_0.wav,,,
vivos/moonshine-tiny-vi-hf-cpu,vi-asr-VIVOSDEV18_252-clean,ASR,vi,,,clean,moonshine-tiny-vi-hf-cpu,0.4383,540.91015625,0.09090909090909091,0.022727272727272728,,0.13889483065953653,,eval_data\mixed_vivos\vi_VIVOSDEV18_252_clean.wav,,,
vivos/moonshine-tiny-vi-hf-cpu,vi-asr-VIVOSDEV18_252-steady-15,ASR,vi,,15.0,steady,moonshine-tiny-vi-hf-cpu,0.4446,541.296875,0.09090909090909091,0.022727272727272728,,0.14089126559714793,,eval_data\mixed_vivos\vi_VIVOSDEV18_252_steady_15.wav,,,
vivos/moonshine-tiny-vi-hf-cpu,vi-asr-VIVOSDEV18_252-steady-10,ASR,vi,,10.0,steady,moonshine-tiny-vi-hf-cpu,0.449,541.296875,0.09090909090909091,0.022727272727272728,,0.14228560110913052,,eval_data\mixed_vivos\vi_VIVOSDEV18_252_steady_10.wav,,,
vivos/moonshine-tiny-vi-hf-cpu,vi-asr-VIVOSDEV18_252-steady-5,ASR,vi,,5.0,steady,moonshine-tiny-vi-hf-cpu,0.4922,541.296875,0.09090909090909091,0.09090909090909091,,0.15597544068132305,,eval_data\mixed_vivos\vi_VIVOSDEV18_252_steady_5.wav,,,
vivos/moonshine-tiny-vi-hf-cpu,vi-asr-VIVOSDEV18_252-steady-0,ASR,vi,,0.0,steady,moonshine-tiny-vi-hf-cpu,0.4914,541.296875,0.36363636363636365,0.1590909090909091,,0.15572192513368985,,eval_data\mixed_vivos\vi_VIVOSDEV18_252_steady_0.wav,,,
vivos/moonshine-tiny-vi-hf-cpu,vi-asr-VIVOSDEV18_252-impulsive-15,ASR,vi,,15.0,impulsive,moonshine-tiny-vi-hf-cpu,0.3979,541.296875,0.09090909090909091,0.022727272727272728,,0.1260922955040602,,eval_data\mixed_vivos\vi_VIVOSDEV18_252_impulsive_15.wav,,,
vivos/moonshine-tiny-vi-hf-cpu,vi-asr-VIVOSDEV18_252-impulsive-10,ASR,vi,,10.0,impulsive,moonshine-tiny-vi-hf-cpu,0.414,541.296875,0.09090909090909091,0.022727272727272728,,0.13119429590017825,,eval_data\mixed_vivos\vi_VIVOSDEV18_252_impulsive_10.wav,,,
vivos/moonshine-tiny-vi-hf-cpu,vi-asr-VIVOSDEV18_252-impulsive-5,ASR,vi,,5.0,impulsive,moonshine-tiny-vi-hf-cpu,0.4118,541.296875,0.18181818181818182,0.045454545454545456,,0.13049712814418696,,eval_data\mixed_vivos\vi_VIVOSDEV18_252_impulsive_5.wav,,,
vivos/moonshine-tiny-vi-hf-cpu,vi-asr-VIVOSDEV18_252-impulsive-0,ASR,vi,,0.0,impulsive,moonshine-tiny-vi-hf-cpu,0.4459,541.30078125,0.18181818181818182,0.045454545454545456,,0.1413032283620519,,eval_data\mixed_vivos\vi_VIVOSDEV18_252_impulsive_0.wav,,,
vivos/moonshine-tiny-vi-hf-cpu,vi-asr-VIVOSDEV18_280-clean,ASR,vi,,,clean,moonshine-tiny-vi-hf-cpu,0.5851,541.33984375,0.08333333333333333,0.017857142857142856,,0.19922536709938282,,eval_data\mixed_vivos\vi_VIVOSDEV18_280_clean.wav,,,
vivos/moonshine-tiny-vi-hf-cpu,vi-asr-VIVOSDEV18_280-steady-15,ASR,vi,,15.0,steady,moonshine-tiny-vi-hf-cpu,0.5739,541.5234375,0.16666666666666666,0.08928571428571429,,0.19541178974249837,,eval_data\mixed_vivos\vi_VIVOSDEV18_280_steady_15.wav,,,
vivos/moonshine-tiny-vi-hf-cpu,vi-asr-VIVOSDEV18_280-steady-10,ASR,vi,,10.0,steady,moonshine-tiny-vi-hf-cpu,0.5276,541.52734375,0.25,0.08928571428571429,,0.17964673334752074,,eval_data\mixed_vivos\vi_VIVOSDEV18_280_steady_10.wav,,,
vivos/moonshine-tiny-vi-hf-cpu,vi-asr-VIVOSDEV18_280-steady-5,ASR,vi,,5.0,steady,moonshine-tiny-vi-hf-cpu,0.5899,541.52734375,0.5,0.21428571428571427,,0.20085975739519046,,eval_data\mixed_vivos\vi_VIVOSDEV18_280_steady_5.wav,,,
vivos/moonshine-tiny-vi-hf-cpu,vi-asr-VIVOSDEV18_280-steady-0,ASR,vi,,0.0,steady,moonshine-tiny-vi-hf-cpu,0.6586,541.53125,0.75,0.375,,0.224251968503937,,eval_data\mixed_vivos\vi_VIVOSDEV18_280_steady_0.wav,,,
vivos/moonshine-tiny-vi-hf-cpu,vi-asr-VIVOSDEV18_280-impulsive-15,ASR,vi,,15.0,impulsive,moonshine-tiny-vi-hf-cpu,0.4847,541.53125,0.25,0.08928571428571429,,0.16503937007874014,,eval_data\mixed_vivos\vi_VIVOSDEV18_280_impulsive_15.wav,,,
vivos/moonshine-tiny-vi-hf-cpu,vi-asr-VIVOSDEV18_280-impulsive-10,ASR,vi,,10.0,impulsive,moonshine-tiny-vi-hf-cpu,0.4856,541.53125,0.25,0.08928571428571429,,0.16534581825920408,,eval_data\mixed_vivos\vi_VIVOSDEV18_280_impulsive_10.wav,,,
vivos/moonshine-tiny-vi-hf-cpu,vi-asr-VIVOSDEV18_280-impulsive-5,ASR,vi,,5.0,impulsive,moonshine-tiny-vi-hf-cpu,0.5686,541.53125,0.16666666666666666,0.07142857142857142,,0.19360715045754415,,eval_data\mixed_vivos\vi_VIVOSDEV18_280_impulsive_5.wav,,,
vivos/moonshine-tiny-vi-hf-cpu,vi-asr-VIVOSDEV18_280-impulsive-0,ASR,vi,,0.0,impulsive,moonshine-tiny-vi-hf-cpu,0.524,541.53125,0.3333333333333333,0.19642857142857142,,0.17842094062566505,,eval_data\mixed_vivos\vi_VIVOSDEV18_280_impulsive_0.wav,,,
vivos/moonshine-tiny-vi-hf-cpu,vi-asr-VIVOSDEV19_024-clean,ASR,vi,,,clean,moonshine-tiny-vi-hf-cpu,0.5867,542.78515625,0.0,0.0,,0.15021923507761242,,eval_data\mixed_vivos\vi_VIVOSDEV19_024_clean.wav,,,
vivos/moonshine-tiny-vi-hf-cpu,vi-asr-VIVOSDEV19_024-steady-15,ASR,vi,,15.0,steady,moonshine-tiny-vi-hf-cpu,0.4729,543.26953125,0.0,0.0,,0.12108177308369339,,eval_data\mixed_vivos\vi_VIVOSDEV19_024_steady_15.wav,,,
vivos/moonshine-tiny-vi-hf-cpu,vi-asr-VIVOSDEV19_024-steady-10,ASR,vi,,10.0,steady,moonshine-tiny-vi-hf-cpu,0.4792,543.26953125,0.0,0.0,,0.12269483117298768,,eval_data\mixed_vivos\vi_VIVOSDEV19_024_steady_10.wav,,,
vivos/moonshine-tiny-vi-hf-cpu,vi-asr-VIVOSDEV19_024-steady-5,ASR,vi,,5.0,steady,moonshine-tiny-vi-hf-cpu,0.5683,543.26953125,0.0,0.0,,0.14550808129300688,,eval_data\mixed_vivos\vi_VIVOSDEV19_024_steady_5.wav,,,
vivos/moonshine-tiny-vi-hf-cpu,vi-asr-VIVOSDEV19_024-steady-0,ASR,vi,,0.0,steady,moonshine-tiny-vi-hf-cpu,0.533,543.27734375,0.08333333333333333,0.07692307692307693,,0.1364698351736278,,eval_data\mixed_vivos\vi_VIVOSDEV19_024_steady_0.wav,,,
vivos/moonshine-tiny-vi-hf-cpu,vi-asr-VIVOSDEV19_024-impulsive-15,ASR,vi,,15.0,impulsive,moonshine-tiny-vi-hf-cpu,0.4958,543.27734375,0.0,0.0,,0.12694511121779484,,eval_data\mixed_vivos\vi_VIVOSDEV19_024_impulsive_15.wav,,,
vivos/moonshine-tiny-vi-hf-cpu,vi-asr-VIVOSDEV19_024-impulsive-10,ASR,vi,,10.0,impulsive,moonshine-tiny-vi-hf-cpu,0.4823,543.27734375,0.0,0.0,,0.12348855816930708,,eval_data\mixed_vivos\vi_VIVOSDEV19_024_impulsive_10.wav,,,
vivos/moonshine-tiny-vi-hf-cpu,vi-asr-VIVOSDEV19_024-impulsive-5,ASR,vi,,5.0,impulsive,moonshine-tiny-vi-hf-cpu,0.4863,543.27734375,0.08333333333333333,0.038461538461538464,,0.12451272203552569,,eval_data\mixed_vivos\vi_VIVOSDEV19_024_impulsive_5.wav,,,
vivos/moonshine-tiny-vi-hf-cpu,vi-asr-VIVOSDEV19_024-impulsive-0,ASR,vi,,0.0,impulsive,moonshine-tiny-vi-hf-cpu,0.5764,543.27734375,0.08333333333333333,0.038461538461538464,,0.14758201312209954,,eval_data\mixed_vivos\vi_VIVOSDEV19_024_impulsive_0.wav,,,
vivos/moonshine-tiny-vi-hf-cpu,vi-asr-VIVOSDEV19_071-clean,ASR,vi,,,clean,moonshine-tiny-vi-hf-cpu,0.6445,545.625,0.15384615384615385,0.05357142857142857,,0.10632023919991751,,eval_data\mixed_vivos\vi_VIVOSDEV19_071_clean.wav,,,
vivos/moonshine-tiny-vi-hf-cpu,vi-asr-VIVOSDEV19_071-steady-15,ASR,vi,,15.0,steady,moonshine-tiny-vi-hf-cpu,0.8563,546.36328125,0.3076923076923077,0.10714285714285714,,0.1412599237034746,,eval_data\mixed_vivos\vi_VIVOSDEV19_071_steady_15.wav,,,
vivos/moonshine-tiny-vi-hf-cpu,vi-asr-VIVOSDEV19_071-steady-10,ASR,vi,,10.0,steady,moonshine-tiny-vi-hf-cpu,0.7945,546.36328125,0.3076923076923077,0.10714285714285714,,0.13106505825342818,,eval_data\mixed_vivos\vi_VIVOSDEV19_071_steady_10.wav,,,
vivos/moonshine-tiny-vi-hf-cpu,vi-asr-VIVOSDEV19_071-steady-5,ASR,vi,,5.0,steady,moonshine-tiny-vi-hf-cpu,0.7951,546.6171875,0.23076923076923078,0.08928571428571429,,0.13116403752964223,,eval_data\mixed_vivos\vi_VIVOSDEV19_071_steady_5.wav,,,
vivos/moonshine-tiny-vi-hf-cpu,vi-asr-VIVOSDEV19_071-steady-0,ASR,vi,,0.0,steady,moonshine-tiny-vi-hf-cpu,0.477,546.68359375,0.07692307692307693,0.03571428571428571,,0.07868852459016394,,eval_data\mixed_vivos\vi_VIVOSDEV19_071_steady_0.wav,,,
vivos/moonshine-tiny-vi-hf-cpu,vi-asr-VIVOSDEV19_071-impulsive-15,ASR,vi,,15.0,impulsive,moonshine-tiny-vi-hf-cpu,0.6703,546.94140625,0.15384615384615385,0.05357142857142857,,0.11057634807712136,,eval_data\mixed_vivos\vi_VIVOSDEV19_071_impulsive_15.wav,,,
vivos/moonshine-tiny-vi-hf-cpu,vi-asr-VIVOSDEV19_071-impulsive-10,ASR,vi,,10.0,impulsive,moonshine-tiny-vi-hf-cpu,0.6389,546.94921875,0.15384615384615385,0.05357142857142857,,0.10539643262191979,,eval_data\mixed_vivos\vi_VIVOSDEV19_071_impulsive_10.wav,,,
vivos/moonshine-tiny-vi-hf-cpu,vi-asr-VIVOSDEV19_071-impulsive-5,ASR,vi,,5.0,impulsive,moonshine-tiny-vi-hf-cpu,0.6689,546.94921875,0.07692307692307693,0.017857142857142856,,0.11034539643262194,,eval_data\mixed_vivos\vi_VIVOSDEV19_071_impulsive_5.wav,,,
vivos/moonshine-tiny-vi-hf-cpu,vi-asr-VIVOSDEV19_071-impulsive-0,ASR,vi,,0.0,impulsive,moonshine-tiny-vi-hf-cpu,0.6307,548.07421875,0.07692307692307693,0.017857142857142856,,0.10404371584699455,,eval_data\mixed_vivos\vi_VIVOSDEV19_071_impulsive_0.wav,,,
vivos/moonshine-tiny-vi-hf-cpu,vi-asr-VIVOSDEV19_158-clean,ASR,vi,,,clean,moonshine-tiny-vi-hf-cpu,0.5783,548.07421875,0.2727272727272727,0.061224489795918366,,0.12018184179763607,,eval_data\mixed_vivos\vi_VIVOSDEV19_158_clean.wav,,,
vivos/moonshine-tiny-vi-hf-cpu,vi-asr-VIVOSDEV19_158-steady-15,ASR,vi,,15.0,steady,moonshine-tiny-vi-hf-cpu,0.5746,548.07421875,0.2727272727272727,0.061224489795918366,,0.11941291076763216,,eval_data\mixed_vivos\vi_VIVOSDEV19_158_steady_15.wav,,,
vivos/moonshine-tiny-vi-hf-cpu,vi-asr-VIVOSDEV19_158-steady-10,ASR,vi,,10.0,steady,moonshine-tiny-vi-hf-cpu,0.6129,548.07421875,0.2727272727272727,0.061224489795918366,,0.12737238602415898,,eval_data\mixed_vivos\vi_VIVOSDEV19_158_steady_10.wav,,,
vivos/moonshine-tiny-vi-hf-cpu,vi-asr-VIVOSDEV19_158-steady-5,ASR,vi,,5.0,steady,moonshine-tiny-vi-hf-cpu,0.6097,548.07421875,0.2727272727272727,0.08163265306122448,,0.12670736459280427,,eval_data\mixed_vivos\vi_VIVOSDEV19_158_steady_5.wav,,,
vivos/moonshine-tiny-vi-hf-cpu,vi-asr-VIVOSDEV19_158-steady-0,ASR,vi,,0.0,steady,moonshine-tiny-vi-hf-cpu,0.5009,548.07421875,0.45454545454545453,0.24489795918367346,,0.10409663592674374,,eval_data\mixed_vivos\vi_VIVOSDEV19_158_steady_0.wav,,,
vivos/moonshine-tiny-vi-hf-cpu,vi-asr-VIVOSDEV19_158-impulsive-15,ASR,vi,,15.0,impulsive,moonshine-tiny-vi-hf-cpu,0.5854,548.07421875,0.2727272727272727,0.061224489795918366,,0.12165735809845436,,eval_data\mixed_vivos\vi_VIVOSDEV19_158_impulsive_15.wav,,,
vivos/moonshine-tiny-vi-hf-cpu,vi-asr-VIVOSDEV19_158-impulsive-10,ASR,vi,,10.0,impulsive,moonshine-tiny-vi-hf-cpu,0.5456,548.07421875,0.18181818181818182,0.04081632653061224,,0.11338615404598,,eval_data\mixed_vivos\vi_VIVOSDEV19_158_impulsive_10.wav,,,
vivos/moonshine-tiny-vi-hf-cpu,vi-asr-VIVOSDEV19_158-impulsive-5,ASR,vi,,5.0,impulsive,moonshine-tiny-vi-hf-cpu,0.5678,548.07421875,0.18181818181818182,0.061224489795918366,,0.11799974022600337,,eval_data\mixed_vivos\vi_VIVOSDEV19_158_impulsive_5.wav,,,
vivos/moonshine-tiny-vi-hf-cpu,vi-asr-VIVOSDEV19_158-impulsive-0,ASR,vi,,0.0,impulsive,moonshine-tiny-vi-hf-cpu,0.5218,548.07421875,0.45454545454545453,0.16326530612244897,,0.10844005715027927,,eval_data\mixed_vivos\vi_VIVOSDEV19_158_impulsive_0.wav,,,
vivos/moonshine-tiny-vi-hf-cpu,vi-asr-VIVOSDEV19_222-clean,ASR,vi,,,clean,moonshine-tiny-vi-hf-cpu,0.649,548.07421875,0.14285714285714285,0.08333333333333333,,0.10706258377152285,,eval_data\mixed_vivos\vi_VIVOSDEV19_222_clean.wav,,,
vivos/moonshine-tiny-vi-hf-cpu,vi-asr-VIVOSDEV19_222-steady-15,ASR,vi,,15.0,steady,moonshine-tiny-vi-hf-cpu,0.5708,548.07421875,0.2857142857142857,0.11666666666666667,,0.09416228477162594,,eval_data\mixed_vivos\vi_VIVOSDEV19_222_steady_15.wav,,,
vivos/moonshine-tiny-vi-hf-cpu,vi-asr-VIVOSDEV19_222-steady-10,ASR,vi,,10.0,steady,moonshine-tiny-vi-hf-cpu,0.6491,549.85546875,0.2857142857142857,0.13333333333333333,,0.10707908031755851,,eval_data\mixed_vivos\vi_VIVOSDEV19_222_steady_10.wav,,,
vivos/moonshine-tiny-vi-hf-cpu,vi-asr-VIVOSDEV19_222-steady-5,ASR,vi,,5.0,steady,moonshine-tiny-vi-hf-cpu,0.6412,550.04296875,0.35714285714285715,0.2,,0.10577585318074029,,eval_data\mixed_vivos\vi_VIVOSDEV19_222_steady_5.wav,,,
vivos/moonshine-tiny-vi-hf-cpu,vi-asr-VIVOSDEV19_222-steady-0,ASR,vi,,0.0,steady,moonshine-tiny-vi-hf-cpu,0.7605,550.04296875,0.7142857142857143,0.43333333333333335,,0.1254562326012991,,eval_data\mixed_vivos\vi_VIVOSDEV19_222_steady_0.wav,,,
vivos/moonshine-tiny-vi-hf-cpu,vi-asr-VIVOSDEV19_222-impulsive-15,ASR,vi,,15.0,impulsive,moonshine-tiny-vi-hf-cpu,0.6064,550.04296875,0.2857142857142857,0.15,,0.10003505516032582,,eval_data\mixed_vivos\vi_VIVOSDEV19_222_impulsive_15.wav,,,
vivos/moonshine-tiny-vi-hf-cpu,vi-asr-VIVOSDEV19_222-impulsive-10,ASR,vi,,10.0,impulsive,moonshine-tiny-vi-hf-cpu,0.5841,550.046875,0.2857142857142857,0.15,,0.09635632539437056,,eval_data\mixed_vivos\vi_VIVOSDEV19_222_impulsive_10.wav,,,
vivos/moonshine-tiny-vi-hf-cpu,vi-asr-VIVOSDEV19_222-impulsive-5,ASR,vi,,5.0,impulsive,moonshine-tiny-vi-hf-cpu,0.5811,550.046875,0.2857142857142857,0.16666666666666666,,0.09586142901330033,,eval_data\mixed_vivos\vi_VIVOSDEV19_222_impulsive_5.wav,,,
vivos/moonshine-tiny-vi-hf-cpu,vi-asr-VIVOSDEV19_222-impulsive-0,ASR,vi,,0.0,impulsive,moonshine-tiny-vi-hf-cpu,0.6423,550.046875,0.2857142857142857,0.16666666666666666,,0.1059573151871327,,eval_data\mixed_vivos\vi_VIVOSDEV19_222_impulsive_0.wav,,,
vivos/moonshine-tiny-vi-hf-cpu,vi-asr-VIVOSDEV19_262-clean,ASR,vi,,,clean,moonshine-tiny-vi-hf-cpu,0.5204,550.3359375,0.0,0.0,,0.11177876224996644,,eval_data\mixed_vivos\vi_VIVOSDEV19_262_clean.wav,,,
vivos/moonshine-tiny-vi-hf-cpu,vi-asr-VIVOSDEV19_262-steady-15,ASR,vi,,15.0,steady,moonshine-tiny-vi-hf-cpu,0.5527,550.90625,0.0,0.0,,0.11871660625587327,,eval_data\mixed_vivos\vi_VIVOSDEV19_262_steady_15.wav,,,
vivos/moonshine-tiny-vi-hf-cpu,vi-asr-VIVOSDEV19_262-steady-10,ASR,vi,,10.0,steady,moonshine-tiny-vi-hf-cpu,0.6572,550.91796875,0.0,0.0,,0.14116257215733657,,eval_data\mixed_vivos\vi_VIVOSDEV19_262_steady_10.wav,,,
vivos/moonshine-tiny-vi-hf-cpu,vi-asr-VIVOSDEV19_262-steady-5,ASR,vi,,5.0,steady,moonshine-tiny-vi-hf-cpu,0.5894,550.91796875,0.07692307692307693,0.03389830508474576,,0.12659954356289435,,eval_data\mixed_vivos\vi_VIVOSDEV19_262_steady_5.wav,,,
vivos/moonshine-tiny-vi-hf-cpu,vi-asr-VIVOSDEV19_262-steady-0,ASR,vi,,0.0,steady,moonshine-tiny-vi-hf-cpu,0.524,550.91796875,0.46153846153846156,0.2711864406779661,,0.11255202040542356,,eval_data\mixed_vivos\vi_VIVOSDEV19_262_steady_0.wav,,,
vivos/moonshine-tiny-vi-hf-cpu,vi-asr-VIVOSDEV19_262-impulsive-15,ASR,vi,,15.0,impulsive,moonshine-tiny-vi-hf-cpu,0.528,550.91796875,0.0,0.0,,0.11341119613370923,,eval_data\mixed_vivos\vi_VIVOSDEV19_262_impulsive_15.wav,,,
vivos/moonshine-tiny-vi-hf-cpu,vi-asr-VIVOSDEV19_262-impulsive-10,ASR,vi,,10.0,impulsive,moonshine-tiny-vi-hf-cpu,0.5271,550.921875,0.0,0.0,,0.11321788159484496,,eval_data\mixed_vivos\vi_VIVOSDEV19_262_impulsive_10.wav,,,
vivos/moonshine-tiny-vi-hf-cpu,vi-asr-VIVOSDEV19_262-impulsive-5,ASR,vi,,5.0,impulsive,moonshine-tiny-vi-hf-cpu,0.5821,550.921875,0.0,0.0,,0.125031547858773,,eval_data\mixed_vivos\vi_VIVOSDEV19_262_impulsive_5.wav,,,
vivos/moonshine-tiny-vi-hf-cpu,vi-asr-VIVOSDEV19_262-impulsive-0,ASR,vi,,0.0,impulsive,moonshine-tiny-vi-hf-cpu,0.5214,550.921875,0.0,0.0,,0.11199355618203786,,eval_data\mixed_vivos\vi_VIVOSDEV19_262_impulsive_0.wav,,,
vivos/whisper-small-faster-whisper-cpu,vi-asr-VIVOSDEV01_R027-clean,ASR,vi,,,clean,whisper-small-faster-whisper-cpu,3.6219,922.984375,0.4,0.21311475409836064,,0.7675549668874172,,eval_data\mixed_vivos\vi_VIVOSDEV01_R027_clean.wav,,,
vivos/whisper-small-faster-whisper-cpu,vi-asr-VIVOSDEV01_R027-steady-15,ASR,vi,,15.0,steady,whisper-small-faster-whisper-cpu,3.1073,922.984375,0.4,0.21311475409836064,,0.6585006622516556,,eval_data\mixed_vivos\vi_VIVOSDEV01_R027_steady_15.wav,,,
vivos/whisper-small-faster-whisper-cpu,vi-asr-VIVOSDEV01_R027-steady-10,ASR,vi,,10.0,steady,whisper-small-faster-whisper-cpu,2.9056,922.984375,0.4666666666666667,0.21311475409836064,,0.6157562913907285,,eval_data\mixed_vivos\vi_VIVOSDEV01_R027_steady_10.wav,,,
vivos/whisper-small-faster-whisper-cpu,vi-asr-VIVOSDEV01_R027-steady-5,ASR,vi,,5.0,steady,whisper-small-faster-whisper-cpu,3.1478,922.984375,0.4666666666666667,0.21311475409836064,,0.6670834437086093,,eval_data\mixed_vivos\vi_VIVOSDEV01_R027_steady_5.wav,,,
vivos/whisper-small-faster-whisper-cpu,vi-asr-VIVOSDEV01_R027-steady-0,ASR,vi,,0.0,steady,whisper-small-faster-whisper-cpu,3.4668,922.984375,0.6666666666666666,0.36065573770491804,,0.7346860927152318,,eval_data\mixed_vivos\vi_VIVOSDEV01_R027_steady_0.wav,,,
vivos/whisper-small-faster-whisper-cpu,vi-asr-VIVOSDEV01_R027-impulsive-15,ASR,vi,,15.0,impulsive,whisper-small-faster-whisper-cpu,3.9879,922.984375,0.4666666666666667,0.2459016393442623,,0.845117880794702,,eval_data\mixed_vivos\vi_VIVOSDEV01_R027_impulsive_15.wav,,,
vivos/whisper-small-faster-whisper-cpu,vi-asr-VIVOSDEV01_R027-impulsive-10,ASR,vi,,10.0,impulsive,whisper-small-faster-whisper-cpu,3.2255,922.984375,0.4666666666666667,0.22950819672131148,,0.6835496688741721,,eval_data\mixed_vivos\vi_VIVOSDEV01_R027_impulsive_10.wav,,,
vivos/whisper-small-faster-whisper-cpu,vi-asr-VIVOSDEV01_R027-impulsive-5,ASR,vi,,5.0,impulsive,whisper-small-faster-whisper-cpu,3.4012,922.984375,0.4666666666666667,0.2459016393442623,,0.7207841059602649,,eval_data\mixed_vivos\vi_VIVOSDEV01_R027_impulsive_5.wav,,,
vivos/whisper-small-faster-whisper-cpu,vi-asr-VIVOSDEV01_R027-impulsive-0,ASR,vi,,0.0,impulsive,whisper-small-faster-whisper-cpu,3.2261,922.984375,0.4,0.21311475409836064,,0.683676821192053,,eval_data\mixed_vivos\vi_VIVOSDEV01_R027_impulsive_0.wav,,,
vivos/whisper-small-faster-whisper-cpu,vi-asr-VIVOSDEV01_R044-clean,ASR,vi,,,clean,whisper-small-faster-whisper-cpu,3.3403,922.984375,0.35714285714285715,0.1206896551724138,,0.6400574850299401,,eval_data\mixed_vivos\vi_VIVOSDEV01_R044_clean.wav,,,
vivos/whisper-small-faster-whisper-cpu,vi-asr-VIVOSDEV01_R044-steady-15,ASR,vi,,15.0,steady,whisper-small-faster-whisper-cpu,3.1902,922.984375,0.35714285714285715,0.13793103448275862,,0.6112958083832335,,eval_data\mixed_vivos\vi_VIVOSDEV01_R044_steady_15.wav,,,
vivos/whisper-small-faster-whisper-cpu,vi-asr-VIVOSDEV01_R044-steady-10,ASR,vi,,10.0,steady,whisper-small-faster-whisper-cpu,3.0822,922.984375,0.35714285714285715,0.1206896551724138,,0.5906011976047904,,eval_data\mixed_vivos\vi_VIVOSDEV01_R044_steady_10.wav,,,
vivos/whisper-small-faster-whisper-cpu,vi-asr-VIVOSDEV01_R044-steady-5,ASR,vi,,5.0,steady,whisper-small-faster-whisper-cpu,3.5824,922.984375,0.42857142857142855,0.15517241379310345,,0.6864479041916167,,eval_data\mixed_vivos\vi_VIVOSDEV01_R044_steady_5.wav,,,
vivos/whisper-small-faster-whisper-cpu,vi-asr-VIVOSDEV01_R044-steady-0,ASR,vi,,0.0,steady,whisper-small-faster-whisper-cpu,3.271,922.984375,0.7857142857142857,0.4482758620689655,,0.6267784431137724,,eval_data\mixed_vivos\vi_VIVOSDEV01_R044_steady_0.wav,,,
vivos/whisper-small-faster-whisper-cpu,vi-asr-VIVOSDEV01_R044-impulsive-15,ASR,vi,,15.0,impulsive,whisper-small-faster-whisper-cpu,3.3156,922.984375,0.35714285714285715,0.1206896551724138,,0.6353245508982036,,eval_data\mixed_vivos\vi_VIVOSDEV01_R044_impulsive_15.wav,,,
vivos/whisper-small-faster-whisper-cpu,vi-asr-VIVOSDEV01_R044-impulsive-10,ASR,vi,,10.0,impulsive,whisper-small-faster-whisper-cpu,2.6648,922.984375,0.2857142857142857,0.10344827586206896,,0.5106203592814371,,eval_data\mixed_vivos\vi_VIVOSDEV01_R044_impulsive_10.wav,,,
vivos/whisper-small-faster-whisper-cpu,vi-asr-VIVOSDEV01_R044-impulsive-5,ASR,vi,,5.0,impulsive,whisper-small-faster-whisper-cpu,2.6288,922.984375,0.35714285714285715,0.1206896551724138,,0.5037221556886228,,eval_data\mixed_vivos\vi_VIVOSDEV01_R044_impulsive_5.wav,,,
vivos/whisper-small-faster-whisper-cpu,vi-asr-VIVOSDEV01_R044-impulsive-0,ASR,vi,,0.0,impulsive,whisper-small-faster-whisper-cpu,2.5529,922.984375,0.2857142857142857,0.10344827586206896,,0.4891784431137725,,eval_data\mixed_vivos\vi_VIVOSDEV01_R044_impulsive_0.wav,,,
vivos/whisper-small-faster-whisper-cpu,vi-asr-VIVOSDEV01_R086-clean,ASR,vi,,,clean,whisper-small-faster-whisper-cpu,2.5717,922.984375,0.45454545454545453,0.1276595744680851,,0.6234424242424242,,eval_data\mixed_vivos\vi_VIVOSDEV01_R086_clean.wav,,,
vivos/whisper-small-faster-whisper-cpu,vi-asr-VIVOSDEV01_R086-steady-15,ASR,vi,,15.0,steady,whisper-small-faster-whisper-cpu,2.5301,922.984375,0.5454545454545454,0.19148936170212766,,0.6133575757575758,,eval_data\mixed_vivos\vi_VIVOSDEV01_R086_steady_15.wav,,,
vivos/whisper-small-faster-whisper-cpu,vi-asr-VIVOSDEV01_R086-steady-10,ASR,vi,,10.0,steady,whisper-small-faster-whisper-cpu,2.4839,922.984375,0.6363636363636364,0.2553191489361702,,0.6021575757575758,,eval_data\mixed_vivos\vi_VIVOSDEV01_R086_steady_10.wav,,,
vivos/whisper-small-faster-whisper-cpu,vi-asr-VIVOSDEV01_R086-steady-5,ASR,vi,,5.0,steady,whisper-small-faster-whisper-cpu,2.569,922.984375,0.5454545454545454,0.2553191489361702,,0.6227878787878788,,eval_data\mixed_vivos\vi_VIVOSDEV01_R086_steady_5.wav,,,
vivos/whisper-small-faster-whisper-cpu,vi-asr-VIVOSDEV01_R086-steady-0,ASR,vi,,0.0,steady,whisper-small-faster-whisper-cpu,2.4781,922.984375,0.5454545454545454,0.3617021276595745,,0.6007515151515151,,eval_data\mixed_vivos\vi_VIVOSDEV01_R086_steady_0.wav,,,
vivos/whisper-small-faster-whisper-cpu,vi-asr-VIVOSDEV01_R086-impulsive-15,ASR,vi,,15.0,impulsive,whisper-small-faster-whisper-cpu,2.5728,922.984375,0.45454545454545453,0.1276595744680851,,0.6237090909090909,,eval_data\mixed_vivos\vi_VIVOSDEV01_R086_impulsive_15.wav,,,
vivos/whisper-small-faster-whisper-cpu,vi-asr-VIVOSDEV01_R086-impulsive-10,ASR,vi,,10.0,impulsive,whisper-small-faster-whisper-cpu,2.5691,922.984375,0.45454545454545453,0.1276595744680851,,0.6228121212121213,,eval_data\mixed_vivos\vi_VIVOSDEV01_R086_impulsive_10.wav,,,
vivos/whisper-small-faster-whisper-cpu,vi-asr-VIVOSDEV01_R086-impulsive-5,ASR,vi,,5.0,impulsive,whisper-small-faster-whisper-cpu,2.598,922.984375,0.5454545454545454,0.19148936170212766,,0.6298181818181818,,eval_data\mixed_vivos\vi_VIVOSDEV01_R086_impulsive_5.wav,,,
vivos/whisper-small-faster-whisper-cpu,vi-asr-VIVOSDEV01_R086-impulsive-0,ASR,vi,,0.0,impulsive,whisper-small-faster-whisper-cpu,2.5762,922.984375,0.5454545454545454,0.19148936170212766,,0.6245333333333334,,eval_data\mixed_vivos\vi_VIVOSDEV01_R086_impulsive_0.wav,,,
vivos/whisper-small-faster-whisper-cpu,vi-asr-VIVOSDEV01_R130-clean,ASR,vi,,,clean,whisper-small-faster-whisper-cpu,2.3968,922.984375,0.2727272727272727,0.09433962264150944,,0.6445176470588235,,eval_data\mixed_vivos\vi_VIVOSDEV01_R130_clean.wav,,,
vivos/whisper-small-faster-whisper-cpu,vi-asr-VIVOSDEV01_R130-steady-15,ASR,vi,,15.0,steady,whisper-small-faster-whisper-cpu,2.4059,922.984375,0.2727272727272727,0.07547169811320754,,0.6469647058823529,,eval_data\mixed_vivos\vi_VIVOSDEV01_R130_steady_15.wav,,,
vivos/whisper-small-faster-whisper-cpu,vi-asr-VIVOSDEV01_R130-steady-10,ASR,vi,,10.0,steady,whisper-small-faster-whisper-cpu,2.5728,922.984375,0.2727272727272727,0.07547169811320754,,0.6918453781512605,,eval_data\mixed_vivos\vi_VIVOSDEV01_R130_steady_10.wav,,,
vivos/whisper-small-faster-whisper-cpu,vi-asr-VIVOSDEV01_R130-steady-5,ASR,vi,,5.0,steady,whisper-small-faster-whisper-cpu,2.5844,922.984375,0.2727272727272727,0.09433962264150944,,0.6949647058823529,,eval_data\mixed_vivos\vi_VIVOSDEV01_R130_steady_5.wav,,,
vivos/whisper-small-faster-whisper-cpu,vi-asr-VIVOSDEV01_R130-steady-0,ASR,vi,,0.0,steady,whisper-small-faster-whisper-cpu,2.4955,922.984375,0.6363636363636364,0.32075471698113206,,0.6710588235294117,,eval_data\mixed_vivos\vi_VIVOSDEV01_R130_steady_0.wav,,,
vivos/whisper-small-faster-whisper-cpu,vi-asr-VIVOSDEV01_R130-impulsive-15,ASR,vi,,15.0,impulsive,whisper-small-faster-whisper-cpu,2.4445,922.984375,0.2727272727272727,0.09433962264150944,,0.657344537815126,,eval_data\mixed_vivos\vi_VIVOSDEV01_R130_impulsive_15.wav,,,
vivos/whisper-small-faster-whisper-cpu,vi-asr-VIVOSDEV01_R130-impulsive-10,ASR,vi,,10.0,impulsive,whisper-small-faster-whisper-cpu,2.4825,922.984375,0.2727272727272727,0.09433962264150944,,0.667563025210084,,eval_data\mixed_vivos\vi_VIVOSDEV01_R130_impulsive_10.wav,,,
vivos/whisper-small-faster-whisper-cpu,vi-asr-VIVOSDEV01_R130-impulsive-5,ASR,vi,,5.0,impulsive,whisper-small-faster-whisper-cpu,2.4315,922.984375,0.2727272727272727,0.09433962264150944,,0.6538487394957984,,eval_data\mixed_vivos\vi_VIVOSDEV01_R130_impulsive_5.wav,,,
vivos/whisper-small-faster-whisper-cpu,vi-asr-VIVOSDEV01_R130-impulsive-0,ASR,vi,,0.0,impulsive,whisper-small-faster-whisper-cpu,2.4566,922.984375,0.2727272727272727,0.09433962264150944,,0.660598319327731,,eval_data\mixed_vivos\vi_VIVOSDEV01_R130_impulsive_0.wav,,,
vivos/whisper-small-faster-whisper-cpu,vi-asr-VIVOSDEV01_R170-clean,ASR,vi,,,clean,whisper-small-faster-whisper-cpu,2.4948,922.984375,0.45454545454545453,0.13953488372093023,,0.76032,,eval_data\mixed_vivos\vi_VIVOSDEV01_R170_clean.wav,,,
vivos/whisper-small-faster-whisper-cpu,vi-asr-VIVOSDEV01_R170-steady-15,ASR,vi,,15.0,steady,whisper-small-faster-whisper-cpu,2.5248,922.984375,0.45454545454545453,0.18604651162790697,,0.7694628571428571,,eval_data\mixed_vivos\vi_VIVOSDEV01_R170_steady_15.wav,,,
vivos/whisper-small-faster-whisper-cpu,vi-asr-VIVOSDEV01_R170-steady-10,ASR,vi,,10.0,steady,whisper-small-faster-whisper-cpu,2.6328,922.984375,0.5454545454545454,0.2558139534883721,,0.8023771428571429,,eval_data\mixed_vivos\vi_VIVOSDEV01_R170_steady_10.wav,,,
vivos/whisper-small-faster-whisper-cpu,vi-asr-VIVOSDEV01_R170-steady-5,ASR,vi,,5.0,steady,whisper-small-faster-whisper-cpu,3.395,922.984375,0.6363636363636364,0.27906976744186046,,1.0346666666666666,,eval_data\mixed_vivos\vi_VIVOSDEV01_R170_steady_5.wav,,,
vivos/whisper-small-faster-whisper-cpu,vi-asr-VIVOSDEV01_R170-steady-0,ASR,vi,,0.0,steady,whisper-small-faster-whisper-cpu,3.1702,922.984375,0.7272727272727273,0.4418604651162791,,0.9661561904761905,,eval_data\mixed_vivos\vi_VIVOSDEV01_R170_steady_0.wav,,,
vivos/whisper-small-faster-whisper-cpu,vi-asr-VIVOSDEV01_R170-impulsive-15,ASR,vi,,15.0,impulsive,whisper-small-faster-whisper-cpu,4.4651,922.984375,0.45454545454545453,0.13953488372093023,,1.3607923809523808,,eval_data\mixed_vivos\vi_VIVOSDEV01_R170_impulsive_15.wav,,,
vivos/whisper-small-faster-whisper-cpu,vi-asr-VIVOSDEV01_R170-impulsive-10,ASR,vi,,10.0,impulsive,whisper-small-faster-whisper-cpu,4.218,922.984375,0.45454545454545453,0.13953488372093023,,1.2854857142857143,,eval_data\mixed_vivos\vi_VIVOSDEV01_R170_impulsive_10.wav,,,
vivos/whisper-small-faster-whisper-cpu,vi-asr-VIVOSDEV01_R170-impulsive-5,ASR,vi,,5.0,impulsive,whisper-small-faster-whisper-cpu,3.736,922.984375,0.45454545454545453,0.13953488372093023,,1.1385904761904762,,eval_data\mixed_vivos\vi_VIVOSDEV01_R170_impulsive_5.wav,,,
vivos/whisper-small-faster-whisper-cpu,vi-asr-VIVOSDEV01_R170-impulsive-0,ASR,vi,,0.0,impulsive,whisper-small-faster-whisper-cpu,3.8572,922.984375,0.45454545454545453,0.13953488372093023,,1.1755276190476192,,eval_data\mixed_vivos\vi_VIVOSDEV01_R170_impulsive_0.wav,,,
vivos/whisper-small-faster-whisper-cpu,vi-asr-VIVOSDEV01_T038-clean,ASR,vi,,,clean,whisper-small-faster-whisper-cpu,3.4682,922.984375,0.3333333333333333,0.1388888888888889,,1.38728,,eval_data\mixed_vivos\vi_VIVOSDEV01_T038_clean.wav,,,
vivos/whisper-small-faster-whisper-cpu,vi-asr-VIVOSDEV01_T038-steady-15,ASR,vi,,15.0,steady,whisper-small-faster-whisper-cpu,2.8808,922.984375,0.3333333333333333,0.2222222222222222,,1.15232,,eval_data\mixed_vivos\vi_VIVOSDEV01_T038_steady_15.wav,,,
vivos/whisper-small-faster-whisper-cpu,vi-asr-VIVOSDEV01_T038-steady-10,ASR,vi,,10.0,steady,whisper-small-faster-whisper-cpu,4.2524,922.984375,0.3333333333333333,0.16666666666666666,,1.7009599999999998,,eval_data\mixed_vivos\vi_VIVOSDEV01_T038_steady_10.wav,,,
vivos/whisper-small-faster-whisper-cpu,vi-asr-VIVOSDEV01_T038-steady-5,ASR,vi,,5.0,steady,whisper-small-faster-whisper-cpu,6.4266,922.984375,0.4444444444444444,0.25,,2.57064,,eval_data\mixed_vivos\vi_VIVOSDEV01_T038_steady_5.wav,,,
vivos/whisper-small-faster-whisper-cpu,vi-asr-VIVOSDEV01_T038-steady-0,ASR,vi,,0.0,steady,whisper-small-faster-whisper-cpu,3.8842,922.984375,0.4444444444444444,0.2777777777777778,,1.55368,,eval_data\mixed_vivos\vi_VIVOSDEV01_T038_steady_0.wav,,,
vivos/whisper-small-faster-whisper-cpu,vi-asr-VIVOSDEV01_T038-impulsive-15,ASR,vi,,15.0,impulsive,whisper-small-faster-whisper-cpu,3.5683,922.984375,0.4444444444444444,0.2222222222222222,,1.42732,,eval_data\mixed_vivos\vi_VIVOSDEV01_T038_impulsive_15.wav,,,
vivos/whisper-small-faster-whisper-cpu,vi-asr-VIVOSDEV01_T038-impulsive-10,ASR,vi,,10.0,impulsive,whisper-small-faster-whisper-cpu,3.0921,922.984375,0.4444444444444444,0.19444444444444445,,1.23684,,eval_data\mixed_vivos\vi_VIVOSDEV01_T038_impulsive_10.wav,,,
vivos/whisper-small-faster-whisper-cpu,vi-asr-VIVOSDEV01_T038-impulsive-5,ASR,vi,,5.0,impulsive,whisper-small-faster-whisper-cpu,3.0497,922.984375,0.4444444444444444,0.19444444444444445,,1.21988,,eval_data\mixed_vivos\vi_VIVOSDEV01_T038_impulsive_5.wav,,,
vivos/whisper-small-faster-whisper-cpu,vi-asr-VIVOSDEV01_T038-impulsive-0,ASR,vi,,0.0,impulsive,whisper-small-faster-whisper-cpu,3.1833,922.984375,0.3333333333333333,0.19444444444444445,,1.27332,,eval_data\mixed_vivos\vi_VIVOSDEV01_T038_impulsive_0.wav,,,
vivos/whisper-small-faster-whisper-cpu,vi-asr-VIVOSDEV02_R031-clean,ASR,vi,,,clean,whisper-small-faster-whisper-cpu,3.1687,922.984375,0.42857142857142855,0.17857142857142858,,0.5895255813953488,,eval_data\mixed_vivos\vi_VIVOSDEV02_R031_clean.wav,,,
vivos/whisper-small-faster-whisper-cpu,vi-asr-VIVOSDEV02_R031-steady-15,ASR,vi,,15.0,steady,whisper-small-faster-whisper-cpu,3.1704,922.984375,0.42857142857142855,0.17857142857142858,,0.5898418604651162,,eval_data\mixed_vivos\vi_VIVOSDEV02_R031_steady_15.wav,,,
vivos/whisper-small-faster-whisper-cpu,vi-asr-VIVOSDEV02_R031-steady-10,ASR,vi,,10.0,steady,whisper-small-faster-whisper-cpu,4.4245,922.984375,0.35714285714285715,0.125,,0.8231627906976744,,eval_data\mixed_vivos\vi_VIVOSDEV02_R031_steady_10.wav,,,
vivos/whisper-small-faster-whisper-cpu,vi-asr-VIVOSDEV02_R031-steady-5,ASR,vi,,5.0,steady,whisper-small-faster-whisper-cpu,3.5972,922.984375,0.42857142857142855,0.16071428571428573,,0.6692465116279069,,eval_data\mixed_vivos\vi_VIVOSDEV02_R031_steady_5.wav,,,
vivos/whisper-small-faster-whisper-cpu,vi-asr-VIVOSDEV02_R031-steady-0,ASR,vi,,0.0,steady,whisper-small-faster-whisper-cpu,3.218,922.984375,0.5,0.3392857142857143,,0.5986976744186047,,eval_data\mixed_vivos\vi_VIVOSDEV02_R031_steady_0.wav,,,
vivos/whisper-small-faster-whisper-cpu,vi-asr-VIVOSDEV02_R031-impulsive-15,ASR,vi,,15.0,impulsive,whisper-small-faster-whisper-cpu,3.4689,922.984375,0.35714285714285715,0.16071428571428573,,0.6453767441860465,,eval_data\mixed_vivos\vi_VIVOSDEV02_R031_impulsive_15.wav,,,
vivos/whisper-small-faster-whisper-cpu,vi-asr-VIVOSDEV02_R031-impulsive-10,ASR,vi,,10.0,impulsive,whisper-small-faster-whisper-cpu,3.6466,922.984375,0.35714285714285715,0.16071428571428573,,0.6784372093023255,,eval_data\mixed_vivos\vi_VIVOSDEV02_R031_impulsive_10.wav,,,
vivos/whisper-small-faster-whisper-cpu,vi-asr-VIVOSDEV02_R031-impulsive-5,ASR,vi,,5.0,impulsive,whisper-small-faster-whisper-cpu,3.5147,922.984375,0.35714285714285715,0.16071428571428573,,0.6538976744186047,,eval_data\mixed_vivos\vi_VIVOSDEV02_R031_impulsive_5.wav,,,
vivos/whisper-small-faster-whisper-cpu,vi-asr-VIVOSDEV02_R031-impulsive-0,ASR,vi,,0.0,impulsive,whisper-small-faster-whisper-cpu,3.2865,922.984375,0.35714285714285715,0.16071428571428573,,0.6114418604651163,,eval_data\mixed_vivos\vi_VIVOSDEV02_R031_impulsive_0.wav,,,
vivos/whisper-small-faster-whisper-cpu,vi-asr-VIVOSDEV02_R069-clean,ASR,vi,,,clean,whisper-small-faster-whisper-cpu,2.8467,922.984375,0.4,0.17391304347826086,,1.13868,,eval_data\mixed_vivos\vi_VIVOSDEV02_R069_clean.wav,,,
vivos/whisper-small-faster-whisper-cpu,vi-asr-VIVOSDEV02_R069-steady-15,ASR,vi,,15.0,steady,whisper-small-faster-whisper-cpu,2.9814,922.984375,0.6,0.34782608695652173,,1.1925599999999998,,eval_data\mixed_vivos\vi_VIVOSDEV02_R069_steady_15.wav,,,
vivos/whisper-small-faster-whisper-cpu,vi-asr-VIVOSDEV02_R069-steady-10,ASR,vi,,10.0,steady,whisper-small-faster-whisper-cpu,2.8484,922.984375,0.6,0.34782608695652173,,1.13936,,eval_data\mixed_vivos\vi_VIVOSDEV02_R069_steady_10.wav,,,
vivos/whisper-small-faster-whisper-cpu,vi-asr-VIVOSDEV02_R069-steady-5,ASR,vi,,5.0,steady,whisper-small-faster-whisper-cpu,2.8436,922.984375,0.6,0.2608695652173913,,1.13744,,eval_data\mixed_vivos\vi_VIVOSDEV02_R069_steady_5.wav,,,
vivos/whisper-small-faster-whisper-cpu,vi-asr-VIVOSDEV02_R069-steady-0,ASR,vi,,0.0,steady,whisper-small-faster-whisper-cpu,2.8031,922.984375,0.8,0.6086956521739131,,1.12124,,eval_data\mixed_vivos\vi_VIVOSDEV02_R069_steady_0.wav,,,
vivos/whisper-small-faster-whisper-cpu,vi-asr-VIVOSDEV02_R069-impulsive-15,ASR,vi,,15.0,impulsive,whisper-small-faster-whisper-cpu,3.0667,922.984375,0.4,0.17391304347826086,,1.22668,,eval_data\mixed_vivos\vi_VIVOSDEV02_R069_impulsive_15.wav,,,
vivos/whisper-small-faster-whisper-cpu,vi-asr-VIVOSDEV02_R069-impulsive-10,ASR,vi,,10.0,impulsive,whisper-small-faster-whisper-cpu,2.9735,922.984375,0.4,0.2608695652173913,,1.1894,,eval_data\mixed_vivos\vi_VIVOSDEV02_R069_impulsive_10.wav,,,
vivos/whisper-small-faster-whisper-cpu,vi-asr-VIVOSDEV02_R069-impulsive-5,ASR,vi,,5.0,impulsive,whisper-small-faster-whisper-cpu,2.869,922.984375,0.4,0.2608695652173913,,1.1476000000000002,,eval_data\mixed_vivos\vi_VIVOSDEV02_R069_impulsive_5.wav,,,
vivos/whisper-small-faster-whisper-cpu,vi-asr-VIVOSDEV02_R069-impulsive-0,ASR,vi,,0.0,impulsive,whisper-small-faster-whisper-cpu,2.7548,922.984375,0.4,0.21739130434782608,,1.10192,,eval_data\mixed_vivos\vi_VIVOSDEV02_R069_impulsive_0.wav,,,
vivos/whisper-small-faster-whisper-cpu,vi-asr-VIVOSDEV02_R099-clean,ASR,vi,,,clean,whisper-small-faster-whisper-cpu,2.5648,922.984375,0.42857142857142855,0.1509433962264151,,0.5066271604938272,,eval_data\mixed_vivos\vi_VIVOSDEV02_R099_clean.wav,,,
vivos/whisper-small-faster-whisper-cpu,vi-asr-VIVOSDEV02_R099-steady-15,ASR,vi,,15.0,steady,whisper-small-faster-whisper-cpu,2.5733,922.984375,0.2857142857142857,0.07547169811320754,,0.5083061728395062,,eval_data\mixed_vivos\vi_VIVOSDEV02_R099_steady_15.wav,,,
vivos/whisper-small-faster-whisper-cpu,vi-asr-VIVOSDEV02_R099-steady-10,ASR,vi,,10.0,steady,whisper-small-faster-whisper-cpu,2.5241,922.984375,0.2857142857142857,0.07547169811320754,,0.4985876543209876,,eval_data\mixed_vivos\vi_VIVOSDEV02_R099_steady_10.wav,,,
vivos/whisper-small-faster-whisper-cpu,vi-asr-VIVOSDEV02_R099-steady-5,ASR,vi,,5.0,steady,whisper-small-faster-whisper-cpu,2.5459,922.984375,0.2857142857142857,0.07547169811320754,,0.5028938271604938,,eval_data\mixed_vivos\vi_VIVOSDEV02_R099_steady_5.wav,,,
vivos/whisper-small-faster-whisper-cpu,vi-asr-VIVOSDEV02_R099-steady-0,ASR,vi,,0.0,steady,whisper-small-faster-whisper-cpu,2.4921,922.984375,0.35714285714285715,0.1320754716981132,,0.4922666666666667,,eval_data\mixed_vivos\vi_VIVOSDEV02_R099_steady_0.wav,,,
vivos/whisper-small-faster-whisper-cpu,vi-asr-VIVOSDEV02_R099-impulsive-15,ASR,vi,,15.0,impulsive,whisper-small-faster-whisper-cpu,2.5055,922.984375,0.35714285714285715,0.1320754716981132,,0.49491358024691356,,eval_data\mixed_vivos\vi_VIVOSDEV02_R099_impulsive_15.wav,,,
vivos/whisper-small-faster-whisper-cpu,vi-asr-VIVOSDEV02_R099-impulsive-10,ASR,vi,,10.0,impulsive,whisper-small-faster-whisper-cpu,2.5046,922.984375,0.35714285714285715,0.1509433962264151,,0.4947358024691358,,eval_data\mixed_vivos\vi_VIVOSDEV02_R099_impulsive_10.wav,,,
vivos/whisper-small-faster-whisper-cpu,vi-asr-VIVOSDEV02_R099-impulsive-5,ASR,vi,,5.0,impulsive,whisper-small-faster-whisper-cpu,2.3679,922.984375,0.2857142857142857,0.07547169811320754,,0.46773333333333333,,eval_data\mixed_vivos\vi_VIVOSDEV02_R099_impulsive_5.wav,,,
vivos/whisper-small-faster-whisper-cpu,vi-asr-VIVOSDEV02_R099-impulsive-0,ASR,vi,,0.0,impulsive,whisper-small-faster-whisper-cpu,2.524,922.984375,0.2857142857142857,0.07547169811320754,,0.4985679012345679,,eval_data\mixed_vivos\vi_VIVOSDEV02_R099_impulsive_0.wav,,,
vivos/whisper-small-faster-whisper-cpu,vi-asr-VIVOSDEV02_R132-clean,ASR,vi,,,clean,whisper-small-faster-whisper-cpu,2.7757,922.984375,0.5454545454545454,0.18518518518518517,,0.7163096774193548,,eval_data\mixed_vivos\vi_VIVOSDEV02_R132_clean.wav,,,
vivos/whisper-small-faster-whisper-cpu,vi-asr-VIVOSDEV02_R132-steady-15,ASR,vi,,15.0,steady,whisper-small-faster-whisper-cpu,2.6396,922.984375,0.6363636363636364,0.2037037037037037,,0.6811870967741936,,eval_data\mixed_vivos\vi_VIVOSDEV02_R132_steady_15.wav,,,
vivos/whisper-small-faster-whisper-cpu,vi-asr-VIVOSDEV02_R132-steady-10,ASR,vi,,10.0,steady,whisper-small-faster-whisper-cpu,2.5279,922.984375,0.6363636363636364,0.2222222222222222,,0.6523612903225806,,eval_data\mixed_vivos\vi_VIVOSDEV02_R132_steady_10.wav,,,
vivos/whisper-small-faster-whisper-cpu,vi-asr-VIVOSDEV02_R132-steady-5,ASR,vi,,5.0,steady,whisper-small-faster-whisper-cpu,2.5996,922.984375,0.6363636363636364,0.24074074074074073,,0.6708645161290323,,eval_data\mixed_vivos\vi_VIVOSDEV02_R132_steady_5.wav,,,
vivos/whisper-small-faster-whisper-cpu,vi-asr-VIVOSDEV02_R132-steady-0,ASR,vi,,0.0,steady,whisper-small-faster-whisper-cpu,2.4353,922.984375,0.9090909090909091,0.3333333333333333,,0.6284645161290322,,eval_data\mixed_vivos\vi_VIVOSDEV02_R132_steady_0.wav,,,
vivos/whisper-small-faster-whisper-cpu,vi-asr-VIVOSDEV02_R132-impulsive-15,ASR,vi,,15.0,impulsive,whisper-small-faster-whisper-cpu,2.3856,922.984375,0.5454545454545454,0.18518518518518517,,0.6156387096774194,,eval_data\mixed_vivos\vi_VIVOSDEV02_R132_impulsive_15.wav,,,
vivos/whisper-small-faster-whisper-cpu,vi-asr-VIVOSDEV02_R132-impulsive-10,ASR,vi,,10.0,impulsive,whisper-small-faster-whisper-cpu,2.3891,922.984375,0.5454545454545454,0.18518518518518517,,0.6165419354838709,,eval_data\mixed_vivos\vi_VIVOSDEV02_R132_impulsive_10.wav,,,
vivos/whisper-small-faster-whisper-cpu,vi-asr-VIVOSDEV02_R132-impulsive-5,ASR,vi,,5.0,impulsive,whisper-small-faster-whisper-cpu,2.3975,922.984375,0.5454545454545454,0.18518518518518517,,0.6187096774193548,,eval_data\mixed_vivos\vi_VIVOSDEV02_R132_impulsive_5.wav,,,
vivos/whisper-small-faster-whisper-cpu,vi-asr-VIVOSDEV02_R132-impulsive-0,ASR,vi,,0.0,impulsive,whisper-small-faster-whisper-cpu,2.4023,922.984375,0.5454545454545454,0.18518518518518517,,0.6199483870967741,,eval_data\mixed_vivos\vi_VIVOSDEV02_R132_impulsive_0.wav,,,
vivos/whisper-small-faster-whisper-cpu,vi-asr-VIVOSDEV02_R170-clean,ASR,vi,,,clean,whisper-small-faster-whisper-cpu,2.4498,922.984375,0.45454545454545453,0.25,,0.49616202531645576,,eval_data\mixed_vivos\vi_VIVOSDEV02_R170_clean.wav,,,
vivos/whisper-small-faster-whisper-cpu,vi-asr-VIVOSDEV02_R170-steady-15,ASR,vi,,15.0,steady,whisper-small-faster-whisper-cpu,2.4409,922.984375,0.45454545454545453,0.2727272727272727,,0.4943594936708861,,eval_data\mixed_vivos\vi_VIVOSDEV02_R170_steady_15.wav,,,
vivos/whisper-small-faster-whisper-cpu,vi-asr-VIVOSDEV02_R170-steady-10,ASR,vi,,10.0,steady,whisper-small-faster-whisper-cpu,2.4109,922.984375,0.45454545454545453,0.3181818181818182,,0.48828354430379745,,eval_data\mixed_vivos\vi_VIVOSDEV02_R170_steady_10.wav,,,
vivos/whisper-small-faster-whisper-cpu,vi-asr-VIVOSDEV02_R170-steady-5,ASR,vi,,5.0,steady,whisper-small-faster-whisper-cpu,2.3988,922.984375,0.9090909090909091,0.6363636363636364,,0.4858329113924051,,eval_data\mixed_vivos\vi_VIVOSDEV02_R170_steady_5.wav,,,
vivos/whisper-small-faster-whisper-cpu,vi-asr-VIVOSDEV02_R170-steady-0,ASR,vi,,0.0,steady,whisper-small-faster-whisper-cpu,2.477,922.984375,0.8181818181818182,0.45454545454545453,,0.5016708860759493,,eval_data\mixed_vivos\vi_VIVOSDEV02_R170_steady_0.wav,,,
vivos/whisper-small-faster-whisper-cpu,vi-asr-VIVOSDEV02_R170-impulsive-15,ASR,vi,,15.0,impulsive,whisper-small-faster-whisper-cpu,2.8872,922.984375,0.45454545454545453,0.2727272727272727,,0.5847493670886076,,eval_data\mixed_vivos\vi_VIVOSDEV02_R170_impulsive_15.wav,,,
vivos/whisper-small-faster-whisper-cpu,vi-asr-VIVOSDEV02_R170-impulsive-10,ASR,vi,,10.0,impulsive,whisper-small-faster-whisper-cpu,3.3063,922.984375,0.45454545454545453,0.25,,0.6696303797468354,,eval_data\mixed_vivos\vi_VIVOSDEV02_R170_impulsive_10.wav,,,
vivos/whisper-small-faster-whisper-cpu,vi-asr-VIVOSDEV02_R170-impulsive-5,ASR,vi,,5.0,impulsive,whisper-small-faster-whisper-cpu,2.5252,922.984375,0.45454545454545453,0.25,,0.511432911392405,,eval_data\mixed_vivos\vi_VIVOSDEV02_R170_impulsive_5.wav,,,
vivos/whisper-small-faster-whisper-cpu,vi-asr-VIVOSDEV02_R170-impulsive-0,ASR,vi,,0.0,impulsive,whisper-small-faster-whisper-cpu,2.6168,922.984375,0.45454545454545453,0.25,,0.5299848101265823,,eval_data\mixed_vivos\vi_VIVOSDEV02_R170_impulsive_0.wav,,,
vivos/whisper-small-faster-whisper-cpu,vi-asr-VIVOSDEV02_T043-clean,ASR,vi,,,clean,whisper-small-faster-whisper-cpu,3.6187,922.984375,0.36363636363636365,0.13636363636363635,,0.9570115702479339,,eval_data\mixed_vivos\vi_VIVOSDEV02_T043_clean.wav,,,
vivos/whisper-small-faster-whisper-cpu,vi-asr-VIVOSDEV02_T043-steady-15,ASR,vi,,15.0,steady,whisper-small-faster-whisper-cpu,3.653,922.984375,0.45454545454545453,0.22727272727272727,,0.9660826446280992,,eval_data\mixed_vivos\vi_VIVOSDEV02_T043_steady_15.wav,,,
vivos/whisper-small-faster-whisper-cpu,vi-asr-VIVOSDEV02_T043-steady-10,ASR,vi,,10.0,steady,whisper-small-faster-whisper-cpu,3.311,922.984375,0.5454545454545454,0.2727272727272727,,0.8756363636363637,,eval_data\mixed_vivos\vi_VIVOSDEV02_T043_steady_10.wav,,,
vivos/whisper-small-faster-whisper-cpu,vi-asr-VIVOSDEV02_T043-steady-5,ASR,vi,,5.0,steady,whisper-small-faster-whisper-cpu,3.3421,922.984375,1.5454545454545454,1.25,,0.8838611570247934,,eval_data\mixed_vivos\vi_VIVOSDEV02_T043_steady_5.wav,,,
vivos/whisper-small-faster-whisper-cpu,vi-asr-VIVOSDEV02_T043-steady-0,ASR,vi,,0.0,steady,whisper-small-faster-whisper-cpu,2.497,922.984375,1.0,0.75,,0.6603636363636364,,eval_data\mixed_vivos\vi_VIVOSDEV02_T043_steady_0.wav,,,
vivos/whisper-small-faster-whisper-cpu,vi-asr-VIVOSDEV02_T043-impulsive-15,ASR,vi,,15.0,impulsive,whisper-small-faster-whisper-cpu,2.5054,922.984375,0.36363636363636365,0.20454545454545456,,0.6625851239669421,,eval_data\mixed_vivos\vi_VIVOSDEV02_T043_impulsive_15.wav,,,
vivos/whisper-small-faster-whisper-cpu,vi-asr-VIVOSDEV02_T043-impulsive-10,ASR,vi,,10.0,impulsive,whisper-small-faster-whisper-cpu,2.4873,922.984375,0.36363636363636365,0.20454545454545456,,0.657798347107438,,eval_data\mixed_vivos\vi_VIVOSDEV02_T043_impulsive_10.wav,,,
vivos/whisper-small-faster-whisper-cpu,vi-asr-VIVOSDEV02_T043-impulsive-5,ASR,vi,,5.0,impulsive,whisper-small-faster-whisper-cpu,2.5133,922.984375,0.36363636363636365,0.20454545454545456,,0.6646743801652892,,eval_data\mixed_vivos\vi_VIVOSDEV02_T043_impulsive_5.wav,,,
vivos/whisper-small-faster-whisper-cpu,vi-asr-VIVOSDEV02_T043-impulsive-0,ASR,vi,,0.0,impulsive,whisper-small-faster-whisper-cpu,2.5164,922.984375,0.36363636363636365,0.13636363636363635,,0.665494214876033,,eval_data\mixed_vivos\vi_VIVOSDEV02_T043_impulsive_0.wav,,,
vivos/whisper-small-faster-whisper-cpu,vi-asr-VIVOSDEV03_R041-clean,ASR,vi,,,clean,whisper-small-faster-whisper-cpu,2.59,922.984375,0.2222222222222222,0.05555555555555555,,0.8817021276595745,,eval_data\mixed_vivos\vi_VIVOSDEV03_R041_clean.wav,,,
vivos/whisper-small-faster-whisper-cpu,vi-asr-VIVOSDEV03_R041-steady-15,ASR,vi,,15.0,steady,whisper-small-faster-whisper-cpu,2.5279,922.984375,0.2222222222222222,0.05555555555555555,,0.8605617021276595,,eval_data\mixed_vivos\vi_VIVOSDEV03_R041_steady_15.wav,,,
vivos/whisper-small-faster-whisper-cpu,vi-asr-VIVOSDEV03_R041-steady-10,ASR,vi,,10.0,steady,whisper-small-faster-whisper-cpu,2.4975,922.984375,0.1111111111111111,0.05555555555555555,,0.8502127659574469,,eval_data\mixed_vivos\vi_VIVOSDEV03_R041_steady_10.wav,,,
vivos/whisper-small-faster-whisper-cpu,vi-asr-VIVOSDEV03_R041-steady-5,ASR,vi,,5.0,steady,whisper-small-faster-whisper-cpu,2.3568,922.984375,0.2222222222222222,0.1388888888888889,,0.8023148936170212,,eval_data\mixed_vivos\vi_VIVOSDEV03_R041_steady_5.wav,,,
vivos/whisper-small-faster-whisper-cpu,vi-asr-VIVOSDEV03_R041-steady-0,ASR,vi,,0.0,steady,whisper-small-faster-whisper-cpu,2.5014,922.984375,0.4444444444444444,0.3055555555555556,,0.8515404255319149,,eval_data\mixed_vivos\vi_VIVOSDEV03_R041_steady_0.wav,,,
vivos/whisper-small-faster-whisper-cpu,vi-asr-VIVOSDEV03_R041-impulsive-15,ASR,vi,,15.0,impulsive,whisper-small-faster-whisper-cpu,2.4436,922.984375,0.1111111111111111,0.027777777777777776,,0.831863829787234,,eval_data\mixed_vivos\vi_VIVOSDEV03_R041_impulsive_15.wav,,,
vivos/whisper-small-faster-whisper-cpu,vi-asr-VIVOSDEV03_R041-impulsive-10,ASR,vi,,10.0,impulsive,whisper-small-faster-whisper-cpu,2.461,922.984375,0.1111111111111111,0.027777777777777776,,0.8377872340425532,,eval_data\mixed_vivos\vi_VIVOSDEV03_R041_impulsive_10.wav,,,
vivos/whisper-small-faster-whisper-cpu,vi-asr-VIVOSDEV03_R041-impulsive-5,ASR,vi,,5.0,impulsive,whisper-small-faster-whisper-cpu,2.442,922.984375,0.1111111111111111,0.027777777777777776,,0.8313191489361703,,eval_data\mixed_vivos\vi_VIVOSDEV03_R041_impulsive_5.wav,,,
vivos/whisper-small-faster-whisper-cpu,vi-asr-VIVOSDEV03_R041-impulsive-0,ASR,vi,,0.0,impulsive,whisper-small-faster-whisper-cpu,2.3967,922.984375,0.0,0.0,,0.8158978723404255,,eval_data\mixed_vivos\vi_VIVOSDEV03_R041_impulsive_0.wav,,,
vivos/whisper-small-faster-whisper-cpu,vi-asr-VIVOSDEV03_R082-clean,ASR,vi,,,clean,whisper-small-faster-whisper-cpu,2.4877,922.984375,0.16666666666666666,0.0392156862745098,,0.6317968253968254,,eval_data\mixed_vivos\vi_VIVOSDEV03_R082_clean.wav,,,
vivos/whisper-small-faster-whisper-cpu,vi-asr-VIVOSDEV03_R082-steady-15,ASR,vi,,15.0,steady,whisper-small-faster-whisper-cpu,2.4386,922.984375,0.16666666666666666,0.0392156862745098,,0.6193269841269842,,eval_data\mixed_vivos\vi_VIVOSDEV03_R082_steady_15.wav,,,
vivos/whisper-small-faster-whisper-cpu,vi-asr-VIVOSDEV03_R082-steady-10,ASR,vi,,10.0,steady,whisper-small-faster-whisper-cpu,2.4086,922.984375,0.25,0.09803921568627451,,0.6117079365079364,,eval_data\mixed_vivos\vi_VIVOSDEV03_R082_steady_10.wav,,,
vivos/whisper-small-faster-whisper-cpu,vi-asr-VIVOSDEV03_R082-steady-5,ASR,vi,,5.0,steady,whisper-small-faster-whisper-cpu,2.4005,922.984375,0.16666666666666666,0.0784313725490196,,0.6096507936507937,,eval_data\mixed_vivos\vi_VIVOSDEV03_R082_steady_5.wav,,,
vivos/whisper-small-faster-whisper-cpu,vi-asr-VIVOSDEV03_R082-steady-0,ASR,vi,,0.0,steady,whisper-small-faster-whisper-cpu,2.4464,922.984375,0.4166666666666667,0.19607843137254902,,0.6213079365079366,,eval_data\mixed_vivos\vi_VIVOSDEV03_R082_steady_0.wav,,,
vivos/whisper-small-faster-whisper-cpu,vi-asr-VIVOSDEV03_R082-impulsive-15,ASR,vi,,15.0,impulsive,whisper-small-faster-whisper-cpu,2.446,922.984375,0.25,0.09803921568627451,,0.6212063492063492,,eval_data\mixed_vivos\vi_VIVOSDEV03_R082_impulsive_15.wav,,,
vivos/whisper-small-faster-whisper-cpu,vi-asr-VIVOSDEV03_R082-impulsive-10,ASR,vi,,10.0,impulsive,whisper-small-faster-whisper-cpu,2.3903,922.984375,0.25,0.09803921568627451,,0.6070603174603174,,eval_data\mixed_vivos\vi_VIVOSDEV03_R082_impulsive_10.wav,,,
vivos/whisper-small-faster-whisper-cpu,vi-asr-VIVOSDEV03_R082-impulsive-5,ASR,vi,,5.0,impulsive,whisper-small-faster-whisper-cpu,2.392,922.984375,0.16666666666666666,0.0392156862745098,,0.6074920634920634,,eval_data\mixed_vivos\vi_VIVOSDEV03_R082_impulsive_5.wav,,,
vivos/whisper-small-faster-whisper-cpu,vi-asr-VIVOSDEV03_R082-impulsive-0,ASR,vi,,0.0,impulsive,whisper-small-faster-whisper-cpu,2.4628,922.984375,0.16666666666666666,0.0392156862745098,,0.6254730158730158,,eval_data\mixed_vivos\vi_VIVOSDEV03_R082_impulsive_0.wav,,,
vivos/whisper-small-faster-whisper-cpu,vi-asr-VIVOSDEV03_R117-clean,ASR,vi,,,clean,whisper-small-faster-whisper-cpu,2.3887,922.984375,0.14285714285714285,0.06896551724137931,,1.3410245614035088,,eval_data\mixed_vivos\vi_VIVOSDEV03_R117_clean.wav,,,
vivos/whisper-small-faster-whisper-cpu,vi-asr-VIVOSDEV03_R117-steady-15,ASR,vi,,15.0,steady,whisper-small-faster-whisper-cpu,2.3465,922.984375,0.0,0.0,,1.3173333333333332,,eval_data\mixed_vivos\vi_VIVOSDEV03_R117_steady_15.wav,,,
vivos/whisper-small-faster-whisper-cpu,vi-asr-VIVOSDEV03_R117-steady-10,ASR,vi,,10.0,steady,whisper-small-faster-whisper-cpu,2.3029,922.984375,0.0,0.0,,1.2928561403508774,,eval_data\mixed_vivos\vi_VIVOSDEV03_R117_steady_10.wav,,,
vivos/whisper-small-faster-whisper-cpu,vi-asr-VIVOSDEV03_R117-steady-5,ASR,vi,,5.0,steady,whisper-small-faster-whisper-cpu,2.3675,922.984375,0.42857142857142855,0.2413793103448276,,1.329122807017544,,eval_data\mixed_vivos\vi_VIVOSDEV03_R117_steady_5.wav,,,
vivos/whisper-small-faster-whisper-cpu,vi-asr-VIVOSDEV03_R117-steady-0,ASR,vi,,0.0,steady,whisper-small-faster-whisper-cpu,2.3139,922.984375,0.42857142857142855,0.3103448275862069,,1.2990315789473683,,eval_data\mixed_vivos\vi_VIVOSDEV03_R117_steady_0.wav,,,
vivos/whisper-small-faster-whisper-cpu,vi-asr-VIVOSDEV03_R117-impulsive-15,ASR,vi,,15.0,impulsive,whisper-small-faster-whisper-cpu,2.3484,922.984375,0.0,0.0,,1.3183999999999998,,eval_data\mixed_vivos\vi_VIVOSDEV03_R117_impulsive_15.wav,,,
vivos/whisper-small-faster-whisper-cpu,vi-asr-VIVOSDEV03_R117-impulsive-10,ASR,vi,,10.0,impulsive,whisper-small-faster-whisper-cpu,2.3599,922.984375,0.0,0.0,,1.3248561403508772,,eval_data\mixed_vivos\vi_VIVOSDEV03_R117_impulsive_10.wav,,,
vivos/whisper-small-faster-whisper-cpu,vi-asr-VIVOSDEV03_R117-impulsive-5,ASR,vi,,5.0,impulsive,whisper-small-faster-whisper-cpu,2.4219,922.984375,0.0,0.0,,1.359663157894737,,eval_data\mixed_vivos\vi_VIVOSDEV03_R117_impulsive_5.wav,,,
vivos/whisper-small-faster-whisper-cpu,vi-asr-VIVOSDEV03_R117-impulsive-0,ASR,vi,,0.0,impulsive,whisper-small-faster-whisper-cpu,2.4279,922.984375,0.14285714285714285,0.13793103448275862,,1.3630315789473686,,eval_data\mixed_vivos\vi_VIVOSDEV03_R117_impulsive_0.wav,,,
vivos/whisper-small-faster-whisper-cpu,vi-asr-VIVOSDEV03_R148-clean,ASR,vi,,,clean,whisper-small-faster-whisper-cpu,2.3924,922.984375,0.1,0.023255813953488372,,0.7974666666666667,,eval_data\mixed_vivos\vi_VIVOSDEV03_R148_clean.wav,,,
vivos/whisper-small-faster-whisper-cpu,vi-asr-VIVOSDEV03_R148-steady-15,ASR,vi,,15.0,steady,whisper-small-faster-whisper-cpu,2.4489,922.984375,0.0,0.0,,0.8163,,eval_data\mixed_vivos\vi_VIVOSDEV03_R148_steady_15.wav,,,
vivos/whisper-small-faster-whisper-cpu,vi-asr-VIVOSDEV03_R148-steady-10,ASR,vi,,10.0,steady,whisper-small-faster-whisper-cpu,2.4996,922.984375,0.0,0.0,,0.8332,,eval_data\mixed_vivos\vi_VIVOSDEV03_R148_steady_10.wav,,,
vivos/whisper-small-faster-whisper-cpu,vi-asr-VIVOSDEV03_R148-steady-5,ASR,vi,,5.0,steady,whisper-small-faster-whisper-cpu,2.6647,922.984375,0.1,0.023255813953488372,,0.8882333333333333,,eval_data\mixed_vivos\vi_VIVOSDEV03_R148_steady_5.wav,,,
vivos/whisper-small-faster-whisper-cpu,vi-asr-VIVOSDEV03_R148-steady-0,ASR,vi,,0.0,steady,whisper-small-faster-whisper-cpu,2.7929,922.984375,0.5,0.13953488372093023,,0.9309666666666666,,eval_data\mixed_vivos\vi_VIVOSDEV03_R148_steady_0.wav,,,
vivos/whisper-small-faster-whisper-cpu,vi-asr-VIVOSDEV03_R148-impulsive-15,ASR,vi,,15.0,impulsive,whisper-small-faster-whisper-cpu,2.6651,922.984375,0.1,0.023255813953488372,,0.8883666666666666,,eval_data\mixed_vivos\vi_VIVOSDEV03_R148_impulsive_15.wav,,,
vivos/whisper-small-faster-whisper-cpu,vi-asr-VIVOSDEV03_R148-impulsive-10,ASR,vi,,10.0,impulsive,whisper-small-faster-whisper-cpu,2.7076,922.984375,0.2,0.046511627906976744,,0.9025333333333333,,eval_data\mixed_vivos\vi_VIVOSDEV03_R148_impulsive_10.wav,,,
vivos/whisper-small-faster-whisper-cpu,vi-asr-VIVOSDEV03_R148-impulsive-5,ASR,vi,,5.0,impulsive,whisper-small-faster-whisper-cpu,2.7102,922.984375,0.2,0.046511627906976744,,0.9034,,eval_data\mixed_vivos\vi_VIVOSDEV03_R148_impulsive_5.wav,,,
vivos/whisper-small-faster-whisper-cpu,vi-asr-VIVOSDEV03_R148-impulsive-0,ASR,vi,,0.0,impulsive,whisper-small-faster-whisper-cpu,2.7434,922.984375,0.2,0.046511627906976744,,0.9144666666666666,,eval_data\mixed_vivos\vi_VIVOSDEV03_R148_impulsive_0.wav,,,
vivos/whisper-small-faster-whisper-cpu,vi-asr-VIVOSDEV03_R191-clean,ASR,vi,,,clean,whisper-small-faster-whisper-cpu,2.5308,922.984375,0.5,0.26666666666666666,,1.4997333333333334,,eval_data\mixed_vivos\vi_VIVOSDEV03_R191_clean.wav,,,
vivos/whisper-small-faster-whisper-cpu,vi-asr-VIVOSDEV03_R191-steady-15,ASR,vi,,15.0,steady,whisper-small-faster-whisper-cpu,2.6544,922.984375,0.25,0.13333333333333333,,1.5729777777777778,,eval_data\mixed_vivos\vi_VIVOSDEV03_R191_steady_15.wav,,,
vivos/whisper-small-faster-whisper-cpu,vi-asr-VIVOSDEV03_R191-steady-10,ASR,vi,,10.0,steady,whisper-small-faster-whisper-cpu,2.4959,922.984375,0.25,0.13333333333333333,,1.4790518518518516,,eval_data\mixed_vivos\vi_VIVOSDEV03_R191_steady_10.wav,,,
vivos/whisper-small-faster-whisper-cpu,vi-asr-VIVOSDEV03_R191-steady-5,ASR,vi,,5.0,steady,whisper-small-faster-whisper-cpu,2.554,922.984375,1.25,1.0,,1.5134814814814814,,eval_data\mixed_vivos\vi_VIVOSDEV03_R191_steady_5.wav,,,
vivos/whisper-small-faster-whisper-cpu,vi-asr-VIVOSDEV03_R191-steady-0,ASR,vi,,0.0,steady,whisper-small-faster-whisper-cpu,2.5001,922.984375,0.75,0.5333333333333333,,1.4815407407407408,,eval_data\mixed_vivos\vi_VIVOSDEV03_R191_steady_0.wav,,,
vivos/whisper-small-faster-whisper-cpu,vi-asr-VIVOSDEV03_R191-impulsive-15,ASR,vi,,15.0,impulsive,whisper-small-faster-whisper-cpu,2.5631,922.984375,0.5,0.2,,1.518874074074074,,eval_data\mixed_vivos\vi_VIVOSDEV03_R191_impulsive_15.wav,,,
vivos/whisper-small-faster-whisper-cpu,vi-asr-VIVOSDEV03_R191-impulsive-10,ASR,vi,,10.0,impulsive,whisper-small-faster-whisper-cpu,2.5932,922.984375,2.0,1.7333333333333334,,1.5367111111111111,,eval_data\mixed_vivos\vi_VIVOSDEV03_R191_impulsive_10.wav,,,
vivos/whisper-small-faster-whisper-cpu,vi-asr-VIVOSDEV03_R191-impulsive-5,ASR,vi,,5.0,impulsive,whisper-small-faster-whisper-cpu,2.3214,922.984375,0.75,0.4666666666666667,,1.3756444444444444,,eval_data\mixed_vivos\vi_VIVOSDEV03_R191_impulsive_5.wav,,,
vivos/whisper-small-faster-whisper-cpu,vi-asr-VIVOSDEV03_R191-impulsive-0,ASR,vi,,0.0,impulsive,whisper-small-faster-whisper-cpu,2.3754,922.984375,0.75,0.4666666666666667,,1.4076444444444445,,eval_data\mixed_vivos\vi_VIVOSDEV03_R191_impulsive_0.wav,,,
vivos/whisper-small-faster-whisper-cpu,vi-asr-VIVOSDEV03_T047-clean,ASR,vi,,,clean,whisper-small-faster-whisper-cpu,2.3531,922.984375,0.14285714285714285,0.029411764705882353,,1.0314958904109588,,eval_data\mixed_vivos\vi_VIVOSDEV03_T047_clean.wav,,,
vivos/whisper-small-faster-whisper-cpu,vi-asr-VIVOSDEV03_T047-steady-15,ASR,vi,,15.0,steady,whisper-small-faster-whisper-cpu,2.4881,922.984375,0.14285714285714285,0.029411764705882353,,1.09067397260274,,eval_data\mixed_vivos\vi_VIVOSDEV03_T047_steady_15.wav,,,
vivos/whisper-small-faster-whisper-cpu,vi-asr-VIVOSDEV03_T047-steady-10,ASR,vi,,10.0,steady,whisper-small-faster-whisper-cpu,2.3386,922.984375,0.2857142857142857,0.08823529411764706,,1.0251397260273973,,eval_data\mixed_vivos\vi_VIVOSDEV03_T047_steady_10.wav,,,
vivos/whisper-small-faster-whisper-cpu,vi-asr-VIVOSDEV03_T047-steady-5,ASR,vi,,5.0,steady,whisper-small-faster-whisper-cpu,2.3113,922.984375,0.2857142857142857,0.14705882352941177,,1.013172602739726,,eval_data\mixed_vivos\vi_VIVOSDEV03_T047_steady_5.wav,,,
vivos/whisper-small-faster-whisper-cpu,vi-asr-VIVOSDEV03_T047-steady-0,ASR,vi,,0.0,steady,whisper-small-faster-whisper-cpu,2.4236,922.984375,0.2857142857142857,0.14705882352941177,,1.0624,,eval_data\mixed_vivos\vi_VIVOSDEV03_T047_steady_0.wav,,,
vivos/whisper-small-faster-whisper-cpu,vi-asr-VIVOSDEV03_T047-impulsive-15,ASR,vi,,15.0,impulsive,whisper-small-faster-whisper-cpu,2.5802,922.984375,0.14285714285714285,0.029411764705882353,,1.1310465753424657,,eval_data\mixed_vivos\vi_VIVOSDEV03_T047_impulsive_15.wav,,,
vivos/whisper-small-faster-whisper-cpu,vi-asr-VIVOSDEV03_T047-impulsive-10,ASR,vi,,10.0,impulsive,whisper-small-faster-whisper-cpu,2.3644,922.984375,0.0,0.0,,1.036449315068493,,eval_data\mixed_vivos\vi_VIVOSDEV03_T047_impulsive_10.wav,,,
vivos/whisper-small-faster-whisper-cpu,vi-asr-VIVOSDEV03_T047-impulsive-5,ASR,vi,,5.0,impulsive,whisper-small-faster-whisper-cpu,2.4517,922.984375,0.14285714285714285,0.029411764705882353,,1.0747178082191782,,eval_data\mixed_vivos\vi_VIVOSDEV03_T047_impulsive_5.wav,,,
vivos/whisper-small-faster-whisper-cpu,vi-asr-VIVOSDEV03_T047-impulsive-0,ASR,vi,,0.0,impulsive,whisper-small-faster-whisper-cpu,2.4871,922.984375,0.14285714285714285,0.029411764705882353,,1.0902356164383562,,eval_data\mixed_vivos\vi_VIVOSDEV03_T047_impulsive_0.wav,,,
vivos/whisper-small-faster-whisper-cpu,vi-asr-VIVOSDEV04_R002-clean,ASR,vi,,,clean,whisper-small-faster-whisper-cpu,2.3734,922.984375,0.25,0.09375,,0.7032296296296296,,eval_data\mixed_vivos\vi_VIVOSDEV04_R002_clean.wav,,,
vivos/whisper-small-faster-whisper-cpu,vi-asr-VIVOSDEV04_R002-steady-15,ASR,vi,,15.0,steady,whisper-small-faster-whisper-cpu,2.4841,922.984375,0.125,0.0625,,0.7360296296296297,,eval_data\mixed_vivos\vi_VIVOSDEV04_R002_steady_15.wav,,,
vivos/whisper-small-faster-whisper-cpu,vi-asr-VIVOSDEV04_R002-steady-10,ASR,vi,,10.0,steady,whisper-small-faster-whisper-cpu,2.3978,922.984375,0.125,0.0625,,0.7104592592592593,,eval_data\mixed_vivos\vi_VIVOSDEV04_R002_steady_10.wav,,,
vivos/whisper-small-faster-whisper-cpu,vi-asr-VIVOSDEV04_R002-steady-5,ASR,vi,,5.0,steady,whisper-small-faster-whisper-cpu,2.4052,922.984375,0.125,0.0625,,0.7126518518518518,,eval_data\mixed_vivos\vi_VIVOSDEV04_R002_steady_5.wav,,,
vivos/whisper-small-faster-whisper-cpu,vi-asr-VIVOSDEV04_R002-steady-0,ASR,vi,,0.0,steady,whisper-small-faster-whisper-cpu,2.5419,922.984375,0.375,0.1875,,0.7531555555555556,,eval_data\mixed_vivos\vi_VIVOSDEV04_R002_steady_0.wav,,,
vivos/whisper-small-faster-whisper-cpu,vi-asr-VIVOSDEV04_R002-impulsive-15,ASR,vi,,15.0,impulsive,whisper-small-faster-whisper-cpu,2.5337,922.984375,0.125,0.0625,,0.7507259259259259,,eval_data\mixed_vivos\vi_VIVOSDEV04_R002_impulsive_15.wav,,,
vivos/whisper-small-faster-whisper-cpu,vi-asr-VIVOSDEV04_R002-impulsive-10,ASR,vi,,10.0,impulsive,whisper-small-faster-whisper-cpu,2.4303,922.984375,0.125,0.0625,,0.7200888888888889,,eval_data\mixed_vivos\vi_VIVOSDEV04_R002_impulsive_10.wav,,,
vivos/whisper-small-faster-whisper-cpu,vi-asr-VIVOSDEV04_R002-impulsive-5,ASR,vi,,5.0,impulsive,whisper-small-faster-whisper-cpu,2.6224,922.984375,0.25,0.09375,,0.7770074074074074,,eval_data\mixed_vivos\vi_VIVOSDEV04_R002_impulsive_5.wav,,,
vivos/whisper-small-faster-whisper-cpu,vi-asr-VIVOSDEV04_R002-impulsive-0,ASR,vi,,0.0,impulsive,whisper-small-faster-whisper-cpu,3.196,922.984375,0.25,0.09375,,0.946962962962963,,eval_data\mixed_vivos\vi_VIVOSDEV04_R002_impulsive_0.wav,,,
vivos/whisper-small-faster-whisper-cpu,vi-asr-VIVOSDEV04_R063-clean,ASR,vi,,,clean,whisper-small-faster-whisper-cpu,3.2551,922.984375,0.5714285714285714,0.3103448275862069,,0.840025806451613,,eval_data\mixed_vivos\vi_VIVOSDEV04_R063_clean.wav,,,
vivos/whisper-small-faster-whisper-cpu,vi-asr-VIVOSDEV04_R063-steady-15,ASR,vi,,15.0,steady,whisper-small-faster-whisper-cpu,3.6032,922.984375,0.5714285714285714,0.27586206896551724,,0.9298580645161291,,eval_data\mixed_vivos\vi_VIVOSDEV04_R063_steady_15.wav,,,
vivos/whisper-small-faster-whisper-cpu,vi-asr-VIVOSDEV04_R063-steady-10,ASR,vi,,10.0,steady,whisper-small-faster-whisper-cpu,3.7023,922.984375,0.5714285714285714,0.27586206896551724,,0.9554322580645161,,eval_data\mixed_vivos\vi_VIVOSDEV04_R063_steady_10.wav,,,
vivos/whisper-small-faster-whisper-cpu,vi-asr-VIVOSDEV04_R063-steady-5,ASR,vi,,5.0,steady,whisper-small-faster-whisper-cpu,3.5748,922.984375,0.7142857142857143,0.3793103448275862,,0.9225290322580646,,eval_data\mixed_vivos\vi_VIVOSDEV04_R063_steady_5.wav,,,
vivos/whisper-small-faster-whisper-cpu,vi-asr-VIVOSDEV04_R063-steady-0,ASR,vi,,0.0,steady,whisper-small-faster-whisper-cpu,3.5521,922.984375,0.7142857142857143,0.41379310344827586,,0.9166709677419355,,eval_data\mixed_vivos\vi_VIVOSDEV04_R063_steady_0.wav,,,
vivos/whisper-small-faster-whisper-cpu,vi-asr-VIVOSDEV04_R063-impulsive-15,ASR,vi,,15.0,impulsive,whisper-small-faster-whisper-cpu,3.1012,922.984375,0.5714285714285714,0.3103448275862069,,0.8003096774193549,,eval_data\mixed_vivos\vi_VIVOSDEV04_R063_impulsive_15.wav,,,
vivos/whisper-small-faster-whisper-cpu,vi-asr-VIVOSDEV04_R063-impulsive-10,ASR,vi,,10.0,impulsive,whisper-small-faster-whisper-cpu,3.2188,922.984375,0.5714285714285714,0.3103448275862069,,0.830658064516129,,eval_data\mixed_vivos\vi_VIVOSDEV04_R063_impulsive_10.wav,,,
vivos/whisper-small-faster-whisper-cpu,vi-asr-VIVOSDEV04_R063-impulsive-5,ASR,vi,,5.0,impulsive,whisper-small-faster-whisper-cpu,3.7996,922.984375,0.5714285714285714,0.3103448275862069,,0.9805419354838709,,eval_data\mixed_vivos\vi_VIVOSDEV04_R063_impulsive_5.wav,,,
vivos/whisper-small-faster-whisper-cpu,vi-asr-VIVOSDEV04_R063-impulsive-0,ASR,vi,,0.0,impulsive,whisper-small-faster-whisper-cpu,4.1852,922.984375,0.5714285714285714,0.3103448275862069,,1.0800516129032258,,eval_data\mixed_vivos\vi_VIVOSDEV04_R063_impulsive_0.wav,,,
vivos/whisper-small-faster-whisper-cpu,vi-asr-VIVOSDEV04_R097-clean,ASR,vi,,,clean,whisper-small-faster-whisper-cpu,3.5923,922.984375,0.5,0.2222222222222222,,1.5125473684210526,,eval_data\mixed_vivos\vi_VIVOSDEV04_R097_clean.wav,,,
vivos/whisper-small-faster-whisper-cpu,vi-asr-VIVOSDEV04_R097-steady-15,ASR,vi,,15.0,steady,whisper-small-faster-whisper-cpu,3.1221,922.984375,0.5,0.2222222222222222,,1.3145684210526316,,eval_data\mixed_vivos\vi_VIVOSDEV04_R097_steady_15.wav,,,
vivos/whisper-small-faster-whisper-cpu,vi-asr-VIVOSDEV04_R097-steady-10,ASR,vi,,10.0,steady,whisper-small-faster-whisper-cpu,3.3743,922.984375,0.3333333333333333,0.18518518518518517,,1.420757894736842,,eval_data\mixed_vivos\vi_VIVOSDEV04_R097_steady_10.wav,,,
vivos/whisper-small-faster-whisper-cpu,vi-asr-VIVOSDEV04_R097-steady-5,ASR,vi,,5.0,steady,whisper-small-faster-whisper-cpu,3.1373,922.984375,0.5,0.2962962962962963,,1.3209684210526316,,eval_data\mixed_vivos\vi_VIVOSDEV04_R097_steady_5.wav,,,
vivos/whisper-small-faster-whisper-cpu,vi-asr-VIVOSDEV04_R097-steady-0,ASR,vi,,0.0,steady,whisper-small-faster-whisper-cpu,3.2076,922.984375,0.5,0.2962962962962963,,1.3505684210526314,,eval_data\mixed_vivos\vi_VIVOSDEV04_R097_steady_0.wav,,,
vivos/whisper-small-faster-whisper-cpu,vi-asr-VIVOSDEV04_R097-impulsive-15,ASR,vi,,15.0,impulsive,whisper-small-faster-whisper-cpu,3.1629,922.984375,0.3333333333333333,0.18518518518518517,,1.3317473684210526,,eval_data\mixed_vivos\vi_VIVOSDEV04_R097_impulsive_15.wav,,,
vivos/whisper-small-faster-whisper-cpu,vi-asr-VIVOSDEV04_R097-impulsive-10,ASR,vi,,10.0,impulsive,whisper-small-faster-whisper-cpu,3.4076,922.984375,0.3333333333333333,0.18518518518518517,,1.434778947368421,,eval_data\mixed_vivos\vi_VIVOSDEV04_R097_impulsive_10.wav,,,
vivos/whisper-small-faster-whisper-cpu,vi-asr-VIVOSDEV04_R097-impulsive-5,ASR,vi,,5.0,impulsive,whisper-small-faster-whisper-cpu,3.3396,922.984375,0.3333333333333333,0.18518518518518517,,1.4061473684210526,,eval_data\mixed_vivos\vi_VIVOSDEV04_R097_impulsive_5.wav,,,
vivos/whisper-small-faster-whisper-cpu,vi-asr-VIVOSDEV04_R097-impulsive-0,ASR,vi,,0.0,impulsive,whisper-small-faster-whisper-cpu,3.1169,922.984375,0.3333333333333333,0.18518518518518517,,1.3123789473684209,,eval_data\mixed_vivos\vi_VIVOSDEV04_R097_impulsive_0.wav,,,
vivos/whisper-small-faster-whisper-cpu,vi-asr-VIVOSDEV04_R118-clean,ASR,vi,,,clean,whisper-small-faster-whisper-cpu,3.4223,922.984375,0.42857142857142855,0.20689655172413793,,1.4222545454545454,,eval_data\mixed_vivos\vi_VIVOSDEV04_R118_clean.wav,,,
vivos/whisper-small-faster-whisper-cpu,vi-asr-VIVOSDEV04_R118-steady-15,ASR,vi,,15.0,steady,whisper-small-faster-whisper-cpu,3.3309,922.984375,0.5714285714285714,0.3103448275862069,,1.3842701298701299,,eval_data\mixed_vivos\vi_VIVOSDEV04_R118_steady_15.wav,,,
vivos/whisper-small-faster-whisper-cpu,vi-asr-VIVOSDEV04_R118-steady-10,ASR,vi,,10.0,steady,whisper-small-faster-whisper-cpu,5.282,922.984375,0.5714285714285714,0.3103448275862069,,2.1951168831168832,,eval_data\mixed_vivos\vi_VIVOSDEV04_R118_steady_10.wav,,,
vivos/whisper-small-faster-whisper-cpu,vi-asr-VIVOSDEV04_R118-steady-5,ASR,vi,,5.0,steady,whisper-small-faster-whisper-cpu,4.3338,922.984375,0.5714285714285714,0.41379310344827586,,1.8010597402597404,,eval_data\mixed_vivos\vi_VIVOSDEV04_R118_steady_5.wav,,,
vivos/whisper-small-faster-whisper-cpu,vi-asr-VIVOSDEV04_R118-steady-0,ASR,vi,,0.0,steady,whisper-small-faster-whisper-cpu,3.0622,922.984375,0.5714285714285714,0.3793103448275862,,1.2726025974025974,,eval_data\mixed_vivos\vi_VIVOSDEV04_R118_steady_0.wav,,,
vivos/whisper-small-faster-whisper-cpu,vi-asr-VIVOSDEV04_R118-impulsive-15,ASR,vi,,15.0,impulsive,whisper-small-faster-whisper-cpu,3.0319,922.984375,0.42857142857142855,0.1724137931034483,,1.2600103896103896,,eval_data\mixed_vivos\vi_VIVOSDEV04_R118_impulsive_15.wav,,,
vivos/whisper-small-faster-whisper-cpu,vi-asr-VIVOSDEV04_R118-impulsive-10,ASR,vi,,10.0,impulsive,whisper-small-faster-whisper-cpu,3.2768,922.984375,0.5714285714285714,0.3103448275862069,,1.361787012987013,,eval_data\mixed_vivos\vi_VIVOSDEV04_R118_impulsive_10.wav,,,
vivos/whisper-small-faster-whisper-cpu,vi-asr-VIVOSDEV04_R118-impulsive-5,ASR,vi,,5.0,impulsive,whisper-small-faster-whisper-cpu,3.1347,922.984375,0.5714285714285714,0.3448275862068966,,1.3027324675324676,,eval_data\mixed_vivos\vi_VIVOSDEV04_R118_impulsive_5.wav,,,
vivos/whisper-small-faster-whisper-cpu,vi-asr-VIVOSDEV04_R118-impulsive-0,ASR,vi,,0.0,impulsive,whisper-small-faster-whisper-cpu,3.1106,922.984375,0.5714285714285714,0.3448275862068966,,1.292716883116883,,eval_data\mixed_vivos\vi_VIVOSDEV04_R118_impulsive_0.wav,,,
vivos/whisper-small-faster-whisper-cpu,vi-asr-VIVOSDEV04_R152-clean,ASR,vi,,,clean,whisper-small-faster-whisper-cpu,3.6713,922.984375,0.25,0.07017543859649122,,0.8102179310344828,,eval_data\mixed_vivos\vi_VIVOSDEV04_R152_clean.wav,,,
vivos/whisper-small-faster-whisper-cpu,vi-asr-VIVOSDEV04_R152-steady-15,ASR,vi,,15.0,steady,whisper-small-faster-whisper-cpu,3.2965,922.984375,0.4166666666666667,0.14035087719298245,,0.7275034482758621,,eval_data\mixed_vivos\vi_VIVOSDEV04_R152_steady_15.wav,,,
vivos/whisper-small-faster-whisper-cpu,vi-asr-VIVOSDEV04_R152-steady-10,ASR,vi,,10.0,steady,whisper-small-faster-whisper-cpu,3.2126,922.984375,0.4166666666666667,0.14035087719298245,,0.7089875862068966,,eval_data\mixed_vivos\vi_VIVOSDEV04_R152_steady_10.wav,,,
vivos/whisper-small-faster-whisper-cpu,vi-asr-VIVOSDEV04_R152-steady-5,ASR,vi,,5.0,steady,whisper-small-faster-whisper-cpu,3.5512,922.984375,0.5,0.17543859649122806,,0.7837131034482759,,eval_data\mixed_vivos\vi_VIVOSDEV04_R152_steady_5.wav,,,
vivos/whisper-small-faster-whisper-cpu,vi-asr-VIVOSDEV04_R152-steady-0,ASR,vi,,0.0,steady,whisper-small-faster-whisper-cpu,4.3676,922.984375,0.5833333333333334,0.19298245614035087,,0.9638841379310346,,eval_data\mixed_vivos\vi_VIVOSDEV04_R152_steady_0.wav,,,
vivos/whisper-small-faster-whisper-cpu,vi-asr-VIVOSDEV04_R152-impulsive-15,ASR,vi,,15.0,impulsive,whisper-small-faster-whisper-cpu,5.0901,922.984375,0.3333333333333333,0.10526315789473684,,1.1233324137931033,,eval_data\mixed_vivos\vi_VIVOSDEV04_R152_impulsive_15.wav,,,
vivos/whisper-small-faster-whisper-cpu,vi-asr-VIVOSDEV04_R152-impulsive-10,ASR,vi,,10.0,impulsive,whisper-small-faster-whisper-cpu,3.5837,922.984375,0.3333333333333333,0.10526315789473684,,0.7908855172413792,,eval_data\mixed_vivos\vi_VIVOSDEV04_R152_impulsive_10.wav,,,
vivos/whisper-small-faster-whisper-cpu,vi-asr-VIVOSDEV04_R152-impulsive-5,ASR,vi,,5.0,impulsive,whisper-small-faster-whisper-cpu,3.4389,922.984375,0.25,0.07017543859649122,,0.7589296551724137,,eval_data\mixed_vivos\vi_VIVOSDEV04_R152_impulsive_5.wav,,,
vivos/whisper-small-faster-whisper-cpu,vi-asr-VIVOSDEV04_R152-impulsive-0,ASR,vi,,0.0,impulsive,whisper-small-faster-whisper-cpu,3.6669,922.984375,0.25,0.07017543859649122,,0.8092468965517241,,eval_data\mixed_vivos\vi_VIVOSDEV04_R152_impulsive_0.wav,,,
vivos/whisper-small-faster-whisper-cpu,vi-asr-VIVOSDEV04_T003-clean,ASR,vi,,,clean,whisper-small-faster-whisper-cpu,3.6328,922.984375,0.3333333333333333,0.10810810810810811,,1.22368,,eval_data\mixed_vivos\vi_VIVOSDEV04_T003_clean.wav,,,
vivos/whisper-small-faster-whisper-cpu,vi-asr-VIVOSDEV04_T003-steady-15,ASR,vi,,15.0,steady,whisper-small-faster-whisper-cpu,3.1283,922.984375,0.2222222222222222,0.05405405405405406,,1.0537431578947367,,eval_data\mixed_vivos\vi_VIVOSDEV04_T003_steady_15.wav,,,
vivos/whisper-small-faster-whisper-cpu,vi-asr-VIVOSDEV04_T003-steady-10,ASR,vi,,10.0,steady,whisper-small-faster-whisper-cpu,2.9995,922.984375,0.1111111111111111,0.02702702702702703,,1.0103578947368421,,eval_data\mixed_vivos\vi_VIVOSDEV04_T003_steady_10.wav,,,
vivos/whisper-small-faster-whisper-cpu,vi-asr-VIVOSDEV04_T003-steady-5,ASR,vi,,5.0,steady,whisper-small-faster-whisper-cpu,2.9882,922.984375,0.2222222222222222,0.05405405405405406,,1.0065515789473685,,eval_data\mixed_vivos\vi_VIVOSDEV04_T003_steady_5.wav,,,
vivos/whisper-small-faster-whisper-cpu,vi-asr-VIVOSDEV04_T003-steady-0,ASR,vi,,0.0,steady,whisper-small-faster-whisper-cpu,3.2071,922.984375,0.6666666666666666,0.2972972972972973,,1.0802863157894738,,eval_data\mixed_vivos\vi_VIVOSDEV04_T003_steady_0.wav,,,
vivos/whisper-small-faster-whisper-cpu,vi-asr-VIVOSDEV04_T003-impulsive-15,ASR,vi,,15.0,impulsive,whisper-small-faster-whisper-cpu,3.1128,922.984375,0.3333333333333333,0.10810810810810811,,1.048522105263158,,eval_data\mixed_vivos\vi_VIVOSDEV04_T003_impulsive_15.wav,,,
vivos/whisper-small-faster-whisper-cpu,vi-asr-VIVOSDEV04_T003-impulsive-10,ASR,vi,,10.0,impulsive,whisper-small-faster-whisper-cpu,3.129,922.984375,0.2222222222222222,0.08108108108108109,,1.0539789473684211,,eval_data\mixed_vivos\vi_VIVOSDEV04_T003_impulsive_10.wav,,,
vivos/whisper-small-faster-whisper-cpu,vi-asr-VIVOSDEV04_T003-impulsive-5,ASR,vi,,5.0,impulsive,whisper-small-faster-whisper-cpu,3.0803,922.984375,0.3333333333333333,0.10810810810810811,,1.037574736842105,,eval_data\mixed_vivos\vi_VIVOSDEV04_T003_impulsive_5.wav,,,
vivos/whisper-small-faster-whisper-cpu,vi-asr-VIVOSDEV04_T003-impulsive-0,ASR,vi,,0.0,impulsive,whisper-small-faster-whisper-cpu,3.1649,922.984375,0.3333333333333333,0.16216216216216217,,1.0660715789473683,,eval_data\mixed_vivos\vi_VIVOSDEV04_T003_impulsive_0.wav,,,
vivos/whisper-small-faster-whisper-cpu,vi-asr-VIVOSDEV05_043-clean,ASR,vi,,,clean,whisper-small-faster-whisper-cpu,3.1062,922.984375,0.2222222222222222,0.05128205128205128,,1.0353999999999999,,eval_data\mixed_vivos\vi_VIVOSDEV05_043_clean.wav,,,
vivos/whisper-small-faster-whisper-cpu,vi-asr-VIVOSDEV05_043-steady-15,ASR,vi,,15.0,steady,whisper-small-faster-whisper-cpu,3.2456,922.984375,0.2222222222222222,0.05128205128205128,,1.0818666666666668,,eval_data\mixed_vivos\vi_VIVOSDEV05_043_steady_15.wav,,,
vivos/whisper-small-faster-whisper-cpu,vi-asr-VIVOSDEV05_043-steady-10,ASR,vi,,10.0,steady,whisper-small-faster-whisper-cpu,3.1927,922.984375,0.1111111111111111,0.02564102564102564,,1.0642333333333334,,eval_data\mixed_vivos\vi_VIVOSDEV05_043_steady_10.wav,,,
vivos/whisper-small-faster-whisper-cpu,vi-asr-VIVOSDEV05_043-steady-5,ASR,vi,,5.0,steady,whisper-small-faster-whisper-cpu,3.1406,922.984375,0.2222222222222222,0.1282051282051282,,1.0468666666666666,,eval_data\mixed_vivos\vi_VIVOSDEV05_043_steady_5.wav,,,
vivos/whisper-small-faster-whisper-cpu,vi-asr-VIVOSDEV05_043-steady-0,ASR,vi,,0.0,steady,whisper-small-faster-whisper-cpu,2.9761,922.984375,0.2222222222222222,0.1282051282051282,,0.9920333333333334,,eval_data\mixed_vivos\vi_VIVOSDEV05_043_steady_0.wav,,,
vivos/whisper-small-faster-whisper-cpu,vi-asr-VIVOSDEV05_043-impulsive-15,ASR,vi,,15.0,impulsive,whisper-small-faster-whisper-cpu,2.859,922.984375,0.2222222222222222,0.05128205128205128,,0.953,,eval_data\mixed_vivos\vi_VIVOSDEV05_043_impulsive_15.wav,,,
vivos/whisper-small-faster-whisper-cpu,vi-asr-VIVOSDEV05_043-impulsive-10,ASR,vi,,10.0,impulsive,whisper-small-faster-whisper-cpu,2.8841,922.984375,0.2222222222222222,0.05128205128205128,,0.9613666666666667,,eval_data\mixed_vivos\vi_VIVOSDEV05_043_impulsive_10.wav,,,
vivos/whisper-small-faster-whisper-cpu,vi-asr-VIVOSDEV05_043-impulsive-5,ASR,vi,,5.0,impulsive,whisper-small-faster-whisper-cpu,3.1828,922.984375,0.2222222222222222,0.05128205128205128,,1.0609333333333333,,eval_data\mixed_vivos\vi_VIVOSDEV05_043_impulsive_5.wav,,,
vivos/whisper-small-faster-whisper-cpu,vi-asr-VIVOSDEV05_043-impulsive-0,ASR,vi,,0.0,impulsive,whisper-small-faster-whisper-cpu,3.2671,922.984375,0.2222222222222222,0.05128205128205128,,1.0890333333333333,,eval_data\mixed_vivos\vi_VIVOSDEV05_043_impulsive_0.wav,,,
vivos/whisper-small-faster-whisper-cpu,vi-asr-VIVOSDEV05_109-clean,ASR,vi,,,clean,whisper-small-faster-whisper-cpu,3.3216,922.984375,0.5,0.06976744186046512,,1.2962341463414635,,eval_data\mixed_vivos\vi_VIVOSDEV05_109_clean.wav,,,
vivos/whisper-small-faster-whisper-cpu,vi-asr-VIVOSDEV05_109-steady-15,ASR,vi,,15.0,steady,whisper-small-faster-whisper-cpu,3.032,922.984375,0.125,0.023255813953488372,,1.183219512195122,,eval_data\mixed_vivos\vi_VIVOSDEV05_109_steady_15.wav,,,
vivos/whisper-small-faster-whisper-cpu,vi-asr-VIVOSDEV05_109-steady-10,ASR,vi,,10.0,steady,whisper-small-faster-whisper-cpu,3.2079,922.984375,0.0,0.0,,1.2518634146341463,,eval_data\mixed_vivos\vi_VIVOSDEV05_109_steady_10.wav,,,
vivos/whisper-small-faster-whisper-cpu,vi-asr-VIVOSDEV05_109-steady-5,ASR,vi,,5.0,steady,whisper-small-faster-whisper-cpu,2.9876,922.984375,0.25,0.023255813953488372,,1.1658926829268292,,eval_data\mixed_vivos\vi_VIVOSDEV05_109_steady_5.wav,,,
vivos/whisper-small-faster-whisper-cpu,vi-asr-VIVOSDEV05_109-steady-0,ASR,vi,,0.0,steady,whisper-small-faster-whisper-cpu,3.0172,922.984375,0.375,0.11627906976744186,,1.1774439024390244,,eval_data\mixed_vivos\vi_VIVOSDEV05_109_steady_0.wav,,,
vivos/whisper-small-faster-whisper-cpu,vi-asr-VIVOSDEV05_109-impulsive-15,ASR,vi,,15.0,impulsive,whisper-small-faster-whisper-cpu,3.1583,922.984375,0.375,0.06976744186046512,,1.2325073170731708,,eval_data\mixed_vivos\vi_VIVOSDEV05_109_impulsive_15.wav,,,
vivos/whisper-small-faster-whisper-cpu,vi-asr-VIVOSDEV05_109-impulsive-10,ASR,vi,,10.0,impulsive,whisper-small-faster-whisper-cpu,3.0072,922.984375,0.375,0.06976744186046512,,1.1735414634146342,,eval_data\mixed_vivos\vi_VIVOSDEV05_109_impulsive_10.wav,,,
vivos/whisper-small-faster-whisper-cpu,vi-asr-VIVOSDEV05_109-impulsive-5,ASR,vi,,5.0,impulsive,whisper-small-faster-whisper-cpu,3.1932,922.984375,0.5,0.13953488372093023,,1.2461268292682928,,eval_data\mixed_vivos\vi_VIVOSDEV05_109_impulsive_5.wav,,,
vivos/whisper-small-faster-whisper-cpu,vi-asr-VIVOSDEV05_109-impulsive-0,ASR,vi,,0.0,impulsive,whisper-small-faster-whisper-cpu,3.1242,922.984375,0.5,0.13953488372093023,,1.2192,,eval_data\mixed_vivos\vi_VIVOSDEV05_109_impulsive_0.wav,,,
vivos/whisper-small-faster-whisper-cpu,vi-asr-VIVOSDEV05_136-clean,ASR,vi,,,clean,whisper-small-faster-whisper-cpu,2.8178,922.984375,0.16666666666666666,0.043478260869565216,,1.3260235294117648,,eval_data\mixed_vivos\vi_VIVOSDEV05_136_clean.wav,,,
vivos/whisper-small-faster-whisper-cpu,vi-asr-VIVOSDEV05_136-steady-15,ASR,vi,,15.0,steady,whisper-small-faster-whisper-cpu,2.5495,922.984375,0.16666666666666666,0.043478260869565216,,1.199764705882353,,eval_data\mixed_vivos\vi_VIVOSDEV05_136_steady_15.wav,,,
vivos/whisper-small-faster-whisper-cpu,vi-asr-VIVOSDEV05_136-steady-10,ASR,vi,,10.0,steady,whisper-small-faster-whisper-cpu,2.599,922.984375,0.0,0.0,,1.2230588235294118,,eval_data\mixed_vivos\vi_VIVOSDEV05_136_steady_10.wav,,,
vivos/whisper-small-faster-whisper-cpu,vi-asr-VIVOSDEV05_136-steady-5,ASR,vi,,5.0,steady,whisper-small-faster-whisper-cpu,2.8855,922.984375,0.16666666666666666,0.043478260869565216,,1.3578823529411765,,eval_data\mixed_vivos\vi_VIVOSDEV05_136_steady_5.wav,,,
vivos/whisper-small-faster-whisper-cpu,vi-asr-VIVOSDEV05_136-steady-0,ASR,vi,,0.0,steady,whisper-small-faster-whisper-cpu,2.4378,922.984375,0.5,0.4782608695652174,,1.1472,,eval_data\mixed_vivos\vi_VIVOSDEV05_136_steady_0.wav,,,
vivos/whisper-small-faster-whisper-cpu,vi-asr-VIVOSDEV05_136-impulsive-15,ASR,vi,,15.0,impulsive,whisper-small-faster-whisper-cpu,2.5495,922.984375,0.16666666666666666,0.043478260869565216,,1.199764705882353,,eval_data\mixed_vivos\vi_VIVOSDEV05_136_impulsive_15.wav,,,
vivos/whisper-small-faster-whisper-cpu,vi-asr-VIVOSDEV05_136-impulsive-10,ASR,vi,,10.0,impulsive,whisper-small-faster-whisper-cpu,2.51,922.984375,0.16666666666666666,0.043478260869565216,,1.1811764705882353,,eval_data\mixed_vivos\vi_VIVOSDEV05_136_impulsive_10.wav,,,
vivos/whisper-small-faster-whisper-cpu,vi-asr-VIVOSDEV05_136-impulsive-5,ASR,vi,,5.0,impulsive,whisper-small-faster-whisper-cpu,2.5135,922.984375,0.0,0.0,,1.1828235294117648,,eval_data\mixed_vivos\vi_VIVOSDEV05_136_impulsive_5.wav,,,
vivos/whisper-small-faster-whisper-cpu,vi-asr-VIVOSDEV05_136-impulsive-0,ASR,vi,,0.0,impulsive,whisper-small-faster-whisper-cpu,2.5336,922.984375,0.16666666666666666,0.043478260869565216,,1.1922823529411763,,eval_data\mixed_vivos\vi_VIVOSDEV05_136_impulsive_0.wav,,,
vivos/whisper-small-faster-whisper-cpu,vi-asr-VIVOSDEV05_189-clean,ASR,vi,,,clean,whisper-small-faster-whisper-cpu,2.4083,922.984375,0.0,0.0,,0.9880205128205128,,eval_data\mixed_vivos\vi_VIVOSDEV05_189_clean.wav,,,
vivos/whisper-small-faster-whisper-cpu,vi-asr-VIVOSDEV05_189-steady-15,ASR,vi,,15.0,steady,whisper-small-faster-whisper-cpu,2.7788,922.984375,0.42857142857142855,0.15384615384615385,,1.1400205128205128,,eval_data\mixed_vivos\vi_VIVOSDEV05_189_steady_15.wav,,,
vivos/whisper-small-faster-whisper-cpu,vi-asr-VIVOSDEV05_189-steady-10,ASR,vi,,10.0,steady,whisper-small-faster-whisper-cpu,2.5233,922.984375,0.2857142857142857,0.11538461538461539,,1.0352,,eval_data\mixed_vivos\vi_VIVOSDEV05_189_steady_10.wav,,,
vivos/whisper-small-faster-whisper-cpu,vi-asr-VIVOSDEV05_189-steady-5,ASR,vi,,5.0,steady,whisper-small-faster-whisper-cpu,2.5935,922.984375,0.2857142857142857,0.11538461538461539,,1.064,,eval_data\mixed_vivos\vi_VIVOSDEV05_189_steady_5.wav,,,
vivos/whisper-small-faster-whisper-cpu,vi-asr-VIVOSDEV05_189-steady-0,ASR,vi,,0.0,steady,whisper-small-faster-whisper-cpu,2.7733,922.984375,0.42857142857142855,0.2692307692307692,,1.1377641025641025,,eval_data\mixed_vivos\vi_VIVOSDEV05_189_steady_0.wav,,,
vivos/whisper-small-faster-whisper-cpu,vi-asr-VIVOSDEV05_189-impulsive-15,ASR,vi,,15.0,impulsive,whisper-small-faster-whisper-cpu,2.3305,922.984375,0.0,0.0,,0.956102564102564,,eval_data\mixed_vivos\vi_VIVOSDEV05_189_impulsive_15.wav,,,
vivos/whisper-small-faster-whisper-cpu,vi-asr-VIVOSDEV05_189-impulsive-10,ASR,vi,,10.0,impulsive,whisper-small-faster-whisper-cpu,2.2956,922.984375,0.14285714285714285,0.038461538461538464,,0.9417846153846153,,eval_data\mixed_vivos\vi_VIVOSDEV05_189_impulsive_10.wav,,,
vivos/whisper-small-faster-whisper-cpu,vi-asr-VIVOSDEV05_189-impulsive-5,ASR,vi,,5.0,impulsive,whisper-small-faster-whisper-cpu,2.4747,922.984375,0.14285714285714285,0.038461538461538464,,1.0152615384615384,,eval_data\mixed_vivos\vi_VIVOSDEV05_189_impulsive_5.wav,,,
vivos/whisper-small-faster-whisper-cpu,vi-asr-VIVOSDEV05_189-impulsive-0,ASR,vi,,0.0,impulsive,whisper-small-faster-whisper-cpu,2.4375,922.984375,0.14285714285714285,0.038461538461538464,,1.0,,eval_data\mixed_vivos\vi_VIVOSDEV05_189_impulsive_0.wav,,,
vivos/whisper-small-faster-whisper-cpu,vi-asr-VIVOSDEV05_226-clean,ASR,vi,,,clean,whisper-small-faster-whisper-cpu,2.3875,922.984375,0.5,0.21428571428571427,,1.1575757575757577,,eval_data\mixed_vivos\vi_VIVOSDEV05_226_clean.wav,,,
vivos/whisper-small-faster-whisper-cpu,vi-asr-VIVOSDEV05_226-steady-15,ASR,vi,,15.0,steady,whisper-small-faster-whisper-cpu,2.3936,922.984375,0.5,0.2857142857142857,,1.1605333333333334,,eval_data\mixed_vivos\vi_VIVOSDEV05_226_steady_15.wav,,,
vivos/whisper-small-faster-whisper-cpu,vi-asr-VIVOSDEV05_226-steady-10,ASR,vi,,10.0,steady,whisper-small-faster-whisper-cpu,2.4593,922.984375,0.5,0.2857142857142857,,1.1923878787878788,,eval_data\mixed_vivos\vi_VIVOSDEV05_226_steady_10.wav,,,
vivos/whisper-small-faster-whisper-cpu,vi-asr-VIVOSDEV05_226-steady-5,ASR,vi,,5.0,steady,whisper-small-faster-whisper-cpu,2.2142,922.984375,0.5,0.2857142857142857,,1.0735515151515151,,eval_data\mixed_vivos\vi_VIVOSDEV05_226_steady_5.wav,,,
vivos/whisper-small-faster-whisper-cpu,vi-asr-VIVOSDEV05_226-steady-0,ASR,vi,,0.0,steady,whisper-small-faster-whisper-cpu,2.3362,922.984375,0.3333333333333333,0.17857142857142858,,1.1327030303030303,,eval_data\mixed_vivos\vi_VIVOSDEV05_226_steady_0.wav,,,
vivos/whisper-small-faster-whisper-cpu,vi-asr-VIVOSDEV05_226-impulsive-15,ASR,vi,,15.0,impulsive,whisper-small-faster-whisper-cpu,2.4019,922.984375,0.8333333333333334,0.5,,1.1645575757575757,,eval_data\mixed_vivos\vi_VIVOSDEV05_226_impulsive_15.wav,,,
vivos/whisper-small-faster-whisper-cpu,vi-asr-VIVOSDEV05_226-impulsive-10,ASR,vi,,10.0,impulsive,whisper-small-faster-whisper-cpu,2.4003,922.984375,0.5,0.21428571428571427,,1.1637818181818183,,eval_data\mixed_vivos\vi_VIVOSDEV05_226_impulsive_10.wav,,,
vivos/whisper-small-faster-whisper-cpu,vi-asr-VIVOSDEV05_226-impulsive-5,ASR,vi,,5.0,impulsive,whisper-small-faster-whisper-cpu,2.4003,922.984375,0.3333333333333333,0.17857142857142858,,1.1637818181818183,,eval_data\mixed_vivos\vi_VIVOSDEV05_226_impulsive_5.wav,,,
vivos/whisper-small-faster-whisper-cpu,vi-asr-VIVOSDEV05_226-impulsive-0,ASR,vi,,0.0,impulsive,whisper-small-faster-whisper-cpu,2.4098,922.984375,0.3333333333333333,0.17857142857142858,,1.168387878787879,,eval_data\mixed_vivos\vi_VIVOSDEV05_226_impulsive_0.wav,,,
vivos/whisper-small-faster-whisper-cpu,vi-asr-VIVOSDEV05_270-clean,ASR,vi,,,clean,whisper-small-faster-whisper-cpu,2.7456,922.984375,0.5,0.25,,1.2551314285714286,,eval_data\mixed_vivos\vi_VIVOSDEV05_270_clean.wav,,,
vivos/whisper-small-faster-whisper-cpu,vi-asr-VIVOSDEV05_270-steady-15,ASR,vi,,15.0,steady,whisper-small-faster-whisper-cpu,2.7235,922.984375,0.5,0.3125,,1.2450285714285714,,eval_data\mixed_vivos\vi_VIVOSDEV05_270_steady_15.wav,,,
vivos/whisper-small-faster-whisper-cpu,vi-asr-VIVOSDEV05_270-steady-10,ASR,vi,,10.0,steady,whisper-small-faster-whisper-cpu,2.5434,922.984375,0.5,0.3125,,1.1626971428571429,,eval_data\mixed_vivos\vi_VIVOSDEV05_270_steady_10.wav,,,
vivos/whisper-small-faster-whisper-cpu,vi-asr-VIVOSDEV05_270-steady-5,ASR,vi,,5.0,steady,whisper-small-faster-whisper-cpu,3.1031,922.984375,0.5,0.3125,,1.41856,,eval_data\mixed_vivos\vi_VIVOSDEV05_270_steady_5.wav,,,
vivos/whisper-small-faster-whisper-cpu,vi-asr-VIVOSDEV05_270-steady-0,ASR,vi,,0.0,steady,whisper-small-faster-whisper-cpu,3.1135,922.984375,1.0,0.6875,,1.4233142857142858,,eval_data\mixed_vivos\vi_VIVOSDEV05_270_steady_0.wav,,,
vivos/whisper-small-faster-whisper-cpu,vi-asr-VIVOSDEV05_270-impulsive-15,ASR,vi,,15.0,impulsive,whisper-small-faster-whisper-cpu,3.0357,922.984375,0.25,0.0625,,1.3877485714285713,,eval_data\mixed_vivos\vi_VIVOSDEV05_270_impulsive_15.wav,,,
vivos/whisper-small-faster-whisper-cpu,vi-asr-VIVOSDEV05_270-impulsive-10,ASR,vi,,10.0,impulsive,whisper-small-faster-whisper-cpu,3.0328,922.984375,0.25,0.0625,,1.3864228571428572,,eval_data\mixed_vivos\vi_VIVOSDEV05_270_impulsive_10.wav,,,
vivos/whisper-small-faster-whisper-cpu,vi-asr-VIVOSDEV05_270-impulsive-5,ASR,vi,,5.0,impulsive,whisper-small-faster-whisper-cpu,3.0491,922.984375,0.0,0.0,,1.3938742857142858,,eval_data\mixed_vivos\vi_VIVOSDEV05_270_impulsive_5.wav,,,
vivos/whisper-small-faster-whisper-cpu,vi-asr-VIVOSDEV05_270-impulsive-0,ASR,vi,,0.0,impulsive,whisper-small-faster-whisper-cpu,3.0358,922.984375,0.0,0.0,,1.3877942857142858,,eval_data\mixed_vivos\vi_VIVOSDEV05_270_impulsive_0.wav,,,
vivos/whisper-small-faster-whisper-cpu,vi-asr-VIVOSDEV06_022-clean,ASR,vi,,,clean,whisper-small-faster-whisper-cpu,3.2281,922.984375,0.25,0.05405405405405406,,1.032992,,eval_data\mixed_vivos\vi_VIVOSDEV06_022_clean.wav,,,
vivos/whisper-small-faster-whisper-cpu,vi-asr-VIVOSDEV06_022-steady-15,ASR,vi,,15.0,steady,whisper-small-faster-whisper-cpu,3.2362,922.984375,0.25,0.05405405405405406,,1.035584,,eval_data\mixed_vivos\vi_VIVOSDEV06_022_steady_15.wav,,,
vivos/whisper-small-faster-whisper-cpu,vi-asr-VIVOSDEV06_022-steady-10,ASR,vi,,10.0,steady,whisper-small-faster-whisper-cpu,3.087,922.984375,0.25,0.05405405405405406,,0.98784,,eval_data\mixed_vivos\vi_VIVOSDEV06_022_steady_10.wav,,,
vivos/whisper-small-faster-whisper-cpu,vi-asr-VIVOSDEV06_022-steady-5,ASR,vi,,5.0,steady,whisper-small-faster-whisper-cpu,2.7601,922.984375,0.25,0.05405405405405406,,0.883232,,eval_data\mixed_vivos\vi_VIVOSDEV06_022_steady_5.wav,,,
vivos/whisper-small-faster-whisper-cpu,vi-asr-VIVOSDEV06_022-steady-0,ASR,vi,,0.0,steady,whisper-small-faster-whisper-cpu,2.7818,922.984375,0.625,0.24324324324324326,,0.890176,,eval_data\mixed_vivos\vi_VIVOSDEV06_022_steady_0.wav,,,
vivos/whisper-small-faster-whisper-cpu,vi-asr-VIVOSDEV06_022-impulsive-15,ASR,vi,,15.0,impulsive,whisper-small-faster-whisper-cpu,2.4911,922.984375,0.25,0.05405405405405406,,0.797152,,eval_data\mixed_vivos\vi_VIVOSDEV06_022_impulsive_15.wav,,,
vivos/whisper-small-faster-whisper-cpu,vi-asr-VIVOSDEV06_022-impulsive-10,ASR,vi,,10.0,impulsive,whisper-small-faster-whisper-cpu,2.5849,922.984375,0.25,0.05405405405405406,,0.827168,,eval_data\mixed_vivos\vi_VIVOSDEV06_022_impulsive_10.wav,,,
vivos/whisper-small-faster-whisper-cpu,vi-asr-VIVOSDEV06_022-impulsive-5,ASR,vi,,5.0,impulsive,whisper-small-faster-whisper-cpu,2.5238,922.984375,0.25,0.05405405405405406,,0.807616,,eval_data\mixed_vivos\vi_VIVOSDEV06_022_impulsive_5.wav,,,
vivos/whisper-small-faster-whisper-cpu,vi-asr-VIVOSDEV06_022-impulsive-0,ASR,vi,,0.0,impulsive,whisper-small-faster-whisper-cpu,2.9344,922.984375,0.25,0.05405405405405406,,0.9390080000000001,,eval_data\mixed_vivos\vi_VIVOSDEV06_022_impulsive_0.wav,,,
vivos/whisper-small-faster-whisper-cpu,vi-asr-VIVOSDEV06_078-clean,ASR,vi,,,clean,whisper-small-faster-whisper-cpu,2.4432,922.984375,0.0,0.0,,0.8406709677419355,,eval_data\mixed_vivos\vi_VIVOSDEV06_078_clean.wav,,,
vivos/whisper-small-faster-whisper-cpu,vi-asr-VIVOSDEV06_078-steady-15,ASR,vi,,15.0,steady,whisper-small-faster-whisper-cpu,2.5593,922.984375,0.0,0.0,,0.8806193548387097,,eval_data\mixed_vivos\vi_VIVOSDEV06_078_steady_15.wav,,,
vivos/whisper-small-faster-whisper-cpu,vi-asr-VIVOSDEV06_078-steady-10,ASR,vi,,10.0,steady,whisper-small-faster-whisper-cpu,2.7611,922.984375,0.0,0.0,,0.9500559139784945,,eval_data\mixed_vivos\vi_VIVOSDEV06_078_steady_10.wav,,,
vivos/whisper-small-faster-whisper-cpu,vi-asr-VIVOSDEV06_078-steady-5,ASR,vi,,5.0,steady,whisper-small-faster-whisper-cpu,2.7663,922.984375,0.0,0.0,,0.9518451612903227,,eval_data\mixed_vivos\vi_VIVOSDEV06_078_steady_5.wav,,,
vivos/whisper-small-faster-whisper-cpu,vi-asr-VIVOSDEV06_078-steady-0,ASR,vi,,0.0,steady,whisper-small-faster-whisper-cpu,2.3102,922.984375,0.0,0.0,,0.7949075268817204,,eval_data\mixed_vivos\vi_VIVOSDEV06_078_steady_0.wav,,,
vivos/whisper-small-faster-whisper-cpu,vi-asr-VIVOSDEV06_078-impulsive-15,ASR,vi,,15.0,impulsive,whisper-small-faster-whisper-cpu,2.5566,922.984375,0.0,0.0,,0.8796903225806452,,eval_data\mixed_vivos\vi_VIVOSDEV06_078_impulsive_15.wav,,,
vivos/whisper-small-faster-whisper-cpu,vi-asr-VIVOSDEV06_078-impulsive-10,ASR,vi,,10.0,impulsive,whisper-small-faster-whisper-cpu,2.495,922.984375,0.0,0.0,,0.858494623655914,,eval_data\mixed_vivos\vi_VIVOSDEV06_078_impulsive_10.wav,,,
vivos/whisper-small-faster-whisper-cpu,vi-asr-VIVOSDEV06_078-impulsive-5,ASR,vi,,5.0,impulsive,whisper-small-faster-whisper-cpu,2.5456,922.984375,0.0,0.0,,0.8759053763440859,,eval_data\mixed_vivos\vi_VIVOSDEV06_078_impulsive_5.wav,,,
vivos/whisper-small-faster-whisper-cpu,vi-asr-VIVOSDEV06_078-impulsive-0,ASR,vi,,0.0,impulsive,whisper-small-faster-whisper-cpu,2.4734,922.984375,0.0,0.0,,0.8510623655913978,,eval_data\mixed_vivos\vi_VIVOSDEV06_078_impulsive_0.wav,,,
vivos/whisper-small-faster-whisper-cpu,vi-asr-VIVOSDEV06_143-clean,ASR,vi,,,clean,whisper-small-faster-whisper-cpu,2.5924,922.984375,0.16666666666666666,0.08163265306122448,,0.5842028169014084,,eval_data\mixed_vivos\vi_VIVOSDEV06_143_clean.wav,,,
vivos/whisper-small-faster-whisper-cpu,vi-asr-VIVOSDEV06_143-steady-15,ASR,vi,,15.0,steady,whisper-small-faster-whisper-cpu,3.052,922.984375,0.16666666666666666,0.08163265306122448,,0.687774647887324,,eval_data\mixed_vivos\vi_VIVOSDEV06_143_steady_15.wav,,,
vivos/whisper-small-faster-whisper-cpu,vi-asr-VIVOSDEV06_143-steady-10,ASR,vi,,10.0,steady,whisper-small-faster-whisper-cpu,2.5588,922.984375,0.16666666666666666,0.061224489795918366,,0.576630985915493,,eval_data\mixed_vivos\vi_VIVOSDEV06_143_steady_10.wav,,,
vivos/whisper-small-faster-whisper-cpu,vi-asr-VIVOSDEV06_143-steady-5,ASR,vi,,5.0,steady,whisper-small-faster-whisper-cpu,2.6323,922.984375,0.16666666666666666,0.08163265306122448,,0.593194366197183,,eval_data\mixed_vivos\vi_VIVOSDEV06_143_steady_5.wav,,,
vivos/whisper-small-faster-whisper-cpu,vi-asr-VIVOSDEV06_143-steady-0,ASR,vi,,0.0,steady,whisper-small-faster-whisper-cpu,2.6634,922.984375,0.16666666666666666,0.08163265306122448,,0.6002028169014085,,eval_data\mixed_vivos\vi_VIVOSDEV06_143_steady_0.wav,,,
vivos/whisper-small-faster-whisper-cpu,vi-asr-VIVOSDEV06_143-impulsive-15,ASR,vi,,15.0,impulsive,whisper-small-faster-whisper-cpu,2.7421,922.984375,0.16666666666666666,0.08163265306122448,,0.6179380281690141,,eval_data\mixed_vivos\vi_VIVOSDEV06_143_impulsive_15.wav,,,
vivos/whisper-small-faster-whisper-cpu,vi-asr-VIVOSDEV06_143-impulsive-10,ASR,vi,,10.0,impulsive,whisper-small-faster-whisper-cpu,3.1336,922.984375,0.16666666666666666,0.08163265306122448,,0.7061633802816901,,eval_data\mixed_vivos\vi_VIVOSDEV06_143_impulsive_10.wav,,,
vivos/whisper-small-faster-whisper-cpu,vi-asr-VIVOSDEV06_143-impulsive-5,ASR,vi,,5.0,impulsive,whisper-small-faster-whisper-cpu,3.4049,922.984375,0.16666666666666666,0.061224489795918366,,0.7673014084507043,,eval_data\mixed_vivos\vi_VIVOSDEV06_143_impulsive_5.wav,,,
vivos/whisper-small-faster-whisper-cpu,vi-asr-VIVOSDEV06_143-impulsive-0,ASR,vi,,0.0,impulsive,whisper-small-faster-whisper-cpu,3.8091,922.984375,0.16666666666666666,0.061224489795918366,,0.8583887323943662,,eval_data\mixed_vivos\vi_VIVOSDEV06_143_impulsive_0.wav,,,
vivos/whisper-small-faster-whisper-cpu,vi-asr-VIVOSDEV06_240-clean,ASR,vi,,,clean,whisper-small-faster-whisper-cpu,2.7138,922.984375,1.0,0.96,,0.8040888888888889,,eval_data\mixed_vivos\vi_VIVOSDEV06_240_clean.wav,,,
vivos/whisper-small-faster-whisper-cpu,vi-asr-VIVOSDEV06_240-steady-15,ASR,vi,,15.0,steady,whisper-small-faster-whisper-cpu,2.8959,922.984375,1.0,0.96,,0.8580444444444445,,eval_data\mixed_vivos\vi_VIVOSDEV06_240_steady_15.wav,,,
vivos/whisper-small-faster-whisper-cpu,vi-asr-VIVOSDEV06_240-steady-10,ASR,vi,,10.0,steady,whisper-small-faster-whisper-cpu,2.9923,922.984375,1.0,1.0,,0.8866074074074075,,eval_data\mixed_vivos\vi_VIVOSDEV06_240_steady_10.wav,,,
vivos/whisper-small-faster-whisper-cpu,vi-asr-VIVOSDEV06_240-steady-5,ASR,vi,,5.0,steady,whisper-small-faster-whisper-cpu,3.0099,922.984375,1.0,0.96,,0.8918222222222222,,eval_data\mixed_vivos\vi_VIVOSDEV06_240_steady_5.wav,,,
vivos/whisper-small-faster-whisper-cpu,vi-asr-VIVOSDEV06_240-steady-0,ASR,vi,,0.0,steady,whisper-small-faster-whisper-cpu,2.8792,922.984375,1.0,0.96,,0.8530962962962962,,eval_data\mixed_vivos\vi_VIVOSDEV06_240_steady_0.wav,,,
vivos/whisper-small-faster-whisper-cpu,vi-asr-VIVOSDEV06_240-impulsive-15,ASR,vi,,15.0,impulsive,whisper-small-faster-whisper-cpu,2.9065,922.984375,1.0,0.96,,0.8611851851851852,,eval_data\mixed_vivos\vi_VIVOSDEV06_240_impulsive_15.wav,,,
vivos/whisper-small-faster-whisper-cpu,vi-asr-VIVOSDEV06_240-impulsive-10,ASR,vi,,10.0,impulsive,whisper-small-faster-whisper-cpu,2.782,922.984375,1.0,0.96,,0.8242962962962963,,eval_data\mixed_vivos\vi_VIVOSDEV06_240_impulsive_10.wav,,,
vivos/whisper-small-faster-whisper-cpu,vi-asr-VIVOSDEV06_240-impulsive-5,ASR,vi,,5.0,impulsive,whisper-small-faster-whisper-cpu,3.0712,922.984375,1.0,0.96,,0.9099851851851852,,eval_data\mixed_vivos\vi_VIVOSDEV06_240_impulsive_5.wav,,,
vivos/whisper-small-faster-whisper-cpu,vi-asr-VIVOSDEV06_240-impulsive-0,ASR,vi,,0.0,impulsive,whisper-small-faster-whisper-cpu,3.0797,922.984375,1.0,0.96,,0.9125037037037037,,eval_data\mixed_vivos\vi_VIVOSDEV06_240_impulsive_0.wav,,,
vivos/whisper-small-faster-whisper-cpu,vi-asr-VIVOSDEV06_285-clean,ASR,vi,,,clean,whisper-small-faster-whisper-cpu,3.1222,922.984375,0.125,0.11428571428571428,,0.8764070175438596,,eval_data\mixed_vivos\vi_VIVOSDEV06_285_clean.wav,,,
vivos/whisper-small-faster-whisper-cpu,vi-asr-VIVOSDEV06_285-steady-15,ASR,vi,,15.0,steady,whisper-small-faster-whisper-cpu,3.0257,922.984375,0.125,0.11428571428571428,,0.849319298245614,,eval_data\mixed_vivos\vi_VIVOSDEV06_285_steady_15.wav,,,
vivos/whisper-small-faster-whisper-cpu,vi-asr-VIVOSDEV06_285-steady-10,ASR,vi,,10.0,steady,whisper-small-faster-whisper-cpu,3.1146,922.984375,0.125,0.11428571428571428,,0.8742736842105263,,eval_data\mixed_vivos\vi_VIVOSDEV06_285_steady_10.wav,,,
vivos/whisper-small-faster-whisper-cpu,vi-asr-VIVOSDEV06_285-steady-5,ASR,vi,,5.0,steady,whisper-small-faster-whisper-cpu,3.1009,922.984375,0.125,0.02857142857142857,,0.8704280701754387,,eval_data\mixed_vivos\vi_VIVOSDEV06_285_steady_5.wav,,,
vivos/whisper-small-faster-whisper-cpu,vi-asr-VIVOSDEV06_285-steady-0,ASR,vi,,0.0,steady,whisper-small-faster-whisper-cpu,3.1269,922.984375,0.125,0.02857142857142857,,0.8777263157894737,,eval_data\mixed_vivos\vi_VIVOSDEV06_285_steady_0.wav,,,
vivos/whisper-small-faster-whisper-cpu,vi-asr-VIVOSDEV06_285-impulsive-15,ASR,vi,,15.0,impulsive,whisper-small-faster-whisper-cpu,2.9601,922.984375,0.25,0.14285714285714285,,0.8309052631578948,,eval_data\mixed_vivos\vi_VIVOSDEV06_285_impulsive_15.wav,,,
vivos/whisper-small-faster-whisper-cpu,vi-asr-VIVOSDEV06_285-impulsive-10,ASR,vi,,10.0,impulsive,whisper-small-faster-whisper-cpu,3.0375,922.984375,0.125,0.11428571428571428,,0.8526315789473684,,eval_data\mixed_vivos\vi_VIVOSDEV06_285_impulsive_10.wav,,,
vivos/whisper-small-faster-whisper-cpu,vi-asr-VIVOSDEV06_285-impulsive-5,ASR,vi,,5.0,impulsive,whisper-small-faster-whisper-cpu,3.0445,922.984375,0.125,0.11428571428571428,,0.8545964912280702,,eval_data\mixed_vivos\vi_VIVOSDEV06_285_impulsive_5.wav,,,
vivos/whisper-small-faster-whisper-cpu,vi-asr-VIVOSDEV06_285-impulsive-0,ASR,vi,,0.0,impulsive,whisper-small-faster-whisper-cpu,2.9078,922.984375,0.25,0.14285714285714285,,0.8162245614035087,,eval_data\mixed_vivos\vi_VIVOSDEV06_285_impulsive_0.wav,,,
vivos/whisper-small-faster-whisper-cpu,vi-asr-VIVOSDEV07_039-clean,ASR,vi,,,clean,whisper-small-faster-whisper-cpu,2.8447,922.984375,0.2,0.04081632653061224,,0.7461508196721311,,eval_data\mixed_vivos\vi_VIVOSDEV07_039_clean.wav,,,
vivos/whisper-small-faster-whisper-cpu,vi-asr-VIVOSDEV07_039-steady-15,ASR,vi,,15.0,steady,whisper-small-faster-whisper-cpu,3.3378,922.984375,0.2,0.04081632653061224,,0.8754885245901639,,eval_data\mixed_vivos\vi_VIVOSDEV07_039_steady_15.wav,,,
vivos/whisper-small-faster-whisper-cpu,vi-asr-VIVOSDEV07_039-steady-10,ASR,vi,,10.0,steady,whisper-small-faster-whisper-cpu,2.6304,922.984375,0.2,0.04081632653061224,,0.6899409836065573,,eval_data\mixed_vivos\vi_VIVOSDEV07_039_steady_10.wav,,,
vivos/whisper-small-faster-whisper-cpu,vi-asr-VIVOSDEV07_039-steady-5,ASR,vi,,5.0,steady,whisper-small-faster-whisper-cpu,2.9003,922.984375,0.1,0.02040816326530612,,0.7607344262295083,,eval_data\mixed_vivos\vi_VIVOSDEV07_039_steady_5.wav,,,
vivos/whisper-small-faster-whisper-cpu,vi-asr-VIVOSDEV07_039-steady-0,ASR,vi,,0.0,steady,whisper-small-faster-whisper-cpu,2.4982,922.984375,0.4,0.14285714285714285,,0.6552655737704919,,eval_data\mixed_vivos\vi_VIVOSDEV07_039_steady_0.wav,,,
vivos/whisper-small-faster-whisper-cpu,vi-asr-VIVOSDEV07_039-impulsive-15,ASR,vi,,15.0,impulsive,whisper-small-faster-whisper-cpu,2.4601,922.984375,0.2,0.04081632653061224,,0.645272131147541,,eval_data\mixed_vivos\vi_VIVOSDEV07_039_impulsive_15.wav,,,
vivos/whisper-small-faster-whisper-cpu,vi-asr-VIVOSDEV07_039-impulsive-10,ASR,vi,,10.0,impulsive,whisper-small-faster-whisper-cpu,2.5392,922.984375,0.2,0.04081632653061224,,0.6660196721311475,,eval_data\mixed_vivos\vi_VIVOSDEV07_039_impulsive_10.wav,,,
vivos/whisper-small-faster-whisper-cpu,vi-asr-VIVOSDEV07_039-impulsive-5,ASR,vi,,5.0,impulsive,whisper-small-faster-whisper-cpu,2.4889,922.984375,0.2,0.04081632653061224,,0.6528262295081968,,eval_data\mixed_vivos\vi_VIVOSDEV07_039_impulsive_5.wav,,,
vivos/whisper-small-faster-whisper-cpu,vi-asr-VIVOSDEV07_039-impulsive-0,ASR,vi,,0.0,impulsive,whisper-small-faster-whisper-cpu,2.5655,922.984375,0.2,0.04081632653061224,,0.6729180327868852,,eval_data\mixed_vivos\vi_VIVOSDEV07_039_impulsive_0.wav,,,
vivos/whisper-small-faster-whisper-cpu,vi-asr-VIVOSDEV07_098-clean,ASR,vi,,,clean,whisper-small-faster-whisper-cpu,2.5792,922.984375,0.25,0.05,,0.7642074074074074,,eval_data\mixed_vivos\vi_VIVOSDEV07_098_clean.wav,,,
vivos/whisper-small-faster-whisper-cpu,vi-asr-VIVOSDEV07_098-steady-15,ASR,vi,,15.0,steady,whisper-small-faster-whisper-cpu,2.4595,922.984375,0.0,0.0,,0.7287407407407407,,eval_data\mixed_vivos\vi_VIVOSDEV07_098_steady_15.wav,,,
vivos/whisper-small-faster-whisper-cpu,vi-asr-VIVOSDEV07_098-steady-10,ASR,vi,,10.0,steady,whisper-small-faster-whisper-cpu,2.792,922.984375,0.25,0.1,,0.8272592592592592,,eval_data\mixed_vivos\vi_VIVOSDEV07_098_steady_10.wav,,,
vivos/whisper-small-faster-whisper-cpu,vi-asr-VIVOSDEV07_098-steady-5,ASR,vi,,5.0,steady,whisper-small-faster-whisper-cpu,3.6236,922.984375,0.5,0.15,,1.0736592592592593,,eval_data\mixed_vivos\vi_VIVOSDEV07_098_steady_5.wav,,,
vivos/whisper-small-faster-whisper-cpu,vi-asr-VIVOSDEV07_098-steady-0,ASR,vi,,0.0,steady,whisper-small-faster-whisper-cpu,2.8216,922.984375,0.25,0.2,,0.8360296296296297,,eval_data\mixed_vivos\vi_VIVOSDEV07_098_steady_0.wav,,,
vivos/whisper-small-faster-whisper-cpu,vi-asr-VIVOSDEV07_098-impulsive-15,ASR,vi,,15.0,impulsive,whisper-small-faster-whisper-cpu,2.9973,922.984375,0.25,0.05,,0.8880888888888889,,eval_data\mixed_vivos\vi_VIVOSDEV07_098_impulsive_15.wav,,,
vivos/whisper-small-faster-whisper-cpu,vi-asr-VIVOSDEV07_098-impulsive-10,ASR,vi,,10.0,impulsive,whisper-small-faster-whisper-cpu,2.8812,922.984375,0.25,0.05,,0.8536888888888889,,eval_data\mixed_vivos\vi_VIVOSDEV07_098_impulsive_10.wav,,,
vivos/whisper-small-faster-whisper-cpu,vi-asr-VIVOSDEV07_098-impulsive-5,ASR,vi,,5.0,impulsive,whisper-small-faster-whisper-cpu,2.8473,922.984375,0.25,0.05,,0.8436444444444445,,eval_data\mixed_vivos\vi_VIVOSDEV07_098_impulsive_5.wav,,,
vivos/whisper-small-faster-whisper-cpu,vi-asr-VIVOSDEV07_098-impulsive-0,ASR,vi,,0.0,impulsive,whisper-small-faster-whisper-cpu,2.9986,922.984375,0.5,0.15,,0.8884740740740741,,eval_data\mixed_vivos\vi_VIVOSDEV07_098_impulsive_0.wav,,,
vivos/whisper-small-faster-whisper-cpu,vi-asr-VIVOSDEV07_151-clean,ASR,vi,,,clean,whisper-small-faster-whisper-cpu,2.9249,922.984375,0.5,0.17647058823529413,,1.46245,,eval_data\mixed_vivos\vi_VIVOSDEV07_151_clean.wav,,,
vivos/whisper-small-faster-whisper-cpu,vi-asr-VIVOSDEV07_151-steady-15,ASR,vi,,15.0,steady,whisper-small-faster-whisper-cpu,2.8039,922.984375,0.5,0.17647058823529413,,1.40195,,eval_data\mixed_vivos\vi_VIVOSDEV07_151_steady_15.wav,,,
vivos/whisper-small-faster-whisper-cpu,vi-asr-VIVOSDEV07_151-steady-10,ASR,vi,,10.0,steady,whisper-small-faster-whisper-cpu,2.8925,922.984375,0.5,0.17647058823529413,,1.44625,,eval_data\mixed_vivos\vi_VIVOSDEV07_151_steady_10.wav,,,
vivos/whisper-small-faster-whisper-cpu,vi-asr-VIVOSDEV07_151-steady-5,ASR,vi,,5.0,steady,whisper-small-faster-whisper-cpu,2.9254,922.984375,0.5,0.17647058823529413,,1.4627,,eval_data\mixed_vivos\vi_VIVOSDEV07_151_steady_5.wav,,,
vivos/whisper-small-faster-whisper-cpu,vi-asr-VIVOSDEV07_151-steady-0,ASR,vi,,0.0,steady,whisper-small-faster-whisper-cpu,2.8731,922.984375,0.5,0.17647058823529413,,1.43655,,eval_data\mixed_vivos\vi_VIVOSDEV07_151_steady_0.wav,,,
vivos/whisper-small-faster-whisper-cpu,vi-asr-VIVOSDEV07_151-impulsive-15,ASR,vi,,15.0,impulsive,whisper-small-faster-whisper-cpu,2.8121,922.984375,0.5,0.17647058823529413,,1.40605,,eval_data\mixed_vivos\vi_VIVOSDEV07_151_impulsive_15.wav,,,
vivos/whisper-small-faster-whisper-cpu,vi-asr-VIVOSDEV07_151-impulsive-10,ASR,vi,,10.0,impulsive,whisper-small-faster-whisper-cpu,2.788,922.984375,0.5,0.17647058823529413,,1.394,,eval_data\mixed_vivos\vi_VIVOSDEV07_151_impulsive_10.wav,,,
vivos/whisper-small-faster-whisper-cpu,vi-asr-VIVOSDEV07_151-impulsive-5,ASR,vi,,5.0,impulsive,whisper-small-faster-whisper-cpu,2.8192,922.984375,0.5,0.17647058823529413,,1.4096,,eval_data\mixed_vivos\vi_VIVOSDEV07_151_impulsive_5.wav,,,
vivos/whisper-small-faster-whisper-cpu,vi-asr-VIVOSDEV07_151-impulsive-0,ASR,vi,,0.0,impulsive,whisper-small-faster-whisper-cpu,2.7503,922.984375,0.5,0.17647058823529413,,1.37515,,eval_data\mixed_vivos\vi_VIVOSDEV07_151_impulsive_0.wav,,,
vivos/whisper-small-faster-whisper-cpu,vi-asr-VIVOSDEV07_194-clean,ASR,vi,,,clean,whisper-small-faster-whisper-cpu,3.2189,922.984375,0.45454545454545453,0.1956521739130435,,1.095795744680851,,eval_data\mixed_vivos\vi_VIVOSDEV07_194_clean.wav,,,
vivos/whisper-small-faster-whisper-cpu,vi-asr-VIVOSDEV07_194-steady-15,ASR,vi,,15.0,steady,whisper-small-faster-whisper-cpu,3.2824,922.984375,0.36363636363636365,0.17391304347826086,,1.1174127659574469,,eval_data\mixed_vivos\vi_VIVOSDEV07_194_steady_15.wav,,,
vivos/whisper-small-faster-whisper-cpu,vi-asr-VIVOSDEV07_194-steady-10,ASR,vi,,10.0,steady,whisper-small-faster-whisper-cpu,3.3002,922.984375,0.6363636363636364,0.2826086956521739,,1.1234723404255318,,eval_data\mixed_vivos\vi_VIVOSDEV07_194_steady_10.wav,,,
vivos/whisper-small-faster-whisper-cpu,vi-asr-VIVOSDEV07_194-steady-5,ASR,vi,,5.0,steady,whisper-small-faster-whisper-cpu,3.2785,922.984375,0.36363636363636365,0.13043478260869565,,1.1160851063829789,,eval_data\mixed_vivos\vi_VIVOSDEV07_194_steady_5.wav,,,
vivos/whisper-small-faster-whisper-cpu,vi-asr-VIVOSDEV07_194-steady-0,ASR,vi,,0.0,steady,whisper-small-faster-whisper-cpu,3.4926,922.984375,0.8181818181818182,0.5217391304347826,,1.1889702127659574,,eval_data\mixed_vivos\vi_VIVOSDEV07_194_steady_0.wav,,,
vivos/whisper-small-faster-whisper-cpu,vi-asr-VIVOSDEV07_194-impulsive-15,ASR,vi,,15.0,impulsive,whisper-small-faster-whisper-cpu,3.1194,922.984375,0.45454545454545453,0.21739130434782608,,1.0619234042553192,,eval_data\mixed_vivos\vi_VIVOSDEV07_194_impulsive_15.wav,,,
vivos/whisper-small-faster-whisper-cpu,vi-asr-VIVOSDEV07_194-impulsive-10,ASR,vi,,10.0,impulsive,whisper-small-faster-whisper-cpu,2.9993,922.984375,0.45454545454545453,0.21739130434782608,,1.0210382978723405,,eval_data\mixed_vivos\vi_VIVOSDEV07_194_impulsive_10.wav,,,
vivos/whisper-small-faster-whisper-cpu,vi-asr-VIVOSDEV07_194-impulsive-5,ASR,vi,,5.0,impulsive,whisper-small-faster-whisper-cpu,3.0007,922.984375,0.5454545454545454,0.2391304347826087,,1.0215148936170213,,eval_data\mixed_vivos\vi_VIVOSDEV07_194_impulsive_5.wav,,,
vivos/whisper-small-faster-whisper-cpu,vi-asr-VIVOSDEV07_194-impulsive-0,ASR,vi,,0.0,impulsive,whisper-small-faster-whisper-cpu,3.1817,922.984375,0.45454545454545453,0.21739130434782608,,1.0831319148936172,,eval_data\mixed_vivos\vi_VIVOSDEV07_194_impulsive_0.wav,,,
vivos/whisper-small-faster-whisper-cpu,vi-asr-VIVOSDEV07_246-clean,ASR,vi,,,clean,whisper-small-faster-whisper-cpu,2.873,922.984375,1.0,0.9642857142857143,,1.1211707317073172,,eval_data\mixed_vivos\vi_VIVOSDEV07_246_clean.wav,,,
vivos/whisper-small-faster-whisper-cpu,vi-asr-VIVOSDEV07_246-steady-15,ASR,vi,,15.0,steady,whisper-small-faster-whisper-cpu,2.7182,922.984375,1.0,0.9642857142857143,,1.060760975609756,,eval_data\mixed_vivos\vi_VIVOSDEV07_246_steady_15.wav,,,
vivos/whisper-small-faster-whisper-cpu,vi-asr-VIVOSDEV07_246-steady-10,ASR,vi,,10.0,steady,whisper-small-faster-whisper-cpu,3.0827,922.984375,1.0,0.9642857142857143,,1.2030048780487805,,eval_data\mixed_vivos\vi_VIVOSDEV07_246_steady_10.wav,,,
vivos/whisper-small-faster-whisper-cpu,vi-asr-VIVOSDEV07_246-steady-5,ASR,vi,,5.0,steady,whisper-small-faster-whisper-cpu,2.7828,922.984375,1.0,0.9642857142857143,,1.085970731707317,,eval_data\mixed_vivos\vi_VIVOSDEV07_246_steady_5.wav,,,
vivos/whisper-small-faster-whisper-cpu,vi-asr-VIVOSDEV07_246-steady-0,ASR,vi,,0.0,steady,whisper-small-faster-whisper-cpu,2.7085,922.984375,1.0,0.9642857142857143,,1.0569756097560976,,eval_data\mixed_vivos\vi_VIVOSDEV07_246_steady_0.wav,,,
vivos/whisper-small-faster-whisper-cpu,vi-asr-VIVOSDEV07_246-impulsive-15,ASR,vi,,15.0,impulsive,whisper-small-faster-whisper-cpu,2.784,922.984375,1.0,0.9642857142857143,,1.0864390243902438,,eval_data\mixed_vivos\vi_VIVOSDEV07_246_impulsive_15.wav,,,
vivos/whisper-small-faster-whisper-cpu,vi-asr-VIVOSDEV07_246-impulsive-10,ASR,vi,,10.0,impulsive,whisper-small-faster-whisper-cpu,2.8874,922.984375,1.0,0.9642857142857143,,1.126790243902439,,eval_data\mixed_vivos\vi_VIVOSDEV07_246_impulsive_10.wav,,,
vivos/whisper-small-faster-whisper-cpu,vi-asr-VIVOSDEV07_246-impulsive-5,ASR,vi,,5.0,impulsive,whisper-small-faster-whisper-cpu,3.3388,922.984375,1.0,0.9642857142857143,,1.3029463414634146,,eval_data\mixed_vivos\vi_VIVOSDEV07_246_impulsive_5.wav,,,
vivos/whisper-small-faster-whisper-cpu,vi-asr-VIVOSDEV07_246-impulsive-0,ASR,vi,,0.0,impulsive,whisper-small-faster-whisper-cpu,3.3944,922.984375,1.0,0.9642857142857143,,1.3246439024390244,,eval_data\mixed_vivos\vi_VIVOSDEV07_246_impulsive_0.wav,,,
vivos/whisper-small-faster-whisper-cpu,vi-asr-VIVOSDEV08_032-clean,ASR,vi,,,clean,whisper-small-faster-whisper-cpu,3.1522,922.984375,0.25,0.07017543859649122,,0.6076530120481928,,eval_data\mixed_vivos\vi_VIVOSDEV08_032_clean.wav,,,
vivos/whisper-small-faster-whisper-cpu,vi-asr-VIVOSDEV08_032-steady-15,ASR,vi,,15.0,steady,whisper-small-faster-whisper-cpu,3.2093,922.984375,0.25,0.07017543859649122,,0.6186602409638554,,eval_data\mixed_vivos\vi_VIVOSDEV08_032_steady_15.wav,,,
vivos/whisper-small-faster-whisper-cpu,vi-asr-VIVOSDEV08_032-steady-10,ASR,vi,,10.0,steady,whisper-small-faster-whisper-cpu,3.0421,922.984375,0.25,0.10526315789473684,,0.5864289156626507,,eval_data\mixed_vivos\vi_VIVOSDEV08_032_steady_10.wav,,,
vivos/whisper-small-faster-whisper-cpu,vi-asr-VIVOSDEV08_032-steady-5,ASR,vi,,5.0,steady,whisper-small-faster-whisper-cpu,3.1753,922.984375,0.25,0.07017543859649122,,0.6121060240963856,,eval_data\mixed_vivos\vi_VIVOSDEV08_032_steady_5.wav,,,
vivos/whisper-small-faster-whisper-cpu,vi-asr-VIVOSDEV08_032-steady-0,ASR,vi,,0.0,steady,whisper-small-faster-whisper-cpu,3.1631,922.984375,0.6666666666666666,0.2982456140350877,,0.6097542168674699,,eval_data\mixed_vivos\vi_VIVOSDEV08_032_steady_0.wav,,,
vivos/whisper-small-faster-whisper-cpu,vi-asr-VIVOSDEV08_032-impulsive-15,ASR,vi,,15.0,impulsive,whisper-small-faster-whisper-cpu,2.9981,922.984375,0.25,0.07017543859649122,,0.5779469879518072,,eval_data\mixed_vivos\vi_VIVOSDEV08_032_impulsive_15.wav,,,
vivos/whisper-small-faster-whisper-cpu,vi-asr-VIVOSDEV08_032-impulsive-10,ASR,vi,,10.0,impulsive,whisper-small-faster-whisper-cpu,2.9611,922.984375,0.25,0.07017543859649122,,0.5708144578313253,,eval_data\mixed_vivos\vi_VIVOSDEV08_032_impulsive_10.wav,,,
vivos/whisper-small-faster-whisper-cpu,vi-asr-VIVOSDEV08_032-impulsive-5,ASR,vi,,5.0,impulsive,whisper-small-faster-whisper-cpu,3.3793,922.984375,0.25,0.07017543859649122,,0.6514313253012048,,eval_data\mixed_vivos\vi_VIVOSDEV08_032_impulsive_5.wav,,,
vivos/whisper-small-faster-whisper-cpu,vi-asr-VIVOSDEV08_032-impulsive-0,ASR,vi,,0.0,impulsive,whisper-small-faster-whisper-cpu,3.4716,922.984375,0.25,0.07017543859649122,,0.6692240963855421,,eval_data\mixed_vivos\vi_VIVOSDEV08_032_impulsive_0.wav,,,
vivos/whisper-small-faster-whisper-cpu,vi-asr-VIVOSDEV08_093-clean,ASR,vi,,,clean,whisper-small-faster-whisper-cpu,2.9851,922.984375,0.4166666666666667,0.17647058823529413,,0.7023764705882353,,eval_data\mixed_vivos\vi_VIVOSDEV08_093_clean.wav,,,
vivos/whisper-small-faster-whisper-cpu,vi-asr-VIVOSDEV08_093-steady-15,ASR,vi,,15.0,steady,whisper-small-faster-whisper-cpu,3.0675,922.984375,0.3333333333333333,0.1568627450980392,,0.7217647058823529,,eval_data\mixed_vivos\vi_VIVOSDEV08_093_steady_15.wav,,,
vivos/whisper-small-faster-whisper-cpu,vi-asr-VIVOSDEV08_093-steady-10,ASR,vi,,10.0,steady,whisper-small-faster-whisper-cpu,3.0861,922.984375,0.4166666666666667,0.17647058823529413,,0.7261411764705883,,eval_data\mixed_vivos\vi_VIVOSDEV08_093_steady_10.wav,,,
vivos/whisper-small-faster-whisper-cpu,vi-asr-VIVOSDEV08_093-steady-5,ASR,vi,,5.0,steady,whisper-small-faster-whisper-cpu,3.1475,922.984375,0.4166666666666667,0.19607843137254902,,0.7405882352941177,,eval_data\mixed_vivos\vi_VIVOSDEV08_093_steady_5.wav,,,
vivos/whisper-small-faster-whisper-cpu,vi-asr-VIVOSDEV08_093-steady-0,ASR,vi,,0.0,steady,whisper-small-faster-whisper-cpu,3.3026,922.984375,0.6666666666666666,0.3137254901960784,,0.7770823529411764,,eval_data\mixed_vivos\vi_VIVOSDEV08_093_steady_0.wav,,,
vivos/whisper-small-faster-whisper-cpu,vi-asr-VIVOSDEV08_093-impulsive-15,ASR,vi,,15.0,impulsive,whisper-small-faster-whisper-cpu,3.0556,922.984375,0.3333333333333333,0.1568627450980392,,0.718964705882353,,eval_data\mixed_vivos\vi_VIVOSDEV08_093_impulsive_15.wav,,,
vivos/whisper-small-faster-whisper-cpu,vi-asr-VIVOSDEV08_093-impulsive-10,ASR,vi,,10.0,impulsive,whisper-small-faster-whisper-cpu,3.1037,922.984375,0.3333333333333333,0.1568627450980392,,0.7302823529411765,,eval_data\mixed_vivos\vi_VIVOSDEV08_093_impulsive_10.wav,,,
vivos/whisper-small-faster-whisper-cpu,vi-asr-VIVOSDEV08_093-impulsive-5,ASR,vi,,5.0,impulsive,whisper-small-faster-whisper-cpu,3.128,922.984375,0.5,0.2549019607843137,,0.736,,eval_data\mixed_vivos\vi_VIVOSDEV08_093_impulsive_5.wav,,,
vivos/whisper-small-faster-whisper-cpu,vi-asr-VIVOSDEV08_093-impulsive-0,ASR,vi,,0.0,impulsive,whisper-small-faster-whisper-cpu,3.1913,922.984375,0.5,0.21568627450980393,,0.7508941176470588,,eval_data\mixed_vivos\vi_VIVOSDEV08_093_impulsive_0.wav,,,
vivos/whisper-small-faster-whisper-cpu,vi-asr-VIVOSDEV08_159-clean,ASR,vi,,,clean,whisper-small-faster-whisper-cpu,2.9783,922.984375,0.25,0.09090909090909091,,1.0589511111111112,,eval_data\mixed_vivos\vi_VIVOSDEV08_159_clean.wav,,,
vivos/whisper-small-faster-whisper-cpu,vi-asr-VIVOSDEV08_159-steady-15,ASR,vi,,15.0,steady,whisper-small-faster-whisper-cpu,2.9112,922.984375,0.25,0.09090909090909091,,1.0350933333333334,,eval_data\mixed_vivos\vi_VIVOSDEV08_159_steady_15.wav,,,
vivos/whisper-small-faster-whisper-cpu,vi-asr-VIVOSDEV08_159-steady-10,ASR,vi,,10.0,steady,whisper-small-faster-whisper-cpu,2.9975,922.984375,0.25,0.09090909090909091,,1.0657777777777777,,eval_data\mixed_vivos\vi_VIVOSDEV08_159_steady_10.wav,,,
vivos/whisper-small-faster-whisper-cpu,vi-asr-VIVOSDEV08_159-steady-5,ASR,vi,,5.0,steady,whisper-small-faster-whisper-cpu,2.912,922.984375,0.25,0.09090909090909091,,1.0353777777777777,,eval_data\mixed_vivos\vi_VIVOSDEV08_159_steady_5.wav,,,
vivos/whisper-small-faster-whisper-cpu,vi-asr-VIVOSDEV08_159-steady-0,ASR,vi,,0.0,steady,whisper-small-faster-whisper-cpu,3.241,922.984375,0.5,0.24242424242424243,,1.1523555555555556,,eval_data\mixed_vivos\vi_VIVOSDEV08_159_steady_0.wav,,,
vivos/whisper-small-faster-whisper-cpu,vi-asr-VIVOSDEV08_159-impulsive-15,ASR,vi,,15.0,impulsive,whisper-small-faster-whisper-cpu,3.1487,922.984375,0.375,0.12121212121212122,,1.1195377777777777,,eval_data\mixed_vivos\vi_VIVOSDEV08_159_impulsive_15.wav,,,
vivos/whisper-small-faster-whisper-cpu,vi-asr-VIVOSDEV08_159-impulsive-10,ASR,vi,,10.0,impulsive,whisper-small-faster-whisper-cpu,3.1071,922.984375,0.375,0.12121212121212122,,1.1047466666666668,,eval_data\mixed_vivos\vi_VIVOSDEV08_159_impulsive_10.wav,,,
vivos/whisper-small-faster-whisper-cpu,vi-asr-VIVOSDEV08_159-impulsive-5,ASR,vi,,5.0,impulsive,whisper-small-faster-whisper-cpu,3.16,922.984375,0.375,0.12121212121212122,,1.1235555555555556,,eval_data\mixed_vivos\vi_VIVOSDEV08_159_impulsive_5.wav,,,
vivos/whisper-small-faster-whisper-cpu,vi-asr-VIVOSDEV08_159-impulsive-0,ASR,vi,,0.0,impulsive,whisper-small-faster-whisper-cpu,3.1079,922.984375,0.25,0.06060606060606061,,1.105031111111111,,eval_data\mixed_vivos\vi_VIVOSDEV08_159_impulsive_0.wav,,,
vivos/whisper-small-faster-whisper-cpu,vi-asr-VIVOSDEV08_208-clean,ASR,vi,,,clean,whisper-small-faster-whisper-cpu,3.0715,922.984375,1.1666666666666667,0.7916666666666666,,1.3651111111111112,,eval_data\mixed_vivos\vi_VIVOSDEV08_208_clean.wav,,,
vivos/whisper-small-faster-whisper-cpu,vi-asr-VIVOSDEV08_208-steady-15,ASR,vi,,15.0,steady,whisper-small-faster-whisper-cpu,3.0545,922.984375,1.1666666666666667,0.7916666666666666,,1.3575555555555556,,eval_data\mixed_vivos\vi_VIVOSDEV08_208_steady_15.wav,,,
vivos/whisper-small-faster-whisper-cpu,vi-asr-VIVOSDEV08_208-steady-10,ASR,vi,,10.0,steady,whisper-small-faster-whisper-cpu,3.2254,922.984375,1.1666666666666667,0.7916666666666666,,1.4335111111111112,,eval_data\mixed_vivos\vi_VIVOSDEV08_208_steady_10.wav,,,
vivos/whisper-small-faster-whisper-cpu,vi-asr-VIVOSDEV08_208-steady-5,ASR,vi,,5.0,steady,whisper-small-faster-whisper-cpu,3.5268,922.984375,1.0,0.7083333333333334,,1.5674666666666668,,eval_data\mixed_vivos\vi_VIVOSDEV08_208_steady_5.wav,,,
vivos/whisper-small-faster-whisper-cpu,vi-asr-VIVOSDEV08_208-steady-0,ASR,vi,,0.0,steady,whisper-small-faster-whisper-cpu,2.9158,922.984375,1.1666666666666667,0.7916666666666666,,1.295911111111111,,eval_data\mixed_vivos\vi_VIVOSDEV08_208_steady_0.wav,,,
vivos/whisper-small-faster-whisper-cpu,vi-asr-VIVOSDEV08_208-impulsive-15,ASR,vi,,15.0,impulsive,whisper-small-faster-whisper-cpu,3.3468,922.984375,1.0,0.7083333333333334,,1.4874666666666667,,eval_data\mixed_vivos\vi_VIVOSDEV08_208_impulsive_15.wav,,,
vivos/whisper-small-faster-whisper-cpu,vi-asr-VIVOSDEV08_208-impulsive-10,ASR,vi,,10.0,impulsive,whisper-small-faster-whisper-cpu,3.1013,922.984375,1.0,0.75,,1.3783555555555556,,eval_data\mixed_vivos\vi_VIVOSDEV08_208_impulsive_10.wav,,,
vivos/whisper-small-faster-whisper-cpu,vi-asr-VIVOSDEV08_208-impulsive-5,ASR,vi,,5.0,impulsive,whisper-small-faster-whisper-cpu,3.1146,922.984375,1.0,0.7083333333333334,,1.3842666666666665,,eval_data\mixed_vivos\vi_VIVOSDEV08_208_impulsive_5.wav,,,
vivos/whisper-small-faster-whisper-cpu,vi-asr-VIVOSDEV08_208-impulsive-0,ASR,vi,,0.0,impulsive,whisper-small-faster-whisper-cpu,3.3189,922.984375,1.0,0.625,,1.4750666666666667,,eval_data\mixed_vivos\vi_VIVOSDEV08_208_impulsive_0.wav,,,
vivos/whisper-small-faster-whisper-cpu,vi-asr-VIVOSDEV08_274-clean,ASR,vi,,,clean,whisper-small-faster-whisper-cpu,3.0925,922.984375,0.16666666666666666,0.037037037037037035,,1.706206896551724,,eval_data\mixed_vivos\vi_VIVOSDEV08_274_clean.wav,,,
vivos/whisper-small-faster-whisper-cpu,vi-asr-VIVOSDEV08_274-steady-15,ASR,vi,,15.0,steady,whisper-small-faster-whisper-cpu,3.0488,922.984375,0.16666666666666666,0.037037037037037035,,1.682096551724138,,eval_data\mixed_vivos\vi_VIVOSDEV08_274_steady_15.wav,,,
vivos/whisper-small-faster-whisper-cpu,vi-asr-VIVOSDEV08_274-steady-10,ASR,vi,,10.0,steady,whisper-small-faster-whisper-cpu,2.9341,922.984375,0.16666666666666666,0.037037037037037035,,1.6188137931034483,,eval_data\mixed_vivos\vi_VIVOSDEV08_274_steady_10.wav,,,
vivos/whisper-small-faster-whisper-cpu,vi-asr-VIVOSDEV08_274-steady-5,ASR,vi,,5.0,steady,whisper-small-faster-whisper-cpu,2.915,922.984375,0.3333333333333333,0.14814814814814814,,1.6082758620689654,,eval_data\mixed_vivos\vi_VIVOSDEV08_274_steady_5.wav,,,
vivos/whisper-small-faster-whisper-cpu,vi-asr-VIVOSDEV08_274-steady-0,ASR,vi,,0.0,steady,whisper-small-faster-whisper-cpu,2.9029,922.984375,0.3333333333333333,0.2222222222222222,,1.6016,,eval_data\mixed_vivos\vi_VIVOSDEV08_274_steady_0.wav,,,
vivos/whisper-small-faster-whisper-cpu,vi-asr-VIVOSDEV08_274-impulsive-15,ASR,vi,,15.0,impulsive,whisper-small-faster-whisper-cpu,2.9085,922.984375,0.16666666666666666,0.037037037037037035,,1.604689655172414,,eval_data\mixed_vivos\vi_VIVOSDEV08_274_impulsive_15.wav,,,
vivos/whisper-small-faster-whisper-cpu,vi-asr-VIVOSDEV08_274-impulsive-10,ASR,vi,,10.0,impulsive,whisper-small-faster-whisper-cpu,2.8718,922.984375,0.16666666666666666,0.037037037037037035,,1.5844413793103447,,eval_data\mixed_vivos\vi_VIVOSDEV08_274_impulsive_10.wav,,,
vivos/whisper-small-faster-whisper-cpu,vi-asr-VIVOSDEV08_274-impulsive-5,ASR,vi,,5.0,impulsive,whisper-small-faster-whisper-cpu,3.1525,922.984375,0.16666666666666666,0.037037037037037035,,1.7393103448275862,,eval_data\mixed_vivos\vi_VIVOSDEV08_274_impulsive_5.wav,,,
vivos/whisper-small-faster-whisper-cpu,vi-asr-VIVOSDEV08_274-impulsive-0,ASR,vi,,0.0,impulsive,whisper-small-faster-whisper-cpu,3.1655,922.984375,0.16666666666666666,0.037037037037037035,,1.7464827586206897,,eval_data\mixed_vivos\vi_VIVOSDEV08_274_impulsive_0.wav,,,
vivos/whisper-small-faster-whisper-cpu,vi-asr-VIVOSDEV09_038-clean,ASR,vi,,,clean,whisper-small-faster-whisper-cpu,3.134,922.984375,0.8888888888888888,0.38461538461538464,,0.8427563025210084,,eval_data\mixed_vivos\vi_VIVOSDEV09_038_clean.wav,,,
vivos/whisper-small-faster-whisper-cpu,vi-asr-VIVOSDEV09_038-steady-15,ASR,vi,,15.0,steady,whisper-small-faster-whisper-cpu,3.0512,922.984375,0.8888888888888888,0.3333333333333333,,0.820490756302521,,eval_data\mixed_vivos\vi_VIVOSDEV09_038_steady_15.wav,,,
vivos/whisper-small-faster-whisper-cpu,vi-asr-VIVOSDEV09_038-steady-10,ASR,vi,,10.0,steady,whisper-small-faster-whisper-cpu,3.0577,922.984375,0.7777777777777778,0.3076923076923077,,0.8222386554621849,,eval_data\mixed_vivos\vi_VIVOSDEV09_038_steady_10.wav,,,
vivos/whisper-small-faster-whisper-cpu,vi-asr-VIVOSDEV09_038-steady-5,ASR,vi,,5.0,steady,whisper-small-faster-whisper-cpu,3.477,922.984375,0.7777777777777778,0.38461538461538464,,0.9349915966386554,,eval_data\mixed_vivos\vi_VIVOSDEV09_038_steady_5.wav,,,
vivos/whisper-small-faster-whisper-cpu,vi-asr-VIVOSDEV09_038-steady-0,ASR,vi,,0.0,steady,whisper-small-faster-whisper-cpu,2.9032,922.984375,0.7777777777777778,0.41025641025641024,,0.78069243697479,,eval_data\mixed_vivos\vi_VIVOSDEV09_038_steady_0.wav,,,
vivos/whisper-small-faster-whisper-cpu,vi-asr-VIVOSDEV09_038-impulsive-15,ASR,vi,,15.0,impulsive,whisper-small-faster-whisper-cpu,3.3455,922.984375,0.6666666666666666,0.2564102564102564,,0.8996302521008404,,eval_data\mixed_vivos\vi_VIVOSDEV09_038_impulsive_15.wav,,,
vivos/whisper-small-faster-whisper-cpu,vi-asr-VIVOSDEV09_038-impulsive-10,ASR,vi,,10.0,impulsive,whisper-small-faster-whisper-cpu,3.1977,922.984375,0.6666666666666666,0.2564102564102564,,0.8598857142857144,,eval_data\mixed_vivos\vi_VIVOSDEV09_038_impulsive_10.wav,,,
vivos/whisper-small-faster-whisper-cpu,vi-asr-VIVOSDEV09_038-impulsive-5,ASR,vi,,5.0,impulsive,whisper-small-faster-whisper-cpu,3.2022,922.984375,0.7777777777777778,0.28205128205128205,,0.8610957983193277,,eval_data\mixed_vivos\vi_VIVOSDEV09_038_impulsive_5.wav,,,
vivos/whisper-small-faster-whisper-cpu,vi-asr-VIVOSDEV09_038-impulsive-0,ASR,vi,,0.0,impulsive,whisper-small-faster-whisper-cpu,3.2036,922.984375,0.7777777777777778,0.3333333333333333,,0.861472268907563,,eval_data\mixed_vivos\vi_VIVOSDEV09_038_impulsive_0.wav,,,
vivos/whisper-small-faster-whisper-cpu,vi-asr-VIVOSDEV09_091-clean,ASR,vi,,,clean,whisper-small-faster-whisper-cpu,3.0591,922.984375,0.5,0.1111111111111111,,1.6047737704918033,,eval_data\mixed_vivos\vi_VIVOSDEV09_091_clean.wav,,,
vivos/whisper-small-faster-whisper-cpu,vi-asr-VIVOSDEV09_091-steady-15,ASR,vi,,15.0,steady,whisper-small-faster-whisper-cpu,3.0799,922.984375,0.25,0.05555555555555555,,1.6156852459016393,,eval_data\mixed_vivos\vi_VIVOSDEV09_091_steady_15.wav,,,
vivos/whisper-small-faster-whisper-cpu,vi-asr-VIVOSDEV09_091-steady-10,ASR,vi,,10.0,steady,whisper-small-faster-whisper-cpu,3.0998,922.984375,0.25,0.05555555555555555,,1.6261245901639345,,eval_data\mixed_vivos\vi_VIVOSDEV09_091_steady_10.wav,,,
vivos/whisper-small-faster-whisper-cpu,vi-asr-VIVOSDEV09_091-steady-5,ASR,vi,,5.0,steady,whisper-small-faster-whisper-cpu,3.0962,922.984375,0.5,0.2222222222222222,,1.6242360655737704,,eval_data\mixed_vivos\vi_VIVOSDEV09_091_steady_5.wav,,,
vivos/whisper-small-faster-whisper-cpu,vi-asr-VIVOSDEV09_091-steady-0,ASR,vi,,0.0,steady,whisper-small-faster-whisper-cpu,3.0754,922.984375,0.75,0.3888888888888889,,1.6133245901639346,,eval_data\mixed_vivos\vi_VIVOSDEV09_091_steady_0.wav,,,
vivos/whisper-small-faster-whisper-cpu,vi-asr-VIVOSDEV09_091-impulsive-15,ASR,vi,,15.0,impulsive,whisper-small-faster-whisper-cpu,3.0026,922.984375,0.25,0.05555555555555555,,1.5751344262295084,,eval_data\mixed_vivos\vi_VIVOSDEV09_091_impulsive_15.wav,,,
vivos/whisper-small-faster-whisper-cpu,vi-asr-VIVOSDEV09_091-impulsive-10,ASR,vi,,10.0,impulsive,whisper-small-faster-whisper-cpu,2.7636,922.984375,0.25,0.05555555555555555,,1.4497573770491803,,eval_data\mixed_vivos\vi_VIVOSDEV09_091_impulsive_10.wav,,,
vivos/whisper-small-faster-whisper-cpu,vi-asr-VIVOSDEV09_091-impulsive-5,ASR,vi,,5.0,impulsive,whisper-small-faster-whisper-cpu,4.2481,922.984375,0.25,0.05555555555555555,,2.228511475409836,,eval_data\mixed_vivos\vi_VIVOSDEV09_091_impulsive_5.wav,,,
vivos/whisper-small-faster-whisper-cpu,vi-asr-VIVOSDEV09_091-impulsive-0,ASR,vi,,0.0,impulsive,whisper-small-faster-whisper-cpu,2.9729,922.984375,0.25,0.05555555555555555,,1.5595540983606557,,eval_data\mixed_vivos\vi_VIVOSDEV09_091_impulsive_0.wav,,,
vivos/whisper-small-faster-whisper-cpu,vi-asr-VIVOSDEV09_158-clean,ASR,vi,,,clean,whisper-small-faster-whisper-cpu,3.1318,922.984375,0.5454545454545454,0.13043478260869565,,0.8791017543859649,,eval_data\mixed_vivos\vi_VIVOSDEV09_158_clean.wav,,,
vivos/whisper-small-faster-whisper-cpu,vi-asr-VIVOSDEV09_158-steady-15,ASR,vi,,15.0,steady,whisper-small-faster-whisper-cpu,3.2048,922.984375,0.45454545454545453,0.10869565217391304,,0.8995929824561404,,eval_data\mixed_vivos\vi_VIVOSDEV09_158_steady_15.wav,,,
vivos/whisper-small-faster-whisper-cpu,vi-asr-VIVOSDEV09_158-steady-10,ASR,vi,,10.0,steady,whisper-small-faster-whisper-cpu,3.1613,922.984375,0.5454545454545454,0.15217391304347827,,0.8873824561403509,,eval_data\mixed_vivos\vi_VIVOSDEV09_158_steady_10.wav,,,
vivos/whisper-small-faster-whisper-cpu,vi-asr-VIVOSDEV09_158-steady-5,ASR,vi,,5.0,steady,whisper-small-faster-whisper-cpu,3.3799,922.984375,0.6363636363636364,0.17391304347826086,,0.9487438596491229,,eval_data\mixed_vivos\vi_VIVOSDEV09_158_steady_5.wav,,,
vivos/whisper-small-faster-whisper-cpu,vi-asr-VIVOSDEV09_158-steady-0,ASR,vi,,0.0,steady,whisper-small-faster-whisper-cpu,3.212,922.984375,0.7272727272727273,0.30434782608695654,,0.9016140350877193,,eval_data\mixed_vivos\vi_VIVOSDEV09_158_steady_0.wav,,,
vivos/whisper-small-faster-whisper-cpu,vi-asr-VIVOSDEV09_158-impulsive-15,ASR,vi,,15.0,impulsive,whisper-small-faster-whisper-cpu,3.1474,922.984375,0.5454545454545454,0.13043478260869565,,0.883480701754386,,eval_data\mixed_vivos\vi_VIVOSDEV09_158_impulsive_15.wav,,,
vivos/whisper-small-faster-whisper-cpu,vi-asr-VIVOSDEV09_158-impulsive-10,ASR,vi,,10.0,impulsive,whisper-small-faster-whisper-cpu,3.228,922.984375,0.5454545454545454,0.13043478260869565,,0.9061052631578947,,eval_data\mixed_vivos\vi_VIVOSDEV09_158_impulsive_10.wav,,,
vivos/whisper-small-faster-whisper-cpu,vi-asr-VIVOSDEV09_158-impulsive-5,ASR,vi,,5.0,impulsive,whisper-small-faster-whisper-cpu,3.1428,922.984375,0.5454545454545454,0.15217391304347827,,0.8821894736842105,,eval_data\mixed_vivos\vi_VIVOSDEV09_158_impulsive_5.wav,,,
vivos/whisper-small-faster-whisper-cpu,vi-asr-VIVOSDEV09_158-impulsive-0,ASR,vi,,0.0,impulsive,whisper-small-faster-whisper-cpu,3.342,922.984375,0.5454545454545454,0.13043478260869565,,0.9381052631578948,,eval_data\mixed_vivos\vi_VIVOSDEV09_158_impulsive_0.wav,,,
vivos/whisper-small-faster-whisper-cpu,vi-asr-VIVOSDEV09_203-clean,ASR,vi,,,clean,whisper-small-faster-whisper-cpu,2.8544,922.984375,1.0,1.0,,1.0379636363636364,,eval_data\mixed_vivos\vi_VIVOSDEV09_203_clean.wav,,,
vivos/whisper-small-faster-whisper-cpu,vi-asr-VIVOSDEV09_203-steady-15,ASR,vi,,15.0,steady,whisper-small-faster-whisper-cpu,2.8168,922.984375,1.0,1.0,,1.0242909090909091,,eval_data\mixed_vivos\vi_VIVOSDEV09_203_steady_15.wav,,,
vivos/whisper-small-faster-whisper-cpu,vi-asr-VIVOSDEV09_203-steady-10,ASR,vi,,10.0,steady,whisper-small-faster-whisper-cpu,2.8752,922.984375,1.0,1.0,,1.0455272727272726,,eval_data\mixed_vivos\vi_VIVOSDEV09_203_steady_10.wav,,,
vivos/whisper-small-faster-whisper-cpu,vi-asr-VIVOSDEV09_203-steady-5,ASR,vi,,5.0,steady,whisper-small-faster-whisper-cpu,2.9321,922.984375,1.0,1.0,,1.066218181818182,,eval_data\mixed_vivos\vi_VIVOSDEV09_203_steady_5.wav,,,
vivos/whisper-small-faster-whisper-cpu,vi-asr-VIVOSDEV09_203-steady-0,ASR,vi,,0.0,steady,whisper-small-faster-whisper-cpu,2.9221,922.984375,1.0,0.9090909090909091,,1.062581818181818,,eval_data\mixed_vivos\vi_VIVOSDEV09_203_steady_0.wav,,,
vivos/whisper-small-faster-whisper-cpu,vi-asr-VIVOSDEV09_203-impulsive-15,ASR,vi,,15.0,impulsive,whisper-small-faster-whisper-cpu,2.8969,922.984375,1.0,1.0,,1.0534181818181818,,eval_data\mixed_vivos\vi_VIVOSDEV09_203_impulsive_15.wav,,,
vivos/whisper-small-faster-whisper-cpu,vi-asr-VIVOSDEV09_203-impulsive-10,ASR,vi,,10.0,impulsive,whisper-small-faster-whisper-cpu,2.79,922.984375,1.0,0.8636363636363636,,1.0145454545454546,,eval_data\mixed_vivos\vi_VIVOSDEV09_203_impulsive_10.wav,,,
vivos/whisper-small-faster-whisper-cpu,vi-asr-VIVOSDEV09_203-impulsive-5,ASR,vi,,5.0,impulsive,whisper-small-faster-whisper-cpu,2.964,922.984375,1.0,0.8636363636363636,,1.0778181818181818,,eval_data\mixed_vivos\vi_VIVOSDEV09_203_impulsive_5.wav,,,
vivos/whisper-small-faster-whisper-cpu,vi-asr-VIVOSDEV09_203-impulsive-0,ASR,vi,,0.0,impulsive,whisper-small-faster-whisper-cpu,2.8259,922.984375,1.0,0.8636363636363636,,1.0275999999999998,,eval_data\mixed_vivos\vi_VIVOSDEV09_203_impulsive_0.wav,,,
vivos/whisper-small-faster-whisper-cpu,vi-asr-VIVOSDEV09_288-clean,ASR,vi,,,clean,whisper-small-faster-whisper-cpu,3.283,922.984375,0.3333333333333333,0.16666666666666666,,1.05056,,eval_data\mixed_vivos\vi_VIVOSDEV09_288_clean.wav,,,
vivos/whisper-small-faster-whisper-cpu,vi-asr-VIVOSDEV09_288-steady-15,ASR,vi,,15.0,steady,whisper-small-faster-whisper-cpu,3.6069,922.984375,0.2222222222222222,0.1111111111111111,,1.154208,,eval_data\mixed_vivos\vi_VIVOSDEV09_288_steady_15.wav,,,
vivos/whisper-small-faster-whisper-cpu,vi-asr-VIVOSDEV09_288-steady-10,ASR,vi,,10.0,steady,whisper-small-faster-whisper-cpu,2.9882,922.984375,0.4444444444444444,0.3055555555555556,,0.956224,,eval_data\mixed_vivos\vi_VIVOSDEV09_288_steady_10.wav,,,
vivos/whisper-small-faster-whisper-cpu,vi-asr-VIVOSDEV09_288-steady-5,ASR,vi,,5.0,steady,whisper-small-faster-whisper-cpu,2.9633,922.984375,0.5555555555555556,0.3888888888888889,,0.948256,,eval_data\mixed_vivos\vi_VIVOSDEV09_288_steady_5.wav,,,
vivos/whisper-small-faster-whisper-cpu,vi-asr-VIVOSDEV09_288-steady-0,ASR,vi,,0.0,steady,whisper-small-faster-whisper-cpu,3.0263,922.984375,0.5555555555555556,0.3888888888888889,,0.9684159999999999,,eval_data\mixed_vivos\vi_VIVOSDEV09_288_steady_0.wav,,,
vivos/whisper-small-faster-whisper-cpu,vi-asr-VIVOSDEV09_288-impulsive-15,ASR,vi,,15.0,impulsive,whisper-small-faster-whisper-cpu,3.4658,922.984375,0.3333333333333333,0.1388888888888889,,1.109056,,eval_data\mixed_vivos\vi_VIVOSDEV09_288_impulsive_15.wav,,,
vivos/whisper-small-faster-whisper-cpu,vi-asr-VIVOSDEV09_288-impulsive-10,ASR,vi,,10.0,impulsive,whisper-small-faster-whisper-cpu,3.7407,922.984375,0.3333333333333333,0.1388888888888889,,1.1970239999999999,,eval_data\mixed_vivos\vi_VIVOSDEV09_288_impulsive_10.wav,,,
vivos/whisper-small-faster-whisper-cpu,vi-asr-VIVOSDEV09_288-impulsive-5,ASR,vi,,5.0,impulsive,whisper-small-faster-whisper-cpu,3.0763,922.984375,0.3333333333333333,0.1388888888888889,,0.984416,,eval_data\mixed_vivos\vi_VIVOSDEV09_288_impulsive_5.wav,,,
vivos/whisper-small-faster-whisper-cpu,vi-asr-VIVOSDEV09_288-impulsive-0,ASR,vi,,0.0,impulsive,whisper-small-faster-whisper-cpu,2.6883,922.984375,0.3333333333333333,0.1388888888888889,,0.860256,,eval_data\mixed_vivos\vi_VIVOSDEV09_288_impulsive_0.wav,,,
vivos/whisper-small-faster-whisper-cpu,vi-asr-VIVOSDEV10_024-clean,ASR,vi,,,clean,whisper-small-faster-whisper-cpu,2.7164,922.984375,0.75,0.2647058823529412,,0.9247319148936171,,eval_data\mixed_vivos\vi_VIVOSDEV10_024_clean.wav,,,
vivos/whisper-small-faster-whisper-cpu,vi-asr-VIVOSDEV10_024-steady-15,ASR,vi,,15.0,steady,whisper-small-faster-whisper-cpu,2.7642,922.984375,0.625,0.35294117647058826,,0.941004255319149,,eval_data\mixed_vivos\vi_VIVOSDEV10_024_steady_15.wav,,,
vivos/whisper-small-faster-whisper-cpu,vi-asr-VIVOSDEV10_024-steady-10,ASR,vi,,10.0,steady,whisper-small-faster-whisper-cpu,2.9426,922.984375,0.625,0.4117647058823529,,1.001736170212766,,eval_data\mixed_vivos\vi_VIVOSDEV10_024_steady_10.wav,,,
vivos/whisper-small-faster-whisper-cpu,vi-asr-VIVOSDEV10_024-steady-5,ASR,vi,,5.0,steady,whisper-small-faster-whisper-cpu,3.108,922.984375,0.75,0.3235294117647059,,1.0580425531914894,,eval_data\mixed_vivos\vi_VIVOSDEV10_024_steady_5.wav,,,
vivos/whisper-small-faster-whisper-cpu,vi-asr-VIVOSDEV10_024-steady-0,ASR,vi,,0.0,steady,whisper-small-faster-whisper-cpu,3.1305,922.984375,0.625,0.29411764705882354,,1.0657021276595744,,eval_data\mixed_vivos\vi_VIVOSDEV10_024_steady_0.wav,,,
vivos/whisper-small-faster-whisper-cpu,vi-asr-VIVOSDEV10_024-impulsive-15,ASR,vi,,15.0,impulsive,whisper-small-faster-whisper-cpu,3.01,922.984375,0.75,0.23529411764705882,,1.0246808510638297,,eval_data\mixed_vivos\vi_VIVOSDEV10_024_impulsive_15.wav,,,
vivos/whisper-small-faster-whisper-cpu,vi-asr-VIVOSDEV10_024-impulsive-10,ASR,vi,,10.0,impulsive,whisper-small-faster-whisper-cpu,3.0932,922.984375,0.75,0.2647058823529412,,1.053004255319149,,eval_data\mixed_vivos\vi_VIVOSDEV10_024_impulsive_10.wav,,,
vivos/whisper-small-faster-whisper-cpu,vi-asr-VIVOSDEV10_024-impulsive-5,ASR,vi,,5.0,impulsive,whisper-small-faster-whisper-cpu,2.974,922.984375,0.625,0.23529411764705882,,1.0124255319148936,,eval_data\mixed_vivos\vi_VIVOSDEV10_024_impulsive_5.wav,,,
vivos/whisper-small-faster-whisper-cpu,vi-asr-VIVOSDEV10_024-impulsive-0,ASR,vi,,0.0,impulsive,whisper-small-faster-whisper-cpu,3.2928,922.984375,0.625,0.23529411764705882,,1.1209531914893618,,eval_data\mixed_vivos\vi_VIVOSDEV10_024_impulsive_0.wav,,,
vivos/whisper-small-faster-whisper-cpu,vi-asr-VIVOSDEV10_072-clean,ASR,vi,,,clean,whisper-small-faster-whisper-cpu,3.2647,922.984375,0.8333333333333334,0.35714285714285715,,0.7305622377622377,,eval_data\mixed_vivos\vi_VIVOSDEV10_072_clean.wav,,,
vivos/whisper-small-faster-whisper-cpu,vi-asr-VIVOSDEV10_072-steady-15,ASR,vi,,15.0,steady,whisper-small-faster-whisper-cpu,3.7851,922.984375,0.6666666666666666,0.25,,0.8470153846153846,,eval_data\mixed_vivos\vi_VIVOSDEV10_072_steady_15.wav,,,
vivos/whisper-small-faster-whisper-cpu,vi-asr-VIVOSDEV10_072-steady-10,ASR,vi,,10.0,steady,whisper-small-faster-whisper-cpu,3.205,922.984375,0.5,0.21428571428571427,,0.7172027972027972,,eval_data\mixed_vivos\vi_VIVOSDEV10_072_steady_10.wav,,,
vivos/whisper-small-faster-whisper-cpu,vi-asr-VIVOSDEV10_072-steady-5,ASR,vi,,5.0,steady,whisper-small-faster-whisper-cpu,3.3861,922.984375,0.25,0.16071428571428573,,0.7577286713286713,,eval_data\mixed_vivos\vi_VIVOSDEV10_072_steady_5.wav,,,
vivos/whisper-small-faster-whisper-cpu,vi-asr-VIVOSDEV10_072-steady-0,ASR,vi,,0.0,steady,whisper-small-faster-whisper-cpu,3.0988,922.984375,0.8333333333333334,0.48214285714285715,,0.6934377622377623,,eval_data\mixed_vivos\vi_VIVOSDEV10_072_steady_0.wav,,,
vivos/whisper-small-faster-whisper-cpu,vi-asr-VIVOSDEV10_072-impulsive-15,ASR,vi,,15.0,impulsive,whisper-small-faster-whisper-cpu,3.1733,922.984375,0.8333333333333334,0.35714285714285715,,0.7101090909090909,,eval_data\mixed_vivos\vi_VIVOSDEV10_072_impulsive_15.wav,,,
vivos/whisper-small-faster-whisper-cpu,vi-asr-VIVOSDEV10_072-impulsive-10,ASR,vi,,10.0,impulsive,whisper-small-faster-whisper-cpu,3.0222,922.984375,0.6666666666666666,0.2857142857142857,,0.6762965034965035,,eval_data\mixed_vivos\vi_VIVOSDEV10_072_impulsive_10.wav,,,
vivos/whisper-small-faster-whisper-cpu,vi-asr-VIVOSDEV10_072-impulsive-5,ASR,vi,,5.0,impulsive,whisper-small-faster-whisper-cpu,3.5173,922.984375,0.5833333333333334,0.25,,0.7870881118881119,,eval_data\mixed_vivos\vi_VIVOSDEV10_072_impulsive_5.wav,,,
vivos/whisper-small-faster-whisper-cpu,vi-asr-VIVOSDEV10_072-impulsive-0,ASR,vi,,0.0,impulsive,whisper-small-faster-whisper-cpu,2.9894,922.984375,0.5833333333333334,0.25,,0.6689566433566433,,eval_data\mixed_vivos\vi_VIVOSDEV10_072_impulsive_0.wav,,,
vivos/whisper-small-faster-whisper-cpu,vi-asr-VIVOSDEV10_156-clean,ASR,vi,,,clean,whisper-small-faster-whisper-cpu,3.2991,922.984375,0.6428571428571429,0.2903225806451613,,0.5998363636363636,,eval_data\mixed_vivos\vi_VIVOSDEV10_156_clean.wav,,,
vivos/whisper-small-faster-whisper-cpu,vi-asr-VIVOSDEV10_156-steady-15,ASR,vi,,15.0,steady,whisper-small-faster-whisper-cpu,3.1433,922.984375,0.7142857142857143,0.3709677419354839,,0.5715090909090909,,eval_data\mixed_vivos\vi_VIVOSDEV10_156_steady_15.wav,,,
vivos/whisper-small-faster-whisper-cpu,vi-asr-VIVOSDEV10_156-steady-10,ASR,vi,,10.0,steady,whisper-small-faster-whisper-cpu,3.7828,922.984375,0.6428571428571429,0.3225806451612903,,0.6877818181818182,,eval_data\mixed_vivos\vi_VIVOSDEV10_156_steady_10.wav,,,
vivos/whisper-small-faster-whisper-cpu,vi-asr-VIVOSDEV10_156-steady-5,ASR,vi,,5.0,steady,whisper-small-faster-whisper-cpu,3.5135,922.984375,0.7857142857142857,0.3870967741935484,,0.6388181818181818,,eval_data\mixed_vivos\vi_VIVOSDEV10_156_steady_5.wav,,,
vivos/whisper-small-faster-whisper-cpu,vi-asr-VIVOSDEV10_156-steady-0,ASR,vi,,0.0,steady,whisper-small-faster-whisper-cpu,3.353,922.984375,0.8571428571428571,0.5,,0.6096363636363636,,eval_data\mixed_vivos\vi_VIVOSDEV10_156_steady_0.wav,,,
vivos/whisper-small-faster-whisper-cpu,vi-asr-VIVOSDEV10_156-impulsive-15,ASR,vi,,15.0,impulsive,whisper-small-faster-whisper-cpu,3.5673,922.984375,0.5714285714285714,0.25806451612903225,,0.6486,,eval_data\mixed_vivos\vi_VIVOSDEV10_156_impulsive_15.wav,,,
vivos/whisper-small-faster-whisper-cpu,vi-asr-VIVOSDEV10_156-impulsive-10,ASR,vi,,10.0,impulsive,whisper-small-faster-whisper-cpu,3.2564,922.984375,0.6428571428571429,0.2903225806451613,,0.5920727272727273,,eval_data\mixed_vivos\vi_VIVOSDEV10_156_impulsive_10.wav,,,
vivos/whisper-small-faster-whisper-cpu,vi-asr-VIVOSDEV10_156-impulsive-5,ASR,vi,,5.0,impulsive,whisper-small-faster-whisper-cpu,3.2549,922.984375,0.6428571428571429,0.3064516129032258,,0.5918,,eval_data\mixed_vivos\vi_VIVOSDEV10_156_impulsive_5.wav,,,
vivos/whisper-small-faster-whisper-cpu,vi-asr-VIVOSDEV10_156-impulsive-0,ASR,vi,,0.0,impulsive,whisper-small-faster-whisper-cpu,3.1171,922.984375,0.5714285714285714,0.25806451612903225,,0.5667454545454546,,eval_data\mixed_vivos\vi_VIVOSDEV10_156_impulsive_0.wav,,,
vivos/whisper-small-faster-whisper-cpu,vi-asr-VIVOSDEV10_212-clean,ASR,vi,,,clean,whisper-small-faster-whisper-cpu,2.4777,922.984375,1.0,0.9473684210526315,,1.23885,,eval_data\mixed_vivos\vi_VIVOSDEV10_212_clean.wav,,,
vivos/whisper-small-faster-whisper-cpu,vi-asr-VIVOSDEV10_212-steady-15,ASR,vi,,15.0,steady,whisper-small-faster-whisper-cpu,2.4676,922.984375,1.0,0.9473684210526315,,1.2338,,eval_data\mixed_vivos\vi_VIVOSDEV10_212_steady_15.wav,,,
vivos/whisper-small-faster-whisper-cpu,vi-asr-VIVOSDEV10_212-steady-10,ASR,vi,,10.0,steady,whisper-small-faster-whisper-cpu,2.3089,922.984375,1.0,0.9473684210526315,,1.15445,,eval_data\mixed_vivos\vi_VIVOSDEV10_212_steady_10.wav,,,
vivos/whisper-small-faster-whisper-cpu,vi-asr-VIVOSDEV10_212-steady-5,ASR,vi,,5.0,steady,whisper-small-faster-whisper-cpu,2.2809,922.984375,1.0,0.9473684210526315,,1.14045,,eval_data\mixed_vivos\vi_VIVOSDEV10_212_steady_5.wav,,,
vivos/whisper-small-faster-whisper-cpu,vi-asr-VIVOSDEV10_212-steady-0,ASR,vi,,0.0,steady,whisper-small-faster-whisper-cpu,2.2467,922.984375,1.0,0.9473684210526315,,1.12335,,eval_data\mixed_vivos\vi_VIVOSDEV10_212_steady_0.wav,,,
vivos/whisper-small-faster-whisper-cpu,vi-asr-VIVOSDEV10_212-impulsive-15,ASR,vi,,15.0,impulsive,whisper-small-faster-whisper-cpu,2.3987,922.984375,1.0,0.9473684210526315,,1.19935,,eval_data\mixed_vivos\vi_VIVOSDEV10_212_impulsive_15.wav,,,
vivos/whisper-small-faster-whisper-cpu,vi-asr-VIVOSDEV10_212-impulsive-10,ASR,vi,,10.0,impulsive,whisper-small-faster-whisper-cpu,2.7834,922.984375,0.4,0.15789473684210525,,1.3917,,eval_data\mixed_vivos\vi_VIVOSDEV10_212_impulsive_10.wav,,,
vivos/whisper-small-faster-whisper-cpu,vi-asr-VIVOSDEV10_212-impulsive-5,ASR,vi,,5.0,impulsive,whisper-small-faster-whisper-cpu,2.923,922.984375,1.0,0.9473684210526315,,1.4615,,eval_data\mixed_vivos\vi_VIVOSDEV10_212_impulsive_5.wav,,,
vivos/whisper-small-faster-whisper-cpu,vi-asr-VIVOSDEV10_212-impulsive-0,ASR,vi,,0.0,impulsive,whisper-small-faster-whisper-cpu,2.9586,922.984375,0.4,0.15789473684210525,,1.4793,,eval_data\mixed_vivos\vi_VIVOSDEV10_212_impulsive_0.wav,,,
vivos/whisper-small-faster-whisper-cpu,vi-asr-VIVOSDEV10_262-clean,ASR,vi,,,clean,whisper-small-faster-whisper-cpu,3.1579,922.984375,0.7142857142857143,0.42857142857142855,,1.1483272727272729,,eval_data\mixed_vivos\vi_VIVOSDEV10_262_clean.wav,,,
vivos/whisper-small-faster-whisper-cpu,vi-asr-VIVOSDEV10_262-steady-15,ASR,vi,,15.0,steady,whisper-small-faster-whisper-cpu,3.2568,922.984375,0.7142857142857143,0.42857142857142855,,1.184290909090909,,eval_data\mixed_vivos\vi_VIVOSDEV10_262_steady_15.wav,,,
vivos/whisper-small-faster-whisper-cpu,vi-asr-VIVOSDEV10_262-steady-10,ASR,vi,,10.0,steady,whisper-small-faster-whisper-cpu,3.1599,922.984375,0.8571428571428571,0.35714285714285715,,1.1490545454545453,,eval_data\mixed_vivos\vi_VIVOSDEV10_262_steady_10.wav,,,
vivos/whisper-small-faster-whisper-cpu,vi-asr-VIVOSDEV10_262-steady-5,ASR,vi,,5.0,steady,whisper-small-faster-whisper-cpu,3.0475,922.984375,0.8571428571428571,0.39285714285714285,,1.1081818181818182,,eval_data\mixed_vivos\vi_VIVOSDEV10_262_steady_5.wav,,,
vivos/whisper-small-faster-whisper-cpu,vi-asr-VIVOSDEV10_262-steady-0,ASR,vi,,0.0,steady,whisper-small-faster-whisper-cpu,3.0256,922.984375,0.8571428571428571,0.6071428571428571,,1.1002181818181818,,eval_data\mixed_vivos\vi_VIVOSDEV10_262_steady_0.wav,,,
vivos/whisper-small-faster-whisper-cpu,vi-asr-VIVOSDEV10_262-impulsive-15,ASR,vi,,15.0,impulsive,whisper-small-faster-whisper-cpu,3.1847,922.984375,0.7142857142857143,0.42857142857142855,,1.1580727272727271,,eval_data\mixed_vivos\vi_VIVOSDEV10_262_impulsive_15.wav,,,
vivos/whisper-small-faster-whisper-cpu,vi-asr-VIVOSDEV10_262-impulsive-10,ASR,vi,,10.0,impulsive,whisper-small-faster-whisper-cpu,2.9313,922.984375,0.7142857142857143,0.42857142857142855,,1.0659272727272726,,eval_data\mixed_vivos\vi_VIVOSDEV10_262_impulsive_10.wav,,,
vivos/whisper-small-faster-whisper-cpu,vi-asr-VIVOSDEV10_262-impulsive-5,ASR,vi,,5.0,impulsive,whisper-small-faster-whisper-cpu,3.045,922.984375,0.7142857142857143,0.42857142857142855,,1.1072727272727272,,eval_data\mixed_vivos\vi_VIVOSDEV10_262_impulsive_5.wav,,,
vivos/whisper-small-faster-whisper-cpu,vi-asr-VIVOSDEV10_262-impulsive-0,ASR,vi,,0.0,impulsive,whisper-small-faster-whisper-cpu,3.0144,922.984375,0.7142857142857143,0.39285714285714285,,1.0961454545454545,,eval_data\mixed_vivos\vi_VIVOSDEV10_262_impulsive_0.wav,,,
vivos/whisper-small-faster-whisper-cpu,vi-asr-VIVOSDEV11_038-clean,ASR,vi,,,clean,whisper-small-faster-whisper-cpu,2.8446,922.984375,0.125,0.02631578947368421,,1.2300972972972972,,eval_data\mixed_vivos\vi_VIVOSDEV11_038_clean.wav,,,
vivos/whisper-small-faster-whisper-cpu,vi-asr-VIVOSDEV11_038-steady-15,ASR,vi,,15.0,steady,whisper-small-faster-whisper-cpu,3.345,922.984375,0.125,0.02631578947368421,,1.4464864864864866,,eval_data\mixed_vivos\vi_VIVOSDEV11_038_steady_15.wav,,,
vivos/whisper-small-faster-whisper-cpu,vi-asr-VIVOSDEV11_038-steady-10,ASR,vi,,10.0,steady,whisper-small-faster-whisper-cpu,2.8831,922.984375,0.125,0.02631578947368421,,1.246745945945946,,eval_data\mixed_vivos\vi_VIVOSDEV11_038_steady_10.wav,,,
vivos/whisper-small-faster-whisper-cpu,vi-asr-VIVOSDEV11_038-steady-5,ASR,vi,,5.0,steady,whisper-small-faster-whisper-cpu,2.8746,922.984375,0.125,0.02631578947368421,,1.2430702702702703,,eval_data\mixed_vivos\vi_VIVOSDEV11_038_steady_5.wav,,,
vivos/whisper-small-faster-whisper-cpu,vi-asr-VIVOSDEV11_038-steady-0,ASR,vi,,0.0,steady,whisper-small-faster-whisper-cpu,2.9478,922.984375,0.125,0.02631578947368421,,1.2747243243243243,,eval_data\mixed_vivos\vi_VIVOSDEV11_038_steady_0.wav,,,
vivos/whisper-small-faster-whisper-cpu,vi-asr-VIVOSDEV11_038-impulsive-15,ASR,vi,,15.0,impulsive,whisper-small-faster-whisper-cpu,2.8199,922.984375,0.125,0.02631578947368421,,1.2194162162162163,,eval_data\mixed_vivos\vi_VIVOSDEV11_038_impulsive_15.wav,,,
vivos/whisper-small-faster-whisper-cpu,vi-asr-VIVOSDEV11_038-impulsive-10,ASR,vi,,10.0,impulsive,whisper-small-faster-whisper-cpu,2.8834,922.984375,0.125,0.02631578947368421,,1.2468756756756756,,eval_data\mixed_vivos\vi_VIVOSDEV11_038_impulsive_10.wav,,,
vivos/whisper-small-faster-whisper-cpu,vi-asr-VIVOSDEV11_038-impulsive-5,ASR,vi,,5.0,impulsive,whisper-small-faster-whisper-cpu,3.0953,922.984375,0.125,0.02631578947368421,,1.338508108108108,,eval_data\mixed_vivos\vi_VIVOSDEV11_038_impulsive_5.wav,,,
vivos/whisper-small-faster-whisper-cpu,vi-asr-VIVOSDEV11_038-impulsive-0,ASR,vi,,0.0,impulsive,whisper-small-faster-whisper-cpu,2.9067,922.984375,0.125,0.02631578947368421,,1.2569513513513513,,eval_data\mixed_vivos\vi_VIVOSDEV11_038_impulsive_0.wav,,,
vivos/whisper-small-faster-whisper-cpu,vi-asr-VIVOSDEV11_079-clean,ASR,vi,,,clean,whisper-small-faster-whisper-cpu,3.0228,922.984375,0.18181818181818182,0.041666666666666664,,0.8485052631578948,,eval_data\mixed_vivos\vi_VIVOSDEV11_079_clean.wav,,,
vivos/whisper-small-faster-whisper-cpu,vi-asr-VIVOSDEV11_079-steady-15,ASR,vi,,15.0,steady,whisper-small-faster-whisper-cpu,3.1449,922.984375,0.09090909090909091,0.020833333333333332,,0.882778947368421,,eval_data\mixed_vivos\vi_VIVOSDEV11_079_steady_15.wav,,,
vivos/whisper-small-faster-whisper-cpu,vi-asr-VIVOSDEV11_079-steady-10,ASR,vi,,10.0,steady,whisper-small-faster-whisper-cpu,3.0547,922.984375,0.09090909090909091,0.020833333333333332,,0.857459649122807,,eval_data\mixed_vivos\vi_VIVOSDEV11_079_steady_10.wav,,,
vivos/whisper-small-faster-whisper-cpu,vi-asr-VIVOSDEV11_079-steady-5,ASR,vi,,5.0,steady,whisper-small-faster-whisper-cpu,3.042,922.984375,0.09090909090909091,0.020833333333333332,,0.8538947368421053,,eval_data\mixed_vivos\vi_VIVOSDEV11_079_steady_5.wav,,,
vivos/whisper-small-faster-whisper-cpu,vi-asr-VIVOSDEV11_079-steady-0,ASR,vi,,0.0,steady,whisper-small-faster-whisper-cpu,4.9303,922.984375,0.36363636363636365,0.16666666666666666,,1.3839438596491227,,eval_data\mixed_vivos\vi_VIVOSDEV11_079_steady_0.wav,,,
vivos/whisper-small-faster-whisper-cpu,vi-asr-VIVOSDEV11_079-impulsive-15,ASR,vi,,15.0,impulsive,whisper-small-faster-whisper-cpu,3.1954,922.984375,0.18181818181818182,0.041666666666666664,,0.8969543859649122,,eval_data\mixed_vivos\vi_VIVOSDEV11_079_impulsive_15.wav,,,
vivos/whisper-small-faster-whisper-cpu,vi-asr-VIVOSDEV11_079-impulsive-10,ASR,vi,,10.0,impulsive,whisper-small-faster-whisper-cpu,3.4803,922.984375,0.18181818181818182,0.041666666666666664,,0.9769263157894738,,eval_data\mixed_vivos\vi_VIVOSDEV11_079_impulsive_10.wav,,,
vivos/whisper-small-faster-whisper-cpu,vi-asr-VIVOSDEV11_079-impulsive-5,ASR,vi,,5.0,impulsive,whisper-small-faster-whisper-cpu,3.7501,922.984375,0.18181818181818182,0.041666666666666664,,1.052659649122807,,eval_data\mixed_vivos\vi_VIVOSDEV11_079_impulsive_5.wav,,,
vivos/whisper-small-faster-whisper-cpu,vi-asr-VIVOSDEV11_079-impulsive-0,ASR,vi,,0.0,impulsive,whisper-small-faster-whisper-cpu,3.5566,922.984375,0.09090909090909091,0.020833333333333332,,0.9983438596491228,,eval_data\mixed_vivos\vi_VIVOSDEV11_079_impulsive_0.wav,,,
vivos/whisper-small-faster-whisper-cpu,vi-asr-VIVOSDEV11_136-clean,ASR,vi,,,clean,whisper-small-faster-whisper-cpu,4.2531,922.984375,0.25,0.10869565217391304,,0.907328,,eval_data\mixed_vivos\vi_VIVOSDEV11_136_clean.wav,,,
vivos/whisper-small-faster-whisper-cpu,vi-asr-VIVOSDEV11_136-steady-15,ASR,vi,,15.0,steady,whisper-small-faster-whisper-cpu,3.2758,922.984375,0.25,0.10869565217391304,,0.6988373333333333,,eval_data\mixed_vivos\vi_VIVOSDEV11_136_steady_15.wav,,,
vivos/whisper-small-faster-whisper-cpu,vi-asr-VIVOSDEV11_136-steady-10,ASR,vi,,10.0,steady,whisper-small-faster-whisper-cpu,3.2405,922.984375,0.16666666666666666,0.08695652173913043,,0.6913066666666666,,eval_data\mixed_vivos\vi_VIVOSDEV11_136_steady_10.wav,,,
vivos/whisper-small-faster-whisper-cpu,vi-asr-VIVOSDEV11_136-steady-5,ASR,vi,,5.0,steady,whisper-small-faster-whisper-cpu,3.246,922.984375,0.16666666666666666,0.043478260869565216,,0.69248,,eval_data\mixed_vivos\vi_VIVOSDEV11_136_steady_5.wav,,,
vivos/whisper-small-faster-whisper-cpu,vi-asr-VIVOSDEV11_136-steady-0,ASR,vi,,0.0,steady,whisper-small-faster-whisper-cpu,3.2132,922.984375,0.3333333333333333,0.15217391304347827,,0.6854826666666667,,eval_data\mixed_vivos\vi_VIVOSDEV11_136_steady_0.wav,,,
vivos/whisper-small-faster-whisper-cpu,vi-asr-VIVOSDEV11_136-impulsive-15,ASR,vi,,15.0,impulsive,whisper-small-faster-whisper-cpu,3.1703,922.984375,0.25,0.10869565217391304,,0.6763306666666667,,eval_data\mixed_vivos\vi_VIVOSDEV11_136_impulsive_15.wav,,,
vivos/whisper-small-faster-whisper-cpu,vi-asr-VIVOSDEV11_136-impulsive-10,ASR,vi,,10.0,impulsive,whisper-small-faster-whisper-cpu,3.3039,922.984375,0.25,0.10869565217391304,,0.704832,,eval_data\mixed_vivos\vi_VIVOSDEV11_136_impulsive_10.wav,,,
vivos/whisper-small-faster-whisper-cpu,vi-asr-VIVOSDEV11_136-impulsive-5,ASR,vi,,5.0,impulsive,whisper-small-faster-whisper-cpu,3.28,922.984375,0.25,0.10869565217391304,,0.6997333333333333,,eval_data\mixed_vivos\vi_VIVOSDEV11_136_impulsive_5.wav,,,
vivos/whisper-small-faster-whisper-cpu,vi-asr-VIVOSDEV11_136-impulsive-0,ASR,vi,,0.0,impulsive,whisper-small-faster-whisper-cpu,3.0029,922.984375,0.25,0.10869565217391304,,0.6406186666666667,,eval_data\mixed_vivos\vi_VIVOSDEV11_136_impulsive_0.wav,,,
vivos/whisper-small-faster-whisper-cpu,vi-asr-VIVOSDEV11_200-clean,ASR,vi,,,clean,whisper-small-faster-whisper-cpu,2.4726,922.984375,0.0,0.0,,1.1144112676056337,,eval_data\mixed_vivos\vi_VIVOSDEV11_200_clean.wav,,,
vivos/whisper-small-faster-whisper-cpu,vi-asr-VIVOSDEV11_200-steady-15,ASR,vi,,15.0,steady,whisper-small-faster-whisper-cpu,2.7043,922.984375,0.0,0.0,,1.2188394366197184,,eval_data\mixed_vivos\vi_VIVOSDEV11_200_steady_15.wav,,,
vivos/whisper-small-faster-whisper-cpu,vi-asr-VIVOSDEV11_200-steady-10,ASR,vi,,10.0,steady,whisper-small-faster-whisper-cpu,2.6749,922.984375,0.0,0.0,,1.2055887323943661,,eval_data\mixed_vivos\vi_VIVOSDEV11_200_steady_10.wav,,,
vivos/whisper-small-faster-whisper-cpu,vi-asr-VIVOSDEV11_200-steady-5,ASR,vi,,5.0,steady,whisper-small-faster-whisper-cpu,3.0996,922.984375,0.0,0.0,,1.3970028169014086,,eval_data\mixed_vivos\vi_VIVOSDEV11_200_steady_5.wav,,,
vivos/whisper-small-faster-whisper-cpu,vi-asr-VIVOSDEV11_200-steady-0,ASR,vi,,0.0,steady,whisper-small-faster-whisper-cpu,2.7621,922.984375,0.0,0.0,,1.2448901408450705,,eval_data\mixed_vivos\vi_VIVOSDEV11_200_steady_0.wav,,,
vivos/whisper-small-faster-whisper-cpu,vi-asr-VIVOSDEV11_200-impulsive-15,ASR,vi,,15.0,impulsive,whisper-small-faster-whisper-cpu,2.8002,922.984375,0.0,0.0,,1.2620619718309858,,eval_data\mixed_vivos\vi_VIVOSDEV11_200_impulsive_15.wav,,,
vivos/whisper-small-faster-whisper-cpu,vi-asr-VIVOSDEV11_200-impulsive-10,ASR,vi,,10.0,impulsive,whisper-small-faster-whisper-cpu,2.8217,922.984375,0.0,0.0,,1.2717521126760563,,eval_data\mixed_vivos\vi_VIVOSDEV11_200_impulsive_10.wav,,,
vivos/whisper-small-faster-whisper-cpu,vi-asr-VIVOSDEV11_200-impulsive-5,ASR,vi,,5.0,impulsive,whisper-small-faster-whisper-cpu,3.0814,922.984375,0.0,0.0,,1.3888,,eval_data\mixed_vivos\vi_VIVOSDEV11_200_impulsive_5.wav,,,
vivos/whisper-small-faster-whisper-cpu,vi-asr-VIVOSDEV11_200-impulsive-0,ASR,vi,,0.0,impulsive,whisper-small-faster-whisper-cpu,2.8933,922.984375,0.0,0.0,,1.3040225352112675,,eval_data\mixed_vivos\vi_VIVOSDEV11_200_impulsive_0.wav,,,
vivos/whisper-small-faster-whisper-cpu,vi-asr-VIVOSDEV11_274-clean,ASR,vi,,,clean,whisper-small-faster-whisper-cpu,3.0524,922.984375,0.25,0.08333333333333333,,1.0069773195876288,,eval_data\mixed_vivos\vi_VIVOSDEV11_274_clean.wav,,,
vivos/whisper-small-faster-whisper-cpu,vi-asr-VIVOSDEV11_274-steady-15,ASR,vi,,15.0,steady,whisper-small-faster-whisper-cpu,3.0267,922.984375,0.25,0.08333333333333333,,0.998498969072165,,eval_data\mixed_vivos\vi_VIVOSDEV11_274_steady_15.wav,,,
vivos/whisper-small-faster-whisper-cpu,vi-asr-VIVOSDEV11_274-steady-10,ASR,vi,,10.0,steady,whisper-small-faster-whisper-cpu,3.057,922.984375,0.25,0.08333333333333333,,1.0084948453608247,,eval_data\mixed_vivos\vi_VIVOSDEV11_274_steady_10.wav,,,
vivos/whisper-small-faster-whisper-cpu,vi-asr-VIVOSDEV11_274-steady-5,ASR,vi,,5.0,steady,whisper-small-faster-whisper-cpu,3.1365,922.984375,0.125,0.05555555555555555,,1.034721649484536,,eval_data\mixed_vivos\vi_VIVOSDEV11_274_steady_5.wav,,,
vivos/whisper-small-faster-whisper-cpu,vi-asr-VIVOSDEV11_274-steady-0,ASR,vi,,0.0,steady,whisper-small-faster-whisper-cpu,3.0309,922.984375,0.125,0.05555555555555555,,0.9998845360824742,,eval_data\mixed_vivos\vi_VIVOSDEV11_274_steady_0.wav,,,
vivos/whisper-small-faster-whisper-cpu,vi-asr-VIVOSDEV11_274-impulsive-15,ASR,vi,,15.0,impulsive,whisper-small-faster-whisper-cpu,3.0401,922.984375,0.25,0.08333333333333333,,1.002919587628866,,eval_data\mixed_vivos\vi_VIVOSDEV11_274_impulsive_15.wav,,,
vivos/whisper-small-faster-whisper-cpu,vi-asr-VIVOSDEV11_274-impulsive-10,ASR,vi,,10.0,impulsive,whisper-small-faster-whisper-cpu,3.4079,922.984375,0.25,0.08333333333333333,,1.1242556701030928,,eval_data\mixed_vivos\vi_VIVOSDEV11_274_impulsive_10.wav,,,
vivos/whisper-small-faster-whisper-cpu,vi-asr-VIVOSDEV11_274-impulsive-5,ASR,vi,,5.0,impulsive,whisper-small-faster-whisper-cpu,3.1966,922.984375,0.25,0.08333333333333333,,1.0545484536082474,,eval_data\mixed_vivos\vi_VIVOSDEV11_274_impulsive_5.wav,,,
vivos/whisper-small-faster-whisper-cpu,vi-asr-VIVOSDEV11_274-impulsive-0,ASR,vi,,0.0,impulsive,whisper-small-faster-whisper-cpu,3.0675,922.984375,0.25,0.08333333333333333,,1.0119587628865978,,eval_data\mixed_vivos\vi_VIVOSDEV11_274_impulsive_0.wav,,,
vivos/whisper-small-faster-whisper-cpu,vi-asr-VIVOSDEV12_054-clean,ASR,vi,,,clean,whisper-small-faster-whisper-cpu,3.042,922.984375,0.16666666666666666,0.058823529411764705,,0.624,,eval_data\mixed_vivos\vi_VIVOSDEV12_054_clean.wav,,,
vivos/whisper-small-faster-whisper-cpu,vi-asr-VIVOSDEV12_054-steady-15,ASR,vi,,15.0,steady,whisper-small-faster-whisper-cpu,3.0955,922.984375,0.08333333333333333,0.0392156862745098,,0.6349743589743589,,eval_data\mixed_vivos\vi_VIVOSDEV12_054_steady_15.wav,,,
vivos/whisper-small-faster-whisper-cpu,vi-asr-VIVOSDEV12_054-steady-10,ASR,vi,,10.0,steady,whisper-small-faster-whisper-cpu,3.2229,922.984375,0.16666666666666666,0.09803921568627451,,0.6611076923076923,,eval_data\mixed_vivos\vi_VIVOSDEV12_054_steady_10.wav,,,
vivos/whisper-small-faster-whisper-cpu,vi-asr-VIVOSDEV12_054-steady-5,ASR,vi,,5.0,steady,whisper-small-faster-whisper-cpu,3.2115,922.984375,0.25,0.11764705882352941,,0.6587692307692308,,eval_data\mixed_vivos\vi_VIVOSDEV12_054_steady_5.wav,,,
vivos/whisper-small-faster-whisper-cpu,vi-asr-VIVOSDEV12_054-steady-0,ASR,vi,,0.0,steady,whisper-small-faster-whisper-cpu,3.1807,922.984375,0.5,0.23529411764705882,,0.652451282051282,,eval_data\mixed_vivos\vi_VIVOSDEV12_054_steady_0.wav,,,
vivos/whisper-small-faster-whisper-cpu,vi-asr-VIVOSDEV12_054-impulsive-15,ASR,vi,,15.0,impulsive,whisper-small-faster-whisper-cpu,3.5969,922.984375,0.16666666666666666,0.058823529411764705,,0.7378256410256411,,eval_data\mixed_vivos\vi_VIVOSDEV12_054_impulsive_15.wav,,,
vivos/whisper-small-faster-whisper-cpu,vi-asr-VIVOSDEV12_054-impulsive-10,ASR,vi,,10.0,impulsive,whisper-small-faster-whisper-cpu,3.5719,922.984375,0.16666666666666666,0.058823529411764705,,0.7326974358974359,,eval_data\mixed_vivos\vi_VIVOSDEV12_054_impulsive_10.wav,,,
vivos/whisper-small-faster-whisper-cpu,vi-asr-VIVOSDEV12_054-impulsive-5,ASR,vi,,5.0,impulsive,whisper-small-faster-whisper-cpu,2.9579,922.984375,0.16666666666666666,0.058823529411764705,,0.606748717948718,,eval_data\mixed_vivos\vi_VIVOSDEV12_054_impulsive_5.wav,,,
vivos/whisper-small-faster-whisper-cpu,vi-asr-VIVOSDEV12_054-impulsive-0,ASR,vi,,0.0,impulsive,whisper-small-faster-whisper-cpu,3.2087,922.984375,0.16666666666666666,0.058823529411764705,,0.6581948717948718,,eval_data\mixed_vivos\vi_VIVOSDEV12_054_impulsive_0.wav,,,
vivos/whisper-small-faster-whisper-cpu,vi-asr-VIVOSDEV12_076-clean,ASR,vi,,,clean,whisper-small-faster-whisper-cpu,2.9831,922.984375,0.2222222222222222,0.05555555555555555,,0.8373614035087719,,eval_data\mixed_vivos\vi_VIVOSDEV12_076_clean.wav,,,
vivos/whisper-small-faster-whisper-cpu,vi-asr-VIVOSDEV12_076-steady-15,ASR,vi,,15.0,steady,whisper-small-faster-whisper-cpu,2.9579,922.984375,0.2222222222222222,0.05555555555555555,,0.8302877192982456,,eval_data\mixed_vivos\vi_VIVOSDEV12_076_steady_15.wav,,,
vivos/whisper-small-faster-whisper-cpu,vi-asr-VIVOSDEV12_076-steady-10,ASR,vi,,10.0,steady,whisper-small-faster-whisper-cpu,3.1759,922.984375,0.2222222222222222,0.05555555555555555,,0.891480701754386,,eval_data\mixed_vivos\vi_VIVOSDEV12_076_steady_10.wav,,,
vivos/whisper-small-faster-whisper-cpu,vi-asr-VIVOSDEV12_076-steady-5,ASR,vi,,5.0,steady,whisper-small-faster-whisper-cpu,3.2795,922.984375,0.2222222222222222,0.05555555555555555,,0.9205614035087719,,eval_data\mixed_vivos\vi_VIVOSDEV12_076_steady_5.wav,,,
vivos/whisper-small-faster-whisper-cpu,vi-asr-VIVOSDEV12_076-steady-0,ASR,vi,,0.0,steady,whisper-small-faster-whisper-cpu,3.5649,922.984375,0.4444444444444444,0.19444444444444445,,1.0006736842105264,,eval_data\mixed_vivos\vi_VIVOSDEV12_076_steady_0.wav,,,
vivos/whisper-small-faster-whisper-cpu,vi-asr-VIVOSDEV12_076-impulsive-15,ASR,vi,,15.0,impulsive,whisper-small-faster-whisper-cpu,2.9407,922.984375,0.1111111111111111,0.027777777777777776,,0.825459649122807,,eval_data\mixed_vivos\vi_VIVOSDEV12_076_impulsive_15.wav,,,
vivos/whisper-small-faster-whisper-cpu,vi-asr-VIVOSDEV12_076-impulsive-10,ASR,vi,,10.0,impulsive,whisper-small-faster-whisper-cpu,2.9548,922.984375,0.1111111111111111,0.027777777777777776,,0.8294175438596492,,eval_data\mixed_vivos\vi_VIVOSDEV12_076_impulsive_10.wav,,,
vivos/whisper-small-faster-whisper-cpu,vi-asr-VIVOSDEV12_076-impulsive-5,ASR,vi,,5.0,impulsive,whisper-small-faster-whisper-cpu,3.5021,922.984375,0.1111111111111111,0.027777777777777776,,0.9830456140350877,,eval_data\mixed_vivos\vi_VIVOSDEV12_076_impulsive_5.wav,,,
vivos/whisper-small-faster-whisper-cpu,vi-asr-VIVOSDEV12_076-impulsive-0,ASR,vi,,0.0,impulsive,whisper-small-faster-whisper-cpu,3.6115,922.984375,0.1111111111111111,0.027777777777777776,,1.0137543859649123,,eval_data\mixed_vivos\vi_VIVOSDEV12_076_impulsive_0.wav,,,
vivos/whisper-small-faster-whisper-cpu,vi-asr-VIVOSDEV12_135-clean,ASR,vi,,,clean,whisper-small-faster-whisper-cpu,3.2684,922.984375,0.16666666666666666,0.034482758620689655,,1.30736,,eval_data\mixed_vivos\vi_VIVOSDEV12_135_clean.wav,,,
vivos/whisper-small-faster-whisper-cpu,vi-asr-VIVOSDEV12_135-steady-15,ASR,vi,,15.0,steady,whisper-small-faster-whisper-cpu,2.8103,922.984375,0.0,0.0,,1.12412,,eval_data\mixed_vivos\vi_VIVOSDEV12_135_steady_15.wav,,,
vivos/whisper-small-faster-whisper-cpu,vi-asr-VIVOSDEV12_135-steady-10,ASR,vi,,10.0,steady,whisper-small-faster-whisper-cpu,3.0189,922.984375,0.0,0.0,,1.20756,,eval_data\mixed_vivos\vi_VIVOSDEV12_135_steady_10.wav,,,
vivos/whisper-small-faster-whisper-cpu,vi-asr-VIVOSDEV12_135-steady-5,ASR,vi,,5.0,steady,whisper-small-faster-whisper-cpu,3.0986,922.984375,0.0,0.0,,1.2394399999999999,,eval_data\mixed_vivos\vi_VIVOSDEV12_135_steady_5.wav,,,
vivos/whisper-small-faster-whisper-cpu,vi-asr-VIVOSDEV12_135-steady-0,ASR,vi,,0.0,steady,whisper-small-faster-whisper-cpu,3.2245,922.984375,0.3333333333333333,0.10344827586206896,,1.2898,,eval_data\mixed_vivos\vi_VIVOSDEV12_135_steady_0.wav,,,
vivos/whisper-small-faster-whisper-cpu,vi-asr-VIVOSDEV12_135-impulsive-15,ASR,vi,,15.0,impulsive,whisper-small-faster-whisper-cpu,3.0377,922.984375,0.16666666666666666,0.034482758620689655,,1.21508,,eval_data\mixed_vivos\vi_VIVOSDEV12_135_impulsive_15.wav,,,
vivos/whisper-small-faster-whisper-cpu,vi-asr-VIVOSDEV12_135-impulsive-10,ASR,vi,,10.0,impulsive,whisper-small-faster-whisper-cpu,2.9202,922.984375,0.0,0.0,,1.16808,,eval_data\mixed_vivos\vi_VIVOSDEV12_135_impulsive_10.wav,,,
vivos/whisper-small-faster-whisper-cpu,vi-asr-VIVOSDEV12_135-impulsive-5,ASR,vi,,5.0,impulsive,whisper-small-faster-whisper-cpu,3.3768,922.984375,0.0,0.0,,1.35072,,eval_data\mixed_vivos\vi_VIVOSDEV12_135_impulsive_5.wav,,,
vivos/whisper-small-faster-whisper-cpu,vi-asr-VIVOSDEV12_135-impulsive-0,ASR,vi,,0.0,impulsive,whisper-small-faster-whisper-cpu,3.1456,922.984375,0.0,0.0,,1.25824,,eval_data\mixed_vivos\vi_VIVOSDEV12_135_impulsive_0.wav,,,
vivos/whisper-small-faster-whisper-cpu,vi-asr-VIVOSDEV12_197-clean,ASR,vi,,,clean,whisper-small-faster-whisper-cpu,3.7932,922.984375,0.2857142857142857,0.08928571428571429,,0.809216,,eval_data\mixed_vivos\vi_VIVOSDEV12_197_clean.wav,,,
vivos/whisper-small-faster-whisper-cpu,vi-asr-VIVOSDEV12_197-steady-15,ASR,vi,,15.0,steady,whisper-small-faster-whisper-cpu,3.0979,922.984375,0.35714285714285715,0.10714285714285714,,0.6608853333333333,,eval_data\mixed_vivos\vi_VIVOSDEV12_197_steady_15.wav,,,
vivos/whisper-small-faster-whisper-cpu,vi-asr-VIVOSDEV12_197-steady-10,ASR,vi,,10.0,steady,whisper-small-faster-whisper-cpu,3.1496,922.984375,0.35714285714285715,0.10714285714285714,,0.6719146666666667,,eval_data\mixed_vivos\vi_VIVOSDEV12_197_steady_10.wav,,,
vivos/whisper-small-faster-whisper-cpu,vi-asr-VIVOSDEV12_197-steady-5,ASR,vi,,5.0,steady,whisper-small-faster-whisper-cpu,3.2297,922.984375,0.42857142857142855,0.14285714285714285,,0.6890026666666667,,eval_data\mixed_vivos\vi_VIVOSDEV12_197_steady_5.wav,,,
vivos/whisper-small-faster-whisper-cpu,vi-asr-VIVOSDEV12_197-steady-0,ASR,vi,,0.0,steady,whisper-small-faster-whisper-cpu,2.7288,922.984375,0.6428571428571429,0.375,,0.582144,,eval_data\mixed_vivos\vi_VIVOSDEV12_197_steady_0.wav,,,
vivos/whisper-small-faster-whisper-cpu,vi-asr-VIVOSDEV12_197-impulsive-15,ASR,vi,,15.0,impulsive,whisper-small-faster-whisper-cpu,2.8239,922.984375,0.35714285714285715,0.10714285714285714,,0.602432,,eval_data\mixed_vivos\vi_VIVOSDEV12_197_impulsive_15.wav,,,
vivos/whisper-small-faster-whisper-cpu,vi-asr-VIVOSDEV12_197-impulsive-10,ASR,vi,,10.0,impulsive,whisper-small-faster-whisper-cpu,2.6237,922.984375,0.2857142857142857,0.08928571428571429,,0.5597226666666667,,eval_data\mixed_vivos\vi_VIVOSDEV12_197_impulsive_10.wav,,,
vivos/whisper-small-faster-whisper-cpu,vi-asr-VIVOSDEV12_197-impulsive-5,ASR,vi,,5.0,impulsive,whisper-small-faster-whisper-cpu,2.7365,922.984375,0.2857142857142857,0.10714285714285714,,0.5837866666666667,,eval_data\mixed_vivos\vi_VIVOSDEV12_197_impulsive_5.wav,,,
vivos/whisper-small-faster-whisper-cpu,vi-asr-VIVOSDEV12_197-impulsive-0,ASR,vi,,0.0,impulsive,whisper-small-faster-whisper-cpu,2.7393,922.984375,0.2857142857142857,0.10714285714285714,,0.584384,,eval_data\mixed_vivos\vi_VIVOSDEV12_197_impulsive_0.wav,,,
vivos/whisper-small-faster-whisper-cpu,vi-asr-VIVOSDEV12_271-clean,ASR,vi,,,clean,whisper-small-faster-whisper-cpu,2.5026,922.984375,0.2727272727272727,0.06818181818181818,,0.6305763779527559,,eval_data\mixed_vivos\vi_VIVOSDEV12_271_clean.wav,,,
vivos/whisper-small-faster-whisper-cpu,vi-asr-VIVOSDEV12_271-steady-15,ASR,vi,,15.0,steady,whisper-small-faster-whisper-cpu,2.5381,922.984375,0.36363636363636365,0.09090909090909091,,0.6395212598425197,,eval_data\mixed_vivos\vi_VIVOSDEV12_271_steady_15.wav,,,
vivos/whisper-small-faster-whisper-cpu,vi-asr-VIVOSDEV12_271-steady-10,ASR,vi,,10.0,steady,whisper-small-faster-whisper-cpu,2.4603,922.984375,0.45454545454545453,0.13636363636363635,,0.6199181102362206,,eval_data\mixed_vivos\vi_VIVOSDEV12_271_steady_10.wav,,,
vivos/whisper-small-faster-whisper-cpu,vi-asr-VIVOSDEV12_271-steady-5,ASR,vi,,5.0,steady,whisper-small-faster-whisper-cpu,2.5091,922.984375,0.45454545454545453,0.18181818181818182,,0.6322141732283465,,eval_data\mixed_vivos\vi_VIVOSDEV12_271_steady_5.wav,,,
vivos/whisper-small-faster-whisper-cpu,vi-asr-VIVOSDEV12_271-steady-0,ASR,vi,,0.0,steady,whisper-small-faster-whisper-cpu,2.7039,922.984375,0.5454545454545454,0.29545454545454547,,0.6812976377952756,,eval_data\mixed_vivos\vi_VIVOSDEV12_271_steady_0.wav,,,
vivos/whisper-small-faster-whisper-cpu,vi-asr-VIVOSDEV12_271-impulsive-15,ASR,vi,,15.0,impulsive,whisper-small-faster-whisper-cpu,2.6477,922.984375,0.2727272727272727,0.06818181818181818,,0.6671370078740158,,eval_data\mixed_vivos\vi_VIVOSDEV12_271_impulsive_15.wav,,,
vivos/whisper-small-faster-whisper-cpu,vi-asr-VIVOSDEV12_271-impulsive-10,ASR,vi,,10.0,impulsive,whisper-small-faster-whisper-cpu,2.7625,922.984375,0.18181818181818182,0.045454545454545456,,0.6960629921259843,,eval_data\mixed_vivos\vi_VIVOSDEV12_271_impulsive_10.wav,,,
vivos/whisper-small-faster-whisper-cpu,vi-asr-VIVOSDEV12_271-impulsive-5,ASR,vi,,5.0,impulsive,whisper-small-faster-whisper-cpu,2.9876,922.984375,0.2727272727272727,0.06818181818181818,,0.7527811023622047,,eval_data\mixed_vivos\vi_VIVOSDEV12_271_impulsive_5.wav,,,
vivos/whisper-small-faster-whisper-cpu,vi-asr-VIVOSDEV12_271-impulsive-0,ASR,vi,,0.0,impulsive,whisper-small-faster-whisper-cpu,2.9148,922.984375,0.18181818181818182,0.045454545454545456,,0.7344377952755906,,eval_data\mixed_vivos\vi_VIVOSDEV12_271_impulsive_0.wav,,,
vivos/whisper-small-faster-whisper-cpu,vi-asr-VIVOSDEV13_061-clean,ASR,vi,,,clean,whisper-small-faster-whisper-cpu,3.1573,922.984375,0.07692307692307693,0.0196078431372549,,0.7655220487952721,,eval_data\mixed_vivos\vi_VIVOSDEV13_061_clean.wav,,,
vivos/whisper-small-faster-whisper-cpu,vi-asr-VIVOSDEV13_061-steady-15,ASR,vi,,15.0,steady,whisper-small-faster-whisper-cpu,3.8727,922.984375,0.07692307692307693,0.0196078431372549,,0.9389786331262313,,eval_data\mixed_vivos\vi_VIVOSDEV13_061_steady_15.wav,,,
vivos/whisper-small-faster-whisper-cpu,vi-asr-VIVOSDEV13_061-steady-10,ASR,vi,,10.0,steady,whisper-small-faster-whisper-cpu,3.0282,922.984375,0.07692307692307693,0.0196078431372549,,0.7342203364146084,,eval_data\mixed_vivos\vi_VIVOSDEV13_061_steady_10.wav,,,
vivos/whisper-small-faster-whisper-cpu,vi-asr-VIVOSDEV13_061-steady-5,ASR,vi,,5.0,steady,whisper-small-faster-whisper-cpu,3.0825,922.984375,0.0,0.0,,0.7473859675708441,,eval_data\mixed_vivos\vi_VIVOSDEV13_061_steady_5.wav,,,
vivos/whisper-small-faster-whisper-cpu,vi-asr-VIVOSDEV13_061-steady-0,ASR,vi,,0.0,steady,whisper-small-faster-whisper-cpu,3.0483,922.984375,0.3076923076923077,0.13725490196078433,,0.739093802091226,,eval_data\mixed_vivos\vi_VIVOSDEV13_061_steady_0.wav,,,
vivos/whisper-small-faster-whisper-cpu,vi-asr-VIVOSDEV13_061-impulsive-15,ASR,vi,,15.0,impulsive,whisper-small-faster-whisper-cpu,3.0694,922.984375,0.07692307692307693,0.0196078431372549,,0.7442097287467798,,eval_data\mixed_vivos\vi_VIVOSDEV13_061_impulsive_15.wav,,,
vivos/whisper-small-faster-whisper-cpu,vi-asr-VIVOSDEV13_061-impulsive-10,ASR,vi,,10.0,impulsive,whisper-small-faster-whisper-cpu,2.8679,922.984375,0.07692307692307693,0.0196078431372549,,0.6953538414911351,,eval_data\mixed_vivos\vi_VIVOSDEV13_061_impulsive_10.wav,,,
vivos/whisper-small-faster-whisper-cpu,vi-asr-VIVOSDEV13_061-impulsive-5,ASR,vi,,5.0,impulsive,whisper-small-faster-whisper-cpu,2.8778,922.984375,0.0,0.0,,0.6977542051826036,,eval_data\mixed_vivos\vi_VIVOSDEV13_061_impulsive_5.wav,,,
vivos/whisper-small-faster-whisper-cpu,vi-asr-VIVOSDEV13_061-impulsive-0,ASR,vi,,0.0,impulsive,whisper-small-faster-whisper-cpu,3.2217,922.984375,0.0,0.0,,0.7811365358387634,,eval_data\mixed_vivos\vi_VIVOSDEV13_061_impulsive_0.wav,,,
vivos/whisper-small-faster-whisper-cpu,vi-asr-VIVOSDEV13_104-clean,ASR,vi,,,clean,whisper-small-faster-whisper-cpu,3.405,922.984375,0.23076923076923078,0.13559322033898305,,0.778396913844835,,eval_data\mixed_vivos\vi_VIVOSDEV13_104_clean.wav,,,
vivos/whisper-small-faster-whisper-cpu,vi-asr-VIVOSDEV13_104-steady-15,ASR,vi,,15.0,steady,whisper-small-faster-whisper-cpu,3.3421,922.984375,0.23076923076923078,0.11864406779661017,,0.7640177168166882,,eval_data\mixed_vivos\vi_VIVOSDEV13_104_steady_15.wav,,,
vivos/whisper-small-faster-whisper-cpu,vi-asr-VIVOSDEV13_104-steady-10,ASR,vi,,10.0,steady,whisper-small-faster-whisper-cpu,3.279,922.984375,0.15384615384615385,0.06779661016949153,,0.7495927989712816,,eval_data\mixed_vivos\vi_VIVOSDEV13_104_steady_10.wav,,,
vivos/whisper-small-faster-whisper-cpu,vi-asr-VIVOSDEV13_104-steady-5,ASR,vi,,5.0,steady,whisper-small-faster-whisper-cpu,3.1621,922.984375,0.15384615384615385,0.0847457627118644,,0.7228689812830406,,eval_data\mixed_vivos\vi_VIVOSDEV13_104_steady_5.wav,,,
vivos/whisper-small-faster-whisper-cpu,vi-asr-VIVOSDEV13_104-steady-0,ASR,vi,,0.0,steady,whisper-small-faster-whisper-cpu,3.4676,922.984375,0.3076923076923077,0.13559322033898305,,0.7927075296470925,,eval_data\mixed_vivos\vi_VIVOSDEV13_104_steady_0.wav,,,
vivos/whisper-small-faster-whisper-cpu,vi-asr-VIVOSDEV13_104-impulsive-15,ASR,vi,,15.0,impulsive,whisper-small-faster-whisper-cpu,3.1627,922.984375,0.15384615384615385,0.06779661016949153,,0.7230061437348193,,eval_data\mixed_vivos\vi_VIVOSDEV13_104_impulsive_15.wav,,,
vivos/whisper-small-faster-whisper-cpu,vi-asr-VIVOSDEV13_104-impulsive-10,ASR,vi,,10.0,impulsive,whisper-small-faster-whisper-cpu,3.1613,922.984375,0.15384615384615385,0.0847457627118644,,0.7226860980140021,,eval_data\mixed_vivos\vi_VIVOSDEV13_104_impulsive_10.wav,,,
vivos/whisper-small-faster-whisper-cpu,vi-asr-VIVOSDEV13_104-impulsive-5,ASR,vi,,5.0,impulsive,whisper-small-faster-whisper-cpu,3.4447,922.984375,0.15384615384615385,0.0847457627118644,,0.7874724960708673,,eval_data\mixed_vivos\vi_VIVOSDEV13_104_impulsive_5.wav,,,
vivos/whisper-small-faster-whisper-cpu,vi-asr-VIVOSDEV13_104-impulsive-0,ASR,vi,,0.0,impulsive,whisper-small-faster-whisper-cpu,3.2858,922.984375,0.15384615384615385,0.0847457627118644,,0.7511473067581084,,eval_data\mixed_vivos\vi_VIVOSDEV13_104_impulsive_0.wav,,,
vivos/whisper-small-faster-whisper-cpu,vi-asr-VIVOSDEV13_150-clean,ASR,vi,,,clean,whisper-small-faster-whisper-cpu,2.7423,922.984375,0.2727272727272727,0.11363636363636363,,0.6649007425367481,,eval_data\mixed_vivos\vi_VIVOSDEV13_150_clean.wav,,,
vivos/whisper-small-faster-whisper-cpu,vi-asr-VIVOSDEV13_150-steady-15,ASR,vi,,15.0,steady,whisper-small-faster-whisper-cpu,2.876,922.984375,0.2727272727272727,0.11363636363636363,,0.6973177754205183,,eval_data\mixed_vivos\vi_VIVOSDEV13_150_steady_15.wav,,,
vivos/whisper-small-faster-whisper-cpu,vi-asr-VIVOSDEV13_150-steady-10,ASR,vi,,10.0,steady,whisper-small-faster-whisper-cpu,3.3721,922.984375,0.18181818181818182,0.045454545454545456,,0.8176026670707683,,eval_data\mixed_vivos\vi_VIVOSDEV13_150_steady_10.wav,,,
vivos/whisper-small-faster-whisper-cpu,vi-asr-VIVOSDEV13_150-steady-5,ASR,vi,,5.0,steady,whisper-small-faster-whisper-cpu,3.1415,922.984375,0.2727272727272727,0.11363636363636363,,0.7616911653280801,,eval_data\mixed_vivos\vi_VIVOSDEV13_150_steady_5.wav,,,
vivos/whisper-small-faster-whisper-cpu,vi-asr-VIVOSDEV13_150-steady-0,ASR,vi,,0.0,steady,whisper-small-faster-whisper-cpu,3.2133,922.984375,0.36363636363636365,0.2727272727272727,,0.7790998636156994,,eval_data\mixed_vivos\vi_VIVOSDEV13_150_steady_0.wav,,,
vivos/whisper-small-faster-whisper-cpu,vi-asr-VIVOSDEV13_150-impulsive-15,ASR,vi,,15.0,impulsive,whisper-small-faster-whisper-cpu,3.1741,922.984375,0.45454545454545453,0.22727272727272727,,0.7695953932414004,,eval_data\mixed_vivos\vi_VIVOSDEV13_150_impulsive_15.wav,,,
vivos/whisper-small-faster-whisper-cpu,vi-asr-VIVOSDEV13_150-impulsive-10,ASR,vi,,10.0,impulsive,whisper-small-faster-whisper-cpu,3.2831,922.984375,0.45454545454545453,0.20454545454545456,,0.7960236399454463,,eval_data\mixed_vivos\vi_VIVOSDEV13_150_impulsive_10.wav,,,
vivos/whisper-small-faster-whisper-cpu,vi-asr-VIVOSDEV13_150-impulsive-5,ASR,vi,,5.0,impulsive,whisper-small-faster-whisper-cpu,3.2629,922.984375,0.45454545454545453,0.20454545454545456,,0.7911259281709351,,eval_data\mixed_vivos\vi_VIVOSDEV13_150_impulsive_5.wav,,,
vivos/whisper-small-faster-whisper-cpu,vi-asr-VIVOSDEV13_150-impulsive-0,ASR,vi,,0.0,impulsive,whisper-small-faster-whisper-cpu,3.1955,922.984375,0.45454545454545453,0.20454545454545456,,0.774784058190635,,eval_data\mixed_vivos\vi_VIVOSDEV13_150_impulsive_0.wav,,,
vivos/whisper-small-faster-whisper-cpu,vi-asr-VIVOSDEV13_227-clean,ASR,vi,,,clean,whisper-small-faster-whisper-cpu,3.2202,922.984375,0.09090909090909091,0.02127659574468085,,0.9910213502596653,,eval_data\mixed_vivos\vi_VIVOSDEV13_227_clean.wav,,,
vivos/whisper-small-faster-whisper-cpu,vi-asr-VIVOSDEV13_227-steady-15,ASR,vi,,15.0,steady,whisper-small-faster-whisper-cpu,3.0906,922.984375,0.09090909090909091,0.02127659574468085,,0.951136757068667,,eval_data\mixed_vivos\vi_VIVOSDEV13_227_steady_15.wav,,,
vivos/whisper-small-faster-whisper-cpu,vi-asr-VIVOSDEV13_227-steady-10,ASR,vi,,10.0,steady,whisper-small-faster-whisper-cpu,3.1001,922.984375,0.09090909090909091,0.02127659574468085,,0.9540603962300441,,eval_data\mixed_vivos\vi_VIVOSDEV13_227_steady_10.wav,,,
vivos/whisper-small-faster-whisper-cpu,vi-asr-VIVOSDEV13_227-steady-5,ASR,vi,,5.0,steady,whisper-small-faster-whisper-cpu,2.7957,922.984375,0.18181818181818182,0.0851063829787234,,0.8603808424697057,,eval_data\mixed_vivos\vi_VIVOSDEV13_227_steady_5.wav,,,
vivos/whisper-small-faster-whisper-cpu,vi-asr-VIVOSDEV13_227-steady-0,ASR,vi,,0.0,steady,whisper-small-faster-whisper-cpu,2.944,922.984375,0.36363636363636365,0.2553191489361702,,0.9060203885362569,,eval_data\mixed_vivos\vi_VIVOSDEV13_227_steady_0.wav,,,
vivos/whisper-small-faster-whisper-cpu,vi-asr-VIVOSDEV13_227-impulsive-15,ASR,vi,,15.0,impulsive,whisper-small-faster-whisper-cpu,3.019,922.984375,0.09090909090909091,0.02127659574468085,,0.9291017503366032,,eval_data\mixed_vivos\vi_VIVOSDEV13_227_impulsive_15.wav,,,
vivos/whisper-small-faster-whisper-cpu,vi-asr-VIVOSDEV13_227-impulsive-10,ASR,vi,,10.0,impulsive,whisper-small-faster-whisper-cpu,3.0026,922.984375,0.09090909090909091,0.02127659574468085,,0.9240546258895942,,eval_data\mixed_vivos\vi_VIVOSDEV13_227_impulsive_10.wav,,,
vivos/whisper-small-faster-whisper-cpu,vi-asr-VIVOSDEV13_227-impulsive-5,ASR,vi,,5.0,impulsive,whisper-small-faster-whisper-cpu,2.925,922.984375,0.0,0.0,,0.9001731102135025,,eval_data\mixed_vivos\vi_VIVOSDEV13_227_impulsive_5.wav,,,
vivos/whisper-small-faster-whisper-cpu,vi-asr-VIVOSDEV13_227-impulsive-0,ASR,vi,,0.0,impulsive,whisper-small-faster-whisper-cpu,3.0935,922.984375,0.0,0.0,,0.9520292363916137,,eval_data\mixed_vivos\vi_VIVOSDEV13_227_impulsive_0.wav,,,
vivos/whisper-small-faster-whisper-cpu,vi-asr-VIVOSDEV13_263-clean,ASR,vi,,,clean,whisper-small-faster-whisper-cpu,3.1891,922.984375,0.25,0.125,,1.0006981761129632,,eval_data\mixed_vivos\vi_VIVOSDEV13_263_clean.wav,,,
vivos/whisper-small-faster-whisper-cpu,vi-asr-VIVOSDEV13_263-steady-15,ASR,vi,,15.0,steady,whisper-small-faster-whisper-cpu,2.9663,922.984375,0.25,0.10416666666666667,,0.930786428711512,,eval_data\mixed_vivos\vi_VIVOSDEV13_263_steady_15.wav,,,
vivos/whisper-small-faster-whisper-cpu,vi-asr-VIVOSDEV13_263-steady-10,ASR,vi,,10.0,steady,whisper-small-faster-whisper-cpu,3.159,922.984375,0.25,0.125,,0.9912531868993919,,eval_data\mixed_vivos\vi_VIVOSDEV13_263_steady_10.wav,,,
vivos/whisper-small-faster-whisper-cpu,vi-asr-VIVOSDEV13_263-steady-5,ASR,vi,,5.0,steady,whisper-small-faster-whisper-cpu,3.4661,922.984375,0.3333333333333333,0.14583333333333334,,1.087617179839184,,eval_data\mixed_vivos\vi_VIVOSDEV13_263_steady_5.wav,,,
vivos/whisper-small-faster-whisper-cpu,vi-asr-VIVOSDEV13_263-steady-0,ASR,vi,,0.0,steady,whisper-small-faster-whisper-cpu,3.1076,922.984375,0.4166666666666667,0.1875,,0.9751245342223965,,eval_data\mixed_vivos\vi_VIVOSDEV13_263_steady_0.wav,,,
vivos/whisper-small-faster-whisper-cpu,vi-asr-VIVOSDEV13_263-impulsive-15,ASR,vi,,15.0,impulsive,whisper-small-faster-whisper-cpu,3.3158,922.984375,0.25,0.10416666666666667,,1.04045499117474,,eval_data\mixed_vivos\vi_VIVOSDEV13_263_impulsive_15.wav,,,
vivos/whisper-small-faster-whisper-cpu,vi-asr-VIVOSDEV13_263-impulsive-10,ASR,vi,,10.0,impulsive,whisper-small-faster-whisper-cpu,3.3719,922.984375,0.3333333333333333,0.14583333333333334,,1.0580584428319277,,eval_data\mixed_vivos\vi_VIVOSDEV13_263_impulsive_10.wav,,,
vivos/whisper-small-faster-whisper-cpu,vi-asr-VIVOSDEV13_263-impulsive-5,ASR,vi,,5.0,impulsive,whisper-small-faster-whisper-cpu,3.0654,922.984375,0.3333333333333333,0.14583333333333334,,0.9618827221023729,,eval_data\mixed_vivos\vi_VIVOSDEV13_263_impulsive_5.wav,,,
vivos/whisper-small-faster-whisper-cpu,vi-asr-VIVOSDEV13_263-impulsive-0,ASR,vi,,0.0,impulsive,whisper-small-faster-whisper-cpu,3.0679,922.984375,0.3333333333333333,0.14583333333333334,,0.9626671896450284,,eval_data\mixed_vivos\vi_VIVOSDEV13_263_impulsive_0.wav,,,
vivos/whisper-small-faster-whisper-cpu,vi-asr-VIVOSDEV14_079-clean,ASR,vi,,,clean,whisper-small-faster-whisper-cpu,3.3261,922.984375,0.2727272727272727,0.14,,0.9856936469716613,,eval_data\mixed_vivos\vi_VIVOSDEV14_079_clean.wav,,,
vivos/whisper-small-faster-whisper-cpu,vi-asr-VIVOSDEV14_079-steady-15,ASR,vi,,15.0,steady,whisper-small-faster-whisper-cpu,3.1196,922.984375,0.18181818181818182,0.06,,0.9244971290979811,,eval_data\mixed_vivos\vi_VIVOSDEV14_079_steady_15.wav,,,
vivos/whisper-small-faster-whisper-cpu,vi-asr-VIVOSDEV14_079-steady-10,ASR,vi,,10.0,steady,whisper-small-faster-whisper-cpu,3.3548,922.984375,0.36363636363636365,0.24,,0.9941989257269864,,eval_data\mixed_vivos\vi_VIVOSDEV14_079_steady_10.wav,,,
vivos/whisper-small-faster-whisper-cpu,vi-asr-VIVOSDEV14_079-steady-5,ASR,vi,,5.0,steady,whisper-small-faster-whisper-cpu,3.3177,922.984375,0.36363636363636365,0.24,,0.983204297092054,,eval_data\mixed_vivos\vi_VIVOSDEV14_079_steady_5.wav,,,
vivos/whisper-small-faster-whisper-cpu,vi-asr-VIVOSDEV14_079-steady-0,ASR,vi,,0.0,steady,whisper-small-faster-whisper-cpu,3.2235,922.984375,0.36363636363636365,0.26,,0.9552880162993147,,eval_data\mixed_vivos\vi_VIVOSDEV14_079_steady_0.wav,,,
vivos/whisper-small-faster-whisper-cpu,vi-asr-VIVOSDEV14_079-impulsive-15,ASR,vi,,15.0,impulsive,whisper-small-faster-whisper-cpu,3.1458,922.984375,0.36363636363636365,0.24,,0.9322615299129468,,eval_data\mixed_vivos\vi_VIVOSDEV14_079_impulsive_15.wav,,,
vivos/whisper-small-faster-whisper-cpu,vi-asr-VIVOSDEV14_079-impulsive-10,ASR,vi,,10.0,impulsive,whisper-small-faster-whisper-cpu,3.2365,922.984375,0.2727272727272727,0.14,,0.9591405815891831,,eval_data\mixed_vivos\vi_VIVOSDEV14_079_impulsive_10.wav,,,
vivos/whisper-small-faster-whisper-cpu,vi-asr-VIVOSDEV14_079-impulsive-5,ASR,vi,,5.0,impulsive,whisper-small-faster-whisper-cpu,3.333,922.984375,0.36363636363636365,0.24,,0.9877384700870532,,eval_data\mixed_vivos\vi_VIVOSDEV14_079_impulsive_5.wav,,,
vivos/whisper-small-faster-whisper-cpu,vi-asr-VIVOSDEV14_079-impulsive-0,ASR,vi,,0.0,impulsive,whisper-small-faster-whisper-cpu,3.1156,922.984375,0.36363636363636365,0.16,,0.9233117243934061,,eval_data\mixed_vivos\vi_VIVOSDEV14_079_impulsive_0.wav,,,
vivos/whisper-small-faster-whisper-cpu,vi-asr-VIVOSDEV14_114-clean,ASR,vi,,,clean,whisper-small-faster-whisper-cpu,2.8564,922.984375,0.14285714285714285,0.07017543859649122,,0.8311038370612838,,eval_data\mixed_vivos\vi_VIVOSDEV14_114_clean.wav,,,
vivos/whisper-small-faster-whisper-cpu,vi-asr-VIVOSDEV14_114-steady-15,ASR,vi,,15.0,steady,whisper-small-faster-whisper-cpu,2.963,922.984375,0.07142857142857142,0.03508771929824561,,0.8621203855246409,,eval_data\mixed_vivos\vi_VIVOSDEV14_114_steady_15.wav,,,
vivos/whisper-small-faster-whisper-cpu,vi-asr-VIVOSDEV14_114-steady-10,ASR,vi,,10.0,steady,whisper-small-faster-whisper-cpu,2.9356,922.984375,0.07142857142857142,0.017543859649122806,,0.8541480269139843,,eval_data\mixed_vivos\vi_VIVOSDEV14_114_steady_10.wav,,,
vivos/whisper-small-faster-whisper-cpu,vi-asr-VIVOSDEV14_114-steady-5,ASR,vi,,5.0,steady,whisper-small-faster-whisper-cpu,3.1401,922.984375,0.21428571428571427,0.10526315789473684,,0.9136497545008183,,eval_data\mixed_vivos\vi_VIVOSDEV14_114_steady_5.wav,,,
vivos/whisper-small-faster-whisper-cpu,vi-asr-VIVOSDEV14_114-steady-0,ASR,vi,,0.0,steady,whisper-small-faster-whisper-cpu,3.2287,922.984375,0.5,0.17543859649122806,,0.9394289870885615,,eval_data\mixed_vivos\vi_VIVOSDEV14_114_steady_0.wav,,,
vivos/whisper-small-faster-whisper-cpu,vi-asr-VIVOSDEV14_114-impulsive-15,ASR,vi,,15.0,impulsive,whisper-small-faster-whisper-cpu,3.0658,922.984375,0.14285714285714285,0.07017543859649122,,0.8920312784142571,,eval_data\mixed_vivos\vi_VIVOSDEV14_114_impulsive_15.wav,,,
vivos/whisper-small-faster-whisper-cpu,vi-asr-VIVOSDEV14_114-impulsive-10,ASR,vi,,10.0,impulsive,whisper-small-faster-whisper-cpu,3.3854,922.984375,0.21428571428571427,0.08771929824561403,,0.9850227314057102,,eval_data\mixed_vivos\vi_VIVOSDEV14_114_impulsive_10.wav,,,
vivos/whisper-small-faster-whisper-cpu,vi-asr-VIVOSDEV14_114-impulsive-5,ASR,vi,,5.0,impulsive,whisper-small-faster-whisper-cpu,3.1593,922.984375,0.21428571428571427,0.10526315789473684,,0.9192362247681396,,eval_data\mixed_vivos\vi_VIVOSDEV14_114_impulsive_5.wav,,,
vivos/whisper-small-faster-whisper-cpu,vi-asr-VIVOSDEV14_114-impulsive-0,ASR,vi,,0.0,impulsive,whisper-small-faster-whisper-cpu,3.262,922.984375,0.21428571428571427,0.08771929824561403,,0.9491180214584469,,eval_data\mixed_vivos\vi_VIVOSDEV14_114_impulsive_0.wav,,,
vivos/whisper-small-faster-whisper-cpu,vi-asr-VIVOSDEV14_156-clean,ASR,vi,,,clean,whisper-small-faster-whisper-cpu,3.8024,922.984375,0.16666666666666666,0.07272727272727272,,1.2293069306930693,,eval_data\mixed_vivos\vi_VIVOSDEV14_156_clean.wav,,,
vivos/whisper-small-faster-whisper-cpu,vi-asr-VIVOSDEV14_156-steady-15,ASR,vi,,15.0,steady,whisper-small-faster-whisper-cpu,3.3707,922.984375,0.08333333333333333,0.07272727272727272,,1.0897393412810668,,eval_data\mixed_vivos\vi_VIVOSDEV14_156_steady_15.wav,,,
vivos/whisper-small-faster-whisper-cpu,vi-asr-VIVOSDEV14_156-steady-10,ASR,vi,,10.0,steady,whisper-small-faster-whisper-cpu,3.3806,922.984375,0.25,0.12727272727272726,,1.0929399878763386,,eval_data\mixed_vivos\vi_VIVOSDEV14_156_steady_10.wav,,,
vivos/whisper-small-faster-whisper-cpu,vi-asr-VIVOSDEV14_156-steady-5,ASR,vi,,5.0,steady,whisper-small-faster-whisper-cpu,3.3422,922.984375,0.25,0.09090909090909091,,1.0805253586583148,,eval_data\mixed_vivos\vi_VIVOSDEV14_156_steady_5.wav,,,
vivos/whisper-small-faster-whisper-cpu,vi-asr-VIVOSDEV14_156-steady-0,ASR,vi,,0.0,steady,whisper-small-faster-whisper-cpu,3.2811,922.984375,0.5,0.36363636363636365,,1.0607718731056779,,eval_data\mixed_vivos\vi_VIVOSDEV14_156_steady_0.wav,,,
vivos/whisper-small-faster-whisper-cpu,vi-asr-VIVOSDEV14_156-impulsive-15,ASR,vi,,15.0,impulsive,whisper-small-faster-whisper-cpu,3.3509,922.984375,0.08333333333333333,0.07272727272727272,,1.0833380480905233,,eval_data\mixed_vivos\vi_VIVOSDEV14_156_impulsive_15.wav,,,
vivos/whisper-small-faster-whisper-cpu,vi-asr-VIVOSDEV14_156-impulsive-10,ASR,vi,,10.0,impulsive,whisper-small-faster-whisper-cpu,3.2884,922.984375,0.16666666666666666,0.09090909090909091,,1.063131945847646,,eval_data\mixed_vivos\vi_VIVOSDEV14_156_impulsive_10.wav,,,
vivos/whisper-small-faster-whisper-cpu,vi-asr-VIVOSDEV14_156-impulsive-5,ASR,vi,,5.0,impulsive,whisper-small-faster-whisper-cpu,3.4203,922.984375,0.16666666666666666,0.09090909090909091,,1.1057749040210143,,eval_data\mixed_vivos\vi_VIVOSDEV14_156_impulsive_5.wav,,,
vivos/whisper-small-faster-whisper-cpu,vi-asr-VIVOSDEV14_156-impulsive-0,ASR,vi,,0.0,impulsive,whisper-small-faster-whisper-cpu,3.2966,922.984375,0.16666666666666666,0.09090909090909091,,1.0657829864619115,,eval_data\mixed_vivos\vi_VIVOSDEV14_156_impulsive_0.wav,,,
vivos/whisper-small-faster-whisper-cpu,vi-asr-VIVOSDEV14_225-clean,ASR,vi,,,clean,whisper-small-faster-whisper-cpu,3.3999,922.984375,0.25,0.16363636363636364,,0.800094131489925,,eval_data\mixed_vivos\vi_VIVOSDEV14_225_clean.wav,,,
vivos/whisper-small-faster-whisper-cpu,vi-asr-VIVOSDEV14_225-steady-15,ASR,vi,,15.0,steady,whisper-small-faster-whisper-cpu,3.8458,922.984375,0.5,0.21818181818181817,,0.9050272098838066,,eval_data\mixed_vivos\vi_VIVOSDEV14_225_steady_15.wav,,,
vivos/whisper-small-faster-whisper-cpu,vi-asr-VIVOSDEV14_225-steady-10,ASR,vi,,10.0,steady,whisper-small-faster-whisper-cpu,3.5954,922.984375,0.5,0.18181818181818182,,0.8461008971907634,,eval_data\mixed_vivos\vi_VIVOSDEV14_225_steady_10.wav,,,
vivos/whisper-small-faster-whisper-cpu,vi-asr-VIVOSDEV14_225-steady-5,ASR,vi,,5.0,steady,whisper-small-faster-whisper-cpu,3.3894,922.984375,0.4166666666666667,0.18181818181818182,,0.7976231798793941,,eval_data\mixed_vivos\vi_VIVOSDEV14_225_steady_5.wav,,,
vivos/whisper-small-faster-whisper-cpu,vi-asr-VIVOSDEV14_225-steady-0,ASR,vi,,0.0,steady,whisper-small-faster-whisper-cpu,3.2616,922.984375,0.4166666666666667,0.18181818181818182,,0.7675481688483601,,eval_data\mixed_vivos\vi_VIVOSDEV14_225_steady_0.wav,,,
vivos/whisper-small-faster-whisper-cpu,vi-asr-VIVOSDEV14_225-impulsive-15,ASR,vi,,15.0,impulsive,whisper-small-faster-whisper-cpu,3.1398,922.984375,0.4166666666666667,0.23636363636363636,,0.738885130166201,,eval_data\mixed_vivos\vi_VIVOSDEV14_225_impulsive_15.wav,,,
vivos/whisper-small-faster-whisper-cpu,vi-asr-VIVOSDEV14_225-impulsive-10,ASR,vi,,10.0,impulsive,whisper-small-faster-whisper-cpu,3.1005,922.984375,0.4166666666666667,0.23636363636363636,,0.7296367112810708,,eval_data\mixed_vivos\vi_VIVOSDEV14_225_impulsive_10.wav,,,
vivos/whisper-small-faster-whisper-cpu,vi-asr-VIVOSDEV14_225-impulsive-5,ASR,vi,,5.0,impulsive,whisper-small-faster-whisper-cpu,3.13,922.984375,0.4166666666666667,0.2545454545454545,,0.7365789086630388,,eval_data\mixed_vivos\vi_VIVOSDEV14_225_impulsive_5.wav,,,
vivos/whisper-small-faster-whisper-cpu,vi-asr-VIVOSDEV14_225-impulsive-0,ASR,vi,,0.0,impulsive,whisper-small-faster-whisper-cpu,3.1641,922.984375,0.4166666666666667,0.2545454545454545,,0.744603618179144,,eval_data\mixed_vivos\vi_VIVOSDEV14_225_impulsive_0.wav,,,
vivos/whisper-small-faster-whisper-cpu,vi-asr-VIVOSDEV14_286-clean,ASR,vi,,,clean,whisper-small-faster-whisper-cpu,3.05,922.984375,0.09090909090909091,0.017857142857142856,,1.0496881049688105,,eval_data\mixed_vivos\vi_VIVOSDEV14_286_clean.wav,,,
vivos/whisper-small-faster-whisper-cpu,vi-asr-VIVOSDEV14_286-steady-15,ASR,vi,,15.0,steady,whisper-small-faster-whisper-cpu,3.101,922.984375,0.09090909090909091,0.017857142857142856,,1.0672402667240266,,eval_data\mixed_vivos\vi_VIVOSDEV14_286_steady_15.wav,,,
vivos/whisper-small-faster-whisper-cpu,vi-asr-VIVOSDEV14_286-steady-10,ASR,vi,,10.0,steady,whisper-small-faster-whisper-cpu,3.0643,922.984375,0.09090909090909091,0.017857142857142856,,1.0546095934609592,,eval_data\mixed_vivos\vi_VIVOSDEV14_286_steady_10.wav,,,
vivos/whisper-small-faster-whisper-cpu,vi-asr-VIVOSDEV14_286-steady-5,ASR,vi,,5.0,steady,whisper-small-faster-whisper-cpu,3.0337,922.984375,0.18181818181818182,0.08928571428571429,,1.0440782964078297,,eval_data\mixed_vivos\vi_VIVOSDEV14_286_steady_5.wav,,,
vivos/whisper-small-faster-whisper-cpu,vi-asr-VIVOSDEV14_286-steady-0,ASR,vi,,0.0,steady,whisper-small-faster-whisper-cpu,2.9863,922.984375,0.18181818181818182,0.08928571428571429,,1.0277651107765111,,eval_data\mixed_vivos\vi_VIVOSDEV14_286_steady_0.wav,,,
vivos/whisper-small-faster-whisper-cpu,vi-asr-VIVOSDEV14_286-impulsive-15,ASR,vi,,15.0,impulsive,whisper-small-faster-whisper-cpu,2.9947,922.984375,0.18181818181818182,0.05357142857142857,,1.0306560550656054,,eval_data\mixed_vivos\vi_VIVOSDEV14_286_impulsive_15.wav,,,
vivos/whisper-small-faster-whisper-cpu,vi-asr-VIVOSDEV14_286-impulsive-10,ASR,vi,,10.0,impulsive,whisper-small-faster-whisper-cpu,2.9885,922.984375,0.18181818181818182,0.05357142857142857,,1.0285222628522264,,eval_data\mixed_vivos\vi_VIVOSDEV14_286_impulsive_10.wav,,,
vivos/whisper-small-faster-whisper-cpu,vi-asr-VIVOSDEV14_286-impulsive-5,ASR,vi,,5.0,impulsive,whisper-small-faster-whisper-cpu,3.0531,922.984375,0.18181818181818182,0.05357142857142857,,1.0507550010755,,eval_data\mixed_vivos\vi_VIVOSDEV14_286_impulsive_5.wav,,,
vivos/whisper-small-faster-whisper-cpu,vi-asr-VIVOSDEV14_286-impulsive-0,ASR,vi,,0.0,impulsive,whisper-small-faster-whisper-cpu,2.8913,922.984375,0.18181818181818182,0.05357142857142857,,0.9950699075069908,,eval_data\mixed_vivos\vi_VIVOSDEV14_286_impulsive_0.wav,,,
vivos/whisper-small-faster-whisper-cpu,vi-asr-VIVOSDEV15_021-clean,ASR,vi,,,clean,whisper-small-faster-whisper-cpu,3.3214,922.984375,0.18181818181818182,0.0425531914893617,,0.9664011638479724,,eval_data\mixed_vivos\vi_VIVOSDEV15_021_clean.wav,,,
vivos/whisper-small-faster-whisper-cpu,vi-asr-VIVOSDEV15_021-steady-15,ASR,vi,,15.0,steady,whisper-small-faster-whisper-cpu,2.8497,922.984375,0.09090909090909091,0.02127659574468085,,0.8291543917075831,,eval_data\mixed_vivos\vi_VIVOSDEV15_021_steady_15.wav,,,
vivos/whisper-small-faster-whisper-cpu,vi-asr-VIVOSDEV15_021-steady-10,ASR,vi,,10.0,steady,whisper-small-faster-whisper-cpu,2.7824,922.984375,0.18181818181818182,0.0851063829787234,,0.8095726495726495,,eval_data\mixed_vivos\vi_VIVOSDEV15_021_steady_10.wav,,,
vivos/whisper-small-faster-whisper-cpu,vi-asr-VIVOSDEV15_021-steady-5,ASR,vi,,5.0,steady,whisper-small-faster-whisper-cpu,3.2759,922.984375,0.36363636363636365,0.1702127659574468,,0.9531623931623932,,eval_data\mixed_vivos\vi_VIVOSDEV15_021_steady_5.wav,,,
vivos/whisper-small-faster-whisper-cpu,vi-asr-VIVOSDEV15_021-steady-0,ASR,vi,,0.0,steady,whisper-small-faster-whisper-cpu,3.1701,922.984375,0.8181818181818182,0.46808510638297873,,0.9223786142935079,,eval_data\mixed_vivos\vi_VIVOSDEV15_021_steady_0.wav,,,
vivos/whisper-small-faster-whisper-cpu,vi-asr-VIVOSDEV15_021-impulsive-15,ASR,vi,,15.0,impulsive,whisper-small-faster-whisper-cpu,2.9115,922.984375,0.2727272727272727,0.06382978723404255,,0.8471358428805238,,eval_data\mixed_vivos\vi_VIVOSDEV15_021_impulsive_15.wav,,,
vivos/whisper-small-faster-whisper-cpu,vi-asr-VIVOSDEV15_021-impulsive-10,ASR,vi,,10.0,impulsive,whisper-small-faster-whisper-cpu,3.2945,922.984375,0.2727272727272727,0.06382978723404255,,0.9585742862338608,,eval_data\mixed_vivos\vi_VIVOSDEV15_021_impulsive_10.wav,,,
vivos/whisper-small-faster-whisper-cpu,vi-asr-VIVOSDEV15_021-impulsive-5,ASR,vi,,5.0,impulsive,whisper-small-faster-whisper-cpu,2.9957,922.984375,0.2727272727272727,0.06382978723404255,,0.8716348426986724,,eval_data\mixed_vivos\vi_VIVOSDEV15_021_impulsive_5.wav,,,
vivos/whisper-small-faster-whisper-cpu,vi-asr-VIVOSDEV15_021-impulsive-0,ASR,vi,,0.0,impulsive,whisper-small-faster-whisper-cpu,3.4785,922.984375,0.36363636363636365,0.10638297872340426,,1.0121112929623568,,eval_data\mixed_vivos\vi_VIVOSDEV15_021_impulsive_0.wav,,,
vivos/whisper-small-faster-whisper-cpu,vi-asr-VIVOSDEV15_092-clean,ASR,vi,,,clean,whisper-small-faster-whisper-cpu,3.7737,922.984375,0.26666666666666666,0.1111111111111111,,0.8626832404629233,,eval_data\mixed_vivos\vi_VIVOSDEV15_092_clean.wav,,,
vivos/whisper-small-faster-whisper-cpu,vi-asr-VIVOSDEV15_092-steady-15,ASR,vi,,15.0,steady,whisper-small-faster-whisper-cpu,3.3658,922.984375,0.26666666666666666,0.09523809523809523,,0.7694356336619518,,eval_data\mixed_vivos\vi_VIVOSDEV15_092_steady_15.wav,,,
vivos/whisper-small-faster-whisper-cpu,vi-asr-VIVOSDEV15_092-steady-10,ASR,vi,,10.0,steady,whisper-small-faster-whisper-cpu,3.2619,922.984375,0.13333333333333333,0.031746031746031744,,0.7456836690955851,,eval_data\mixed_vivos\vi_VIVOSDEV15_092_steady_10.wav,,,
vivos/whisper-small-faster-whisper-cpu,vi-asr-VIVOSDEV15_092-steady-5,ASR,vi,,5.0,steady,whisper-small-faster-whisper-cpu,3.1746,922.984375,0.3333333333333333,0.15873015873015872,,0.725726532361766,,eval_data\mixed_vivos\vi_VIVOSDEV15_092_steady_5.wav,,,
vivos/whisper-small-faster-whisper-cpu,vi-asr-VIVOSDEV15_092-steady-0,ASR,vi,,0.0,steady,whisper-small-faster-whisper-cpu,3.0702,922.984375,0.6,0.2698412698412698,,0.7018602657522504,,eval_data\mixed_vivos\vi_VIVOSDEV15_092_steady_0.wav,,,
vivos/whisper-small-faster-whisper-cpu,vi-asr-VIVOSDEV15_092-impulsive-15,ASR,vi,,15.0,impulsive,whisper-small-faster-whisper-cpu,3.1792,922.984375,0.4,0.20634920634920634,,0.7267781111587369,,eval_data\mixed_vivos\vi_VIVOSDEV15_092_impulsive_15.wav,,,
vivos/whisper-small-faster-whisper-cpu,vi-asr-VIVOSDEV15_092-impulsive-10,ASR,vi,,10.0,impulsive,whisper-small-faster-whisper-cpu,3.135,922.984375,0.4,0.19047619047619047,,0.7166738105443635,,eval_data\mixed_vivos\vi_VIVOSDEV15_092_impulsive_10.wav,,,
vivos/whisper-small-faster-whisper-cpu,vi-asr-VIVOSDEV15_092-impulsive-5,ASR,vi,,5.0,impulsive,whisper-small-faster-whisper-cpu,3.2571,922.984375,0.4666666666666667,0.2222222222222222,,0.7445863694813545,,eval_data\mixed_vivos\vi_VIVOSDEV15_092_impulsive_5.wav,,,
vivos/whisper-small-faster-whisper-cpu,vi-asr-VIVOSDEV15_092-impulsive-0,ASR,vi,,0.0,impulsive,whisper-small-faster-whisper-cpu,3.2763,922.984375,0.4,0.20634920634920634,,0.7489755679382769,,eval_data\mixed_vivos\vi_VIVOSDEV15_092_impulsive_0.wav,,,
vivos/whisper-small-faster-whisper-cpu,vi-asr-VIVOSDEV15_168-clean,ASR,vi,,,clean,whisper-small-faster-whisper-cpu,3.2708,922.984375,0.3333333333333333,0.10526315789473684,,0.5880750646140016,,eval_data\mixed_vivos\vi_VIVOSDEV15_168_clean.wav,,,
vivos/whisper-small-faster-whisper-cpu,vi-asr-VIVOSDEV15_168-steady-15,ASR,vi,,15.0,steady,whisper-small-faster-whisper-cpu,3.1139,922.984375,0.2,0.12280701754385964,,0.5598651533880212,,eval_data\mixed_vivos\vi_VIVOSDEV15_168_steady_15.wav,,,
vivos/whisper-small-faster-whisper-cpu,vi-asr-VIVOSDEV15_168-steady-10,ASR,vi,,10.0,steady,whisper-small-faster-whisper-cpu,3.5007,922.984375,0.4666666666666667,0.17543859649122806,,0.6294100460725924,,eval_data\mixed_vivos\vi_VIVOSDEV15_168_steady_10.wav,,,
vivos/whisper-small-faster-whisper-cpu,vi-asr-VIVOSDEV15_168-steady-5,ASR,vi,,5.0,steady,whisper-small-faster-whisper-cpu,3.2823,922.984375,0.4,0.19298245614035087,,0.5901427126643444,,eval_data\mixed_vivos\vi_VIVOSDEV15_168_steady_5.wav,,,
vivos/whisper-small-faster-whisper-cpu,vi-asr-VIVOSDEV15_168-steady-0,ASR,vi,,0.0,steady,whisper-small-faster-whisper-cpu,2.858,922.984375,0.6,0.3157894736842105,,0.5138554893808294,,eval_data\mixed_vivos\vi_VIVOSDEV15_168_steady_0.wav,,,
vivos/whisper-small-faster-whisper-cpu,vi-asr-VIVOSDEV15_168-impulsive-15,ASR,vi,,15.0,impulsive,whisper-small-faster-whisper-cpu,2.8949,922.984375,0.3333333333333333,0.10526315789473684,,0.5204899426901899,,eval_data\mixed_vivos\vi_VIVOSDEV15_168_impulsive_15.wav,,,
vivos/whisper-small-faster-whisper-cpu,vi-asr-VIVOSDEV15_168-impulsive-10,ASR,vi,,10.0,impulsive,whisper-small-faster-whisper-cpu,2.9223,922.984375,0.3333333333333333,0.10526315789473684,,0.5254163389144848,,eval_data\mixed_vivos\vi_VIVOSDEV15_168_impulsive_10.wav,,,
vivos/whisper-small-faster-whisper-cpu,vi-asr-VIVOSDEV15_168-impulsive-5,ASR,vi,,5.0,impulsive,whisper-small-faster-whisper-cpu,2.8923,922.984375,0.3333333333333333,0.10526315789473684,,0.5200224744353299,,eval_data\mixed_vivos\vi_VIVOSDEV15_168_impulsive_5.wav,,,
vivos/whisper-small-faster-whisper-cpu,vi-asr-VIVOSDEV15_168-impulsive-0,ASR,vi,,0.0,impulsive,whisper-small-faster-whisper-cpu,3.1054,922.984375,0.4,0.14035087719298245,,0.5583368917855939,,eval_data\mixed_vivos\vi_VIVOSDEV15_168_impulsive_0.wav,,,
vivos/whisper-small-faster-whisper-cpu,vi-asr-VIVOSDEV15_208-clean,ASR,vi,,,clean,whisper-small-faster-whisper-cpu,3.1466,922.984375,0.23076923076923078,0.06896551724137931,,0.7515390356769668,,eval_data\mixed_vivos\vi_VIVOSDEV15_208_clean.wav,,,
vivos/whisper-small-faster-whisper-cpu,vi-asr-VIVOSDEV15_208-steady-15,ASR,vi,,15.0,steady,whisper-small-faster-whisper-cpu,3.2971,922.984375,0.23076923076923078,0.06896551724137931,,0.7874846992088372,,eval_data\mixed_vivos\vi_VIVOSDEV15_208_steady_15.wav,,,
vivos/whisper-small-faster-whisper-cpu,vi-asr-VIVOSDEV15_208-steady-10,ASR,vi,,10.0,steady,whisper-small-faster-whisper-cpu,3.1518,922.984375,0.15384615384615385,0.05172413793103448,,0.7527810120913571,,eval_data\mixed_vivos\vi_VIVOSDEV15_208_steady_10.wav,,,
vivos/whisper-small-faster-whisper-cpu,vi-asr-VIVOSDEV15_208-steady-5,ASR,vi,,5.0,steady,whisper-small-faster-whisper-cpu,3.1331,922.984375,0.15384615384615385,0.034482758620689655,,0.7483146738319153,,eval_data\mixed_vivos\vi_VIVOSDEV15_208_steady_5.wav,,,
vivos/whisper-small-faster-whisper-cpu,vi-asr-VIVOSDEV15_208-steady-0,ASR,vi,,0.0,steady,whisper-small-faster-whisper-cpu,3.2042,922.984375,0.15384615384615385,0.06896551724137931,,0.7652963128825199,,eval_data\mixed_vivos\vi_VIVOSDEV15_208_steady_0.wav,,,
vivos/whisper-small-faster-whisper-cpu,vi-asr-VIVOSDEV15_208-impulsive-15,ASR,vi,,15.0,impulsive,whisper-small-faster-whisper-cpu,3.1699,922.984375,0.23076923076923078,0.06896551724137931,,0.7571040453799075,,eval_data\mixed_vivos\vi_VIVOSDEV15_208_impulsive_15.wav,,,
vivos/whisper-small-faster-whisper-cpu,vi-asr-VIVOSDEV15_208-impulsive-10,ASR,vi,,10.0,impulsive,whisper-small-faster-whisper-cpu,3.1262,922.984375,0.23076923076923078,0.06896551724137931,,0.7466666666666667,,eval_data\mixed_vivos\vi_VIVOSDEV15_208_impulsive_10.wav,,,
vivos/whisper-small-faster-whisper-cpu,vi-asr-VIVOSDEV15_208-impulsive-5,ASR,vi,,5.0,impulsive,whisper-small-faster-whisper-cpu,3.1269,922.984375,0.23076923076923078,0.06896551724137931,,0.7468338557993731,,eval_data\mixed_vivos\vi_VIVOSDEV15_208_impulsive_5.wav,,,
vivos/whisper-small-faster-whisper-cpu,vi-asr-VIVOSDEV15_208-impulsive-0,ASR,vi,,0.0,impulsive,whisper-small-faster-whisper-cpu,3.1411,922.984375,0.23076923076923078,0.06896551724137931,,0.7502254067771309,,eval_data\mixed_vivos\vi_VIVOSDEV15_208_impulsive_0.wav,,,
vivos/whisper-small-faster-whisper-cpu,vi-asr-VIVOSDEV15_265-clean,ASR,vi,,,clean,whisper-small-faster-whisper-cpu,3.1885,922.984375,0.26666666666666666,0.08333333333333333,,0.7289041291613088,,eval_data\mixed_vivos\vi_VIVOSDEV15_265_clean.wav,,,
vivos/whisper-small-faster-whisper-cpu,vi-asr-VIVOSDEV15_265-steady-15,ASR,vi,,15.0,steady,whisper-small-faster-whisper-cpu,3.1636,922.984375,0.26666666666666666,0.08333333333333333,,0.7232118874124875,,eval_data\mixed_vivos\vi_VIVOSDEV15_265_steady_15.wav,,,
vivos/whisper-small-faster-whisper-cpu,vi-asr-VIVOSDEV15_265-steady-10,ASR,vi,,10.0,steady,whisper-small-faster-whisper-cpu,3.3221,922.984375,0.2,0.06666666666666667,,0.7594456350907273,,eval_data\mixed_vivos\vi_VIVOSDEV15_265_steady_10.wav,,,
vivos/whisper-small-faster-whisper-cpu,vi-asr-VIVOSDEV15_265-steady-5,ASR,vi,,5.0,steady,whisper-small-faster-whisper-cpu,3.3713,922.984375,0.2,0.08333333333333333,,0.7706929561365911,,eval_data\mixed_vivos\vi_VIVOSDEV15_265_steady_5.wav,,,
vivos/whisper-small-faster-whisper-cpu,vi-asr-VIVOSDEV15_265-steady-0,ASR,vi,,0.0,steady,whisper-small-faster-whisper-cpu,3.4273,922.984375,0.26666666666666666,0.08333333333333333,,0.7834947849692814,,eval_data\mixed_vivos\vi_VIVOSDEV15_265_steady_0.wav,,,
vivos/whisper-small-faster-whisper-cpu,vi-asr-VIVOSDEV15_265-impulsive-15,ASR,vi,,15.0,impulsive,whisper-small-faster-whisper-cpu,3.2873,922.984375,0.2,0.05,,0.7514902128875555,,eval_data\mixed_vivos\vi_VIVOSDEV15_265_impulsive_15.wav,,,
vivos/whisper-small-faster-whisper-cpu,vi-asr-VIVOSDEV15_265-impulsive-10,ASR,vi,,10.0,impulsive,whisper-small-faster-whisper-cpu,3.3957,922.984375,0.26666666666666666,0.06666666666666667,,0.7762708958422633,,eval_data\mixed_vivos\vi_VIVOSDEV15_265_impulsive_10.wav,,,
vivos/whisper-small-faster-whisper-cpu,vi-asr-VIVOSDEV15_265-impulsive-5,ASR,vi,,5.0,impulsive,whisper-small-faster-whisper-cpu,3.6157,922.984375,0.26666666666666666,0.06666666666666667,,0.8265637948278326,,eval_data\mixed_vivos\vi_VIVOSDEV15_265_impulsive_5.wav,,,
vivos/whisper-small-faster-whisper-cpu,vi-asr-VIVOSDEV15_265-impulsive-0,ASR,vi,,0.0,impulsive,whisper-small-faster-whisper-cpu,3.8503,922.984375,0.26666666666666666,0.06666666666666667,,0.8801943134733534,,eval_data\mixed_vivos\vi_VIVOSDEV15_265_impulsive_0.wav,,,
vivos/whisper-small-faster-whisper-cpu,vi-asr-VIVOSDEV16_050-clean,ASR,vi,,,clean,whisper-small-faster-whisper-cpu,3.2023,922.984375,0.16666666666666666,0.07017543859649122,,0.854089014835806,,eval_data\mixed_vivos\vi_VIVOSDEV16_050_clean.wav,,,
vivos/whisper-small-faster-whisper-cpu,vi-asr-VIVOSDEV16_050-steady-15,ASR,vi,,15.0,steady,whisper-small-faster-whisper-cpu,3.3039,922.984375,0.16666666666666666,0.07017543859649122,,0.8811868644774129,,eval_data\mixed_vivos\vi_VIVOSDEV16_050_steady_15.wav,,,
vivos/whisper-small-faster-whisper-cpu,vi-asr-VIVOSDEV16_050-steady-10,ASR,vi,,10.0,steady,whisper-small-faster-whisper-cpu,3.2093,922.984375,0.16666666666666666,0.07017543859649122,,0.8559559926654442,,eval_data\mixed_vivos\vi_VIVOSDEV16_050_steady_10.wav,,,
vivos/whisper-small-faster-whisper-cpu,vi-asr-VIVOSDEV16_050-steady-5,ASR,vi,,5.0,steady,whisper-small-faster-whisper-cpu,3.0295,922.984375,0.16666666666666666,0.12280701754385964,,0.8080013335555926,,eval_data\mixed_vivos\vi_VIVOSDEV16_050_steady_5.wav,,,
vivos/whisper-small-faster-whisper-cpu,vi-asr-VIVOSDEV16_050-steady-0,ASR,vi,,0.0,steady,whisper-small-faster-whisper-cpu,3.224,922.984375,0.25,0.15789473684210525,,0.8598766461076847,,eval_data\mixed_vivos\vi_VIVOSDEV16_050_steady_0.wav,,,
vivos/whisper-small-faster-whisper-cpu,vi-asr-VIVOSDEV16_050-impulsive-15,ASR,vi,,15.0,impulsive,whisper-small-faster-whisper-cpu,3.3969,922.984375,0.16666666666666666,0.07017543859649122,,0.90599099849975,,eval_data\mixed_vivos\vi_VIVOSDEV16_050_impulsive_15.wav,,,
vivos/whisper-small-faster-whisper-cpu,vi-asr-VIVOSDEV16_050-impulsive-10,ASR,vi,,10.0,impulsive,whisper-small-faster-whisper-cpu,3.1063,922.984375,0.16666666666666666,0.07017543859649122,,0.8284847474579097,,eval_data\mixed_vivos\vi_VIVOSDEV16_050_impulsive_10.wav,,,
vivos/whisper-small-faster-whisper-cpu,vi-asr-VIVOSDEV16_050-impulsive-5,ASR,vi,,5.0,impulsive,whisper-small-faster-whisper-cpu,3.2016,922.984375,0.16666666666666666,0.07017543859649122,,0.8539023170528421,,eval_data\mixed_vivos\vi_VIVOSDEV16_050_impulsive_5.wav,,,
vivos/whisper-small-faster-whisper-cpu,vi-asr-VIVOSDEV16_050-impulsive-0,ASR,vi,,0.0,impulsive,whisper-small-faster-whisper-cpu,3.1231,922.984375,0.16666666666666666,0.07017543859649122,,0.8329654942490414,,eval_data\mixed_vivos\vi_VIVOSDEV16_050_impulsive_0.wav,,,
vivos/whisper-small-faster-whisper-cpu,vi-asr-VIVOSDEV16_079-clean,ASR,vi,,,clean,whisper-small-faster-whisper-cpu,3.3968,922.984375,0.13333333333333333,0.03125,,0.679444930616327,,eval_data\mixed_vivos\vi_VIVOSDEV16_079_clean.wav,,,
vivos/whisper-small-faster-whisper-cpu,vi-asr-VIVOSDEV16_079-steady-15,ASR,vi,,15.0,steady,whisper-small-faster-whisper-cpu,3.1147,922.984375,0.2,0.0625,,0.6230178772346544,,eval_data\mixed_vivos\vi_VIVOSDEV16_079_steady_15.wav,,,
vivos/whisper-small-faster-whisper-cpu,vi-asr-VIVOSDEV16_079-steady-10,ASR,vi,,10.0,steady,whisper-small-faster-whisper-cpu,3.1163,922.984375,0.2,0.0625,,0.6233379172396549,,eval_data\mixed_vivos\vi_VIVOSDEV16_079_steady_10.wav,,,
vivos/whisper-small-faster-whisper-cpu,vi-asr-VIVOSDEV16_079-steady-5,ASR,vi,,5.0,steady,whisper-small-faster-whisper-cpu,3.0682,922.984375,0.3333333333333333,0.1875,,0.6137167145893238,,eval_data\mixed_vivos\vi_VIVOSDEV16_079_steady_5.wav,,,
vivos/whisper-small-faster-whisper-cpu,vi-asr-VIVOSDEV16_079-steady-0,ASR,vi,,0.0,steady,whisper-small-faster-whisper-cpu,3.4053,922.984375,0.5333333333333333,0.3125,,0.6811451431428929,,eval_data\mixed_vivos\vi_VIVOSDEV16_079_steady_0.wav,,,
vivos/whisper-small-faster-whisper-cpu,vi-asr-VIVOSDEV16_079-impulsive-15,ASR,vi,,15.0,impulsive,whisper-small-faster-whisper-cpu,3.2645,922.984375,0.13333333333333333,0.03125,,0.6529816227028379,,eval_data\mixed_vivos\vi_VIVOSDEV16_079_impulsive_15.wav,,,
vivos/whisper-small-faster-whisper-cpu,vi-asr-VIVOSDEV16_079-impulsive-10,ASR,vi,,10.0,impulsive,whisper-small-faster-whisper-cpu,3.1579,922.984375,0.13333333333333333,0.03125,,0.6316589573696713,,eval_data\mixed_vivos\vi_VIVOSDEV16_079_impulsive_10.wav,,,
vivos/whisper-small-faster-whisper-cpu,vi-asr-VIVOSDEV16_079-impulsive-5,ASR,vi,,5.0,impulsive,whisper-small-faster-whisper-cpu,3.2609,922.984375,0.13333333333333333,0.03125,,0.6522615326915865,,eval_data\mixed_vivos\vi_VIVOSDEV16_079_impulsive_5.wav,,,
vivos/whisper-small-faster-whisper-cpu,vi-asr-VIVOSDEV16_079-impulsive-0,ASR,vi,,0.0,impulsive,whisper-small-faster-whisper-cpu,3.4842,922.984375,0.13333333333333333,0.046875,,0.6969271158894862,,eval_data\mixed_vivos\vi_VIVOSDEV16_079_impulsive_0.wav,,,
vivos/whisper-small-faster-whisper-cpu,vi-asr-VIVOSDEV16_168-clean,ASR,vi,,,clean,whisper-small-faster-whisper-cpu,3.486,922.984375,0.4166666666666667,0.12962962962962962,,0.8582243422064935,,eval_data\mixed_vivos\vi_VIVOSDEV16_168_clean.wav,,,
vivos/whisper-small-faster-whisper-cpu,vi-asr-VIVOSDEV16_168-steady-15,ASR,vi,,15.0,steady,whisper-small-faster-whisper-cpu,3.3684,922.984375,0.3333333333333333,0.09259259259259259,,0.8292721957224188,,eval_data\mixed_vivos\vi_VIVOSDEV16_168_steady_15.wav,,,
vivos/whisper-small-faster-whisper-cpu,vi-asr-VIVOSDEV16_168-steady-10,ASR,vi,,10.0,steady,whisper-small-faster-whisper-cpu,3.1664,922.984375,0.3333333333333333,0.09259259259259259,,0.7795414679181413,,eval_data\mixed_vivos\vi_VIVOSDEV16_168_steady_10.wav,,,
vivos/whisper-small-faster-whisper-cpu,vi-asr-VIVOSDEV16_168-steady-5,ASR,vi,,5.0,steady,whisper-small-faster-whisper-cpu,3.1226,922.984375,0.3333333333333333,0.09259259259259259,,0.7687582705031544,,eval_data\mixed_vivos\vi_VIVOSDEV16_168_steady_5.wav,,,
vivos/whisper-small-faster-whisper-cpu,vi-asr-VIVOSDEV16_168-steady-0,ASR,vi,,0.0,steady,whisper-small-faster-whisper-cpu,3.153,922.984375,0.5833333333333334,0.18518518518518517,,0.7762424988459764,,eval_data\mixed_vivos\vi_VIVOSDEV16_168_steady_0.wav,,,
vivos/whisper-small-faster-whisper-cpu,vi-asr-VIVOSDEV16_168-impulsive-15,ASR,vi,,15.0,impulsive,whisper-small-faster-whisper-cpu,3.1356,922.984375,0.4166666666666667,0.14814814814814814,,0.771958762886598,,eval_data\mixed_vivos\vi_VIVOSDEV16_168_impulsive_15.wav,,,
vivos/whisper-small-faster-whisper-cpu,vi-asr-VIVOSDEV16_168-impulsive-10,ASR,vi,,10.0,impulsive,whisper-small-faster-whisper-cpu,3.1309,922.984375,0.4166666666666667,0.12962962962962962,,0.7708016617941222,,eval_data\mixed_vivos\vi_VIVOSDEV16_168_impulsive_10.wav,,,
vivos/whisper-small-faster-whisper-cpu,vi-asr-VIVOSDEV16_168-impulsive-5,ASR,vi,,5.0,impulsive,whisper-small-faster-whisper-cpu,3.1506,922.984375,0.5833333333333334,0.18518518518518517,,0.7756516387136483,,eval_data\mixed_vivos\vi_VIVOSDEV16_168_impulsive_5.wav,,,
vivos/whisper-small-faster-whisper-cpu,vi-asr-VIVOSDEV16_168-impulsive-0,ASR,vi,,0.0,impulsive,whisper-small-faster-whisper-cpu,3.3329,922.984375,0.5833333333333334,0.2037037037037037,,0.8205323895983998,,eval_data\mixed_vivos\vi_VIVOSDEV16_168_impulsive_0.wav,,,
vivos/whisper-small-faster-whisper-cpu,vi-asr-VIVOSDEV16_198-clean,ASR,vi,,,clean,whisper-small-faster-whisper-cpu,3.1527,922.984375,0.38461538461538464,0.14814814814814814,,0.6078226292324377,,eval_data\mixed_vivos\vi_VIVOSDEV16_198_clean.wav,,,
vivos/whisper-small-faster-whisper-cpu,vi-asr-VIVOSDEV16_198-steady-15,ASR,vi,,15.0,steady,whisper-small-faster-whisper-cpu,3.1344,922.984375,0.3076923076923077,0.09259259259259259,,0.6042944933124473,,eval_data\mixed_vivos\vi_VIVOSDEV16_198_steady_15.wav,,,
vivos/whisper-small-faster-whisper-cpu,vi-asr-VIVOSDEV16_198-steady-10,ASR,vi,,10.0,steady,whisper-small-faster-whisper-cpu,3.1161,922.984375,0.38461538461538464,0.16666666666666666,,0.600766357392457,,eval_data\mixed_vivos\vi_VIVOSDEV16_198_steady_10.wav,,,
vivos/whisper-small-faster-whisper-cpu,vi-asr-VIVOSDEV16_198-steady-5,ASR,vi,,5.0,steady,whisper-small-faster-whisper-cpu,3.2981,922.984375,0.38461538461538464,0.16666666666666666,,0.6358549222797928,,eval_data\mixed_vivos\vi_VIVOSDEV16_198_steady_5.wav,,,
vivos/whisper-small-faster-whisper-cpu,vi-asr-VIVOSDEV16_198-steady-0,ASR,vi,,0.0,steady,whisper-small-faster-whisper-cpu,3.1269,922.984375,0.46153846153846156,0.2777777777777778,,0.602848535968189,,eval_data\mixed_vivos\vi_VIVOSDEV16_198_steady_0.wav,,,
vivos/whisper-small-faster-whisper-cpu,vi-asr-VIVOSDEV16_198-impulsive-15,ASR,vi,,15.0,impulsive,whisper-small-faster-whisper-cpu,2.9934,922.984375,0.3076923076923077,0.09259259259259259,,0.5771104952403904,,eval_data\mixed_vivos\vi_VIVOSDEV16_198_impulsive_15.wav,,,
vivos/whisper-small-faster-whisper-cpu,vi-asr-VIVOSDEV16_198-impulsive-10,ASR,vi,,10.0,impulsive,whisper-small-faster-whisper-cpu,3.3303,922.984375,0.3076923076923077,0.09259259259259259,,0.6420628991444752,,eval_data\mixed_vivos\vi_VIVOSDEV16_198_impulsive_10.wav,,,
vivos/whisper-small-faster-whisper-cpu,vi-asr-VIVOSDEV16_198-impulsive-5,ASR,vi,,5.0,impulsive,whisper-small-faster-whisper-cpu,3.0252,922.984375,0.3076923076923077,0.09259259259259259,,0.5832413543800458,,eval_data\mixed_vivos\vi_VIVOSDEV16_198_impulsive_5.wav,,,
vivos/whisper-small-faster-whisper-cpu,vi-asr-VIVOSDEV16_198-impulsive-0,ASR,vi,,0.0,impulsive,whisper-small-faster-whisper-cpu,2.9867,922.984375,0.3076923076923077,0.09259259259259259,,0.5758187733461863,,eval_data\mixed_vivos\vi_VIVOSDEV16_198_impulsive_0.wav,,,
vivos/whisper-small-faster-whisper-cpu,vi-asr-VIVOSDEV16_273-clean,ASR,vi,,,clean,whisper-small-faster-whisper-cpu,3.0096,922.984375,0.15384615384615385,0.05084745762711865,,0.6735711288292069,,eval_data\mixed_vivos\vi_VIVOSDEV16_273_clean.wav,,,
vivos/whisper-small-faster-whisper-cpu,vi-asr-VIVOSDEV16_273-steady-15,ASR,vi,,15.0,steady,whisper-small-faster-whisper-cpu,3.0774,922.984375,0.3076923076923077,0.13559322033898305,,0.6887452790600084,,eval_data\mixed_vivos\vi_VIVOSDEV16_273_steady_15.wav,,,
vivos/whisper-small-faster-whisper-cpu,vi-asr-VIVOSDEV16_273-steady-10,ASR,vi,,10.0,steady,whisper-small-faster-whisper-cpu,3.0348,922.984375,0.23076923076923078,0.0847457627118644,,0.6792110784725137,,eval_data\mixed_vivos\vi_VIVOSDEV16_273_steady_10.wav,,,
vivos/whisper-small-faster-whisper-cpu,vi-asr-VIVOSDEV16_273-steady-5,ASR,vi,,5.0,steady,whisper-small-faster-whisper-cpu,3.0692,922.984375,0.3076923076923077,0.15254237288135594,,0.6869100573506784,,eval_data\mixed_vivos\vi_VIVOSDEV16_273_steady_5.wav,,,
vivos/whisper-small-faster-whisper-cpu,vi-asr-VIVOSDEV16_273-steady-0,ASR,vi,,0.0,steady,whisper-small-faster-whisper-cpu,3.0431,922.984375,0.38461538461538464,0.22033898305084745,,0.6810686809343964,,eval_data\mixed_vivos\vi_VIVOSDEV16_273_steady_0.wav,,,
vivos/whisper-small-faster-whisper-cpu,vi-asr-VIVOSDEV16_273-impulsive-15,ASR,vi,,15.0,impulsive,whisper-small-faster-whisper-cpu,3.3288,922.984375,0.23076923076923078,0.1016949152542373,,0.7450104909777592,,eval_data\mixed_vivos\vi_VIVOSDEV16_273_impulsive_15.wav,,,
vivos/whisper-small-faster-whisper-cpu,vi-asr-VIVOSDEV16_273-impulsive-10,ASR,vi,,10.0,impulsive,whisper-small-faster-whisper-cpu,2.925,922.984375,0.15384615384615385,0.05084745762711865,,0.6546370121695342,,eval_data\mixed_vivos\vi_VIVOSDEV16_273_impulsive_10.wav,,,
vivos/whisper-small-faster-whisper-cpu,vi-asr-VIVOSDEV16_273-impulsive-5,ASR,vi,,5.0,impulsive,whisper-small-faster-whisper-cpu,2.9759,922.984375,0.15384615384615385,0.06779661016949153,,0.6660288152189119,,eval_data\mixed_vivos\vi_VIVOSDEV16_273_impulsive_5.wav,,,
vivos/whisper-small-faster-whisper-cpu,vi-asr-VIVOSDEV16_273-impulsive-0,ASR,vi,,0.0,impulsive,whisper-small-faster-whisper-cpu,3.0619,922.984375,0.15384615384615385,0.06779661016949153,,0.6852762624143237,,eval_data\mixed_vivos\vi_VIVOSDEV16_273_impulsive_0.wav,,,
vivos/whisper-small-faster-whisper-cpu,vi-asr-VIVOSDEV17_048-clean,ASR,vi,,,clean,whisper-small-faster-whisper-cpu,3.0493,922.984375,0.45454545454545453,0.11320754716981132,,0.8132822137022837,,eval_data\mixed_vivos\vi_VIVOSDEV17_048_clean.wav,,,
vivos/whisper-small-faster-whisper-cpu,vi-asr-VIVOSDEV17_048-steady-15,ASR,vi,,15.0,steady,whisper-small-faster-whisper-cpu,3.0948,922.984375,0.45454545454545453,0.11320754716981132,,0.8254175695949325,,eval_data\mixed_vivos\vi_VIVOSDEV17_048_steady_15.wav,,,
vivos/whisper-small-faster-whisper-cpu,vi-asr-VIVOSDEV17_048-steady-10,ASR,vi,,10.0,steady,whisper-small-faster-whisper-cpu,3.0222,922.984375,0.45454545454545453,0.1320754716981132,,0.8060543423903984,,eval_data\mixed_vivos\vi_VIVOSDEV17_048_steady_10.wav,,,
vivos/whisper-small-faster-whisper-cpu,vi-asr-VIVOSDEV17_048-steady-5,ASR,vi,,5.0,steady,whisper-small-faster-whisper-cpu,2.8767,922.984375,0.36363636363636365,0.1320754716981132,,0.7672478746457743,,eval_data\mixed_vivos\vi_VIVOSDEV17_048_steady_5.wav,,,
vivos/whisper-small-faster-whisper-cpu,vi-asr-VIVOSDEV17_048-steady-0,ASR,vi,,0.0,steady,whisper-small-faster-whisper-cpu,3.0225,922.984375,0.45454545454545453,0.2641509433962264,,0.8061343557259543,,eval_data\mixed_vivos\vi_VIVOSDEV17_048_steady_0.wav,,,
vivos/whisper-small-faster-whisper-cpu,vi-asr-VIVOSDEV17_048-impulsive-15,ASR,vi,,15.0,impulsive,whisper-small-faster-whisper-cpu,3.0557,922.984375,0.45454545454545453,0.11320754716981132,,0.8149891648608101,,eval_data\mixed_vivos\vi_VIVOSDEV17_048_impulsive_15.wav,,,
vivos/whisper-small-faster-whisper-cpu,vi-asr-VIVOSDEV17_048-impulsive-10,ASR,vi,,10.0,impulsive,whisper-small-faster-whisper-cpu,3.0087,922.984375,0.2727272727272727,0.07547169811320754,,0.8024537422903818,,eval_data\mixed_vivos\vi_VIVOSDEV17_048_impulsive_10.wav,,,
vivos/whisper-small-faster-whisper-cpu,vi-asr-VIVOSDEV17_048-impulsive-5,ASR,vi,,5.0,impulsive,whisper-small-faster-whisper-cpu,3.0885,922.984375,0.2727272727272727,0.09433962264150944,,0.823737289548258,,eval_data\mixed_vivos\vi_VIVOSDEV17_048_impulsive_5.wav,,,
vivos/whisper-small-faster-whisper-cpu,vi-asr-VIVOSDEV17_048-impulsive-0,ASR,vi,,0.0,impulsive,whisper-small-faster-whisper-cpu,3.4257,922.984375,0.2727272727272727,0.07547169811320754,,0.9136722787131188,,eval_data\mixed_vivos\vi_VIVOSDEV17_048_impulsive_0.wav,,,
vivos/whisper-small-faster-whisper-cpu,vi-asr-VIVOSDEV17_100-clean,ASR,vi,,,clean,whisper-small-faster-whisper-cpu,3.1667,922.984375,0.16666666666666666,0.043478260869565216,,0.7980343361159238,,eval_data\mixed_vivos\vi_VIVOSDEV17_100_clean.wav,,,
vivos/whisper-small-faster-whisper-cpu,vi-asr-VIVOSDEV17_100-steady-15,ASR,vi,,15.0,steady,whisper-small-faster-whisper-cpu,3.2035,922.984375,0.16666666666666666,0.043478260869565216,,0.8073082375177193,,eval_data\mixed_vivos\vi_VIVOSDEV17_100_steady_15.wav,,,
vivos/whisper-small-faster-whisper-cpu,vi-asr-VIVOSDEV17_100-steady-10,ASR,vi,,10.0,steady,whisper-small-faster-whisper-cpu,3.0326,922.984375,0.08333333333333333,0.021739130434782608,,0.7642400378012285,,eval_data\mixed_vivos\vi_VIVOSDEV17_100_steady_10.wav,,,
vivos/whisper-small-faster-whisper-cpu,vi-asr-VIVOSDEV17_100-steady-5,ASR,vi,,5.0,steady,whisper-small-faster-whisper-cpu,2.9741,922.984375,0.25,0.13043478260869565,,0.7494975586706568,,eval_data\mixed_vivos\vi_VIVOSDEV17_100_steady_5.wav,,,
vivos/whisper-small-faster-whisper-cpu,vi-asr-VIVOSDEV17_100-steady-0,ASR,vi,,0.0,steady,whisper-small-faster-whisper-cpu,3.2303,922.984375,0.25,0.15217391304347827,,0.8140620570168531,,eval_data\mixed_vivos\vi_VIVOSDEV17_100_steady_0.wav,,,
vivos/whisper-small-faster-whisper-cpu,vi-asr-VIVOSDEV17_100-impulsive-15,ASR,vi,,15.0,impulsive,whisper-small-faster-whisper-cpu,3.1426,922.984375,0.16666666666666666,0.06521739130434782,,0.7919609387305087,,eval_data\mixed_vivos\vi_VIVOSDEV17_100_impulsive_15.wav,,,
vivos/whisper-small-faster-whisper-cpu,vi-asr-VIVOSDEV17_100-impulsive-10,ASR,vi,,10.0,impulsive,whisper-small-faster-whisper-cpu,3.1521,922.984375,0.16666666666666666,0.06521739130434782,,0.7943550165380374,,eval_data\mixed_vivos\vi_VIVOSDEV17_100_impulsive_10.wav,,,
vivos/whisper-small-faster-whisper-cpu,vi-asr-VIVOSDEV17_100-impulsive-5,ASR,vi,,5.0,impulsive,whisper-small-faster-whisper-cpu,3.1436,922.984375,0.16666666666666666,0.06521739130434782,,0.7922129469207749,,eval_data\mixed_vivos\vi_VIVOSDEV17_100_impulsive_5.wav,,,
vivos/whisper-small-faster-whisper-cpu,vi-asr-VIVOSDEV17_100-impulsive-0,ASR,vi,,0.0,impulsive,whisper-small-faster-whisper-cpu,3.2081,922.984375,0.16666666666666666,0.10869565217391304,,0.8084674751929437,,eval_data\mixed_vivos\vi_VIVOSDEV17_100_impulsive_0.wav,,,
vivos/whisper-small-faster-whisper-cpu,vi-asr-VIVOSDEV17_170-clean,ASR,vi,,,clean,whisper-small-faster-whisper-cpu,3.1247,922.984375,0.26666666666666666,0.09836065573770492,,0.8130622865506586,,eval_data\mixed_vivos\vi_VIVOSDEV17_170_clean.wav,,,
vivos/whisper-small-faster-whisper-cpu,vi-asr-VIVOSDEV17_170-steady-15,ASR,vi,,15.0,steady,whisper-small-faster-whisper-cpu,3.1722,922.984375,0.2,0.06557377049180328,,0.8254220198406245,,eval_data\mixed_vivos\vi_VIVOSDEV17_170_steady_15.wav,,,
vivos/whisper-small-faster-whisper-cpu,vi-asr-VIVOSDEV17_170-steady-10,ASR,vi,,10.0,steady,whisper-small-faster-whisper-cpu,3.2497,922.984375,0.13333333333333333,0.03278688524590164,,0.8455879004716214,,eval_data\mixed_vivos\vi_VIVOSDEV17_170_steady_10.wav,,,
vivos/whisper-small-faster-whisper-cpu,vi-asr-VIVOSDEV17_170-steady-5,ASR,vi,,5.0,steady,whisper-small-faster-whisper-cpu,3.1009,922.984375,0.26666666666666666,0.09836065573770492,,0.8068694096601073,,eval_data\mixed_vivos\vi_VIVOSDEV17_170_steady_5.wav,,,
vivos/whisper-small-faster-whisper-cpu,vi-asr-VIVOSDEV17_170-steady-0,ASR,vi,,0.0,steady,whisper-small-faster-whisper-cpu,3.073,922.984375,0.4,0.2459016393442623,,0.7996096926329485,,eval_data\mixed_vivos\vi_VIVOSDEV17_170_steady_0.wav,,,
vivos/whisper-small-faster-whisper-cpu,vi-asr-VIVOSDEV17_170-impulsive-15,ASR,vi,,15.0,impulsive,whisper-small-faster-whisper-cpu,3.0376,922.984375,0.26666666666666666,0.09836065573770492,,0.7903984387705317,,eval_data\mixed_vivos\vi_VIVOSDEV17_170_impulsive_15.wav,,,
vivos/whisper-small-faster-whisper-cpu,vi-asr-VIVOSDEV17_170-impulsive-10,ASR,vi,,10.0,impulsive,whisper-small-faster-whisper-cpu,3.2253,922.984375,0.26666666666666666,0.09836065573770492,,0.8392389006342494,,eval_data\mixed_vivos\vi_VIVOSDEV17_170_impulsive_10.wav,,,
vivos/whisper-small-faster-whisper-cpu,vi-asr-VIVOSDEV17_170-impulsive-5,ASR,vi,,5.0,impulsive,whisper-small-faster-whisper-cpu,3.1002,922.984375,0.26666666666666666,0.09836065573770492,,0.8066872662221499,,eval_data\mixed_vivos\vi_VIVOSDEV17_170_impulsive_5.wav,,,
vivos/whisper-small-faster-whisper-cpu,vi-asr-VIVOSDEV17_170-impulsive-0,ASR,vi,,0.0,impulsive,whisper-small-faster-whisper-cpu,3.0541,922.984375,0.26666666666666666,0.09836065573770492,,0.7946918198080989,,eval_data\mixed_vivos\vi_VIVOSDEV17_170_impulsive_0.wav,,,
vivos/whisper-small-faster-whisper-cpu,vi-asr-VIVOSDEV17_213-clean,ASR,vi,,,clean,whisper-small-faster-whisper-cpu,2.9542,922.984375,0.5454545454545454,0.20833333333333334,,0.7329384400682277,,eval_data\mixed_vivos\vi_VIVOSDEV17_213_clean.wav,,,
vivos/whisper-small-faster-whisper-cpu,vi-asr-VIVOSDEV17_213-steady-15,ASR,vi,,15.0,steady,whisper-small-faster-whisper-cpu,2.9179,922.984375,0.36363636363636365,0.16666666666666666,,0.7239323926190108,,eval_data\mixed_vivos\vi_VIVOSDEV17_213_steady_15.wav,,,
vivos/whisper-small-faster-whisper-cpu,vi-asr-VIVOSDEV17_213-steady-10,ASR,vi,,10.0,steady,whisper-small-faster-whisper-cpu,3.0376,922.984375,0.36363636363636365,0.14583333333333334,,0.753630020158164,,eval_data\mixed_vivos\vi_VIVOSDEV17_213_steady_10.wav,,,
vivos/whisper-small-faster-whisper-cpu,vi-asr-VIVOSDEV17_213-steady-5,ASR,vi,,5.0,steady,whisper-small-faster-whisper-cpu,3.0068,922.984375,0.45454545454545453,0.20833333333333334,,0.7459885253527679,,eval_data\mixed_vivos\vi_VIVOSDEV17_213_steady_5.wav,,,
vivos/whisper-small-faster-whisper-cpu,vi-asr-VIVOSDEV17_213-steady-0,ASR,vi,,0.0,steady,whisper-small-faster-whisper-cpu,3.0415,922.984375,0.5454545454545454,0.3125,,0.7545976120328733,,eval_data\mixed_vivos\vi_VIVOSDEV17_213_steady_0.wav,,,
vivos/whisper-small-faster-whisper-cpu,vi-asr-VIVOSDEV17_213-impulsive-15,ASR,vi,,15.0,impulsive,whisper-small-faster-whisper-cpu,3.0982,922.984375,0.5454545454545454,0.20833333333333334,,0.7686649092882618,,eval_data\mixed_vivos\vi_VIVOSDEV17_213_impulsive_15.wav,,,
vivos/whisper-small-faster-whisper-cpu,vi-asr-VIVOSDEV17_213-impulsive-10,ASR,vi,,10.0,impulsive,whisper-small-faster-whisper-cpu,3.0228,922.984375,0.36363636363636365,0.16666666666666666,,0.7499581330438829,,eval_data\mixed_vivos\vi_VIVOSDEV17_213_impulsive_10.wav,,,
vivos/whisper-small-faster-whisper-cpu,vi-asr-VIVOSDEV17_213-impulsive-5,ASR,vi,,5.0,impulsive,whisper-small-faster-whisper-cpu,3.3585,922.984375,0.36363636363636365,0.14583333333333334,,0.8332454644130873,,eval_data\mixed_vivos\vi_VIVOSDEV17_213_impulsive_5.wav,,,
vivos/whisper-small-faster-whisper-cpu,vi-asr-VIVOSDEV17_213-impulsive-0,ASR,vi,,0.0,impulsive,whisper-small-faster-whisper-cpu,3.012,922.984375,0.2727272727272727,0.14583333333333334,,0.7472786478523803,,eval_data\mixed_vivos\vi_VIVOSDEV17_213_impulsive_0.wav,,,
vivos/whisper-small-faster-whisper-cpu,vi-asr-VIVOSDEV17_285-clean,ASR,vi,,,clean,whisper-small-faster-whisper-cpu,3.0926,922.984375,0.4166666666666667,0.15217391304347827,,0.7277776143550523,,eval_data\mixed_vivos\vi_VIVOSDEV17_285_clean.wav,,,
vivos/whisper-small-faster-whisper-cpu,vi-asr-VIVOSDEV17_285-steady-15,ASR,vi,,15.0,steady,whisper-small-faster-whisper-cpu,2.9954,922.984375,0.4166666666666667,0.15217391304347827,,0.7049036623032799,,eval_data\mixed_vivos\vi_VIVOSDEV17_285_steady_15.wav,,,
vivos/whisper-small-faster-whisper-cpu,vi-asr-VIVOSDEV17_285-steady-10,ASR,vi,,10.0,steady,whisper-small-faster-whisper-cpu,3.2578,922.984375,0.3333333333333333,0.13043478260869565,,0.7666539196940727,,eval_data\mixed_vivos\vi_VIVOSDEV17_285_steady_10.wav,,,
vivos/whisper-small-faster-whisper-cpu,vi-asr-VIVOSDEV17_285-steady-5,ASR,vi,,5.0,steady,whisper-small-faster-whisper-cpu,3.3138,922.984375,0.4166666666666667,0.17391304347826086,,0.7798323282835712,,eval_data\mixed_vivos\vi_VIVOSDEV17_285_steady_5.wav,,,
vivos/whisper-small-faster-whisper-cpu,vi-asr-VIVOSDEV17_285-steady-0,ASR,vi,,0.0,steady,whisper-small-faster-whisper-cpu,3.1927,922.984375,0.25,0.10869565217391304,,0.7513340197087808,,eval_data\mixed_vivos\vi_VIVOSDEV17_285_steady_0.wav,,,
vivos/whisper-small-faster-whisper-cpu,vi-asr-VIVOSDEV17_285-impulsive-15,ASR,vi,,15.0,impulsive,whisper-small-faster-whisper-cpu,3.1831,922.984375,0.3333333333333333,0.10869565217391304,,0.749074863950581,,eval_data\mixed_vivos\vi_VIVOSDEV17_285_impulsive_15.wav,,,
vivos/whisper-small-faster-whisper-cpu,vi-asr-VIVOSDEV17_285-impulsive-10,ASR,vi,,10.0,impulsive,whisper-small-faster-whisper-cpu,3.087,922.984375,0.3333333333333333,0.10869565217391304,,0.7264597734961025,,eval_data\mixed_vivos\vi_VIVOSDEV17_285_impulsive_10.wav,,,
vivos/whisper-small-faster-whisper-cpu,vi-asr-VIVOSDEV17_285-impulsive-5,ASR,vi,,5.0,impulsive,whisper-small-faster-whisper-cpu,3.7497,922.984375,0.3333333333333333,0.10869565217391304,,0.8824121194293278,,eval_data\mixed_vivos\vi_VIVOSDEV17_285_impulsive_5.wav,,,
vivos/whisper-small-faster-whisper-cpu,vi-asr-VIVOSDEV17_285-impulsive-0,ASR,vi,,0.0,impulsive,whisper-small-faster-whisper-cpu,3.6683,922.984375,0.4166666666666667,0.15217391304347827,,0.8632563612295926,,eval_data\mixed_vivos\vi_VIVOSDEV17_285_impulsive_0.wav,,,
vivos/whisper-small-faster-whisper-cpu,vi-asr-VIVOSDEV18_051-clean,ASR,vi,,,clean,whisper-small-faster-whisper-cpu,3.5164,922.984375,0.2727272727272727,0.11764705882352941,,1.2233616003479018,,eval_data\mixed_vivos\vi_VIVOSDEV18_051_clean.wav,,,
vivos/whisper-small-faster-whisper-cpu,vi-asr-VIVOSDEV18_051-steady-15,ASR,vi,,15.0,steady,whisper-small-faster-whisper-cpu,3.0796,922.984375,0.2727272727272727,0.1568627450980392,,1.0713981300282671,,eval_data\mixed_vivos\vi_VIVOSDEV18_051_steady_15.wav,,,
vivos/whisper-small-faster-whisper-cpu,vi-asr-VIVOSDEV18_051-steady-10,ASR,vi,,10.0,steady,whisper-small-faster-whisper-cpu,3.1587,922.984375,0.2727272727272727,0.1568627450980392,,1.0989171559034572,,eval_data\mixed_vivos\vi_VIVOSDEV18_051_steady_10.wav,,,
vivos/whisper-small-faster-whisper-cpu,vi-asr-VIVOSDEV18_051-steady-5,ASR,vi,,5.0,steady,whisper-small-faster-whisper-cpu,3.2615,922.984375,0.2727272727272727,0.1568627450980392,,1.1346814524896716,,eval_data\mixed_vivos\vi_VIVOSDEV18_051_steady_5.wav,,,
vivos/whisper-small-faster-whisper-cpu,vi-asr-VIVOSDEV18_051-steady-0,ASR,vi,,0.0,steady,whisper-small-faster-whisper-cpu,2.9747,922.984375,0.45454545454545453,0.23529411764705882,,1.0349032398347466,,eval_data\mixed_vivos\vi_VIVOSDEV18_051_steady_0.wav,,,
vivos/whisper-small-faster-whisper-cpu,vi-asr-VIVOSDEV18_051-impulsive-15,ASR,vi,,15.0,impulsive,whisper-small-faster-whisper-cpu,3.0549,922.984375,0.2727272727272727,0.11764705882352941,,1.062804957599478,,eval_data\mixed_vivos\vi_VIVOSDEV18_051_impulsive_15.wav,,,
vivos/whisper-small-faster-whisper-cpu,vi-asr-VIVOSDEV18_051-impulsive-10,ASR,vi,,10.0,impulsive,whisper-small-faster-whisper-cpu,3.4594,922.984375,0.2727272727272727,0.11764705882352941,,1.203531202435312,,eval_data\mixed_vivos\vi_VIVOSDEV18_051_impulsive_10.wav,,,
vivos/whisper-small-faster-whisper-cpu,vi-asr-VIVOSDEV18_051-impulsive-5,ASR,vi,,5.0,impulsive,whisper-small-faster-whisper-cpu,3.0897,922.984375,0.2727272727272727,0.11764705882352941,,1.0749119373776908,,eval_data\mixed_vivos\vi_VIVOSDEV18_051_impulsive_5.wav,,,
vivos/whisper-small-faster-whisper-cpu,vi-asr-VIVOSDEV18_051-impulsive-0,ASR,vi,,0.0,impulsive,whisper-small-faster-whisper-cpu,3.0619,922.984375,0.2727272727272727,0.11764705882352941,,1.0652402696238312,,eval_data\mixed_vivos\vi_VIVOSDEV18_051_impulsive_0.wav,,,
vivos/whisper-small-faster-whisper-cpu,vi-asr-VIVOSDEV18_118-clean,ASR,vi,,,clean,whisper-small-faster-whisper-cpu,3.3221,922.984375,0.23076923076923078,0.10714285714285714,,0.9165994136920158,,eval_data\mixed_vivos\vi_VIVOSDEV18_118_clean.wav,,,
vivos/whisper-small-faster-whisper-cpu,vi-asr-VIVOSDEV18_118-steady-15,ASR,vi,,15.0,steady,whisper-small-faster-whisper-cpu,3.0634,922.984375,0.3076923076923077,0.14285714285714285,,0.8452215899292982,,eval_data\mixed_vivos\vi_VIVOSDEV18_118_steady_15.wav,,,
vivos/whisper-small-faster-whisper-cpu,vi-asr-VIVOSDEV18_118-steady-10,ASR,vi,,10.0,steady,whisper-small-faster-whisper-cpu,2.9454,922.984375,0.3076923076923077,0.14285714285714285,,0.8126642524573201,,eval_data\mixed_vivos\vi_VIVOSDEV18_118_steady_10.wav,,,
vivos/whisper-small-faster-whisper-cpu,vi-asr-VIVOSDEV18_118-steady-5,ASR,vi,,5.0,steady,whisper-small-faster-whisper-cpu,3.0335,922.984375,0.07692307692307693,0.017857142857142856,,0.8369718917054665,,eval_data\mixed_vivos\vi_VIVOSDEV18_118_steady_5.wav,,,
vivos/whisper-small-faster-whisper-cpu,vi-asr-VIVOSDEV18_118-steady-0,ASR,vi,,0.0,steady,whisper-small-faster-whisper-cpu,3.0663,922.984375,0.15384615384615385,0.125,,0.8460217278841179,,eval_data\mixed_vivos\vi_VIVOSDEV18_118_steady_0.wav,,,
vivos/whisper-small-faster-whisper-cpu,vi-asr-VIVOSDEV18_118-impulsive-15,ASR,vi,,15.0,impulsive,whisper-small-faster-whisper-cpu,2.99,922.984375,0.15384615384615385,0.03571428571428571,,0.8249698223831695,,eval_data\mixed_vivos\vi_VIVOSDEV18_118_impulsive_15.wav,,,
vivos/whisper-small-faster-whisper-cpu,vi-asr-VIVOSDEV18_118-impulsive-10,ASR,vi,,10.0,impulsive,whisper-small-faster-whisper-cpu,3.027,922.984375,0.15384615384615385,0.03571428571428571,,0.8351784790481117,,eval_data\mixed_vivos\vi_VIVOSDEV18_118_impulsive_10.wav,,,
vivos/whisper-small-faster-whisper-cpu,vi-asr-VIVOSDEV18_118-impulsive-5,ASR,vi,,5.0,impulsive,whisper-small-faster-whisper-cpu,3.0777,922.984375,0.15384615384615385,0.03571428571428571,,0.8491670977754785,,eval_data\mixed_vivos\vi_VIVOSDEV18_118_impulsive_5.wav,,,
vivos/whisper-small-faster-whisper-cpu,vi-asr-VIVOSDEV18_118-impulsive-0,ASR,vi,,0.0,impulsive,whisper-small-faster-whisper-cpu,2.9903,922.984375,0.15384615384615385,0.03571428571428571,,0.8250525952750474,,eval_data\mixed_vivos\vi_VIVOSDEV18_118_impulsive_0.wav,,,
vivos/whisper-small-faster-whisper-cpu,vi-asr-VIVOSDEV18_194-clean,ASR,vi,,,clean,whisper-small-faster-whisper-cpu,3.0194,922.984375,0.13333333333333333,0.05172413793103448,,0.8706145251396648,,eval_data\mixed_vivos\vi_VIVOSDEV18_194_clean.wav,,,
vivos/whisper-small-faster-whisper-cpu,vi-asr-VIVOSDEV18_194-steady-15,ASR,vi,,15.0,steady,whisper-small-faster-whisper-cpu,3.034,922.984375,0.06666666666666667,0.034482758620689655,,0.874824292665345,,eval_data\mixed_vivos\vi_VIVOSDEV18_194_steady_15.wav,,,
vivos/whisper-small-faster-whisper-cpu,vi-asr-VIVOSDEV18_194-steady-10,ASR,vi,,10.0,steady,whisper-small-faster-whisper-cpu,3.2351,922.984375,0.06666666666666667,0.05172413793103448,,0.932809515227969,,eval_data\mixed_vivos\vi_VIVOSDEV18_194_steady_10.wav,,,
vivos/whisper-small-faster-whisper-cpu,vi-asr-VIVOSDEV18_194-steady-5,ASR,vi,,5.0,steady,whisper-small-faster-whisper-cpu,3.1972,922.984375,0.2,0.1206896551724138,,0.9218814200756893,,eval_data\mixed_vivos\vi_VIVOSDEV18_194_steady_5.wav,,,
vivos/whisper-small-faster-whisper-cpu,vi-asr-VIVOSDEV18_194-steady-0,ASR,vi,,0.0,steady,whisper-small-faster-whisper-cpu,3.1188,922.984375,0.4,0.27586206896551724,,0.899275545143269,,eval_data\mixed_vivos\vi_VIVOSDEV18_194_steady_0.wav,,,
vivos/whisper-small-faster-whisper-cpu,vi-asr-VIVOSDEV18_194-impulsive-15,ASR,vi,,15.0,impulsive,whisper-small-faster-whisper-cpu,3.2741,922.984375,0.2,0.1206896551724138,,0.944054784645882,,eval_data\mixed_vivos\vi_VIVOSDEV18_194_impulsive_15.wav,,,
vivos/whisper-small-faster-whisper-cpu,vi-asr-VIVOSDEV18_194-impulsive-10,ASR,vi,,10.0,impulsive,whisper-small-faster-whisper-cpu,2.781,922.984375,0.2,0.1206896551724138,,0.8018742115696522,,eval_data\mixed_vivos\vi_VIVOSDEV18_194_impulsive_10.wav,,,
vivos/whisper-small-faster-whisper-cpu,vi-asr-VIVOSDEV18_194-impulsive-5,ASR,vi,,5.0,impulsive,whisper-small-faster-whisper-cpu,2.5653,922.984375,0.2,0.1206896551724138,,0.739679221481348,,eval_data\mixed_vivos\vi_VIVOSDEV18_194_impulsive_5.wav,,,
vivos/whisper-small-faster-whisper-cpu,vi-asr-VIVOSDEV18_194-impulsive-0,ASR,vi,,0.0,impulsive,whisper-small-faster-whisper-cpu,2.9389,922.984375,0.2,0.1206896551724138,,0.847403135700126,,eval_data\mixed_vivos\vi_VIVOSDEV18_194_impulsive_0.wav,,,
vivos/whisper-small-faster-whisper-cpu,vi-asr-VIVOSDEV18_252-clean,ASR,vi,,,clean,whisper-small-faster-whisper-cpu,2.9701,922.984375,0.36363636363636365,0.09090909090909091,,0.9412081600316894,,eval_data\mixed_vivos\vi_VIVOSDEV18_252_clean.wav,,,
vivos/whisper-small-faster-whisper-cpu,vi-asr-VIVOSDEV18_252-steady-15,ASR,vi,,15.0,steady,whisper-small-faster-whisper-cpu,3.0593,922.984375,0.36363636363636365,0.11363636363636363,,0.9694751435927906,,eval_data\mixed_vivos\vi_VIVOSDEV18_252_steady_15.wav,,,
vivos/whisper-small-faster-whisper-cpu,vi-asr-VIVOSDEV18_252-steady-10,ASR,vi,,10.0,steady,whisper-small-faster-whisper-cpu,2.931,922.984375,0.36363636363636365,0.09090909090909091,,0.928817587641117,,eval_data\mixed_vivos\vi_VIVOSDEV18_252_steady_10.wav,,,
vivos/whisper-small-faster-whisper-cpu,vi-asr-VIVOSDEV18_252-steady-5,ASR,vi,,5.0,steady,whisper-small-faster-whisper-cpu,2.9362,922.984375,0.36363636363636365,0.09090909090909091,,0.9304654387007327,,eval_data\mixed_vivos\vi_VIVOSDEV18_252_steady_5.wav,,,
vivos/whisper-small-faster-whisper-cpu,vi-asr-VIVOSDEV18_252-steady-0,ASR,vi,,0.0,steady,whisper-small-faster-whisper-cpu,2.9936,922.984375,0.45454545454545453,0.29545454545454547,,0.9486551792434145,,eval_data\mixed_vivos\vi_VIVOSDEV18_252_steady_0.wav,,,
vivos/whisper-small-faster-whisper-cpu,vi-asr-VIVOSDEV18_252-impulsive-15,ASR,vi,,15.0,impulsive,whisper-small-faster-whisper-cpu,3.0254,922.984375,0.2727272727272727,0.06818181818181818,,0.958732422261834,,eval_data\mixed_vivos\vi_VIVOSDEV18_252_impulsive_15.wav,,,
vivos/whisper-small-faster-whisper-cpu,vi-asr-VIVOSDEV18_252-impulsive-10,ASR,vi,,10.0,impulsive,whisper-small-faster-whisper-cpu,3.2728,922.984375,0.2727272727272727,0.06818181818181818,,1.0371321053673994,,eval_data\mixed_vivos\vi_VIVOSDEV18_252_impulsive_10.wav,,,
vivos/whisper-small-faster-whisper-cpu,vi-asr-VIVOSDEV18_252-impulsive-5,ASR,vi,,5.0,impulsive,whisper-small-faster-whisper-cpu,3.6168,922.984375,0.2727272727272727,0.06818181818181818,,1.1461437908496732,,eval_data\mixed_vivos\vi_VIVOSDEV18_252_impulsive_5.wav,,,
vivos/whisper-small-faster-whisper-cpu,vi-asr-VIVOSDEV18_252-impulsive-0,ASR,vi,,0.0,impulsive,whisper-small-faster-whisper-cpu,3.0194,922.984375,0.2727272727272727,0.06818181818181818,,0.956831055654585,,eval_data\mixed_vivos\vi_VIVOSDEV18_252_impulsive_0.wav,,,
vivos/whisper-small-faster-whisper-cpu,vi-asr-VIVOSDEV18_280-clean,ASR,vi,,,clean,whisper-small-faster-whisper-cpu,3.0883,922.984375,0.25,0.07142857142857142,,1.0515599063630559,,eval_data\mixed_vivos\vi_VIVOSDEV18_280_clean.wav,,,
vivos/whisper-small-faster-whisper-cpu,vi-asr-VIVOSDEV18_280-steady-15,ASR,vi,,15.0,steady,whisper-small-faster-whisper-cpu,3.068,922.984375,0.25,0.07142857142857142,,1.044647797403703,,eval_data\mixed_vivos\vi_VIVOSDEV18_280_steady_15.wav,,,
vivos/whisper-small-faster-whisper-cpu,vi-asr-VIVOSDEV18_280-steady-10,ASR,vi,,10.0,steady,whisper-small-faster-whisper-cpu,3.0834,922.984375,0.4166666666666667,0.16071428571428573,,1.049891466269419,,eval_data\mixed_vivos\vi_VIVOSDEV18_280_steady_10.wav,,,
vivos/whisper-small-faster-whisper-cpu,vi-asr-VIVOSDEV18_280-steady-5,ASR,vi,,5.0,steady,whisper-small-faster-whisper-cpu,3.1431,922.984375,0.3333333333333333,0.16071428571428573,,1.0702191955735263,,eval_data\mixed_vivos\vi_VIVOSDEV18_280_steady_5.wav,,,
vivos/whisper-small-faster-whisper-cpu,vi-asr-VIVOSDEV18_280-steady-0,ASR,vi,,0.0,steady,whisper-small-faster-whisper-cpu,3.4995,922.984375,1.25,0.9821428571428571,,1.191572675037242,,eval_data\mixed_vivos\vi_VIVOSDEV18_280_steady_0.wav,,,
vivos/whisper-small-faster-whisper-cpu,vi-asr-VIVOSDEV18_280-impulsive-15,ASR,vi,,15.0,impulsive,whisper-small-faster-whisper-cpu,3.1652,922.984375,0.25,0.07142857142857142,,1.0777442008938072,,eval_data\mixed_vivos\vi_VIVOSDEV18_280_impulsive_15.wav,,,
vivos/whisper-small-faster-whisper-cpu,vi-asr-VIVOSDEV18_280-impulsive-10,ASR,vi,,10.0,impulsive,whisper-small-faster-whisper-cpu,3.2752,922.984375,0.25,0.07142857142857142,,1.115198978506065,,eval_data\mixed_vivos\vi_VIVOSDEV18_280_impulsive_10.wav,,,
vivos/whisper-small-faster-whisper-cpu,vi-asr-VIVOSDEV18_280-impulsive-5,ASR,vi,,5.0,impulsive,whisper-small-faster-whisper-cpu,3.2182,922.984375,0.25,0.07142857142857142,,1.0957905937433496,,eval_data\mixed_vivos\vi_VIVOSDEV18_280_impulsive_5.wav,,,
vivos/whisper-small-faster-whisper-cpu,vi-asr-VIVOSDEV18_280-impulsive-0,ASR,vi,,0.0,impulsive,whisper-small-faster-whisper-cpu,3.1796,922.984375,0.4166666666666667,0.16071428571428573,,1.0826473717812302,,eval_data\mixed_vivos\vi_VIVOSDEV18_280_impulsive_0.wav,,,
vivos/whisper-small-faster-whisper-cpu,vi-asr-VIVOSDEV19_024-clean,ASR,vi,,,clean,whisper-small-faster-whisper-cpu,3.4994,922.984375,0.16666666666666666,0.038461538461538464,,0.8959897583613378,,eval_data\mixed_vivos\vi_VIVOSDEV19_024_clean.wav,,,
vivos/whisper-small-faster-whisper-cpu,vi-asr-VIVOSDEV19_024-steady-15,ASR,vi,,15.0,steady,whisper-small-faster-whisper-cpu,3.1987,922.984375,0.25,0.07692307692307693,,0.818998239718355,,eval_data\mixed_vivos\vi_VIVOSDEV19_024_steady_15.wav,,,
vivos/whisper-small-faster-whisper-cpu,vi-asr-VIVOSDEV19_024-steady-10,ASR,vi,,10.0,steady,whisper-small-faster-whisper-cpu,3.0307,922.984375,0.25,0.09615384615384616,,0.7759833573371739,,eval_data\mixed_vivos\vi_VIVOSDEV19_024_steady_10.wav,,,
vivos/whisper-small-faster-whisper-cpu,vi-asr-VIVOSDEV19_024-steady-5,ASR,vi,,5.0,steady,whisper-small-faster-whisper-cpu,3.1154,922.984375,0.25,0.09615384615384616,,0.7976700272043528,,eval_data\mixed_vivos\vi_VIVOSDEV19_024_steady_5.wav,,,
vivos/whisper-small-faster-whisper-cpu,vi-asr-VIVOSDEV19_024-steady-0,ASR,vi,,0.0,steady,whisper-small-faster-whisper-cpu,3.1865,922.984375,0.25,0.09615384615384616,,0.8158745399263883,,eval_data\mixed_vivos\vi_VIVOSDEV19_024_steady_0.wav,,,
vivos/whisper-small-faster-whisper-cpu,vi-asr-VIVOSDEV19_024-impulsive-15,ASR,vi,,15.0,impulsive,whisper-small-faster-whisper-cpu,3.0244,922.984375,0.16666666666666666,0.038461538461538464,,0.7743702992478796,,eval_data\mixed_vivos\vi_VIVOSDEV19_024_impulsive_15.wav,,,
vivos/whisper-small-faster-whisper-cpu,vi-asr-VIVOSDEV19_024-impulsive-10,ASR,vi,,10.0,impulsive,whisper-small-faster-whisper-cpu,3.3428,922.984375,0.16666666666666666,0.038461538461538464,,0.8558937429988798,,eval_data\mixed_vivos\vi_VIVOSDEV19_024_impulsive_10.wav,,,
vivos/whisper-small-faster-whisper-cpu,vi-asr-VIVOSDEV19_024-impulsive-5,ASR,vi,,5.0,impulsive,whisper-small-faster-whisper-cpu,3.1164,922.984375,0.16666666666666666,0.038461538461538464,,0.7979260681709074,,eval_data\mixed_vivos\vi_VIVOSDEV19_024_impulsive_5.wav,,,
vivos/whisper-small-faster-whisper-cpu,vi-asr-VIVOSDEV19_024-impulsive-0,ASR,vi,,0.0,impulsive,whisper-small-faster-whisper-cpu,3.271,922.984375,0.16666666666666666,0.038461538461538464,,0.837510001600256,,eval_data\mixed_vivos\vi_VIVOSDEV19_024_impulsive_0.wav,,,
vivos/whisper-small-faster-whisper-cpu,vi-asr-VIVOSDEV19_071-clean,ASR,vi,,,clean,whisper-small-faster-whisper-cpu,2.8645,922.984375,0.3076923076923077,0.07142857142857142,,0.47254356119187546,,eval_data\mixed_vivos\vi_VIVOSDEV19_071_clean.wav,,,
vivos/whisper-small-faster-whisper-cpu,vi-asr-VIVOSDEV19_071-steady-15,ASR,vi,,15.0,steady,whisper-small-faster-whisper-cpu,3.3148,922.984375,0.3076923076923077,0.07142857142857142,,0.5468275079905145,,eval_data\mixed_vivos\vi_VIVOSDEV19_071_steady_15.wav,,,
vivos/whisper-small-faster-whisper-cpu,vi-asr-VIVOSDEV19_071-steady-10,ASR,vi,,10.0,steady,whisper-small-faster-whisper-cpu,2.8254,922.984375,0.38461538461538464,0.08928571428571429,,0.46609341169192703,,eval_data\mixed_vivos\vi_VIVOSDEV19_071_steady_10.wav,,,
vivos/whisper-small-faster-whisper-cpu,vi-asr-VIVOSDEV19_071-steady-5,ASR,vi,,5.0,steady,whisper-small-faster-whisper-cpu,2.7608,922.984375,0.38461538461538464,0.125,,0.4554366429528818,,eval_data\mixed_vivos\vi_VIVOSDEV19_071_steady_5.wav,,,
vivos/whisper-small-faster-whisper-cpu,vi-asr-VIVOSDEV19_071-steady-0,ASR,vi,,0.0,steady,whisper-small-faster-whisper-cpu,2.8187,922.984375,0.46153846153846156,0.14285714285714285,,0.46498814310753694,,eval_data\mixed_vivos\vi_VIVOSDEV19_071_steady_0.wav,,,
vivos/whisper-small-faster-whisper-cpu,vi-asr-VIVOSDEV19_071-impulsive-15,ASR,vi,,15.0,impulsive,whisper-small-faster-whisper-cpu,2.7301,922.984375,0.3076923076923077,0.07142857142857142,,0.45037220331992994,,eval_data\mixed_vivos\vi_VIVOSDEV19_071_impulsive_15.wav,,,
vivos/whisper-small-faster-whisper-cpu,vi-asr-VIVOSDEV19_071-impulsive-10,ASR,vi,,10.0,impulsive,whisper-small-faster-whisper-cpu,2.7255,922.984375,0.3076923076923077,0.07142857142857142,,0.44961336220228887,,eval_data\mixed_vivos\vi_VIVOSDEV19_071_impulsive_10.wav,,,
vivos/whisper-small-faster-whisper-cpu,vi-asr-VIVOSDEV19_071-impulsive-5,ASR,vi,,5.0,impulsive,whisper-small-faster-whisper-cpu,2.6248,922.984375,0.3076923076923077,0.07142857142857142,,0.43300134034436544,,eval_data\mixed_vivos\vi_VIVOSDEV19_071_impulsive_5.wav,,,
vivos/whisper-small-faster-whisper-cpu,vi-asr-VIVOSDEV19_071-impulsive-0,ASR,vi,,0.0,impulsive,whisper-small-faster-whisper-cpu,2.6223,922.984375,0.3076923076923077,0.07142857142857142,,0.4325889266934736,,eval_data\mixed_vivos\vi_VIVOSDEV19_071_impulsive_0.wav,,,
vivos/whisper-small-faster-whisper-cpu,vi-asr-VIVOSDEV19_158-clean,ASR,vi,,,clean,whisper-small-faster-whisper-cpu,2.571,922.984375,0.36363636363636365,0.08163265306122448,,0.534303156254059,,eval_data\mixed_vivos\vi_VIVOSDEV19_158_clean.wav,,,
vivos/whisper-small-faster-whisper-cpu,vi-asr-VIVOSDEV19_158-steady-15,ASR,vi,,15.0,steady,whisper-small-faster-whisper-cpu,2.5494,922.984375,0.36363636363636365,0.08163265306122448,,0.5298142615924146,,eval_data\mixed_vivos\vi_VIVOSDEV19_158_steady_15.wav,,,
vivos/whisper-small-faster-whisper-cpu,vi-asr-VIVOSDEV19_158-steady-10,ASR,vi,,10.0,steady,whisper-small-faster-whisper-cpu,2.7422,922.984375,0.36363636363636365,0.08163265306122448,,0.5698818028315366,,eval_data\mixed_vivos\vi_VIVOSDEV19_158_steady_10.wav,,,
vivos/whisper-small-faster-whisper-cpu,vi-asr-VIVOSDEV19_158-steady-5,ASR,vi,,5.0,steady,whisper-small-faster-whisper-cpu,2.6431,922.984375,0.45454545454545453,0.10204081632653061,,0.5492869203792701,,eval_data\mixed_vivos\vi_VIVOSDEV19_158_steady_5.wav,,,
vivos/whisper-small-faster-whisper-cpu,vi-asr-VIVOSDEV19_158-steady-0,ASR,vi,,0.0,steady,whisper-small-faster-whisper-cpu,2.7048,922.984375,0.7272727272727273,0.3469387755102041,,0.5621093648525783,,eval_data\mixed_vivos\vi_VIVOSDEV19_158_steady_0.wav,,,
vivos/whisper-small-faster-whisper-cpu,vi-asr-VIVOSDEV19_158-impulsive-15,ASR,vi,,15.0,impulsive,whisper-small-faster-whisper-cpu,2.5758,922.984375,0.36363636363636365,0.08163265306122448,,0.5353006884010911,,eval_data\mixed_vivos\vi_VIVOSDEV19_158_impulsive_15.wav,,,
vivos/whisper-small-faster-whisper-cpu,vi-asr-VIVOSDEV19_158-impulsive-10,ASR,vi,,10.0,impulsive,whisper-small-faster-whisper-cpu,2.6261,922.984375,0.45454545454545453,0.10204081632653061,,0.5457539940251981,,eval_data\mixed_vivos\vi_VIVOSDEV19_158_impulsive_10.wav,,,
vivos/whisper-small-faster-whisper-cpu,vi-asr-VIVOSDEV19_158-impulsive-5,ASR,vi,,5.0,impulsive,whisper-small-faster-whisper-cpu,2.6457,922.984375,0.36363636363636365,0.08163265306122448,,0.5498272502922458,,eval_data\mixed_vivos\vi_VIVOSDEV19_158_impulsive_5.wav,,,
vivos/whisper-small-faster-whisper-cpu,vi-asr-VIVOSDEV19_158-impulsive-0,ASR,vi,,0.0,impulsive,whisper-small-faster-whisper-cpu,2.577,922.984375,0.2727272727272727,0.061224489795918366,,0.535550071437849,,eval_data\mixed_vivos\vi_VIVOSDEV19_158_impulsive_0.wav,,,
vivos/whisper-small-faster-whisper-cpu,vi-asr-VIVOSDEV19_222-clean,ASR,vi,,,clean,whisper-small-faster-whisper-cpu,2.6915,922.984375,0.21428571428571427,0.1,,0.4440045365501598,,eval_data\mixed_vivos\vi_VIVOSDEV19_222_clean.wav,,,
vivos/whisper-small-faster-whisper-cpu,vi-asr-VIVOSDEV19_222-steady-15,ASR,vi,,15.0,steady,whisper-small-faster-whisper-cpu,2.7242,922.984375,0.2857142857142857,0.15,,0.4493989071038252,,eval_data\mixed_vivos\vi_VIVOSDEV19_222_steady_15.wav,,,
vivos/whisper-small-faster-whisper-cpu,vi-asr-VIVOSDEV19_222-steady-10,ASR,vi,,10.0,steady,whisper-small-faster-whisper-cpu,2.6539,922.984375,0.2857142857142857,0.16666666666666666,,0.4378018352407465,,eval_data\mixed_vivos\vi_VIVOSDEV19_222_steady_10.wav,,,
vivos/whisper-small-faster-whisper-cpu,vi-asr-VIVOSDEV19_222-steady-5,ASR,vi,,5.0,steady,whisper-small-faster-whisper-cpu,2.6531,922.984375,0.2857142857142857,0.18333333333333332,,0.43766986287246107,,eval_data\mixed_vivos\vi_VIVOSDEV19_222_steady_5.wav,,,
vivos/whisper-small-faster-whisper-cpu,vi-asr-VIVOSDEV19_222-steady-0,ASR,vi,,0.0,steady,whisper-small-faster-whisper-cpu,2.564,922.984375,0.35714285714285715,0.16666666666666666,,0.42297144035467577,,eval_data\mixed_vivos\vi_VIVOSDEV19_222_steady_0.wav,,,
vivos/whisper-small-faster-whisper-cpu,vi-asr-VIVOSDEV19_222-impulsive-15,ASR,vi,,15.0,impulsive,whisper-small-faster-whisper-cpu,2.58,922.984375,0.35714285714285715,0.18333333333333332,,0.4256108877203836,,eval_data\mixed_vivos\vi_VIVOSDEV19_222_impulsive_15.wav,,,
vivos/whisper-small-faster-whisper-cpu,vi-asr-VIVOSDEV19_222-impulsive-10,ASR,vi,,10.0,impulsive,whisper-small-faster-whisper-cpu,3.0237,922.984375,0.35714285714285715,0.18333333333333332,,0.4988060624806681,,eval_data\mixed_vivos\vi_VIVOSDEV19_222_impulsive_10.wav,,,
vivos/whisper-small-faster-whisper-cpu,vi-asr-VIVOSDEV19_222-impulsive-5,ASR,vi,,5.0,impulsive,whisper-small-faster-whisper-cpu,3.4281,922.984375,0.35714285714285715,0.18333333333333332,,0.5655180946489329,,eval_data\mixed_vivos\vi_VIVOSDEV19_222_impulsive_5.wav,,,
vivos/whisper-small-faster-whisper-cpu,vi-asr-VIVOSDEV19_222-impulsive-0,ASR,vi,,0.0,impulsive,whisper-small-faster-whisper-cpu,3.6777,922.984375,0.35714285714285715,0.15,,0.6066934735539747,,eval_data\mixed_vivos\vi_VIVOSDEV19_222_impulsive_0.wav,,,
vivos/whisper-small-faster-whisper-cpu,vi-asr-VIVOSDEV19_262-clean,ASR,vi,,,clean,whisper-small-faster-whisper-cpu,3.2176,922.984375,0.38461538461538464,0.13559322033898305,,0.6911209558329978,,eval_data\mixed_vivos\vi_VIVOSDEV19_262_clean.wav,,,
vivos/whisper-small-faster-whisper-cpu,vi-asr-VIVOSDEV19_262-steady-15,ASR,vi,,15.0,steady,whisper-small-faster-whisper-cpu,3.2723,922.984375,0.38461538461538464,0.13559322033898305,,0.7028701839173044,,eval_data\mixed_vivos\vi_VIVOSDEV19_262_steady_15.wav,,,
vivos/whisper-small-faster-whisper-cpu,vi-asr-VIVOSDEV19_262-steady-10,ASR,vi,,10.0,steady,whisper-small-faster-whisper-cpu,3.293,922.984375,0.3076923076923077,0.11864406779661017,,0.7073164183111827,,eval_data\mixed_vivos\vi_VIVOSDEV19_262_steady_10.wav,,,
vivos/whisper-small-faster-whisper-cpu,vi-asr-VIVOSDEV19_262-steady-5,ASR,vi,,5.0,steady,whisper-small-faster-whisper-cpu,2.8267,922.984375,0.23076923076923078,0.0847457627118644,,0.6071580077862802,,eval_data\mixed_vivos\vi_VIVOSDEV19_262_steady_5.wav,,,
vivos/whisper-small-faster-whisper-cpu,vi-asr-VIVOSDEV19_262-steady-0,ASR,vi,,0.0,steady,whisper-small-faster-whisper-cpu,2.8031,922.984375,0.46153846153846156,0.2033898305084746,,0.6020888709893947,,eval_data\mixed_vivos\vi_VIVOSDEV19_262_steady_0.wav,,,
vivos/whisper-small-faster-whisper-cpu,vi-asr-VIVOSDEV19_262-impulsive-15,ASR,vi,,15.0,impulsive,whisper-small-faster-whisper-cpu,2.7574,922.984375,0.38461538461538464,0.15254237288135594,,0.5922727882937308,,eval_data\mixed_vivos\vi_VIVOSDEV19_262_impulsive_15.wav,,,
vivos/whisper-small-faster-whisper-cpu,vi-asr-VIVOSDEV19_262-impulsive-10,ASR,vi,,10.0,impulsive,whisper-small-faster-whisper-cpu,2.7699,922.984375,0.38461538461538464,0.15254237288135594,,0.5949577124446235,,eval_data\mixed_vivos\vi_VIVOSDEV19_262_impulsive_10.wav,,,
vivos/whisper-small-faster-whisper-cpu,vi-asr-VIVOSDEV19_262-impulsive-5,ASR,vi,,5.0,impulsive,whisper-small-faster-whisper-cpu,2.8701,922.984375,0.38461538461538464,0.15254237288135594,,0.6164800644381796,,eval_data\mixed_vivos\vi_VIVOSDEV19_262_impulsive_5.wav,,,
vivos/whisper-small-faster-whisper-cpu,vi-asr-VIVOSDEV19_262-impulsive-0,ASR,vi,,0.0,impulsive,whisper-small-faster-whisper-cpu,3.1999,922.984375,0.38461538461538464,0.15254237288135594,,0.6873191032353336,,eval_data\mixed_vivos\vi_VIVOSDEV19_262_impulsive_0.wav,,,
vivos/zipformer-vi-30m-sherpa-onnx-cpu,vi-asr-VIVOSDEV01_R027-clean,ASR,vi,,,clean,zipformer-vi-30m-sherpa-onnx-cpu,0.1263,335.96484375,0.2,0.04918032786885246,,0.026765562913907283,,eval_data\mixed_vivos\vi_VIVOSDEV01_R027_clean.wav,,,
vivos/zipformer-vi-30m-sherpa-onnx-cpu,vi-asr-VIVOSDEV01_R027-steady-15,ASR,vi,,15.0,steady,zipformer-vi-30m-sherpa-onnx-cpu,0.1067,352.62890625,0.13333333333333333,0.03278688524590164,,0.022611920529801325,,eval_data\mixed_vivos\vi_VIVOSDEV01_R027_steady_15.wav,,,
vivos/zipformer-vi-30m-sherpa-onnx-cpu,vi-asr-VIVOSDEV01_R027-steady-10,ASR,vi,,10.0,steady,zipformer-vi-30m-sherpa-onnx-cpu,0.1108,352.62890625,0.13333333333333333,0.03278688524590164,,0.023480794701986753,,eval_data\mixed_vivos\vi_VIVOSDEV01_R027_steady_10.wav,,,
vivos/zipformer-vi-30m-sherpa-onnx-cpu,vi-asr-VIVOSDEV01_R027-steady-5,ASR,vi,,5.0,steady,zipformer-vi-30m-sherpa-onnx-cpu,0.1056,352.62890625,0.13333333333333333,0.03278688524590164,,0.022378807947019866,,eval_data\mixed_vivos\vi_VIVOSDEV01_R027_steady_5.wav,,,
vivos/zipformer-vi-30m-sherpa-onnx-cpu,vi-asr-VIVOSDEV01_R027-steady-0,ASR,vi,,0.0,steady,zipformer-vi-30m-sherpa-onnx-cpu,0.1032,352.6328125,0.26666666666666666,0.08196721311475409,,0.02187019867549669,,eval_data\mixed_vivos\vi_VIVOSDEV01_R027_steady_0.wav,,,
vivos/zipformer-vi-30m-sherpa-onnx-cpu,vi-asr-VIVOSDEV01_R027-impulsive-15,ASR,vi,,15.0,impulsive,zipformer-vi-30m-sherpa-onnx-cpu,0.1049,352.63671875,0.13333333333333333,0.03278688524590164,,0.02223046357615894,,eval_data\mixed_vivos\vi_VIVOSDEV01_R027_impulsive_15.wav,,,
vivos/zipformer-vi-30m-sherpa-onnx-cpu,vi-asr-VIVOSDEV01_R027-impulsive-10,ASR,vi,,10.0,impulsive,zipformer-vi-30m-sherpa-onnx-cpu,0.12,352.63671875,0.2,0.04918032786885246,,0.02543046357615894,,eval_data\mixed_vivos\vi_VIVOSDEV01_R027_impulsive_10.wav,,,
vivos/zipformer-vi-30m-sherpa-onnx-cpu,vi-asr-VIVOSDEV01_R027-impulsive-5,ASR,vi,,5.0,impulsive,zipformer-vi-30m-sherpa-onnx-cpu,0.1162,352.640625,0.26666666666666666,0.06557377049180328,,0.024625165562913907,,eval_data\mixed_vivos\vi_VIVOSDEV01_R027_impulsive_5.wav,,,
vivos/zipformer-vi-30m-sherpa-onnx-cpu,vi-asr-VIVOSDEV01_R027-impulsive-0,ASR,vi,,0.0,impulsive,zipformer-vi-30m-sherpa-onnx-cpu,0.1226,352.64453125,0.26666666666666666,0.06557377049180328,,0.025981456953642384,,eval_data\mixed_vivos\vi_VIVOSDEV01_R027_impulsive_0.wav,,,
vivos/zipformer-vi-30m-sherpa-onnx-cpu,vi-asr-VIVOSDEV01_R044-clean,ASR,vi,,,clean,zipformer-vi-30m-sherpa-onnx-cpu,0.1345,355.359375,0.0,0.0,,0.025772455089820363,,eval_data\mixed_vivos\vi_VIVOSDEV01_R044_clean.wav,,,
vivos/zipformer-vi-30m-sherpa-onnx-cpu,vi-asr-VIVOSDEV01_R044-steady-15,ASR,vi,,15.0,steady,zipformer-vi-30m-sherpa-onnx-cpu,0.1327,358.68359375,0.0,0.0,,0.025427544910179643,,eval_data\mixed_vivos\vi_VIVOSDEV01_R044_steady_15.wav,,,
vivos/zipformer-vi-30m-sherpa-onnx-cpu,vi-asr-VIVOSDEV01_R044-steady-10,ASR,vi,,10.0,steady,zipformer-vi-30m-sherpa-onnx-cpu,0.1318,358.6875,0.0,0.0,,0.025255089820359282,,eval_data\mixed_vivos\vi_VIVOSDEV01_R044_steady_10.wav,,,
vivos/zipformer-vi-30m-sherpa-onnx-cpu,vi-asr-VIVOSDEV01_R044-steady-5,ASR,vi,,5.0,steady,zipformer-vi-30m-sherpa-onnx-cpu,0.1318,358.69140625,0.0,0.0,,0.025255089820359282,,eval_data\mixed_vivos\vi_VIVOSDEV01_R044_steady_5.wav,,,
vivos/zipformer-vi-30m-sherpa-onnx-cpu,vi-asr-VIVOSDEV01_R044-steady-0,ASR,vi,,0.0,steady,zipformer-vi-30m-sherpa-onnx-cpu,0.1186,358.69140625,0.0,0.0,,0.02272574850299401,,eval_data\mixed_vivos\vi_VIVOSDEV01_R044_steady_0.wav,,,
vivos/zipformer-vi-30m-sherpa-onnx-cpu,vi-asr-VIVOSDEV01_R044-impulsive-15,ASR,vi,,15.0,impulsive,zipformer-vi-30m-sherpa-onnx-cpu,0.118,358.6953125,0.0,0.0,,0.022610778443113773,,eval_data\mixed_vivos\vi_VIVOSDEV01_R044_impulsive_15.wav,,,
vivos/zipformer-vi-30m-sherpa-onnx-cpu,vi-asr-VIVOSDEV01_R044-impulsive-10,ASR,vi,,10.0,impulsive,zipformer-vi-30m-sherpa-onnx-cpu,0.1333,358.6953125,0.0,0.0,,0.025542514970059882,,eval_data\mixed_vivos\vi_VIVOSDEV01_R044_impulsive_10.wav,,,
vivos/zipformer-vi-30m-sherpa-onnx-cpu,vi-asr-VIVOSDEV01_R044-impulsive-5,ASR,vi,,5.0,impulsive,zipformer-vi-30m-sherpa-onnx-cpu,0.1185,358.6953125,0.0,0.0,,0.022706586826347304,,eval_data\mixed_vivos\vi_VIVOSDEV01_R044_impulsive_5.wav,,,
vivos/zipformer-vi-30m-sherpa-onnx-cpu,vi-asr-VIVOSDEV01_R044-impulsive-0,ASR,vi,,0.0,impulsive,zipformer-vi-30m-sherpa-onnx-cpu,0.1244,358.69921875,0.0,0.0,,0.023837125748502993,,eval_data\mixed_vivos\vi_VIVOSDEV01_R044_impulsive_0.wav,,,
vivos/zipformer-vi-30m-sherpa-onnx-cpu,vi-asr-VIVOSDEV01_R086-clean,ASR,vi,,,clean,zipformer-vi-30m-sherpa-onnx-cpu,0.0883,358.73828125,0.09090909090909091,0.02127659574468085,,0.021406060606060606,,eval_data\mixed_vivos\vi_VIVOSDEV01_R086_clean.wav,,,
vivos/zipformer-vi-30m-sherpa-onnx-cpu,vi-asr-VIVOSDEV01_R086-steady-15,ASR,vi,,15.0,steady,zipformer-vi-30m-sherpa-onnx-cpu,0.0884,358.73828125,0.09090909090909091,0.02127659574468085,,0.021430303030303032,,eval_data\mixed_vivos\vi_VIVOSDEV01_R086_steady_15.wav,,,
vivos/zipformer-vi-30m-sherpa-onnx-cpu,vi-asr-VIVOSDEV01_R086-steady-10,ASR,vi,,10.0,steady,zipformer-vi-30m-sherpa-onnx-cpu,0.088,358.73828125,0.09090909090909091,0.02127659574468085,,0.021333333333333333,,eval_data\mixed_vivos\vi_VIVOSDEV01_R086_steady_10.wav,,,
vivos/zipformer-vi-30m-sherpa-onnx-cpu,vi-asr-VIVOSDEV01_R086-steady-5,ASR,vi,,5.0,steady,zipformer-vi-30m-sherpa-onnx-cpu,0.0894,358.7421875,0.09090909090909091,0.02127659574468085,,0.02167272727272727,,eval_data\mixed_vivos\vi_VIVOSDEV01_R086_steady_5.wav,,,
vivos/zipformer-vi-30m-sherpa-onnx-cpu,vi-asr-VIVOSDEV01_R086-steady-0,ASR,vi,,0.0,steady,zipformer-vi-30m-sherpa-onnx-cpu,0.0902,358.75,0.18181818181818182,0.1276595744680851,,0.021866666666666666,,eval_data\mixed_vivos\vi_VIVOSDEV01_R086_steady_0.wav,,,
vivos/zipformer-vi-30m-sherpa-onnx-cpu,vi-asr-VIVOSDEV01_R086-impulsive-15,ASR,vi,,15.0,impulsive,zipformer-vi-30m-sherpa-onnx-cpu,0.0978,358.75,0.09090909090909091,0.02127659574468085,,0.02370909090909091,,eval_data\mixed_vivos\vi_VIVOSDEV01_R086_impulsive_15.wav,,,
vivos/zipformer-vi-30m-sherpa-onnx-cpu,vi-asr-VIVOSDEV01_R086-impulsive-10,ASR,vi,,10.0,impulsive,zipformer-vi-30m-sherpa-onnx-cpu,0.0903,358.7578125,0.09090909090909091,0.02127659574468085,,0.021890909090909093,,eval_data\mixed_vivos\vi_VIVOSDEV01_R086_impulsive_10.wav,,,
vivos/zipformer-vi-30m-sherpa-onnx-cpu,vi-asr-VIVOSDEV01_R086-impulsive-5,ASR,vi,,5.0,impulsive,zipformer-vi-30m-sherpa-onnx-cpu,0.0896,358.76171875,0.09090909090909091,0.02127659574468085,,0.02172121212121212,,eval_data\mixed_vivos\vi_VIVOSDEV01_R086_impulsive_5.wav,,,
vivos/zipformer-vi-30m-sherpa-onnx-cpu,vi-asr-VIVOSDEV01_R086-impulsive-0,ASR,vi,,0.0,impulsive,zipformer-vi-30m-sherpa-onnx-cpu,0.1168,358.765625,0.09090909090909091,0.02127659574468085,,0.028315151515151515,,eval_data\mixed_vivos\vi_VIVOSDEV01_R086_impulsive_0.wav,,,
vivos/zipformer-vi-30m-sherpa-onnx-cpu,vi-asr-VIVOSDEV01_R130-clean,ASR,vi,,,clean,zipformer-vi-30m-sherpa-onnx-cpu,0.0977,359.6640625,0.0,0.0,,0.026272268907563023,,eval_data\mixed_vivos\vi_VIVOSDEV01_R130_clean.wav,,,
vivos/zipformer-vi-30m-sherpa-onnx-cpu,vi-asr-VIVOSDEV01_R130-steady-15,ASR,vi,,15.0,steady,zipformer-vi-30m-sherpa-onnx-cpu,0.0946,359.6796875,0.0,0.0,,0.025438655462184875,,eval_data\mixed_vivos\vi_VIVOSDEV01_R130_steady_15.wav,,,
vivos/zipformer-vi-30m-sherpa-onnx-cpu,vi-asr-VIVOSDEV01_R130-steady-10,ASR,vi,,10.0,steady,zipformer-vi-30m-sherpa-onnx-cpu,0.0971,359.6796875,0.0,0.0,,0.0261109243697479,,eval_data\mixed_vivos\vi_VIVOSDEV01_R130_steady_10.wav,,,
vivos/zipformer-vi-30m-sherpa-onnx-cpu,vi-asr-VIVOSDEV01_R130-steady-5,ASR,vi,,5.0,steady,zipformer-vi-30m-sherpa-onnx-cpu,0.0945,359.68359375,0.0,0.0,,0.025411764705882352,,eval_data\mixed_vivos\vi_VIVOSDEV01_R130_steady_5.wav,,,
vivos/zipformer-vi-30m-sherpa-onnx-cpu,vi-asr-VIVOSDEV01_R130-steady-0,ASR,vi,,0.0,steady,zipformer-vi-30m-sherpa-onnx-cpu,0.0902,359.69140625,0.0,0.0,,0.02425546218487395,,eval_data\mixed_vivos\vi_VIVOSDEV01_R130_steady_0.wav,,,
vivos/zipformer-vi-30m-sherpa-onnx-cpu,vi-asr-VIVOSDEV01_R130-impulsive-15,ASR,vi,,15.0,impulsive,zipformer-vi-30m-sherpa-onnx-cpu,0.0856,359.69921875,0.0,0.0,,0.023018487394957984,,eval_data\mixed_vivos\vi_VIVOSDEV01_R130_impulsive_15.wav,,,
vivos/zipformer-vi-30m-sherpa-onnx-cpu,vi-asr-VIVOSDEV01_R130-impulsive-10,ASR,vi,,10.0,impulsive,zipformer-vi-30m-sherpa-onnx-cpu,0.0892,359.69921875,0.0,0.0,,0.02398655462184874,,eval_data\mixed_vivos\vi_VIVOSDEV01_R130_impulsive_10.wav,,,
vivos/zipformer-vi-30m-sherpa-onnx-cpu,vi-asr-VIVOSDEV01_R130-impulsive-5,ASR,vi,,5.0,impulsive,zipformer-vi-30m-sherpa-onnx-cpu,0.084,359.703125,0.0,0.0,,0.02258823529411765,,eval_data\mixed_vivos\vi_VIVOSDEV01_R130_impulsive_5.wav,,,
vivos/zipformer-vi-30m-sherpa-onnx-cpu,vi-asr-VIVOSDEV01_R130-impulsive-0,ASR,vi,,0.0,impulsive,zipformer-vi-30m-sherpa-onnx-cpu,0.0894,359.703125,0.0,0.0,,0.02404033613445378,,eval_data\mixed_vivos\vi_VIVOSDEV01_R130_impulsive_0.wav,,,
vivos/zipformer-vi-30m-sherpa-onnx-cpu,vi-asr-VIVOSDEV01_R170-clean,ASR,vi,,,clean,zipformer-vi-30m-sherpa-onnx-cpu,0.0819,359.70703125,0.0,0.0,,0.02496,,eval_data\mixed_vivos\vi_VIVOSDEV01_R170_clean.wav,,,
vivos/zipformer-vi-30m-sherpa-onnx-cpu,vi-asr-VIVOSDEV01_R170-steady-15,ASR,vi,,15.0,steady,zipformer-vi-30m-sherpa-onnx-cpu,0.0764,359.7109375,0.0,0.0,,0.023283809523809523,,eval_data\mixed_vivos\vi_VIVOSDEV01_R170_steady_15.wav,,,
vivos/zipformer-vi-30m-sherpa-onnx-cpu,vi-asr-VIVOSDEV01_R170-steady-10,ASR,vi,,10.0,steady,zipformer-vi-30m-sherpa-onnx-cpu,0.0973,359.7109375,0.0,0.0,,0.029653333333333334,,eval_data\mixed_vivos\vi_VIVOSDEV01_R170_steady_10.wav,,,
vivos/zipformer-vi-30m-sherpa-onnx-cpu,vi-asr-VIVOSDEV01_R170-steady-5,ASR,vi,,5.0,steady,zipformer-vi-30m-sherpa-onnx-cpu,0.1392,359.7109375,0.0,0.0,,0.04242285714285714,,eval_data\mixed_vivos\vi_VIVOSDEV01_R170_steady_5.wav,,,
vivos/zipformer-vi-30m-sherpa-onnx-cpu,vi-asr-VIVOSDEV01_R170-steady-0,ASR,vi,,0.0,steady,zipformer-vi-30m-sherpa-onnx-cpu,0.1957,359.71875,0.2727272727272727,0.16279069767441862,,0.059641904761904764,,eval_data\mixed_vivos\vi_VIVOSDEV01_R170_steady_0.wav,,,
vivos/zipformer-vi-30m-sherpa-onnx-cpu,vi-asr-VIVOSDEV01_R170-impulsive-15,ASR,vi,,15.0,impulsive,zipformer-vi-30m-sherpa-onnx-cpu,0.2009,359.72265625,0.0,0.0,,0.061226666666666665,,eval_data\mixed_vivos\vi_VIVOSDEV01_R170_impulsive_15.wav,,,
vivos/zipformer-vi-30m-sherpa-onnx-cpu,vi-asr-VIVOSDEV01_R170-impulsive-10,ASR,vi,,10.0,impulsive,zipformer-vi-30m-sherpa-onnx-cpu,0.1812,359.7265625,0.0,0.0,,0.05522285714285714,,eval_data\mixed_vivos\vi_VIVOSDEV01_R170_impulsive_10.wav,,,
vivos/zipformer-vi-30m-sherpa-onnx-cpu,vi-asr-VIVOSDEV01_R170-impulsive-5,ASR,vi,,5.0,impulsive,zipformer-vi-30m-sherpa-onnx-cpu,0.1657,359.7421875,0.0,0.0,,0.05049904761904762,,eval_data\mixed_vivos\vi_VIVOSDEV01_R170_impulsive_5.wav,,,
vivos/zipformer-vi-30m-sherpa-onnx-cpu,vi-asr-VIVOSDEV01_R170-impulsive-0,ASR,vi,,0.0,impulsive,zipformer-vi-30m-sherpa-onnx-cpu,0.1564,359.7421875,0.0,0.0,,0.04766476190476191,,eval_data\mixed_vivos\vi_VIVOSDEV01_R170_impulsive_0.wav,,,
vivos/zipformer-vi-30m-sherpa-onnx-cpu,vi-asr-VIVOSDEV01_T038-clean,ASR,vi,,,clean,zipformer-vi-30m-sherpa-onnx-cpu,0.1878,359.7421875,0.2222222222222222,0.08333333333333333,,0.07511999999999999,,eval_data\mixed_vivos\vi_VIVOSDEV01_T038_clean.wav,,,
vivos/zipformer-vi-30m-sherpa-onnx-cpu,vi-asr-VIVOSDEV01_T038-steady-15,ASR,vi,,15.0,steady,zipformer-vi-30m-sherpa-onnx-cpu,0.1534,359.75,0.2222222222222222,0.1111111111111111,,0.061360000000000005,,eval_data\mixed_vivos\vi_VIVOSDEV01_T038_steady_15.wav,,,
vivos/zipformer-vi-30m-sherpa-onnx-cpu,vi-asr-VIVOSDEV01_T038-steady-10,ASR,vi,,10.0,steady,zipformer-vi-30m-sherpa-onnx-cpu,0.1335,359.75,0.2222222222222222,0.1111111111111111,,0.0534,,eval_data\mixed_vivos\vi_VIVOSDEV01_T038_steady_10.wav,,,
vivos/zipformer-vi-30m-sherpa-onnx-cpu,vi-asr-VIVOSDEV01_T038-steady-5,ASR,vi,,5.0,steady,zipformer-vi-30m-sherpa-onnx-cpu,0.0843,359.75,0.2222222222222222,0.1111111111111111,,0.03372,,eval_data\mixed_vivos\vi_VIVOSDEV01_T038_steady_5.wav,,,
vivos/zipformer-vi-30m-sherpa-onnx-cpu,vi-asr-VIVOSDEV01_T038-steady-0,ASR,vi,,0.0,steady,zipformer-vi-30m-sherpa-onnx-cpu,0.0878,359.7578125,0.4444444444444444,0.2222222222222222,,0.03512,,eval_data\mixed_vivos\vi_VIVOSDEV01_T038_steady_0.wav,,,
vivos/zipformer-vi-30m-sherpa-onnx-cpu,vi-asr-VIVOSDEV01_T038-impulsive-15,ASR,vi,,15.0,impulsive,zipformer-vi-30m-sherpa-onnx-cpu,0.1052,359.76171875,0.2222222222222222,0.08333333333333333,,0.04208,,eval_data\mixed_vivos\vi_VIVOSDEV01_T038_impulsive_15.wav,,,
vivos/zipformer-vi-30m-sherpa-onnx-cpu,vi-asr-VIVOSDEV01_T038-impulsive-10,ASR,vi,,10.0,impulsive,zipformer-vi-30m-sherpa-onnx-cpu,0.1083,359.765625,0.2222222222222222,0.08333333333333333,,0.04332,,eval_data\mixed_vivos\vi_VIVOSDEV01_T038_impulsive_10.wav,,,
vivos/zipformer-vi-30m-sherpa-onnx-cpu,vi-asr-VIVOSDEV01_T038-impulsive-5,ASR,vi,,5.0,impulsive,zipformer-vi-30m-sherpa-onnx-cpu,0.1277,359.76953125,0.2222222222222222,0.08333333333333333,,0.05108,,eval_data\mixed_vivos\vi_VIVOSDEV01_T038_impulsive_5.wav,,,
vivos/zipformer-vi-30m-sherpa-onnx-cpu,vi-asr-VIVOSDEV01_T038-impulsive-0,ASR,vi,,0.0,impulsive,zipformer-vi-30m-sherpa-onnx-cpu,0.0735,359.77734375,0.2222222222222222,0.08333333333333333,,0.0294,,eval_data\mixed_vivos\vi_VIVOSDEV01_T038_impulsive_0.wav,,,
vivos/zipformer-vi-30m-sherpa-onnx-cpu,vi-asr-VIVOSDEV02_R031-clean,ASR,vi,,,clean,zipformer-vi-30m-sherpa-onnx-cpu,0.1909,360.68359375,0.14285714285714285,0.10714285714285714,,0.03551627906976744,,eval_data\mixed_vivos\vi_VIVOSDEV02_R031_clean.wav,,,
vivos/zipformer-vi-30m-sherpa-onnx-cpu,vi-asr-VIVOSDEV02_R031-steady-15,ASR,vi,,15.0,steady,zipformer-vi-30m-sherpa-onnx-cpu,0.2124,361.828125,0.14285714285714285,0.10714285714285714,,0.03951627906976744,,eval_data\mixed_vivos\vi_VIVOSDEV02_R031_steady_15.wav,,,
vivos/zipformer-vi-30m-sherpa-onnx-cpu,vi-asr-VIVOSDEV02_R031-steady-10,ASR,vi,,10.0,steady,zipformer-vi-30m-sherpa-onnx-cpu,0.2191,361.828125,0.14285714285714285,0.10714285714285714,,0.04076279069767442,,eval_data\mixed_vivos\vi_VIVOSDEV02_R031_steady_10.wav,,,
vivos/zipformer-vi-30m-sherpa-onnx-cpu,vi-asr-VIVOSDEV02_R031-steady-5,ASR,vi,,5.0,steady,zipformer-vi-30m-sherpa-onnx-cpu,0.1932,361.8359375,0.14285714285714285,0.10714285714285714,,0.03594418604651163,,eval_data\mixed_vivos\vi_VIVOSDEV02_R031_steady_5.wav,,,
vivos/zipformer-vi-30m-sherpa-onnx-cpu,vi-asr-VIVOSDEV02_R031-steady-0,ASR,vi,,0.0,steady,zipformer-vi-30m-sherpa-onnx-cpu,0.1955,361.84375,0.14285714285714285,0.10714285714285714,,0.036372093023255815,,eval_data\mixed_vivos\vi_VIVOSDEV02_R031_steady_0.wav,,,
vivos/zipformer-vi-30m-sherpa-onnx-cpu,vi-asr-VIVOSDEV02_R031-impulsive-15,ASR,vi,,15.0,impulsive,zipformer-vi-30m-sherpa-onnx-cpu,0.1871,361.84375,0.14285714285714285,0.10714285714285714,,0.034809302325581395,,eval_data\mixed_vivos\vi_VIVOSDEV02_R031_impulsive_15.wav,,,
vivos/zipformer-vi-30m-sherpa-onnx-cpu,vi-asr-VIVOSDEV02_R031-impulsive-10,ASR,vi,,10.0,impulsive,zipformer-vi-30m-sherpa-onnx-cpu,0.1806,361.84765625,0.14285714285714285,0.10714285714285714,,0.033600000000000005,,eval_data\mixed_vivos\vi_VIVOSDEV02_R031_impulsive_10.wav,,,
vivos/zipformer-vi-30m-sherpa-onnx-cpu,vi-asr-VIVOSDEV02_R031-impulsive-5,ASR,vi,,5.0,impulsive,zipformer-vi-30m-sherpa-onnx-cpu,0.2194,361.8515625,0.14285714285714285,0.10714285714285714,,0.04081860465116279,,eval_data\mixed_vivos\vi_VIVOSDEV02_R031_impulsive_5.wav,,,
vivos/zipformer-vi-30m-sherpa-onnx-cpu,vi-asr-VIVOSDEV02_R031-impulsive-0,ASR,vi,,0.0,impulsive,zipformer-vi-30m-sherpa-onnx-cpu,0.1906,361.859375,0.14285714285714285,0.10714285714285714,,0.035460465116279066,,eval_data\mixed_vivos\vi_VIVOSDEV02_R031_impulsive_0.wav,,,
vivos/zipformer-vi-30m-sherpa-onnx-cpu,vi-asr-VIVOSDEV02_R069-clean,ASR,vi,,,clean,zipformer-vi-30m-sherpa-onnx-cpu,0.0902,361.87890625,0.0,0.0,,0.03608,,eval_data\mixed_vivos\vi_VIVOSDEV02_R069_clean.wav,,,
vivos/zipformer-vi-30m-sherpa-onnx-cpu,vi-asr-VIVOSDEV02_R069-steady-15,ASR,vi,,15.0,steady,zipformer-vi-30m-sherpa-onnx-cpu,0.0932,361.87890625,0.0,0.0,,0.03728,,eval_data\mixed_vivos\vi_VIVOSDEV02_R069_steady_15.wav,,,
vivos/zipformer-vi-30m-sherpa-onnx-cpu,vi-asr-VIVOSDEV02_R069-steady-10,ASR,vi,,10.0,steady,zipformer-vi-30m-sherpa-onnx-cpu,0.1014,361.87890625,0.2,0.13043478260869565,,0.04056,,eval_data\mixed_vivos\vi_VIVOSDEV02_R069_steady_10.wav,,,
vivos/zipformer-vi-30m-sherpa-onnx-cpu,vi-asr-VIVOSDEV02_R069-steady-5,ASR,vi,,5.0,steady,zipformer-vi-30m-sherpa-onnx-cpu,0.0897,361.87890625,0.2,0.13043478260869565,,0.03588,,eval_data\mixed_vivos\vi_VIVOSDEV02_R069_steady_5.wav,,,
vivos/zipformer-vi-30m-sherpa-onnx-cpu,vi-asr-VIVOSDEV02_R069-steady-0,ASR,vi,,0.0,steady,zipformer-vi-30m-sherpa-onnx-cpu,0.096,361.87890625,0.2,0.13043478260869565,,0.038400000000000004,,eval_data\mixed_vivos\vi_VIVOSDEV02_R069_steady_0.wav,,,
vivos/zipformer-vi-30m-sherpa-onnx-cpu,vi-asr-VIVOSDEV02_R069-impulsive-15,ASR,vi,,15.0,impulsive,zipformer-vi-30m-sherpa-onnx-cpu,0.0954,361.88671875,0.4,0.2608695652173913,,0.03816,,eval_data\mixed_vivos\vi_VIVOSDEV02_R069_impulsive_15.wav,,,
vivos/zipformer-vi-30m-sherpa-onnx-cpu,vi-asr-VIVOSDEV02_R069-impulsive-10,ASR,vi,,10.0,impulsive,zipformer-vi-30m-sherpa-onnx-cpu,0.113,361.890625,0.0,0.0,,0.045200000000000004,,eval_data\mixed_vivos\vi_VIVOSDEV02_R069_impulsive_10.wav,,,
vivos/zipformer-vi-30m-sherpa-onnx-cpu,vi-asr-VIVOSDEV02_R069-impulsive-5,ASR,vi,,5.0,impulsive,zipformer-vi-30m-sherpa-onnx-cpu,0.0749,361.89453125,0.0,0.0,,0.029959999999999997,,eval_data\mixed_vivos\vi_VIVOSDEV02_R069_impulsive_5.wav,,,
vivos/zipformer-vi-30m-sherpa-onnx-cpu,vi-asr-VIVOSDEV02_R069-impulsive-0,ASR,vi,,0.0,impulsive,zipformer-vi-30m-sherpa-onnx-cpu,0.0654,361.89453125,0.0,0.0,,0.02616,,eval_data\mixed_vivos\vi_VIVOSDEV02_R069_impulsive_0.wav,,,
vivos/zipformer-vi-30m-sherpa-onnx-cpu,vi-asr-VIVOSDEV02_R099-clean,ASR,vi,,,clean,zipformer-vi-30m-sherpa-onnx-cpu,0.1372,361.89453125,0.0,0.0,,0.02710123456790123,,eval_data\mixed_vivos\vi_VIVOSDEV02_R099_clean.wav,,,
vivos/zipformer-vi-30m-sherpa-onnx-cpu,vi-asr-VIVOSDEV02_R099-steady-15,ASR,vi,,15.0,steady,zipformer-vi-30m-sherpa-onnx-cpu,0.1137,361.89453125,0.0,0.0,,0.02245925925925926,,eval_data\mixed_vivos\vi_VIVOSDEV02_R099_steady_15.wav,,,
vivos/zipformer-vi-30m-sherpa-onnx-cpu,vi-asr-VIVOSDEV02_R099-steady-10,ASR,vi,,10.0,steady,zipformer-vi-30m-sherpa-onnx-cpu,0.1267,361.89453125,0.0,0.0,,0.025027160493827163,,eval_data\mixed_vivos\vi_VIVOSDEV02_R099_steady_10.wav,,,
vivos/zipformer-vi-30m-sherpa-onnx-cpu,vi-asr-VIVOSDEV02_R099-steady-5,ASR,vi,,5.0,steady,zipformer-vi-30m-sherpa-onnx-cpu,0.1314,361.89453125,0.0,0.0,,0.025955555555555555,,eval_data\mixed_vivos\vi_VIVOSDEV02_R099_steady_5.wav,,,
vivos/zipformer-vi-30m-sherpa-onnx-cpu,vi-asr-VIVOSDEV02_R099-steady-0,ASR,vi,,0.0,steady,zipformer-vi-30m-sherpa-onnx-cpu,0.128,361.89453125,0.0,0.0,,0.025283950617283953,,eval_data\mixed_vivos\vi_VIVOSDEV02_R099_steady_0.wav,,,
vivos/zipformer-vi-30m-sherpa-onnx-cpu,vi-asr-VIVOSDEV02_R099-impulsive-15,ASR,vi,,15.0,impulsive,zipformer-vi-30m-sherpa-onnx-cpu,0.1206,361.8984375,0.0,0.0,,0.02382222222222222,,eval_data\mixed_vivos\vi_VIVOSDEV02_R099_impulsive_15.wav,,,
vivos/zipformer-vi-30m-sherpa-onnx-cpu,vi-asr-VIVOSDEV02_R099-impulsive-10,ASR,vi,,10.0,impulsive,zipformer-vi-30m-sherpa-onnx-cpu,0.1271,361.8984375,0.0,0.0,,0.025106172839506172,,eval_data\mixed_vivos\vi_VIVOSDEV02_R099_impulsive_10.wav,,,
vivos/zipformer-vi-30m-sherpa-onnx-cpu,vi-asr-VIVOSDEV02_R099-impulsive-5,ASR,vi,,5.0,impulsive,zipformer-vi-30m-sherpa-onnx-cpu,0.1235,361.8984375,0.0,0.0,,0.024395061728395062,,eval_data\mixed_vivos\vi_VIVOSDEV02_R099_impulsive_5.wav,,,
vivos/zipformer-vi-30m-sherpa-onnx-cpu,vi-asr-VIVOSDEV02_R099-impulsive-0,ASR,vi,,0.0,impulsive,zipformer-vi-30m-sherpa-onnx-cpu,0.1378,361.90234375,0.0,0.0,,0.027219753086419753,,eval_data\mixed_vivos\vi_VIVOSDEV02_R099_impulsive_0.wav,,,
vivos/zipformer-vi-30m-sherpa-onnx-cpu,vi-asr-VIVOSDEV02_R132-clean,ASR,vi,,,clean,zipformer-vi-30m-sherpa-onnx-cpu,0.1102,362.58984375,0.18181818181818182,0.07407407407407407,,0.028438709677419356,,eval_data\mixed_vivos\vi_VIVOSDEV02_R132_clean.wav,,,
vivos/zipformer-vi-30m-sherpa-onnx-cpu,vi-asr-VIVOSDEV02_R132-steady-15,ASR,vi,,15.0,steady,zipformer-vi-30m-sherpa-onnx-cpu,0.1183,362.58984375,0.18181818181818182,0.07407407407407407,,0.030529032258064515,,eval_data\mixed_vivos\vi_VIVOSDEV02_R132_steady_15.wav,,,
vivos/zipformer-vi-30m-sherpa-onnx-cpu,vi-asr-VIVOSDEV02_R132-steady-10,ASR,vi,,10.0,steady,zipformer-vi-30m-sherpa-onnx-cpu,0.0931,362.58984375,0.18181818181818182,0.07407407407407407,,0.024025806451612904,,eval_data\mixed_vivos\vi_VIVOSDEV02_R132_steady_10.wav,,,
vivos/zipformer-vi-30m-sherpa-onnx-cpu,vi-asr-VIVOSDEV02_R132-steady-5,ASR,vi,,5.0,steady,zipformer-vi-30m-sherpa-onnx-cpu,0.1017,362.58984375,0.2727272727272727,0.09259259259259259,,0.02624516129032258,,eval_data\mixed_vivos\vi_VIVOSDEV02_R132_steady_5.wav,,,
vivos/zipformer-vi-30m-sherpa-onnx-cpu,vi-asr-VIVOSDEV02_R132-steady-0,ASR,vi,,0.0,steady,zipformer-vi-30m-sherpa-onnx-cpu,0.0951,362.59375,0.09090909090909091,0.037037037037037035,,0.02454193548387097,,eval_data\mixed_vivos\vi_VIVOSDEV02_R132_steady_0.wav,,,
vivos/zipformer-vi-30m-sherpa-onnx-cpu,vi-asr-VIVOSDEV02_R132-impulsive-15,ASR,vi,,15.0,impulsive,zipformer-vi-30m-sherpa-onnx-cpu,0.0991,362.59375,0.2727272727272727,0.09259259259259259,,0.025574193548387095,,eval_data\mixed_vivos\vi_VIVOSDEV02_R132_impulsive_15.wav,,,
vivos/zipformer-vi-30m-sherpa-onnx-cpu,vi-asr-VIVOSDEV02_R132-impulsive-10,ASR,vi,,10.0,impulsive,zipformer-vi-30m-sherpa-onnx-cpu,0.1025,362.59375,0.09090909090909091,0.037037037037037035,,0.026451612903225806,,eval_data\mixed_vivos\vi_VIVOSDEV02_R132_impulsive_10.wav,,,
vivos/zipformer-vi-30m-sherpa-onnx-cpu,vi-asr-VIVOSDEV02_R132-impulsive-5,ASR,vi,,5.0,impulsive,zipformer-vi-30m-sherpa-onnx-cpu,0.1399,362.59765625,0.18181818181818182,0.07407407407407407,,0.03610322580645161,,eval_data\mixed_vivos\vi_VIVOSDEV02_R132_impulsive_5.wav,,,
vivos/zipformer-vi-30m-sherpa-onnx-cpu,vi-asr-VIVOSDEV02_R132-impulsive-0,ASR,vi,,0.0,impulsive,zipformer-vi-30m-sherpa-onnx-cpu,0.1302,362.59765625,0.09090909090909091,0.037037037037037035,,0.033600000000000005,,eval_data\mixed_vivos\vi_VIVOSDEV02_R132_impulsive_0.wav,,,
vivos/zipformer-vi-30m-sherpa-onnx-cpu,vi-asr-VIVOSDEV02_R170-clean,ASR,vi,,,clean,zipformer-vi-30m-sherpa-onnx-cpu,0.138,362.59765625,0.18181818181818182,0.09090909090909091,,0.027949367088607596,,eval_data\mixed_vivos\vi_VIVOSDEV02_R170_clean.wav,,,
vivos/zipformer-vi-30m-sherpa-onnx-cpu,vi-asr-VIVOSDEV02_R170-steady-15,ASR,vi,,15.0,steady,zipformer-vi-30m-sherpa-onnx-cpu,0.1405,362.59765625,0.18181818181818182,0.09090909090909091,,0.028455696202531647,,eval_data\mixed_vivos\vi_VIVOSDEV02_R170_steady_15.wav,,,
vivos/zipformer-vi-30m-sherpa-onnx-cpu,vi-asr-VIVOSDEV02_R170-steady-10,ASR,vi,,10.0,steady,zipformer-vi-30m-sherpa-onnx-cpu,0.1384,362.59765625,0.18181818181818182,0.09090909090909091,,0.028030379746835442,,eval_data\mixed_vivos\vi_VIVOSDEV02_R170_steady_10.wav,,,
vivos/zipformer-vi-30m-sherpa-onnx-cpu,vi-asr-VIVOSDEV02_R170-steady-5,ASR,vi,,5.0,steady,zipformer-vi-30m-sherpa-onnx-cpu,0.1537,362.59765625,0.2727272727272727,0.18181818181818182,,0.031129113924050635,,eval_data\mixed_vivos\vi_VIVOSDEV02_R170_steady_5.wav,,,
vivos/zipformer-vi-30m-sherpa-onnx-cpu,vi-asr-VIVOSDEV02_R170-steady-0,ASR,vi,,0.0,steady,zipformer-vi-30m-sherpa-onnx-cpu,0.1459,362.60546875,0.2727272727272727,0.18181818181818182,,0.029549367088607597,,eval_data\mixed_vivos\vi_VIVOSDEV02_R170_steady_0.wav,,,
vivos/zipformer-vi-30m-sherpa-onnx-cpu,vi-asr-VIVOSDEV02_R170-impulsive-15,ASR,vi,,15.0,impulsive,zipformer-vi-30m-sherpa-onnx-cpu,0.1505,362.60546875,0.18181818181818182,0.06818181818181818,,0.030481012658227846,,eval_data\mixed_vivos\vi_VIVOSDEV02_R170_impulsive_15.wav,,,
vivos/zipformer-vi-30m-sherpa-onnx-cpu,vi-asr-VIVOSDEV02_R170-impulsive-10,ASR,vi,,10.0,impulsive,zipformer-vi-30m-sherpa-onnx-cpu,0.1481,362.609375,0.18181818181818182,0.06818181818181818,,0.02999493670886076,,eval_data\mixed_vivos\vi_VIVOSDEV02_R170_impulsive_10.wav,,,
vivos/zipformer-vi-30m-sherpa-onnx-cpu,vi-asr-VIVOSDEV02_R170-impulsive-5,ASR,vi,,5.0,impulsive,zipformer-vi-30m-sherpa-onnx-cpu,0.1339,362.609375,0.18181818181818182,0.06818181818181818,,0.02711898734177215,,eval_data\mixed_vivos\vi_VIVOSDEV02_R170_impulsive_5.wav,,,
vivos/zipformer-vi-30m-sherpa-onnx-cpu,vi-asr-VIVOSDEV02_R170-impulsive-0,ASR,vi,,0.0,impulsive,zipformer-vi-30m-sherpa-onnx-cpu,0.1403,362.61328125,0.18181818181818182,0.06818181818181818,,0.028415189873417724,,eval_data\mixed_vivos\vi_VIVOSDEV02_R170_impulsive_0.wav,,,
vivos/zipformer-vi-30m-sherpa-onnx-cpu,vi-asr-VIVOSDEV02_T043-clean,ASR,vi,,,clean,zipformer-vi-30m-sherpa-onnx-cpu,0.117,362.6171875,0.09090909090909091,0.022727272727272728,,0.03094214876033058,,eval_data\mixed_vivos\vi_VIVOSDEV02_T043_clean.wav,,,
vivos/zipformer-vi-30m-sherpa-onnx-cpu,vi-asr-VIVOSDEV02_T043-steady-15,ASR,vi,,15.0,steady,zipformer-vi-30m-sherpa-onnx-cpu,0.0981,362.62109375,0.09090909090909091,0.022727272727272728,,0.025943801652892565,,eval_data\mixed_vivos\vi_VIVOSDEV02_T043_steady_15.wav,,,
vivos/zipformer-vi-30m-sherpa-onnx-cpu,vi-asr-VIVOSDEV02_T043-steady-10,ASR,vi,,10.0,steady,zipformer-vi-30m-sherpa-onnx-cpu,0.1051,362.625,0.0,0.0,,0.02779504132231405,,eval_data\mixed_vivos\vi_VIVOSDEV02_T043_steady_10.wav,,,
vivos/zipformer-vi-30m-sherpa-onnx-cpu,vi-asr-VIVOSDEV02_T043-steady-5,ASR,vi,,5.0,steady,zipformer-vi-30m-sherpa-onnx-cpu,0.1041,362.625,0.0,0.0,,0.027530578512396695,,eval_data\mixed_vivos\vi_VIVOSDEV02_T043_steady_5.wav,,,
vivos/zipformer-vi-30m-sherpa-onnx-cpu,vi-asr-VIVOSDEV02_T043-steady-0,ASR,vi,,0.0,steady,zipformer-vi-30m-sherpa-onnx-cpu,0.1071,362.625,0.09090909090909091,0.022727272727272728,,0.02832396694214876,,eval_data\mixed_vivos\vi_VIVOSDEV02_T043_steady_0.wav,,,
vivos/zipformer-vi-30m-sherpa-onnx-cpu,vi-asr-VIVOSDEV02_T043-impulsive-15,ASR,vi,,15.0,impulsive,zipformer-vi-30m-sherpa-onnx-cpu,0.1053,362.62890625,0.0,0.0,,0.027847933884297522,,eval_data\mixed_vivos\vi_VIVOSDEV02_T043_impulsive_15.wav,,,
vivos/zipformer-vi-30m-sherpa-onnx-cpu,vi-asr-VIVOSDEV02_T043-impulsive-10,ASR,vi,,10.0,impulsive,zipformer-vi-30m-sherpa-onnx-cpu,0.103,362.6328125,0.0,0.0,,0.027239669421487603,,eval_data\mixed_vivos\vi_VIVOSDEV02_T043_impulsive_10.wav,,,
vivos/zipformer-vi-30m-sherpa-onnx-cpu,vi-asr-VIVOSDEV02_T043-impulsive-5,ASR,vi,,5.0,impulsive,zipformer-vi-30m-sherpa-onnx-cpu,0.1005,362.63671875,0.0,0.0,,0.026578512396694218,,eval_data\mixed_vivos\vi_VIVOSDEV02_T043_impulsive_5.wav,,,
vivos/zipformer-vi-30m-sherpa-onnx-cpu,vi-asr-VIVOSDEV02_T043-impulsive-0,ASR,vi,,0.0,impulsive,zipformer-vi-30m-sherpa-onnx-cpu,0.1124,362.640625,0.0,0.0,,0.029725619834710743,,eval_data\mixed_vivos\vi_VIVOSDEV02_T043_impulsive_0.wav,,,
vivos/zipformer-vi-30m-sherpa-onnx-cpu,vi-asr-VIVOSDEV03_R041-clean,ASR,vi,,,clean,zipformer-vi-30m-sherpa-onnx-cpu,0.0844,363.234375,0.0,0.0,,0.02873191489361702,,eval_data\mixed_vivos\vi_VIVOSDEV03_R041_clean.wav,,,
vivos/zipformer-vi-30m-sherpa-onnx-cpu,vi-asr-VIVOSDEV03_R041-steady-15,ASR,vi,,15.0,steady,zipformer-vi-30m-sherpa-onnx-cpu,0.0979,363.23828125,0.0,0.0,,0.03332765957446809,,eval_data\mixed_vivos\vi_VIVOSDEV03_R041_steady_15.wav,,,
vivos/zipformer-vi-30m-sherpa-onnx-cpu,vi-asr-VIVOSDEV03_R041-steady-10,ASR,vi,,10.0,steady,zipformer-vi-30m-sherpa-onnx-cpu,0.0726,363.23828125,0.0,0.0,,0.024714893617021276,,eval_data\mixed_vivos\vi_VIVOSDEV03_R041_steady_10.wav,,,
vivos/zipformer-vi-30m-sherpa-onnx-cpu,vi-asr-VIVOSDEV03_R041-steady-5,ASR,vi,,5.0,steady,zipformer-vi-30m-sherpa-onnx-cpu,0.0986,363.24609375,0.1111111111111111,0.05555555555555555,,0.03356595744680851,,eval_data\mixed_vivos\vi_VIVOSDEV03_R041_steady_5.wav,,,
vivos/zipformer-vi-30m-sherpa-onnx-cpu,vi-asr-VIVOSDEV03_R041-steady-0,ASR,vi,,0.0,steady,zipformer-vi-30m-sherpa-onnx-cpu,0.0837,363.24609375,0.1111111111111111,0.05555555555555555,,0.028493617021276594,,eval_data\mixed_vivos\vi_VIVOSDEV03_R041_steady_0.wav,,,
vivos/zipformer-vi-30m-sherpa-onnx-cpu,vi-asr-VIVOSDEV03_R041-impulsive-15,ASR,vi,,15.0,impulsive,zipformer-vi-30m-sherpa-onnx-cpu,0.0678,363.24609375,0.0,0.0,,0.023080851063829788,,eval_data\mixed_vivos\vi_VIVOSDEV03_R041_impulsive_15.wav,,,
vivos/zipformer-vi-30m-sherpa-onnx-cpu,vi-asr-VIVOSDEV03_R041-impulsive-10,ASR,vi,,10.0,impulsive,zipformer-vi-30m-sherpa-onnx-cpu,0.0753,363.25390625,0.0,0.0,,0.025634042553191492,,eval_data\mixed_vivos\vi_VIVOSDEV03_R041_impulsive_10.wav,,,
vivos/zipformer-vi-30m-sherpa-onnx-cpu,vi-asr-VIVOSDEV03_R041-impulsive-5,ASR,vi,,5.0,impulsive,zipformer-vi-30m-sherpa-onnx-cpu,0.0699,363.2578125,0.0,0.0,,0.023795744680851064,,eval_data\mixed_vivos\vi_VIVOSDEV03_R041_impulsive_5.wav,,,
vivos/zipformer-vi-30m-sherpa-onnx-cpu,vi-asr-VIVOSDEV03_R041-impulsive-0,ASR,vi,,0.0,impulsive,zipformer-vi-30m-sherpa-onnx-cpu,0.0745,363.2578125,0.0,0.0,,0.025361702127659574,,eval_data\mixed_vivos\vi_VIVOSDEV03_R041_impulsive_0.wav,,,
vivos/zipformer-vi-30m-sherpa-onnx-cpu,vi-asr-VIVOSDEV03_R082-clean,ASR,vi,,,clean,zipformer-vi-30m-sherpa-onnx-cpu,0.1098,363.26171875,0.0,0.0,,0.027885714285714285,,eval_data\mixed_vivos\vi_VIVOSDEV03_R082_clean.wav,,,
vivos/zipformer-vi-30m-sherpa-onnx-cpu,vi-asr-VIVOSDEV03_R082-steady-15,ASR,vi,,15.0,steady,zipformer-vi-30m-sherpa-onnx-cpu,0.109,363.26171875,0.0,0.0,,0.027682539682539684,,eval_data\mixed_vivos\vi_VIVOSDEV03_R082_steady_15.wav,,,
vivos/zipformer-vi-30m-sherpa-onnx-cpu,vi-asr-VIVOSDEV03_R082-steady-10,ASR,vi,,10.0,steady,zipformer-vi-30m-sherpa-onnx-cpu,0.1072,363.26171875,0.0,0.0,,0.027225396825396826,,eval_data\mixed_vivos\vi_VIVOSDEV03_R082_steady_10.wav,,,
vivos/zipformer-vi-30m-sherpa-onnx-cpu,vi-asr-VIVOSDEV03_R082-steady-5,ASR,vi,,5.0,steady,zipformer-vi-30m-sherpa-onnx-cpu,0.0932,363.26953125,0.0,0.0,,0.02366984126984127,,eval_data\mixed_vivos\vi_VIVOSDEV03_R082_steady_5.wav,,,
vivos/zipformer-vi-30m-sherpa-onnx-cpu,vi-asr-VIVOSDEV03_R082-steady-0,ASR,vi,,0.0,steady,zipformer-vi-30m-sherpa-onnx-cpu,0.0949,363.2734375,0.0,0.0,,0.0241015873015873,,eval_data\mixed_vivos\vi_VIVOSDEV03_R082_steady_0.wav,,,
vivos/zipformer-vi-30m-sherpa-onnx-cpu,vi-asr-VIVOSDEV03_R082-impulsive-15,ASR,vi,,15.0,impulsive,zipformer-vi-30m-sherpa-onnx-cpu,0.0909,363.2734375,0.0,0.0,,0.023085714285714286,,eval_data\mixed_vivos\vi_VIVOSDEV03_R082_impulsive_15.wav,,,
vivos/zipformer-vi-30m-sherpa-onnx-cpu,vi-asr-VIVOSDEV03_R082-impulsive-10,ASR,vi,,10.0,impulsive,zipformer-vi-30m-sherpa-onnx-cpu,0.1068,363.2734375,0.0,0.0,,0.027123809523809526,,eval_data\mixed_vivos\vi_VIVOSDEV03_R082_impulsive_10.wav,,,
vivos/zipformer-vi-30m-sherpa-onnx-cpu,vi-asr-VIVOSDEV03_R082-impulsive-5,ASR,vi,,5.0,impulsive,zipformer-vi-30m-sherpa-onnx-cpu,0.1485,363.2734375,0.0,0.0,,0.037714285714285714,,eval_data\mixed_vivos\vi_VIVOSDEV03_R082_impulsive_5.wav,,,
vivos/zipformer-vi-30m-sherpa-onnx-cpu,vi-asr-VIVOSDEV03_R082-impulsive-0,ASR,vi,,0.0,impulsive,zipformer-vi-30m-sherpa-onnx-cpu,0.1689,363.2734375,0.0,0.0,,0.04289523809523809,,eval_data\mixed_vivos\vi_VIVOSDEV03_R082_impulsive_0.wav,,,
vivos/zipformer-vi-30m-sherpa-onnx-cpu,vi-asr-VIVOSDEV03_R117-clean,ASR,vi,,,clean,zipformer-vi-30m-sherpa-onnx-cpu,0.0553,363.2734375,0.0,0.0,,0.03104561403508772,,eval_data\mixed_vivos\vi_VIVOSDEV03_R117_clean.wav,,,
vivos/zipformer-vi-30m-sherpa-onnx-cpu,vi-asr-VIVOSDEV03_R117-steady-15,ASR,vi,,15.0,steady,zipformer-vi-30m-sherpa-onnx-cpu,0.0702,363.2734375,0.0,0.0,,0.03941052631578947,,eval_data\mixed_vivos\vi_VIVOSDEV03_R117_steady_15.wav,,,
vivos/zipformer-vi-30m-sherpa-onnx-cpu,vi-asr-VIVOSDEV03_R117-steady-10,ASR,vi,,10.0,steady,zipformer-vi-30m-sherpa-onnx-cpu,0.0689,363.2734375,0.0,0.0,,0.03868070175438597,,eval_data\mixed_vivos\vi_VIVOSDEV03_R117_steady_10.wav,,,
vivos/zipformer-vi-30m-sherpa-onnx-cpu,vi-asr-VIVOSDEV03_R117-steady-5,ASR,vi,,5.0,steady,zipformer-vi-30m-sherpa-onnx-cpu,0.07,363.2734375,0.0,0.0,,0.03929824561403509,,eval_data\mixed_vivos\vi_VIVOSDEV03_R117_steady_5.wav,,,
vivos/zipformer-vi-30m-sherpa-onnx-cpu,vi-asr-VIVOSDEV03_R117-steady-0,ASR,vi,,0.0,steady,zipformer-vi-30m-sherpa-onnx-cpu,0.0685,363.2734375,0.0,0.0,,0.038456140350877195,,eval_data\mixed_vivos\vi_VIVOSDEV03_R117_steady_0.wav,,,
vivos/zipformer-vi-30m-sherpa-onnx-cpu,vi-asr-VIVOSDEV03_R117-impulsive-15,ASR,vi,,15.0,impulsive,zipformer-vi-30m-sherpa-onnx-cpu,0.054,363.27734375,0.0,0.0,,0.03031578947368421,,eval_data\mixed_vivos\vi_VIVOSDEV03_R117_impulsive_15.wav,,,
vivos/zipformer-vi-30m-sherpa-onnx-cpu,vi-asr-VIVOSDEV03_R117-impulsive-10,ASR,vi,,10.0,impulsive,zipformer-vi-30m-sherpa-onnx-cpu,0.0668,363.27734375,0.0,0.0,,0.03750175438596491,,eval_data\mixed_vivos\vi_VIVOSDEV03_R117_impulsive_10.wav,,,
vivos/zipformer-vi-30m-sherpa-onnx-cpu,vi-asr-VIVOSDEV03_R117-impulsive-5,ASR,vi,,5.0,impulsive,zipformer-vi-30m-sherpa-onnx-cpu,0.0575,363.27734375,0.0,0.0,,0.032280701754385965,,eval_data\mixed_vivos\vi_VIVOSDEV03_R117_impulsive_5.wav,,,
vivos/zipformer-vi-30m-sherpa-onnx-cpu,vi-asr-VIVOSDEV03_R117-impulsive-0,ASR,vi,,0.0,impulsive,zipformer-vi-30m-sherpa-onnx-cpu,0.0757,363.28125,0.0,0.0,,0.04249824561403509,,eval_data\mixed_vivos\vi_VIVOSDEV03_R117_impulsive_0.wav,,,
vivos/zipformer-vi-30m-sherpa-onnx-cpu,vi-asr-VIVOSDEV03_R148-clean,ASR,vi,,,clean,zipformer-vi-30m-sherpa-onnx-cpu,0.0874,363.28515625,0.0,0.0,,0.029133333333333334,,eval_data\mixed_vivos\vi_VIVOSDEV03_R148_clean.wav,,,
vivos/zipformer-vi-30m-sherpa-onnx-cpu,vi-asr-VIVOSDEV03_R148-steady-15,ASR,vi,,15.0,steady,zipformer-vi-30m-sherpa-onnx-cpu,0.1152,363.2890625,0.0,0.0,,0.0384,,eval_data\mixed_vivos\vi_VIVOSDEV03_R148_steady_15.wav,,,
vivos/zipformer-vi-30m-sherpa-onnx-cpu,vi-asr-VIVOSDEV03_R148-steady-10,ASR,vi,,10.0,steady,zipformer-vi-30m-sherpa-onnx-cpu,0.1,363.2890625,0.0,0.0,,0.03333333333333333,,eval_data\mixed_vivos\vi_VIVOSDEV03_R148_steady_10.wav,,,
vivos/zipformer-vi-30m-sherpa-onnx-cpu,vi-asr-VIVOSDEV03_R148-steady-5,ASR,vi,,5.0,steady,zipformer-vi-30m-sherpa-onnx-cpu,0.1118,363.2890625,0.0,0.0,,0.03726666666666666,,eval_data\mixed_vivos\vi_VIVOSDEV03_R148_steady_5.wav,,,
vivos/zipformer-vi-30m-sherpa-onnx-cpu,vi-asr-VIVOSDEV03_R148-steady-0,ASR,vi,,0.0,steady,zipformer-vi-30m-sherpa-onnx-cpu,0.0825,363.29296875,0.0,0.0,,0.0275,,eval_data\mixed_vivos\vi_VIVOSDEV03_R148_steady_0.wav,,,
vivos/zipformer-vi-30m-sherpa-onnx-cpu,vi-asr-VIVOSDEV03_R148-impulsive-15,ASR,vi,,15.0,impulsive,zipformer-vi-30m-sherpa-onnx-cpu,0.1112,363.296875,0.0,0.0,,0.037066666666666664,,eval_data\mixed_vivos\vi_VIVOSDEV03_R148_impulsive_15.wav,,,
vivos/zipformer-vi-30m-sherpa-onnx-cpu,vi-asr-VIVOSDEV03_R148-impulsive-10,ASR,vi,,10.0,impulsive,zipformer-vi-30m-sherpa-onnx-cpu,0.1034,363.30078125,0.0,0.0,,0.034466666666666666,,eval_data\mixed_vivos\vi_VIVOSDEV03_R148_impulsive_10.wav,,,
vivos/zipformer-vi-30m-sherpa-onnx-cpu,vi-asr-VIVOSDEV03_R148-impulsive-5,ASR,vi,,5.0,impulsive,zipformer-vi-30m-sherpa-onnx-cpu,0.1039,363.30078125,0.0,0.0,,0.034633333333333335,,eval_data\mixed_vivos\vi_VIVOSDEV03_R148_impulsive_5.wav,,,
vivos/zipformer-vi-30m-sherpa-onnx-cpu,vi-asr-VIVOSDEV03_R148-impulsive-0,ASR,vi,,0.0,impulsive,zipformer-vi-30m-sherpa-onnx-cpu,0.0986,363.30078125,0.0,0.0,,0.03286666666666666,,eval_data\mixed_vivos\vi_VIVOSDEV03_R148_impulsive_0.wav,,,
vivos/zipformer-vi-30m-sherpa-onnx-cpu,vi-asr-VIVOSDEV03_R191-clean,ASR,vi,,,clean,zipformer-vi-30m-sherpa-onnx-cpu,0.0646,363.3046875,0.25,0.06666666666666667,,0.038281481481481486,,eval_data\mixed_vivos\vi_VIVOSDEV03_R191_clean.wav,,,
vivos/zipformer-vi-30m-sherpa-onnx-cpu,vi-asr-VIVOSDEV03_R191-steady-15,ASR,vi,,15.0,steady,zipformer-vi-30m-sherpa-onnx-cpu,0.0867,363.30859375,0.25,0.06666666666666667,,0.05137777777777778,,eval_data\mixed_vivos\vi_VIVOSDEV03_R191_steady_15.wav,,,
vivos/zipformer-vi-30m-sherpa-onnx-cpu,vi-asr-VIVOSDEV03_R191-steady-10,ASR,vi,,10.0,steady,zipformer-vi-30m-sherpa-onnx-cpu,0.0525,363.30859375,0.25,0.06666666666666667,,0.03111111111111111,,eval_data\mixed_vivos\vi_VIVOSDEV03_R191_steady_10.wav,,,
vivos/zipformer-vi-30m-sherpa-onnx-cpu,vi-asr-VIVOSDEV03_R191-steady-5,ASR,vi,,5.0,steady,zipformer-vi-30m-sherpa-onnx-cpu,0.0518,363.30859375,0.25,0.06666666666666667,,0.030696296296296294,,eval_data\mixed_vivos\vi_VIVOSDEV03_R191_steady_5.wav,,,
vivos/zipformer-vi-30m-sherpa-onnx-cpu,vi-asr-VIVOSDEV03_R191-steady-0,ASR,vi,,0.0,steady,zipformer-vi-30m-sherpa-onnx-cpu,0.0542,363.3125,0.25,0.13333333333333333,,0.03211851851851852,,eval_data\mixed_vivos\vi_VIVOSDEV03_R191_steady_0.wav,,,
vivos/zipformer-vi-30m-sherpa-onnx-cpu,vi-asr-VIVOSDEV03_R191-impulsive-15,ASR,vi,,15.0,impulsive,zipformer-vi-30m-sherpa-onnx-cpu,0.0629,363.31640625,0.25,0.06666666666666667,,0.03727407407407407,,eval_data\mixed_vivos\vi_VIVOSDEV03_R191_impulsive_15.wav,,,
vivos/zipformer-vi-30m-sherpa-onnx-cpu,vi-asr-VIVOSDEV03_R191-impulsive-10,ASR,vi,,10.0,impulsive,zipformer-vi-30m-sherpa-onnx-cpu,0.0636,363.31640625,0.25,0.06666666666666667,,0.03768888888888889,,eval_data\mixed_vivos\vi_VIVOSDEV03_R191_impulsive_10.wav,,,
vivos/zipformer-vi-30m-sherpa-onnx-cpu,vi-asr-VIVOSDEV03_R191-impulsive-5,ASR,vi,,5.0,impulsive,zipformer-vi-30m-sherpa-onnx-cpu,0.055,363.31640625,0.25,0.06666666666666667,,0.03259259259259259,,eval_data\mixed_vivos\vi_VIVOSDEV03_R191_impulsive_5.wav,,,
vivos/zipformer-vi-30m-sherpa-onnx-cpu,vi-asr-VIVOSDEV03_R191-impulsive-0,ASR,vi,,0.0,impulsive,zipformer-vi-30m-sherpa-onnx-cpu,0.06,363.31640625,0.25,0.06666666666666667,,0.035555555555555556,,eval_data\mixed_vivos\vi_VIVOSDEV03_R191_impulsive_0.wav,,,
vivos/zipformer-vi-30m-sherpa-onnx-cpu,vi-asr-VIVOSDEV03_T047-clean,ASR,vi,,,clean,zipformer-vi-30m-sherpa-onnx-cpu,0.0729,363.3203125,0.0,0.0,,0.03195616438356165,,eval_data\mixed_vivos\vi_VIVOSDEV03_T047_clean.wav,,,
vivos/zipformer-vi-30m-sherpa-onnx-cpu,vi-asr-VIVOSDEV03_T047-steady-15,ASR,vi,,15.0,steady,zipformer-vi-30m-sherpa-onnx-cpu,0.083,363.32421875,0.0,0.0,,0.03638356164383562,,eval_data\mixed_vivos\vi_VIVOSDEV03_T047_steady_15.wav,,,
vivos/zipformer-vi-30m-sherpa-onnx-cpu,vi-asr-VIVOSDEV03_T047-steady-10,ASR,vi,,10.0,steady,zipformer-vi-30m-sherpa-onnx-cpu,0.0739,363.32421875,0.0,0.0,,0.0323945205479452,,eval_data\mixed_vivos\vi_VIVOSDEV03_T047_steady_10.wav,,,
vivos/zipformer-vi-30m-sherpa-onnx-cpu,vi-asr-VIVOSDEV03_T047-steady-5,ASR,vi,,5.0,steady,zipformer-vi-30m-sherpa-onnx-cpu,0.0769,363.328125,0.0,0.0,,0.03370958904109589,,eval_data\mixed_vivos\vi_VIVOSDEV03_T047_steady_5.wav,,,
vivos/zipformer-vi-30m-sherpa-onnx-cpu,vi-asr-VIVOSDEV03_T047-steady-0,ASR,vi,,0.0,steady,zipformer-vi-30m-sherpa-onnx-cpu,0.0621,363.33203125,0.0,0.0,,0.02722191780821918,,eval_data\mixed_vivos\vi_VIVOSDEV03_T047_steady_0.wav,,,
vivos/zipformer-vi-30m-sherpa-onnx-cpu,vi-asr-VIVOSDEV03_T047-impulsive-15,ASR,vi,,15.0,impulsive,zipformer-vi-30m-sherpa-onnx-cpu,0.0759,363.33984375,0.0,0.0,,0.033271232876712326,,eval_data\mixed_vivos\vi_VIVOSDEV03_T047_impulsive_15.wav,,,
vivos/zipformer-vi-30m-sherpa-onnx-cpu,vi-asr-VIVOSDEV03_T047-impulsive-10,ASR,vi,,10.0,impulsive,zipformer-vi-30m-sherpa-onnx-cpu,0.0789,363.33984375,0.0,0.0,,0.034586301369863015,,eval_data\mixed_vivos\vi_VIVOSDEV03_T047_impulsive_10.wav,,,
vivos/zipformer-vi-30m-sherpa-onnx-cpu,vi-asr-VIVOSDEV03_T047-impulsive-5,ASR,vi,,5.0,impulsive,zipformer-vi-30m-sherpa-onnx-cpu,0.0754,363.33984375,0.0,0.0,,0.033052054794520544,,eval_data\mixed_vivos\vi_VIVOSDEV03_T047_impulsive_5.wav,,,
vivos/zipformer-vi-30m-sherpa-onnx-cpu,vi-asr-VIVOSDEV03_T047-impulsive-0,ASR,vi,,0.0,impulsive,zipformer-vi-30m-sherpa-onnx-cpu,0.0972,363.34375,0.0,0.0,,0.04260821917808219,,eval_data\mixed_vivos\vi_VIVOSDEV03_T047_impulsive_0.wav,,,
vivos/zipformer-vi-30m-sherpa-onnx-cpu,vi-asr-VIVOSDEV04_R002-clean,ASR,vi,,,clean,zipformer-vi-30m-sherpa-onnx-cpu,0.1128,363.34375,0.0,0.0,,0.03342222222222222,,eval_data\mixed_vivos\vi_VIVOSDEV04_R002_clean.wav,,,
vivos/zipformer-vi-30m-sherpa-onnx-cpu,vi-asr-VIVOSDEV04_R002-steady-15,ASR,vi,,15.0,steady,zipformer-vi-30m-sherpa-onnx-cpu,0.1175,363.359375,0.0,0.0,,0.03481481481481481,,eval_data\mixed_vivos\vi_VIVOSDEV04_R002_steady_15.wav,,,
vivos/zipformer-vi-30m-sherpa-onnx-cpu,vi-asr-VIVOSDEV04_R002-steady-10,ASR,vi,,10.0,steady,zipformer-vi-30m-sherpa-onnx-cpu,0.1183,363.359375,0.0,0.0,,0.035051851851851855,,eval_data\mixed_vivos\vi_VIVOSDEV04_R002_steady_10.wav,,,
vivos/zipformer-vi-30m-sherpa-onnx-cpu,vi-asr-VIVOSDEV04_R002-steady-5,ASR,vi,,5.0,steady,zipformer-vi-30m-sherpa-onnx-cpu,0.1527,363.3671875,0.0,0.0,,0.04524444444444445,,eval_data\mixed_vivos\vi_VIVOSDEV04_R002_steady_5.wav,,,
vivos/zipformer-vi-30m-sherpa-onnx-cpu,vi-asr-VIVOSDEV04_R002-steady-0,ASR,vi,,0.0,steady,zipformer-vi-30m-sherpa-onnx-cpu,0.1577,363.3671875,0.0,0.0,,0.04672592592592593,,eval_data\mixed_vivos\vi_VIVOSDEV04_R002_steady_0.wav,,,
vivos/zipformer-vi-30m-sherpa-onnx-cpu,vi-asr-VIVOSDEV04_R002-impulsive-15,ASR,vi,,15.0,impulsive,zipformer-vi-30m-sherpa-onnx-cpu,0.1259,363.3671875,0.0,0.0,,0.03730370370370371,,eval_data\mixed_vivos\vi_VIVOSDEV04_R002_impulsive_15.wav,,,
vivos/zipformer-vi-30m-sherpa-onnx-cpu,vi-asr-VIVOSDEV04_R002-impulsive-10,ASR,vi,,10.0,impulsive,zipformer-vi-30m-sherpa-onnx-cpu,0.1167,363.375,0.0,0.0,,0.03457777777777778,,eval_data\mixed_vivos\vi_VIVOSDEV04_R002_impulsive_10.wav,,,
vivos/zipformer-vi-30m-sherpa-onnx-cpu,vi-asr-VIVOSDEV04_R002-impulsive-5,ASR,vi,,5.0,impulsive,zipformer-vi-30m-sherpa-onnx-cpu,0.1381,363.375,0.0,0.0,,0.04091851851851852,,eval_data\mixed_vivos\vi_VIVOSDEV04_R002_impulsive_5.wav,,,
vivos/zipformer-vi-30m-sherpa-onnx-cpu,vi-asr-VIVOSDEV04_R002-impulsive-0,ASR,vi,,0.0,impulsive,zipformer-vi-30m-sherpa-onnx-cpu,0.15,363.37890625,0.0,0.0,,0.044444444444444446,,eval_data\mixed_vivos\vi_VIVOSDEV04_R002_impulsive_0.wav,,,
vivos/zipformer-vi-30m-sherpa-onnx-cpu,vi-asr-VIVOSDEV04_R063-clean,ASR,vi,,,clean,zipformer-vi-30m-sherpa-onnx-cpu,0.1697,363.6796875,0.14285714285714285,0.034482758620689655,,0.04379354838709677,,eval_data\mixed_vivos\vi_VIVOSDEV04_R063_clean.wav,,,
vivos/zipformer-vi-30m-sherpa-onnx-cpu,vi-asr-VIVOSDEV04_R063-steady-15,ASR,vi,,15.0,steady,zipformer-vi-30m-sherpa-onnx-cpu,0.1785,363.6796875,0.2857142857142857,0.10344827586206896,,0.04606451612903226,,eval_data\mixed_vivos\vi_VIVOSDEV04_R063_steady_15.wav,,,
vivos/zipformer-vi-30m-sherpa-onnx-cpu,vi-asr-VIVOSDEV04_R063-steady-10,ASR,vi,,10.0,steady,zipformer-vi-30m-sherpa-onnx-cpu,0.17,363.68359375,0.5714285714285714,0.20689655172413793,,0.04387096774193549,,eval_data\mixed_vivos\vi_VIVOSDEV04_R063_steady_10.wav,,,
vivos/zipformer-vi-30m-sherpa-onnx-cpu,vi-asr-VIVOSDEV04_R063-steady-5,ASR,vi,,5.0,steady,zipformer-vi-30m-sherpa-onnx-cpu,0.1842,363.6875,0.42857142857142855,0.13793103448275862,,0.047535483870967746,,eval_data\mixed_vivos\vi_VIVOSDEV04_R063_steady_5.wav,,,
vivos/zipformer-vi-30m-sherpa-onnx-cpu,vi-asr-VIVOSDEV04_R063-steady-0,ASR,vi,,0.0,steady,zipformer-vi-30m-sherpa-onnx-cpu,0.1792,363.6875,0.5714285714285714,0.27586206896551724,,0.04624516129032258,,eval_data\mixed_vivos\vi_VIVOSDEV04_R063_steady_0.wav,,,
vivos/zipformer-vi-30m-sherpa-onnx-cpu,vi-asr-VIVOSDEV04_R063-impulsive-15,ASR,vi,,15.0,impulsive,zipformer-vi-30m-sherpa-onnx-cpu,0.1748,363.6875,0.14285714285714285,0.034482758620689655,,0.04510967741935484,,eval_data\mixed_vivos\vi_VIVOSDEV04_R063_impulsive_15.wav,,,
vivos/zipformer-vi-30m-sherpa-onnx-cpu,vi-asr-VIVOSDEV04_R063-impulsive-10,ASR,vi,,10.0,impulsive,zipformer-vi-30m-sherpa-onnx-cpu,0.363,363.6875,0.14285714285714285,0.034482758620689655,,0.09367741935483871,,eval_data\mixed_vivos\vi_VIVOSDEV04_R063_impulsive_10.wav,,,
vivos/zipformer-vi-30m-sherpa-onnx-cpu,vi-asr-VIVOSDEV04_R063-impulsive-5,ASR,vi,,5.0,impulsive,zipformer-vi-30m-sherpa-onnx-cpu,0.1355,363.6875,0.14285714285714285,0.034482758620689655,,0.034967741935483874,,eval_data\mixed_vivos\vi_VIVOSDEV04_R063_impulsive_5.wav,,,
vivos/zipformer-vi-30m-sherpa-onnx-cpu,vi-asr-VIVOSDEV04_R063-impulsive-0,ASR,vi,,0.0,impulsive,zipformer-vi-30m-sherpa-onnx-cpu,0.1761,363.6875,0.14285714285714285,0.034482758620689655,,0.04544516129032258,,eval_data\mixed_vivos\vi_VIVOSDEV04_R063_impulsive_0.wav,,,
vivos/zipformer-vi-30m-sherpa-onnx-cpu,vi-asr-VIVOSDEV04_R097-clean,ASR,vi,,,clean,zipformer-vi-30m-sherpa-onnx-cpu,0.1094,363.6875,0.0,0.0,,0.04606315789473684,,eval_data\mixed_vivos\vi_VIVOSDEV04_R097_clean.wav,,,
vivos/zipformer-vi-30m-sherpa-onnx-cpu,vi-asr-VIVOSDEV04_R097-steady-15,ASR,vi,,15.0,steady,zipformer-vi-30m-sherpa-onnx-cpu,0.0885,363.6875,0.0,0.0,,0.03726315789473684,,eval_data\mixed_vivos\vi_VIVOSDEV04_R097_steady_15.wav,,,
vivos/zipformer-vi-30m-sherpa-onnx-cpu,vi-asr-VIVOSDEV04_R097-steady-10,ASR,vi,,10.0,steady,zipformer-vi-30m-sherpa-onnx-cpu,0.1054,363.6875,0.0,0.0,,0.04437894736842105,,eval_data\mixed_vivos\vi_VIVOSDEV04_R097_steady_10.wav,,,
vivos/zipformer-vi-30m-sherpa-onnx-cpu,vi-asr-VIVOSDEV04_R097-steady-5,ASR,vi,,5.0,steady,zipformer-vi-30m-sherpa-onnx-cpu,0.0684,363.6875,0.0,0.0,,0.028800000000000003,,eval_data\mixed_vivos\vi_VIVOSDEV04_R097_steady_5.wav,,,
vivos/zipformer-vi-30m-sherpa-onnx-cpu,vi-asr-VIVOSDEV04_R097-steady-0,ASR,vi,,0.0,steady,zipformer-vi-30m-sherpa-onnx-cpu,0.0743,363.69140625,0.0,0.0,,0.03128421052631579,,eval_data\mixed_vivos\vi_VIVOSDEV04_R097_steady_0.wav,,,
vivos/zipformer-vi-30m-sherpa-onnx-cpu,vi-asr-VIVOSDEV04_R097-impulsive-15,ASR,vi,,15.0,impulsive,zipformer-vi-30m-sherpa-onnx-cpu,0.0821,363.69140625,0.0,0.0,,0.03456842105263158,,eval_data\mixed_vivos\vi_VIVOSDEV04_R097_impulsive_15.wav,,,
vivos/zipformer-vi-30m-sherpa-onnx-cpu,vi-asr-VIVOSDEV04_R097-impulsive-10,ASR,vi,,10.0,impulsive,zipformer-vi-30m-sherpa-onnx-cpu,0.0929,363.69140625,0.0,0.0,,0.03911578947368421,,eval_data\mixed_vivos\vi_VIVOSDEV04_R097_impulsive_10.wav,,,
vivos/zipformer-vi-30m-sherpa-onnx-cpu,vi-asr-VIVOSDEV04_R097-impulsive-5,ASR,vi,,5.0,impulsive,zipformer-vi-30m-sherpa-onnx-cpu,0.0715,363.6953125,0.0,0.0,,0.030105263157894736,,eval_data\mixed_vivos\vi_VIVOSDEV04_R097_impulsive_5.wav,,,
vivos/zipformer-vi-30m-sherpa-onnx-cpu,vi-asr-VIVOSDEV04_R097-impulsive-0,ASR,vi,,0.0,impulsive,zipformer-vi-30m-sherpa-onnx-cpu,0.0761,363.6953125,0.0,0.0,,0.03204210526315789,,eval_data\mixed_vivos\vi_VIVOSDEV04_R097_impulsive_0.wav,,,
vivos/zipformer-vi-30m-sherpa-onnx-cpu,vi-asr-VIVOSDEV04_R118-clean,ASR,vi,,,clean,zipformer-vi-30m-sherpa-onnx-cpu,0.0892,363.6953125,0.0,0.0,,0.03707012987012987,,eval_data\mixed_vivos\vi_VIVOSDEV04_R118_clean.wav,,,
vivos/zipformer-vi-30m-sherpa-onnx-cpu,vi-asr-VIVOSDEV04_R118-steady-15,ASR,vi,,15.0,steady,zipformer-vi-30m-sherpa-onnx-cpu,0.0888,363.6953125,0.0,0.0,,0.036903896103896106,,eval_data\mixed_vivos\vi_VIVOSDEV04_R118_steady_15.wav,,,
vivos/zipformer-vi-30m-sherpa-onnx-cpu,vi-asr-VIVOSDEV04_R118-steady-10,ASR,vi,,10.0,steady,zipformer-vi-30m-sherpa-onnx-cpu,0.0943,363.6953125,0.0,0.0,,0.039189610389610385,,eval_data\mixed_vivos\vi_VIVOSDEV04_R118_steady_10.wav,,,
vivos/zipformer-vi-30m-sherpa-onnx-cpu,vi-asr-VIVOSDEV04_R118-steady-5,ASR,vi,,5.0,steady,zipformer-vi-30m-sherpa-onnx-cpu,0.119,363.6953125,0.0,0.0,,0.04945454545454545,,eval_data\mixed_vivos\vi_VIVOSDEV04_R118_steady_5.wav,,,
vivos/zipformer-vi-30m-sherpa-onnx-cpu,vi-asr-VIVOSDEV04_R118-steady-0,ASR,vi,,0.0,steady,zipformer-vi-30m-sherpa-onnx-cpu,0.1088,363.69921875,0.0,0.0,,0.04521558441558441,,eval_data\mixed_vivos\vi_VIVOSDEV04_R118_steady_0.wav,,,
vivos/zipformer-vi-30m-sherpa-onnx-cpu,vi-asr-VIVOSDEV04_R118-impulsive-15,ASR,vi,,15.0,impulsive,zipformer-vi-30m-sherpa-onnx-cpu,0.0723,363.69921875,0.0,0.0,,0.03004675324675325,,eval_data\mixed_vivos\vi_VIVOSDEV04_R118_impulsive_15.wav,,,
vivos/zipformer-vi-30m-sherpa-onnx-cpu,vi-asr-VIVOSDEV04_R118-impulsive-10,ASR,vi,,10.0,impulsive,zipformer-vi-30m-sherpa-onnx-cpu,0.0978,363.69921875,0.0,0.0,,0.040644155844155844,,eval_data\mixed_vivos\vi_VIVOSDEV04_R118_impulsive_10.wav,,,
vivos/zipformer-vi-30m-sherpa-onnx-cpu,vi-asr-VIVOSDEV04_R118-impulsive-5,ASR,vi,,5.0,impulsive,zipformer-vi-30m-sherpa-onnx-cpu,0.0875,363.70703125,0.0,0.0,,0.03636363636363636,,eval_data\mixed_vivos\vi_VIVOSDEV04_R118_impulsive_5.wav,,,
vivos/zipformer-vi-30m-sherpa-onnx-cpu,vi-asr-VIVOSDEV04_R118-impulsive-0,ASR,vi,,0.0,impulsive,zipformer-vi-30m-sherpa-onnx-cpu,0.0963,363.70703125,0.0,0.0,,0.04002077922077922,,eval_data\mixed_vivos\vi_VIVOSDEV04_R118_impulsive_0.wav,,,
vivos/zipformer-vi-30m-sherpa-onnx-cpu,vi-asr-VIVOSDEV04_R152-clean,ASR,vi,,,clean,zipformer-vi-30m-sherpa-onnx-cpu,0.1653,364.2109375,0.0,0.0,,0.03648,,eval_data\mixed_vivos\vi_VIVOSDEV04_R152_clean.wav,,,
vivos/zipformer-vi-30m-sherpa-onnx-cpu,vi-asr-VIVOSDEV04_R152-steady-15,ASR,vi,,15.0,steady,zipformer-vi-30m-sherpa-onnx-cpu,0.1575,364.38671875,0.08333333333333333,0.017543859649122806,,0.03475862068965517,,eval_data\mixed_vivos\vi_VIVOSDEV04_R152_steady_15.wav,,,
vivos/zipformer-vi-30m-sherpa-onnx-cpu,vi-asr-VIVOSDEV04_R152-steady-10,ASR,vi,,10.0,steady,zipformer-vi-30m-sherpa-onnx-cpu,0.1508,364.390625,0.0,0.0,,0.03328,,eval_data\mixed_vivos\vi_VIVOSDEV04_R152_steady_10.wav,,,
vivos/zipformer-vi-30m-sherpa-onnx-cpu,vi-asr-VIVOSDEV04_R152-steady-5,ASR,vi,,5.0,steady,zipformer-vi-30m-sherpa-onnx-cpu,0.1595,364.390625,0.08333333333333333,0.017543859649122806,,0.0352,,eval_data\mixed_vivos\vi_VIVOSDEV04_R152_steady_5.wav,,,
vivos/zipformer-vi-30m-sherpa-onnx-cpu,vi-asr-VIVOSDEV04_R152-steady-0,ASR,vi,,0.0,steady,zipformer-vi-30m-sherpa-onnx-cpu,0.1475,364.39453125,0.08333333333333333,0.017543859649122806,,0.03255172413793103,,eval_data\mixed_vivos\vi_VIVOSDEV04_R152_steady_0.wav,,,
vivos/zipformer-vi-30m-sherpa-onnx-cpu,vi-asr-VIVOSDEV04_R152-impulsive-15,ASR,vi,,15.0,impulsive,zipformer-vi-30m-sherpa-onnx-cpu,0.1372,364.40234375,0.0,0.0,,0.03027862068965517,,eval_data\mixed_vivos\vi_VIVOSDEV04_R152_impulsive_15.wav,,,
vivos/zipformer-vi-30m-sherpa-onnx-cpu,vi-asr-VIVOSDEV04_R152-impulsive-10,ASR,vi,,10.0,impulsive,zipformer-vi-30m-sherpa-onnx-cpu,0.1446,364.40234375,0.0,0.0,,0.03191172413793104,,eval_data\mixed_vivos\vi_VIVOSDEV04_R152_impulsive_10.wav,,,
vivos/zipformer-vi-30m-sherpa-onnx-cpu,vi-asr-VIVOSDEV04_R152-impulsive-5,ASR,vi,,5.0,impulsive,zipformer-vi-30m-sherpa-onnx-cpu,0.1467,364.40625,0.0,0.0,,0.032375172413793105,,eval_data\mixed_vivos\vi_VIVOSDEV04_R152_impulsive_5.wav,,,
vivos/zipformer-vi-30m-sherpa-onnx-cpu,vi-asr-VIVOSDEV04_R152-impulsive-0,ASR,vi,,0.0,impulsive,zipformer-vi-30m-sherpa-onnx-cpu,0.1645,364.41015625,0.0,0.0,,0.03630344827586207,,eval_data\mixed_vivos\vi_VIVOSDEV04_R152_impulsive_0.wav,,,
vivos/zipformer-vi-30m-sherpa-onnx-cpu,vi-asr-VIVOSDEV04_T003-clean,ASR,vi,,,clean,zipformer-vi-30m-sherpa-onnx-cpu,0.1006,364.41015625,0.0,0.0,,0.03388631578947368,,eval_data\mixed_vivos\vi_VIVOSDEV04_T003_clean.wav,,,
vivos/zipformer-vi-30m-sherpa-onnx-cpu,vi-asr-VIVOSDEV04_T003-steady-15,ASR,vi,,15.0,steady,zipformer-vi-30m-sherpa-onnx-cpu,0.1031,364.4140625,0.0,0.0,,0.034728421052631575,,eval_data\mixed_vivos\vi_VIVOSDEV04_T003_steady_15.wav,,,
vivos/zipformer-vi-30m-sherpa-onnx-cpu,vi-asr-VIVOSDEV04_T003-steady-10,ASR,vi,,10.0,steady,zipformer-vi-30m-sherpa-onnx-cpu,0.1082,364.41796875,0.0,0.0,,0.03644631578947369,,eval_data\mixed_vivos\vi_VIVOSDEV04_T003_steady_10.wav,,,
vivos/zipformer-vi-30m-sherpa-onnx-cpu,vi-asr-VIVOSDEV04_T003-steady-5,ASR,vi,,5.0,steady,zipformer-vi-30m-sherpa-onnx-cpu,0.0992,364.421875,0.0,0.0,,0.03341473684210526,,eval_data\mixed_vivos\vi_VIVOSDEV04_T003_steady_5.wav,,,
vivos/zipformer-vi-30m-sherpa-onnx-cpu,vi-asr-VIVOSDEV04_T003-steady-0,ASR,vi,,0.0,steady,zipformer-vi-30m-sherpa-onnx-cpu,0.0785,364.421875,0.0,0.0,,0.026442105263157895,,eval_data\mixed_vivos\vi_VIVOSDEV04_T003_steady_0.wav,,,
vivos/zipformer-vi-30m-sherpa-onnx-cpu,vi-asr-VIVOSDEV04_T003-impulsive-15,ASR,vi,,15.0,impulsive,zipformer-vi-30m-sherpa-onnx-cpu,0.0966,364.4296875,0.0,0.0,,0.032538947368421056,,eval_data\mixed_vivos\vi_VIVOSDEV04_T003_impulsive_15.wav,,,
vivos/zipformer-vi-30m-sherpa-onnx-cpu,vi-asr-VIVOSDEV04_T003-impulsive-10,ASR,vi,,10.0,impulsive,zipformer-vi-30m-sherpa-onnx-cpu,0.0997,364.43359375,0.0,0.0,,0.03358315789473684,,eval_data\mixed_vivos\vi_VIVOSDEV04_T003_impulsive_10.wav,,,
vivos/zipformer-vi-30m-sherpa-onnx-cpu,vi-asr-VIVOSDEV04_T003-impulsive-5,ASR,vi,,5.0,impulsive,zipformer-vi-30m-sherpa-onnx-cpu,0.1349,364.4375,0.0,0.0,,0.045439999999999994,,eval_data\mixed_vivos\vi_VIVOSDEV04_T003_impulsive_5.wav,,,
vivos/zipformer-vi-30m-sherpa-onnx-cpu,vi-asr-VIVOSDEV04_T003-impulsive-0,ASR,vi,,0.0,impulsive,zipformer-vi-30m-sherpa-onnx-cpu,0.1096,364.4375,0.0,0.0,,0.03691789473684211,,eval_data\mixed_vivos\vi_VIVOSDEV04_T003_impulsive_0.wav,,,
vivos/zipformer-vi-30m-sherpa-onnx-cpu,vi-asr-VIVOSDEV05_043-clean,ASR,vi,,,clean,zipformer-vi-30m-sherpa-onnx-cpu,0.0989,364.44140625,0.0,0.0,,0.032966666666666665,,eval_data\mixed_vivos\vi_VIVOSDEV05_043_clean.wav,,,
vivos/zipformer-vi-30m-sherpa-onnx-cpu,vi-asr-VIVOSDEV05_043-steady-15,ASR,vi,,15.0,steady,zipformer-vi-30m-sherpa-onnx-cpu,0.0953,364.44140625,0.0,0.0,,0.031766666666666665,,eval_data\mixed_vivos\vi_VIVOSDEV05_043_steady_15.wav,,,
vivos/zipformer-vi-30m-sherpa-onnx-cpu,vi-asr-VIVOSDEV05_043-steady-10,ASR,vi,,10.0,steady,zipformer-vi-30m-sherpa-onnx-cpu,0.0829,364.44140625,0.0,0.0,,0.027633333333333333,,eval_data\mixed_vivos\vi_VIVOSDEV05_043_steady_10.wav,,,
vivos/zipformer-vi-30m-sherpa-onnx-cpu,vi-asr-VIVOSDEV05_043-steady-5,ASR,vi,,5.0,steady,zipformer-vi-30m-sherpa-onnx-cpu,0.1036,364.4453125,0.0,0.0,,0.03453333333333333,,eval_data\mixed_vivos\vi_VIVOSDEV05_043_steady_5.wav,,,
vivos/zipformer-vi-30m-sherpa-onnx-cpu,vi-asr-VIVOSDEV05_043-steady-0,ASR,vi,,0.0,steady,zipformer-vi-30m-sherpa-onnx-cpu,0.0892,364.45703125,0.0,0.0,,0.029733333333333334,,eval_data\mixed_vivos\vi_VIVOSDEV05_043_steady_0.wav,,,
vivos/zipformer-vi-30m-sherpa-onnx-cpu,vi-asr-VIVOSDEV05_043-impulsive-15,ASR,vi,,15.0,impulsive,zipformer-vi-30m-sherpa-onnx-cpu,0.1287,364.45703125,0.0,0.0,,0.0429,,eval_data\mixed_vivos\vi_VIVOSDEV05_043_impulsive_15.wav,,,
vivos/zipformer-vi-30m-sherpa-onnx-cpu,vi-asr-VIVOSDEV05_043-impulsive-10,ASR,vi,,10.0,impulsive,zipformer-vi-30m-sherpa-onnx-cpu,0.0862,364.46484375,0.0,0.0,,0.028733333333333333,,eval_data\mixed_vivos\vi_VIVOSDEV05_043_impulsive_10.wav,,,
vivos/zipformer-vi-30m-sherpa-onnx-cpu,vi-asr-VIVOSDEV05_043-impulsive-5,ASR,vi,,5.0,impulsive,zipformer-vi-30m-sherpa-onnx-cpu,0.1152,364.47265625,0.0,0.0,,0.0384,,eval_data\mixed_vivos\vi_VIVOSDEV05_043_impulsive_5.wav,,,
vivos/zipformer-vi-30m-sherpa-onnx-cpu,vi-asr-VIVOSDEV05_043-impulsive-0,ASR,vi,,0.0,impulsive,zipformer-vi-30m-sherpa-onnx-cpu,0.1031,364.47265625,0.0,0.0,,0.03436666666666666,,eval_data\mixed_vivos\vi_VIVOSDEV05_043_impulsive_0.wav,,,
vivos/zipformer-vi-30m-sherpa-onnx-cpu,vi-asr-VIVOSDEV05_109-clean,ASR,vi,,,clean,zipformer-vi-30m-sherpa-onnx-cpu,0.0915,364.47265625,0.0,0.0,,0.03570731707317073,,eval_data\mixed_vivos\vi_VIVOSDEV05_109_clean.wav,,,
vivos/zipformer-vi-30m-sherpa-onnx-cpu,vi-asr-VIVOSDEV05_109-steady-15,ASR,vi,,15.0,steady,zipformer-vi-30m-sherpa-onnx-cpu,0.0885,364.47265625,0.0,0.0,,0.034536585365853655,,eval_data\mixed_vivos\vi_VIVOSDEV05_109_steady_15.wav,,,
vivos/zipformer-vi-30m-sherpa-onnx-cpu,vi-asr-VIVOSDEV05_109-steady-10,ASR,vi,,10.0,steady,zipformer-vi-30m-sherpa-onnx-cpu,0.1089,364.47265625,0.0,0.0,,0.042497560975609756,,eval_data\mixed_vivos\vi_VIVOSDEV05_109_steady_10.wav,,,
vivos/zipformer-vi-30m-sherpa-onnx-cpu,vi-asr-VIVOSDEV05_109-steady-5,ASR,vi,,5.0,steady,zipformer-vi-30m-sherpa-onnx-cpu,0.0763,364.47265625,0.0,0.0,,0.029775609756097565,,eval_data\mixed_vivos\vi_VIVOSDEV05_109_steady_5.wav,,,
vivos/zipformer-vi-30m-sherpa-onnx-cpu,vi-asr-VIVOSDEV05_109-steady-0,ASR,vi,,0.0,steady,zipformer-vi-30m-sherpa-onnx-cpu,0.0841,364.47265625,0.0,0.0,,0.03281951219512195,,eval_data\mixed_vivos\vi_VIVOSDEV05_109_steady_0.wav,,,
vivos/zipformer-vi-30m-sherpa-onnx-cpu,vi-asr-VIVOSDEV05_109-impulsive-15,ASR,vi,,15.0,impulsive,zipformer-vi-30m-sherpa-onnx-cpu,0.0966,364.47265625,0.0,0.0,,0.03769756097560976,,eval_data\mixed_vivos\vi_VIVOSDEV05_109_impulsive_15.wav,,,
vivos/zipformer-vi-30m-sherpa-onnx-cpu,vi-asr-VIVOSDEV05_109-impulsive-10,ASR,vi,,10.0,impulsive,zipformer-vi-30m-sherpa-onnx-cpu,0.0739,364.47265625,0.0,0.0,,0.0288390243902439,,eval_data\mixed_vivos\vi_VIVOSDEV05_109_impulsive_10.wav,,,
vivos/zipformer-vi-30m-sherpa-onnx-cpu,vi-asr-VIVOSDEV05_109-impulsive-5,ASR,vi,,5.0,impulsive,zipformer-vi-30m-sherpa-onnx-cpu,0.105,364.47265625,0.0,0.0,,0.04097560975609756,,eval_data\mixed_vivos\vi_VIVOSDEV05_109_impulsive_5.wav,,,
vivos/zipformer-vi-30m-sherpa-onnx-cpu,vi-asr-VIVOSDEV05_109-impulsive-0,ASR,vi,,0.0,impulsive,zipformer-vi-30m-sherpa-onnx-cpu,0.0935,364.47265625,0.0,0.0,,0.03648780487804878,,eval_data\mixed_vivos\vi_VIVOSDEV05_109_impulsive_0.wav,,,
vivos/zipformer-vi-30m-sherpa-onnx-cpu,vi-asr-VIVOSDEV05_136-clean,ASR,vi,,,clean,zipformer-vi-30m-sherpa-onnx-cpu,0.0701,364.5,0.0,0.0,,0.032988235294117645,,eval_data\mixed_vivos\vi_VIVOSDEV05_136_clean.wav,,,
vivos/zipformer-vi-30m-sherpa-onnx-cpu,vi-asr-VIVOSDEV05_136-steady-15,ASR,vi,,15.0,steady,zipformer-vi-30m-sherpa-onnx-cpu,0.0685,364.5,0.0,0.0,,0.03223529411764706,,eval_data\mixed_vivos\vi_VIVOSDEV05_136_steady_15.wav,,,
vivos/zipformer-vi-30m-sherpa-onnx-cpu,vi-asr-VIVOSDEV05_136-steady-10,ASR,vi,,10.0,steady,zipformer-vi-30m-sherpa-onnx-cpu,0.0644,364.5,0.0,0.0,,0.030305882352941176,,eval_data\mixed_vivos\vi_VIVOSDEV05_136_steady_10.wav,,,
vivos/zipformer-vi-30m-sherpa-onnx-cpu,vi-asr-VIVOSDEV05_136-steady-5,ASR,vi,,5.0,steady,zipformer-vi-30m-sherpa-onnx-cpu,0.0557,364.5,0.0,0.0,,0.02621176470588235,,eval_data\mixed_vivos\vi_VIVOSDEV05_136_steady_5.wav,,,
vivos/zipformer-vi-30m-sherpa-onnx-cpu,vi-asr-VIVOSDEV05_136-steady-0,ASR,vi,,0.0,steady,zipformer-vi-30m-sherpa-onnx-cpu,0.0717,364.5,0.3333333333333333,0.2608695652173913,,0.03374117647058823,,eval_data\mixed_vivos\vi_VIVOSDEV05_136_steady_0.wav,,,
vivos/zipformer-vi-30m-sherpa-onnx-cpu,vi-asr-VIVOSDEV05_136-impulsive-15,ASR,vi,,15.0,impulsive,zipformer-vi-30m-sherpa-onnx-cpu,0.0923,364.5,0.0,0.0,,0.04343529411764706,,eval_data\mixed_vivos\vi_VIVOSDEV05_136_impulsive_15.wav,,,
vivos/zipformer-vi-30m-sherpa-onnx-cpu,vi-asr-VIVOSDEV05_136-impulsive-10,ASR,vi,,10.0,impulsive,zipformer-vi-30m-sherpa-onnx-cpu,0.0781,364.5,0.0,0.0,,0.03675294117647059,,eval_data\mixed_vivos\vi_VIVOSDEV05_136_impulsive_10.wav,,,
vivos/zipformer-vi-30m-sherpa-onnx-cpu,vi-asr-VIVOSDEV05_136-impulsive-5,ASR,vi,,5.0,impulsive,zipformer-vi-30m-sherpa-onnx-cpu,0.0695,364.5,0.0,0.0,,0.03270588235294118,,eval_data\mixed_vivos\vi_VIVOSDEV05_136_impulsive_5.wav,,,
vivos/zipformer-vi-30m-sherpa-onnx-cpu,vi-asr-VIVOSDEV05_136-impulsive-0,ASR,vi,,0.0,impulsive,zipformer-vi-30m-sherpa-onnx-cpu,0.0841,364.50390625,0.0,0.0,,0.03957647058823529,,eval_data\mixed_vivos\vi_VIVOSDEV05_136_impulsive_0.wav,,,
vivos/zipformer-vi-30m-sherpa-onnx-cpu,vi-asr-VIVOSDEV05_189-clean,ASR,vi,,,clean,zipformer-vi-30m-sherpa-onnx-cpu,0.0898,364.50390625,0.0,0.0,,0.03684102564102564,,eval_data\mixed_vivos\vi_VIVOSDEV05_189_clean.wav,,,
vivos/zipformer-vi-30m-sherpa-onnx-cpu,vi-asr-VIVOSDEV05_189-steady-15,ASR,vi,,15.0,steady,zipformer-vi-30m-sherpa-onnx-cpu,0.0774,364.50390625,0.0,0.0,,0.03175384615384615,,eval_data\mixed_vivos\vi_VIVOSDEV05_189_steady_15.wav,,,
vivos/zipformer-vi-30m-sherpa-onnx-cpu,vi-asr-VIVOSDEV05_189-steady-10,ASR,vi,,10.0,steady,zipformer-vi-30m-sherpa-onnx-cpu,0.0742,364.50390625,0.0,0.0,,0.030441025641025642,,eval_data\mixed_vivos\vi_VIVOSDEV05_189_steady_10.wav,,,
vivos/zipformer-vi-30m-sherpa-onnx-cpu,vi-asr-VIVOSDEV05_189-steady-5,ASR,vi,,5.0,steady,zipformer-vi-30m-sherpa-onnx-cpu,0.0668,364.50390625,0.0,0.0,,0.027405128205128203,,eval_data\mixed_vivos\vi_VIVOSDEV05_189_steady_5.wav,,,
vivos/zipformer-vi-30m-sherpa-onnx-cpu,vi-asr-VIVOSDEV05_189-steady-0,ASR,vi,,0.0,steady,zipformer-vi-30m-sherpa-onnx-cpu,0.0693,364.5078125,0.0,0.0,,0.02843076923076923,,eval_data\mixed_vivos\vi_VIVOSDEV05_189_steady_0.wav,,,
vivos/zipformer-vi-30m-sherpa-onnx-cpu,vi-asr-VIVOSDEV05_189-impulsive-15,ASR,vi,,15.0,impulsive,zipformer-vi-30m-sherpa-onnx-cpu,0.1088,364.5078125,0.0,0.0,,0.04463589743589743,,eval_data\mixed_vivos\vi_VIVOSDEV05_189_impulsive_15.wav,,,
vivos/zipformer-vi-30m-sherpa-onnx-cpu,vi-asr-VIVOSDEV05_189-impulsive-10,ASR,vi,,10.0,impulsive,zipformer-vi-30m-sherpa-onnx-cpu,0.0815,364.5078125,0.0,0.0,,0.033435897435897435,,eval_data\mixed_vivos\vi_VIVOSDEV05_189_impulsive_10.wav,,,
vivos/zipformer-vi-30m-sherpa-onnx-cpu,vi-asr-VIVOSDEV05_189-impulsive-5,ASR,vi,,5.0,impulsive,zipformer-vi-30m-sherpa-onnx-cpu,0.0906,364.5078125,0.0,0.0,,0.03716923076923077,,eval_data\mixed_vivos\vi_VIVOSDEV05_189_impulsive_5.wav,,,
vivos/zipformer-vi-30m-sherpa-onnx-cpu,vi-asr-VIVOSDEV05_189-impulsive-0,ASR,vi,,0.0,impulsive,zipformer-vi-30m-sherpa-onnx-cpu,0.0847,364.51171875,0.0,0.0,,0.03474871794871795,,eval_data\mixed_vivos\vi_VIVOSDEV05_189_impulsive_0.wav,,,
vivos/zipformer-vi-30m-sherpa-onnx-cpu,vi-asr-VIVOSDEV05_226-clean,ASR,vi,,,clean,zipformer-vi-30m-sherpa-onnx-cpu,0.0713,364.51953125,0.0,0.0,,0.03456969696969697,,eval_data\mixed_vivos\vi_VIVOSDEV05_226_clean.wav,,,
vivos/zipformer-vi-30m-sherpa-onnx-cpu,vi-asr-VIVOSDEV05_226-steady-15,ASR,vi,,15.0,steady,zipformer-vi-30m-sherpa-onnx-cpu,0.0638,364.51953125,0.0,0.0,,0.03093333333333333,,eval_data\mixed_vivos\vi_VIVOSDEV05_226_steady_15.wav,,,
vivos/zipformer-vi-30m-sherpa-onnx-cpu,vi-asr-VIVOSDEV05_226-steady-10,ASR,vi,,10.0,steady,zipformer-vi-30m-sherpa-onnx-cpu,0.0881,364.51953125,0.0,0.0,,0.04271515151515151,,eval_data\mixed_vivos\vi_VIVOSDEV05_226_steady_10.wav,,,
vivos/zipformer-vi-30m-sherpa-onnx-cpu,vi-asr-VIVOSDEV05_226-steady-5,ASR,vi,,5.0,steady,zipformer-vi-30m-sherpa-onnx-cpu,0.0727,364.51953125,0.0,0.0,,0.03524848484848485,,eval_data\mixed_vivos\vi_VIVOSDEV05_226_steady_5.wav,,,
vivos/zipformer-vi-30m-sherpa-onnx-cpu,vi-asr-VIVOSDEV05_226-steady-0,ASR,vi,,0.0,steady,zipformer-vi-30m-sherpa-onnx-cpu,0.0637,364.51953125,0.0,0.0,,0.030884848484848487,,eval_data\mixed_vivos\vi_VIVOSDEV05_226_steady_0.wav,,,
vivos/zipformer-vi-30m-sherpa-onnx-cpu,vi-asr-VIVOSDEV05_226-impulsive-15,ASR,vi,,15.0,impulsive,zipformer-vi-30m-sherpa-onnx-cpu,0.0783,364.5234375,0.0,0.0,,0.03796363636363636,,eval_data\mixed_vivos\vi_VIVOSDEV05_226_impulsive_15.wav,,,
vivos/zipformer-vi-30m-sherpa-onnx-cpu,vi-asr-VIVOSDEV05_226-impulsive-10,ASR,vi,,10.0,impulsive,zipformer-vi-30m-sherpa-onnx-cpu,0.07,364.5234375,0.0,0.0,,0.03393939393939394,,eval_data\mixed_vivos\vi_VIVOSDEV05_226_impulsive_10.wav,,,
vivos/zipformer-vi-30m-sherpa-onnx-cpu,vi-asr-VIVOSDEV05_226-impulsive-5,ASR,vi,,5.0,impulsive,zipformer-vi-30m-sherpa-onnx-cpu,0.0684,364.5234375,0.0,0.0,,0.03316363636363637,,eval_data\mixed_vivos\vi_VIVOSDEV05_226_impulsive_5.wav,,,
vivos/zipformer-vi-30m-sherpa-onnx-cpu,vi-asr-VIVOSDEV05_226-impulsive-0,ASR,vi,,0.0,impulsive,zipformer-vi-30m-sherpa-onnx-cpu,0.0693,364.52734375,0.0,0.0,,0.0336,,eval_data\mixed_vivos\vi_VIVOSDEV05_226_impulsive_0.wav,,,
vivos/zipformer-vi-30m-sherpa-onnx-cpu,vi-asr-VIVOSDEV05_270-clean,ASR,vi,,,clean,zipformer-vi-30m-sherpa-onnx-cpu,0.0838,364.53125,0.0,0.0,,0.03830857142857143,,eval_data\mixed_vivos\vi_VIVOSDEV05_270_clean.wav,,,
vivos/zipformer-vi-30m-sherpa-onnx-cpu,vi-asr-VIVOSDEV05_270-steady-15,ASR,vi,,15.0,steady,zipformer-vi-30m-sherpa-onnx-cpu,0.0651,364.53125,0.0,0.0,,0.02976,,eval_data\mixed_vivos\vi_VIVOSDEV05_270_steady_15.wav,,,
vivos/zipformer-vi-30m-sherpa-onnx-cpu,vi-asr-VIVOSDEV05_270-steady-10,ASR,vi,,10.0,steady,zipformer-vi-30m-sherpa-onnx-cpu,0.078,364.53515625,0.0,0.0,,0.03565714285714286,,eval_data\mixed_vivos\vi_VIVOSDEV05_270_steady_10.wav,,,
vivos/zipformer-vi-30m-sherpa-onnx-cpu,vi-asr-VIVOSDEV05_270-steady-5,ASR,vi,,5.0,steady,zipformer-vi-30m-sherpa-onnx-cpu,0.0931,364.53515625,0.0,0.0,,0.04256,,eval_data\mixed_vivos\vi_VIVOSDEV05_270_steady_5.wav,,,
vivos/zipformer-vi-30m-sherpa-onnx-cpu,vi-asr-VIVOSDEV05_270-steady-0,ASR,vi,,0.0,steady,zipformer-vi-30m-sherpa-onnx-cpu,0.0808,364.5390625,0.5,0.1875,,0.036937142857142856,,eval_data\mixed_vivos\vi_VIVOSDEV05_270_steady_0.wav,,,
vivos/zipformer-vi-30m-sherpa-onnx-cpu,vi-asr-VIVOSDEV05_270-impulsive-15,ASR,vi,,15.0,impulsive,zipformer-vi-30m-sherpa-onnx-cpu,0.075,364.5390625,0.0,0.0,,0.03428571428571429,,eval_data\mixed_vivos\vi_VIVOSDEV05_270_impulsive_15.wav,,,
vivos/zipformer-vi-30m-sherpa-onnx-cpu,vi-asr-VIVOSDEV05_270-impulsive-10,ASR,vi,,10.0,impulsive,zipformer-vi-30m-sherpa-onnx-cpu,0.0831,364.5390625,0.0,0.0,,0.03798857142857143,,eval_data\mixed_vivos\vi_VIVOSDEV05_270_impulsive_10.wav,,,
vivos/zipformer-vi-30m-sherpa-onnx-cpu,vi-asr-VIVOSDEV05_270-impulsive-5,ASR,vi,,5.0,impulsive,zipformer-vi-30m-sherpa-onnx-cpu,0.0925,364.546875,0.0,0.0,,0.04228571428571429,,eval_data\mixed_vivos\vi_VIVOSDEV05_270_impulsive_5.wav,,,
vivos/zipformer-vi-30m-sherpa-onnx-cpu,vi-asr-VIVOSDEV05_270-impulsive-0,ASR,vi,,0.0,impulsive,zipformer-vi-30m-sherpa-onnx-cpu,0.0672,364.546875,0.0,0.0,,0.030719999999999997,,eval_data\mixed_vivos\vi_VIVOSDEV05_270_impulsive_0.wav,,,
vivos/zipformer-vi-30m-sherpa-onnx-cpu,vi-asr-VIVOSDEV06_022-clean,ASR,vi,,,clean,zipformer-vi-30m-sherpa-onnx-cpu,0.1034,364.546875,0.0,0.0,,0.033088,,eval_data\mixed_vivos\vi_VIVOSDEV06_022_clean.wav,,,
vivos/zipformer-vi-30m-sherpa-onnx-cpu,vi-asr-VIVOSDEV06_022-steady-15,ASR,vi,,15.0,steady,zipformer-vi-30m-sherpa-onnx-cpu,0.1259,364.5546875,0.0,0.0,,0.040288000000000004,,eval_data\mixed_vivos\vi_VIVOSDEV06_022_steady_15.wav,,,
vivos/zipformer-vi-30m-sherpa-onnx-cpu,vi-asr-VIVOSDEV06_022-steady-10,ASR,vi,,10.0,steady,zipformer-vi-30m-sherpa-onnx-cpu,0.0965,364.56640625,0.0,0.0,,0.03088,,eval_data\mixed_vivos\vi_VIVOSDEV06_022_steady_10.wav,,,
vivos/zipformer-vi-30m-sherpa-onnx-cpu,vi-asr-VIVOSDEV06_022-steady-5,ASR,vi,,5.0,steady,zipformer-vi-30m-sherpa-onnx-cpu,0.0915,364.56640625,0.0,0.0,,0.02928,,eval_data\mixed_vivos\vi_VIVOSDEV06_022_steady_5.wav,,,
vivos/zipformer-vi-30m-sherpa-onnx-cpu,vi-asr-VIVOSDEV06_022-steady-0,ASR,vi,,0.0,steady,zipformer-vi-30m-sherpa-onnx-cpu,0.1007,364.56640625,0.0,0.0,,0.032224,,eval_data\mixed_vivos\vi_VIVOSDEV06_022_steady_0.wav,,,
vivos/zipformer-vi-30m-sherpa-onnx-cpu,vi-asr-VIVOSDEV06_022-impulsive-15,ASR,vi,,15.0,impulsive,zipformer-vi-30m-sherpa-onnx-cpu,0.0957,364.5703125,0.0,0.0,,0.030624,,eval_data\mixed_vivos\vi_VIVOSDEV06_022_impulsive_15.wav,,,
vivos/zipformer-vi-30m-sherpa-onnx-cpu,vi-asr-VIVOSDEV06_022-impulsive-10,ASR,vi,,10.0,impulsive,zipformer-vi-30m-sherpa-onnx-cpu,0.1222,364.5703125,0.0,0.0,,0.039104,,eval_data\mixed_vivos\vi_VIVOSDEV06_022_impulsive_10.wav,,,
vivos/zipformer-vi-30m-sherpa-onnx-cpu,vi-asr-VIVOSDEV06_022-impulsive-5,ASR,vi,,5.0,impulsive,zipformer-vi-30m-sherpa-onnx-cpu,0.0904,364.5703125,0.0,0.0,,0.028928,,eval_data\mixed_vivos\vi_VIVOSDEV06_022_impulsive_5.wav,,,
vivos/zipformer-vi-30m-sherpa-onnx-cpu,vi-asr-VIVOSDEV06_022-impulsive-0,ASR,vi,,0.0,impulsive,zipformer-vi-30m-sherpa-onnx-cpu,0.1024,364.5703125,0.0,0.0,,0.032768,,eval_data\mixed_vivos\vi_VIVOSDEV06_022_impulsive_0.wav,,,
vivos/zipformer-vi-30m-sherpa-onnx-cpu,vi-asr-VIVOSDEV06_078-clean,ASR,vi,,,clean,zipformer-vi-30m-sherpa-onnx-cpu,0.1132,364.5703125,0.0,0.0,,0.0389505376344086,,eval_data\mixed_vivos\vi_VIVOSDEV06_078_clean.wav,,,
vivos/zipformer-vi-30m-sherpa-onnx-cpu,vi-asr-VIVOSDEV06_078-steady-15,ASR,vi,,15.0,steady,zipformer-vi-30m-sherpa-onnx-cpu,0.0918,364.57421875,0.0,0.0,,0.03158709677419355,,eval_data\mixed_vivos\vi_VIVOSDEV06_078_steady_15.wav,,,
vivos/zipformer-vi-30m-sherpa-onnx-cpu,vi-asr-VIVOSDEV06_078-steady-10,ASR,vi,,10.0,steady,zipformer-vi-30m-sherpa-onnx-cpu,0.0801,364.57421875,0.0,0.0,,0.02756129032258065,,eval_data\mixed_vivos\vi_VIVOSDEV06_078_steady_10.wav,,,
vivos/zipformer-vi-30m-sherpa-onnx-cpu,vi-asr-VIVOSDEV06_078-steady-5,ASR,vi,,5.0,steady,zipformer-vi-30m-sherpa-onnx-cpu,0.1116,364.57421875,0.0,0.0,,0.038400000000000004,,eval_data\mixed_vivos\vi_VIVOSDEV06_078_steady_5.wav,,,
vivos/zipformer-vi-30m-sherpa-onnx-cpu,vi-asr-VIVOSDEV06_078-steady-0,ASR,vi,,0.0,steady,zipformer-vi-30m-sherpa-onnx-cpu,0.1075,364.57421875,0.0,0.0,,0.036989247311827955,,eval_data\mixed_vivos\vi_VIVOSDEV06_078_steady_0.wav,,,
vivos/zipformer-vi-30m-sherpa-onnx-cpu,vi-asr-VIVOSDEV06_078-impulsive-15,ASR,vi,,15.0,impulsive,zipformer-vi-30m-sherpa-onnx-cpu,0.0961,364.57421875,0.0,0.0,,0.03306666666666667,,eval_data\mixed_vivos\vi_VIVOSDEV06_078_impulsive_15.wav,,,
vivos/zipformer-vi-30m-sherpa-onnx-cpu,vi-asr-VIVOSDEV06_078-impulsive-10,ASR,vi,,10.0,impulsive,zipformer-vi-30m-sherpa-onnx-cpu,0.1118,364.57421875,0.0,0.0,,0.03846881720430107,,eval_data\mixed_vivos\vi_VIVOSDEV06_078_impulsive_10.wav,,,
vivos/zipformer-vi-30m-sherpa-onnx-cpu,vi-asr-VIVOSDEV06_078-impulsive-5,ASR,vi,,5.0,impulsive,zipformer-vi-30m-sherpa-onnx-cpu,0.0952,364.57421875,0.0,0.0,,0.03275698924731183,,eval_data\mixed_vivos\vi_VIVOSDEV06_078_impulsive_5.wav,,,
vivos/zipformer-vi-30m-sherpa-onnx-cpu,vi-asr-VIVOSDEV06_078-impulsive-0,ASR,vi,,0.0,impulsive,zipformer-vi-30m-sherpa-onnx-cpu,0.0936,364.57421875,0.0,0.0,,0.032206451612903225,,eval_data\mixed_vivos\vi_VIVOSDEV06_078_impulsive_0.wav,,,
vivos/zipformer-vi-30m-sherpa-onnx-cpu,vi-asr-VIVOSDEV06_143-clean,ASR,vi,,,clean,zipformer-vi-30m-sherpa-onnx-cpu,0.1517,365.390625,0.16666666666666666,0.04081632653061224,,0.03418591549295775,,eval_data\mixed_vivos\vi_VIVOSDEV06_143_clean.wav,,,
vivos/zipformer-vi-30m-sherpa-onnx-cpu,vi-asr-VIVOSDEV06_143-steady-15,ASR,vi,,15.0,steady,zipformer-vi-30m-sherpa-onnx-cpu,0.139,365.390625,0.16666666666666666,0.04081632653061224,,0.03132394366197183,,eval_data\mixed_vivos\vi_VIVOSDEV06_143_steady_15.wav,,,
vivos/zipformer-vi-30m-sherpa-onnx-cpu,vi-asr-VIVOSDEV06_143-steady-10,ASR,vi,,10.0,steady,zipformer-vi-30m-sherpa-onnx-cpu,0.1326,365.390625,0.16666666666666666,0.061224489795918366,,0.02988169014084507,,eval_data\mixed_vivos\vi_VIVOSDEV06_143_steady_10.wav,,,
vivos/zipformer-vi-30m-sherpa-onnx-cpu,vi-asr-VIVOSDEV06_143-steady-5,ASR,vi,,5.0,steady,zipformer-vi-30m-sherpa-onnx-cpu,0.1468,365.390625,0.16666666666666666,0.061224489795918366,,0.033081690140845076,,eval_data\mixed_vivos\vi_VIVOSDEV06_143_steady_5.wav,,,
vivos/zipformer-vi-30m-sherpa-onnx-cpu,vi-asr-VIVOSDEV06_143-steady-0,ASR,vi,,0.0,steady,zipformer-vi-30m-sherpa-onnx-cpu,0.1759,365.39453125,0.16666666666666666,0.061224489795918366,,0.03963943661971831,,eval_data\mixed_vivos\vi_VIVOSDEV06_143_steady_0.wav,,,
vivos/zipformer-vi-30m-sherpa-onnx-cpu,vi-asr-VIVOSDEV06_143-impulsive-15,ASR,vi,,15.0,impulsive,zipformer-vi-30m-sherpa-onnx-cpu,0.1507,365.39453125,0.16666666666666666,0.04081632653061224,,0.03396056338028169,,eval_data\mixed_vivos\vi_VIVOSDEV06_143_impulsive_15.wav,,,
vivos/zipformer-vi-30m-sherpa-onnx-cpu,vi-asr-VIVOSDEV06_143-impulsive-10,ASR,vi,,10.0,impulsive,zipformer-vi-30m-sherpa-onnx-cpu,0.152,365.39453125,0.0,0.0,,0.03425352112676056,,eval_data\mixed_vivos\vi_VIVOSDEV06_143_impulsive_10.wav,,,
vivos/zipformer-vi-30m-sherpa-onnx-cpu,vi-asr-VIVOSDEV06_143-impulsive-5,ASR,vi,,5.0,impulsive,zipformer-vi-30m-sherpa-onnx-cpu,0.1875,365.3984375,0.16666666666666666,0.04081632653061224,,0.04225352112676056,,eval_data\mixed_vivos\vi_VIVOSDEV06_143_impulsive_5.wav,,,
vivos/zipformer-vi-30m-sherpa-onnx-cpu,vi-asr-VIVOSDEV06_143-impulsive-0,ASR,vi,,0.0,impulsive,zipformer-vi-30m-sherpa-onnx-cpu,0.1469,365.3984375,0.16666666666666666,0.061224489795918366,,0.03310422535211267,,eval_data\mixed_vivos\vi_VIVOSDEV06_143_impulsive_0.wav,,,
vivos/zipformer-vi-30m-sherpa-onnx-cpu,vi-asr-VIVOSDEV06_240-clean,ASR,vi,,,clean,zipformer-vi-30m-sherpa-onnx-cpu,0.0978,365.3984375,0.0,0.0,,0.028977777777777776,,eval_data\mixed_vivos\vi_VIVOSDEV06_240_clean.wav,,,
vivos/zipformer-vi-30m-sherpa-onnx-cpu,vi-asr-VIVOSDEV06_240-steady-15,ASR,vi,,15.0,steady,zipformer-vi-30m-sherpa-onnx-cpu,0.1093,365.40234375,0.0,0.0,,0.032385185185185184,,eval_data\mixed_vivos\vi_VIVOSDEV06_240_steady_15.wav,,,
vivos/zipformer-vi-30m-sherpa-onnx-cpu,vi-asr-VIVOSDEV06_240-steady-10,ASR,vi,,10.0,steady,zipformer-vi-30m-sherpa-onnx-cpu,0.1075,365.41015625,0.0,0.0,,0.03185185185185185,,eval_data\mixed_vivos\vi_VIVOSDEV06_240_steady_10.wav,,,
vivos/zipformer-vi-30m-sherpa-onnx-cpu,vi-asr-VIVOSDEV06_240-steady-5,ASR,vi,,5.0,steady,zipformer-vi-30m-sherpa-onnx-cpu,0.1105,365.4140625,0.0,0.0,,0.032740740740740744,,eval_data\mixed_vivos\vi_VIVOSDEV06_240_steady_5.wav,,,
vivos/zipformer-vi-30m-sherpa-onnx-cpu,vi-asr-VIVOSDEV06_240-steady-0,ASR,vi,,0.0,steady,zipformer-vi-30m-sherpa-onnx-cpu,0.1206,365.4140625,0.0,0.0,,0.03573333333333333,,eval_data\mixed_vivos\vi_VIVOSDEV06_240_steady_0.wav,,,
vivos/zipformer-vi-30m-sherpa-onnx-cpu,vi-asr-VIVOSDEV06_240-impulsive-15,ASR,vi,,15.0,impulsive,zipformer-vi-30m-sherpa-onnx-cpu,0.1163,365.4140625,0.0,0.0,,0.03445925925925926,,eval_data\mixed_vivos\vi_VIVOSDEV06_240_impulsive_15.wav,,,
vivos/zipformer-vi-30m-sherpa-onnx-cpu,vi-asr-VIVOSDEV06_240-impulsive-10,ASR,vi,,10.0,impulsive,zipformer-vi-30m-sherpa-onnx-cpu,0.102,365.4140625,0.0,0.0,,0.03022222222222222,,eval_data\mixed_vivos\vi_VIVOSDEV06_240_impulsive_10.wav,,,
vivos/zipformer-vi-30m-sherpa-onnx-cpu,vi-asr-VIVOSDEV06_240-impulsive-5,ASR,vi,,5.0,impulsive,zipformer-vi-30m-sherpa-onnx-cpu,0.1251,365.41796875,0.0,0.0,,0.037066666666666664,,eval_data\mixed_vivos\vi_VIVOSDEV06_240_impulsive_5.wav,,,
vivos/zipformer-vi-30m-sherpa-onnx-cpu,vi-asr-VIVOSDEV06_240-impulsive-0,ASR,vi,,0.0,impulsive,zipformer-vi-30m-sherpa-onnx-cpu,0.1144,365.42578125,0.0,0.0,,0.0338962962962963,,eval_data\mixed_vivos\vi_VIVOSDEV06_240_impulsive_0.wav,,,
vivos/zipformer-vi-30m-sherpa-onnx-cpu,vi-asr-VIVOSDEV06_285-clean,ASR,vi,,,clean,zipformer-vi-30m-sherpa-onnx-cpu,0.1159,365.42578125,0.0,0.0,,0.03253333333333333,,eval_data\mixed_vivos\vi_VIVOSDEV06_285_clean.wav,,,
vivos/zipformer-vi-30m-sherpa-onnx-cpu,vi-asr-VIVOSDEV06_285-steady-15,ASR,vi,,15.0,steady,zipformer-vi-30m-sherpa-onnx-cpu,0.1007,365.42578125,0.0,0.0,,0.028266666666666666,,eval_data\mixed_vivos\vi_VIVOSDEV06_285_steady_15.wav,,,
vivos/zipformer-vi-30m-sherpa-onnx-cpu,vi-asr-VIVOSDEV06_285-steady-10,ASR,vi,,10.0,steady,zipformer-vi-30m-sherpa-onnx-cpu,0.1437,365.42578125,0.0,0.0,,0.04033684210526316,,eval_data\mixed_vivos\vi_VIVOSDEV06_285_steady_10.wav,,,
vivos/zipformer-vi-30m-sherpa-onnx-cpu,vi-asr-VIVOSDEV06_285-steady-5,ASR,vi,,5.0,steady,zipformer-vi-30m-sherpa-onnx-cpu,0.1321,365.4296875,0.0,0.0,,0.037080701754385964,,eval_data\mixed_vivos\vi_VIVOSDEV06_285_steady_5.wav,,,
vivos/zipformer-vi-30m-sherpa-onnx-cpu,vi-asr-VIVOSDEV06_285-steady-0,ASR,vi,,0.0,steady,zipformer-vi-30m-sherpa-onnx-cpu,0.1194,365.43359375,0.0,0.0,,0.033515789473684214,,eval_data\mixed_vivos\vi_VIVOSDEV06_285_steady_0.wav,,,
vivos/zipformer-vi-30m-sherpa-onnx-cpu,vi-asr-VIVOSDEV06_285-impulsive-15,ASR,vi,,15.0,impulsive,zipformer-vi-30m-sherpa-onnx-cpu,0.1045,365.43359375,0.0,0.0,,0.029333333333333333,,eval_data\mixed_vivos\vi_VIVOSDEV06_285_impulsive_15.wav,,,
vivos/zipformer-vi-30m-sherpa-onnx-cpu,vi-asr-VIVOSDEV06_285-impulsive-10,ASR,vi,,10.0,impulsive,zipformer-vi-30m-sherpa-onnx-cpu,0.1197,365.43359375,0.0,0.0,,0.0336,,eval_data\mixed_vivos\vi_VIVOSDEV06_285_impulsive_10.wav,,,
vivos/zipformer-vi-30m-sherpa-onnx-cpu,vi-asr-VIVOSDEV06_285-impulsive-5,ASR,vi,,5.0,impulsive,zipformer-vi-30m-sherpa-onnx-cpu,0.1286,365.44140625,0.0,0.0,,0.03609824561403509,,eval_data\mixed_vivos\vi_VIVOSDEV06_285_impulsive_5.wav,,,
vivos/zipformer-vi-30m-sherpa-onnx-cpu,vi-asr-VIVOSDEV06_285-impulsive-0,ASR,vi,,0.0,impulsive,zipformer-vi-30m-sherpa-onnx-cpu,0.0935,365.44140625,0.0,0.0,,0.026245614035087718,,eval_data\mixed_vivos\vi_VIVOSDEV06_285_impulsive_0.wav,,,
vivos/zipformer-vi-30m-sherpa-onnx-cpu,vi-asr-VIVOSDEV07_039-clean,ASR,vi,,,clean,zipformer-vi-30m-sherpa-onnx-cpu,0.1148,365.4453125,0.0,0.0,,0.030111475409836067,,eval_data\mixed_vivos\vi_VIVOSDEV07_039_clean.wav,,,
vivos/zipformer-vi-30m-sherpa-onnx-cpu,vi-asr-VIVOSDEV07_039-steady-15,ASR,vi,,15.0,steady,zipformer-vi-30m-sherpa-onnx-cpu,0.1153,365.546875,0.0,0.0,,0.030242622950819673,,eval_data\mixed_vivos\vi_VIVOSDEV07_039_steady_15.wav,,,
vivos/zipformer-vi-30m-sherpa-onnx-cpu,vi-asr-VIVOSDEV07_039-steady-10,ASR,vi,,10.0,steady,zipformer-vi-30m-sherpa-onnx-cpu,0.1371,365.55078125,0.0,0.0,,0.03596065573770492,,eval_data\mixed_vivos\vi_VIVOSDEV07_039_steady_10.wav,,,
vivos/zipformer-vi-30m-sherpa-onnx-cpu,vi-asr-VIVOSDEV07_039-steady-5,ASR,vi,,5.0,steady,zipformer-vi-30m-sherpa-onnx-cpu,0.1363,365.55078125,0.0,0.0,,0.035750819672131146,,eval_data\mixed_vivos\vi_VIVOSDEV07_039_steady_5.wav,,,
vivos/zipformer-vi-30m-sherpa-onnx-cpu,vi-asr-VIVOSDEV07_039-steady-0,ASR,vi,,0.0,steady,zipformer-vi-30m-sherpa-onnx-cpu,0.1235,365.55078125,0.0,0.0,,0.03239344262295082,,eval_data\mixed_vivos\vi_VIVOSDEV07_039_steady_0.wav,,,
vivos/zipformer-vi-30m-sherpa-onnx-cpu,vi-asr-VIVOSDEV07_039-impulsive-15,ASR,vi,,15.0,impulsive,zipformer-vi-30m-sherpa-onnx-cpu,0.1399,365.55859375,0.0,0.0,,0.03669508196721311,,eval_data\mixed_vivos\vi_VIVOSDEV07_039_impulsive_15.wav,,,
vivos/zipformer-vi-30m-sherpa-onnx-cpu,vi-asr-VIVOSDEV07_039-impulsive-10,ASR,vi,,10.0,impulsive,zipformer-vi-30m-sherpa-onnx-cpu,0.1726,365.5625,0.0,0.0,,0.04527213114754099,,eval_data\mixed_vivos\vi_VIVOSDEV07_039_impulsive_10.wav,,,
vivos/zipformer-vi-30m-sherpa-onnx-cpu,vi-asr-VIVOSDEV07_039-impulsive-5,ASR,vi,,5.0,impulsive,zipformer-vi-30m-sherpa-onnx-cpu,0.1592,365.56640625,0.0,0.0,,0.04175737704918033,,eval_data\mixed_vivos\vi_VIVOSDEV07_039_impulsive_5.wav,,,
vivos/zipformer-vi-30m-sherpa-onnx-cpu,vi-asr-VIVOSDEV07_039-impulsive-0,ASR,vi,,0.0,impulsive,zipformer-vi-30m-sherpa-onnx-cpu,0.1305,365.5703125,0.0,0.0,,0.03422950819672131,,eval_data\mixed_vivos\vi_VIVOSDEV07_039_impulsive_0.wav,,,
vivos/zipformer-vi-30m-sherpa-onnx-cpu,vi-asr-VIVOSDEV07_098-clean,ASR,vi,,,clean,zipformer-vi-30m-sherpa-onnx-cpu,0.1192,365.578125,0.0,0.0,,0.03531851851851852,,eval_data\mixed_vivos\vi_VIVOSDEV07_098_clean.wav,,,
vivos/zipformer-vi-30m-sherpa-onnx-cpu,vi-asr-VIVOSDEV07_098-steady-15,ASR,vi,,15.0,steady,zipformer-vi-30m-sherpa-onnx-cpu,0.1065,365.5859375,0.0,0.0,,0.03155555555555555,,eval_data\mixed_vivos\vi_VIVOSDEV07_098_steady_15.wav,,,
vivos/zipformer-vi-30m-sherpa-onnx-cpu,vi-asr-VIVOSDEV07_098-steady-10,ASR,vi,,10.0,steady,zipformer-vi-30m-sherpa-onnx-cpu,0.1165,365.58984375,0.0,0.0,,0.03451851851851852,,eval_data\mixed_vivos\vi_VIVOSDEV07_098_steady_10.wav,,,
vivos/zipformer-vi-30m-sherpa-onnx-cpu,vi-asr-VIVOSDEV07_098-steady-5,ASR,vi,,5.0,steady,zipformer-vi-30m-sherpa-onnx-cpu,0.1356,365.58984375,0.25,0.05,,0.04017777777777778,,eval_data\mixed_vivos\vi_VIVOSDEV07_098_steady_5.wav,,,
vivos/zipformer-vi-30m-sherpa-onnx-cpu,vi-asr-VIVOSDEV07_098-steady-0,ASR,vi,,0.0,steady,zipformer-vi-30m-sherpa-onnx-cpu,0.1312,365.59375,0.25,0.05,,0.038874074074074075,,eval_data\mixed_vivos\vi_VIVOSDEV07_098_steady_0.wav,,,
vivos/zipformer-vi-30m-sherpa-onnx-cpu,vi-asr-VIVOSDEV07_098-impulsive-15,ASR,vi,,15.0,impulsive,zipformer-vi-30m-sherpa-onnx-cpu,0.1423,365.59375,0.0,0.0,,0.042162962962962965,,eval_data\mixed_vivos\vi_VIVOSDEV07_098_impulsive_15.wav,,,
vivos/zipformer-vi-30m-sherpa-onnx-cpu,vi-asr-VIVOSDEV07_098-impulsive-10,ASR,vi,,10.0,impulsive,zipformer-vi-30m-sherpa-onnx-cpu,0.1531,365.59375,0.0,0.0,,0.045362962962962966,,eval_data\mixed_vivos\vi_VIVOSDEV07_098_impulsive_10.wav,,,
vivos/zipformer-vi-30m-sherpa-onnx-cpu,vi-asr-VIVOSDEV07_098-impulsive-5,ASR,vi,,5.0,impulsive,zipformer-vi-30m-sherpa-onnx-cpu,0.117,365.59375,0.0,0.0,,0.03466666666666667,,eval_data\mixed_vivos\vi_VIVOSDEV07_098_impulsive_5.wav,,,
vivos/zipformer-vi-30m-sherpa-onnx-cpu,vi-asr-VIVOSDEV07_098-impulsive-0,ASR,vi,,0.0,impulsive,zipformer-vi-30m-sherpa-onnx-cpu,0.1319,365.59375,0.0,0.0,,0.03908148148148148,,eval_data\mixed_vivos\vi_VIVOSDEV07_098_impulsive_0.wav,,,
vivos/zipformer-vi-30m-sherpa-onnx-cpu,vi-asr-VIVOSDEV07_151-clean,ASR,vi,,,clean,zipformer-vi-30m-sherpa-onnx-cpu,0.0804,365.59765625,0.5,0.17647058823529413,,0.0402,,eval_data\mixed_vivos\vi_VIVOSDEV07_151_clean.wav,,,
vivos/zipformer-vi-30m-sherpa-onnx-cpu,vi-asr-VIVOSDEV07_151-steady-15,ASR,vi,,15.0,steady,zipformer-vi-30m-sherpa-onnx-cpu,0.0847,365.59765625,0.5,0.17647058823529413,,0.04235,,eval_data\mixed_vivos\vi_VIVOSDEV07_151_steady_15.wav,,,
vivos/zipformer-vi-30m-sherpa-onnx-cpu,vi-asr-VIVOSDEV07_151-steady-10,ASR,vi,,10.0,steady,zipformer-vi-30m-sherpa-onnx-cpu,0.0949,365.59765625,0.5,0.17647058823529413,,0.04745,,eval_data\mixed_vivos\vi_VIVOSDEV07_151_steady_10.wav,,,
vivos/zipformer-vi-30m-sherpa-onnx-cpu,vi-asr-VIVOSDEV07_151-steady-5,ASR,vi,,5.0,steady,zipformer-vi-30m-sherpa-onnx-cpu,0.0791,365.59765625,0.5,0.17647058823529413,,0.03955,,eval_data\mixed_vivos\vi_VIVOSDEV07_151_steady_5.wav,,,
vivos/zipformer-vi-30m-sherpa-onnx-cpu,vi-asr-VIVOSDEV07_151-steady-0,ASR,vi,,0.0,steady,zipformer-vi-30m-sherpa-onnx-cpu,0.0912,365.59765625,0.5,0.17647058823529413,,0.0456,,eval_data\mixed_vivos\vi_VIVOSDEV07_151_steady_0.wav,,,
vivos/zipformer-vi-30m-sherpa-onnx-cpu,vi-asr-VIVOSDEV07_151-impulsive-15,ASR,vi,,15.0,impulsive,zipformer-vi-30m-sherpa-onnx-cpu,0.0664,365.59765625,0.5,0.17647058823529413,,0.0332,,eval_data\mixed_vivos\vi_VIVOSDEV07_151_impulsive_15.wav,,,
vivos/zipformer-vi-30m-sherpa-onnx-cpu,vi-asr-VIVOSDEV07_151-impulsive-10,ASR,vi,,10.0,impulsive,zipformer-vi-30m-sherpa-onnx-cpu,0.0714,365.59765625,0.5,0.17647058823529413,,0.0357,,eval_data\mixed_vivos\vi_VIVOSDEV07_151_impulsive_10.wav,,,
vivos/zipformer-vi-30m-sherpa-onnx-cpu,vi-asr-VIVOSDEV07_151-impulsive-5,ASR,vi,,5.0,impulsive,zipformer-vi-30m-sherpa-onnx-cpu,0.0666,365.59765625,0.5,0.17647058823529413,,0.0333,,eval_data\mixed_vivos\vi_VIVOSDEV07_151_impulsive_5.wav,,,
vivos/zipformer-vi-30m-sherpa-onnx-cpu,vi-asr-VIVOSDEV07_151-impulsive-0,ASR,vi,,0.0,impulsive,zipformer-vi-30m-sherpa-onnx-cpu,0.0766,365.59765625,0.5,0.17647058823529413,,0.0383,,eval_data\mixed_vivos\vi_VIVOSDEV07_151_impulsive_0.wav,,,
vivos/zipformer-vi-30m-sherpa-onnx-cpu,vi-asr-VIVOSDEV07_194-clean,ASR,vi,,,clean,zipformer-vi-30m-sherpa-onnx-cpu,0.1326,365.59765625,0.09090909090909091,0.021739130434782608,,0.04514042553191489,,eval_data\mixed_vivos\vi_VIVOSDEV07_194_clean.wav,,,
vivos/zipformer-vi-30m-sherpa-onnx-cpu,vi-asr-VIVOSDEV07_194-steady-15,ASR,vi,,15.0,steady,zipformer-vi-30m-sherpa-onnx-cpu,0.1505,365.6015625,0.09090909090909091,0.021739130434782608,,0.051234042553191486,,eval_data\mixed_vivos\vi_VIVOSDEV07_194_steady_15.wav,,,
vivos/zipformer-vi-30m-sherpa-onnx-cpu,vi-asr-VIVOSDEV07_194-steady-10,ASR,vi,,10.0,steady,zipformer-vi-30m-sherpa-onnx-cpu,0.1244,365.6015625,0.09090909090909091,0.021739130434782608,,0.042348936170212764,,eval_data\mixed_vivos\vi_VIVOSDEV07_194_steady_10.wav,,,
vivos/zipformer-vi-30m-sherpa-onnx-cpu,vi-asr-VIVOSDEV07_194-steady-5,ASR,vi,,5.0,steady,zipformer-vi-30m-sherpa-onnx-cpu,0.1194,365.6015625,0.09090909090909091,0.021739130434782608,,0.0406468085106383,,eval_data\mixed_vivos\vi_VIVOSDEV07_194_steady_5.wav,,,
vivos/zipformer-vi-30m-sherpa-onnx-cpu,vi-asr-VIVOSDEV07_194-steady-0,ASR,vi,,0.0,steady,zipformer-vi-30m-sherpa-onnx-cpu,0.1277,365.6015625,0.09090909090909091,0.021739130434782608,,0.04347234042553192,,eval_data\mixed_vivos\vi_VIVOSDEV07_194_steady_0.wav,,,
vivos/zipformer-vi-30m-sherpa-onnx-cpu,vi-asr-VIVOSDEV07_194-impulsive-15,ASR,vi,,15.0,impulsive,zipformer-vi-30m-sherpa-onnx-cpu,0.1309,365.6015625,0.09090909090909091,0.021739130434782608,,0.04456170212765957,,eval_data\mixed_vivos\vi_VIVOSDEV07_194_impulsive_15.wav,,,
vivos/zipformer-vi-30m-sherpa-onnx-cpu,vi-asr-VIVOSDEV07_194-impulsive-10,ASR,vi,,10.0,impulsive,zipformer-vi-30m-sherpa-onnx-cpu,0.0994,365.60546875,0.09090909090909091,0.021739130434782608,,0.033838297872340425,,eval_data\mixed_vivos\vi_VIVOSDEV07_194_impulsive_10.wav,,,
vivos/zipformer-vi-30m-sherpa-onnx-cpu,vi-asr-VIVOSDEV07_194-impulsive-5,ASR,vi,,5.0,impulsive,zipformer-vi-30m-sherpa-onnx-cpu,0.1057,365.609375,0.09090909090909091,0.021739130434782608,,0.03598297872340426,,eval_data\mixed_vivos\vi_VIVOSDEV07_194_impulsive_5.wav,,,
vivos/zipformer-vi-30m-sherpa-onnx-cpu,vi-asr-VIVOSDEV07_194-impulsive-0,ASR,vi,,0.0,impulsive,zipformer-vi-30m-sherpa-onnx-cpu,0.0995,365.609375,0.09090909090909091,0.021739130434782608,,0.033872340425531916,,eval_data\mixed_vivos\vi_VIVOSDEV07_194_impulsive_0.wav,,,
vivos/zipformer-vi-30m-sherpa-onnx-cpu,vi-asr-VIVOSDEV07_246-clean,ASR,vi,,,clean,zipformer-vi-30m-sherpa-onnx-cpu,0.0985,365.609375,0.0,0.0,,0.0384390243902439,,eval_data\mixed_vivos\vi_VIVOSDEV07_246_clean.wav,,,
vivos/zipformer-vi-30m-sherpa-onnx-cpu,vi-asr-VIVOSDEV07_246-steady-15,ASR,vi,,15.0,steady,zipformer-vi-30m-sherpa-onnx-cpu,0.1143,365.61328125,0.0,0.0,,0.04460487804878049,,eval_data\mixed_vivos\vi_VIVOSDEV07_246_steady_15.wav,,,
vivos/zipformer-vi-30m-sherpa-onnx-cpu,vi-asr-VIVOSDEV07_246-steady-10,ASR,vi,,10.0,steady,zipformer-vi-30m-sherpa-onnx-cpu,0.099,365.61328125,0.0,0.0,,0.038634146341463414,,eval_data\mixed_vivos\vi_VIVOSDEV07_246_steady_10.wav,,,
vivos/zipformer-vi-30m-sherpa-onnx-cpu,vi-asr-VIVOSDEV07_246-steady-5,ASR,vi,,5.0,steady,zipformer-vi-30m-sherpa-onnx-cpu,0.1164,365.61328125,0.0,0.0,,0.04542439024390244,,eval_data\mixed_vivos\vi_VIVOSDEV07_246_steady_5.wav,,,
vivos/zipformer-vi-30m-sherpa-onnx-cpu,vi-asr-VIVOSDEV07_246-steady-0,ASR,vi,,0.0,steady,zipformer-vi-30m-sherpa-onnx-cpu,0.1138,365.6171875,0.0,0.0,,0.044409756097560975,,eval_data\mixed_vivos\vi_VIVOSDEV07_246_steady_0.wav,,,
vivos/zipformer-vi-30m-sherpa-onnx-cpu,vi-asr-VIVOSDEV07_246-impulsive-15,ASR,vi,,15.0,impulsive,zipformer-vi-30m-sherpa-onnx-cpu,0.115,365.6171875,0.0,0.0,,0.04487804878048781,,eval_data\mixed_vivos\vi_VIVOSDEV07_246_impulsive_15.wav,,,
vivos/zipformer-vi-30m-sherpa-onnx-cpu,vi-asr-VIVOSDEV07_246-impulsive-10,ASR,vi,,10.0,impulsive,zipformer-vi-30m-sherpa-onnx-cpu,0.1023,365.6171875,0.0,0.0,,0.0399219512195122,,eval_data\mixed_vivos\vi_VIVOSDEV07_246_impulsive_10.wav,,,
vivos/zipformer-vi-30m-sherpa-onnx-cpu,vi-asr-VIVOSDEV07_246-impulsive-5,ASR,vi,,5.0,impulsive,zipformer-vi-30m-sherpa-onnx-cpu,0.0752,365.6171875,0.0,0.0,,0.029346341463414635,,eval_data\mixed_vivos\vi_VIVOSDEV07_246_impulsive_5.wav,,,
vivos/zipformer-vi-30m-sherpa-onnx-cpu,vi-asr-VIVOSDEV07_246-impulsive-0,ASR,vi,,0.0,impulsive,zipformer-vi-30m-sherpa-onnx-cpu,0.1048,365.62109375,0.0,0.0,,0.04089756097560976,,eval_data\mixed_vivos\vi_VIVOSDEV07_246_impulsive_0.wav,,,
vivos/zipformer-vi-30m-sherpa-onnx-cpu,vi-asr-VIVOSDEV08_032-clean,ASR,vi,,,clean,zipformer-vi-30m-sherpa-onnx-cpu,0.2082,366.54296875,0.0,0.0,,0.04013493975903614,,eval_data\mixed_vivos\vi_VIVOSDEV08_032_clean.wav,,,
vivos/zipformer-vi-30m-sherpa-onnx-cpu,vi-asr-VIVOSDEV08_032-steady-15,ASR,vi,,15.0,steady,zipformer-vi-30m-sherpa-onnx-cpu,0.189,367.0,0.0,0.0,,0.03643373493975904,,eval_data\mixed_vivos\vi_VIVOSDEV08_032_steady_15.wav,,,
vivos/zipformer-vi-30m-sherpa-onnx-cpu,vi-asr-VIVOSDEV08_032-steady-10,ASR,vi,,10.0,steady,zipformer-vi-30m-sherpa-onnx-cpu,0.1795,367.046875,0.0,0.0,,0.03460240963855422,,eval_data\mixed_vivos\vi_VIVOSDEV08_032_steady_10.wav,,,
vivos/zipformer-vi-30m-sherpa-onnx-cpu,vi-asr-VIVOSDEV08_032-steady-5,ASR,vi,,5.0,steady,zipformer-vi-30m-sherpa-onnx-cpu,0.2153,367.046875,0.08333333333333333,0.03508771929824561,,0.04150361445783132,,eval_data\mixed_vivos\vi_VIVOSDEV08_032_steady_5.wav,,,
vivos/zipformer-vi-30m-sherpa-onnx-cpu,vi-asr-VIVOSDEV08_032-steady-0,ASR,vi,,0.0,steady,zipformer-vi-30m-sherpa-onnx-cpu,0.2208,367.05078125,0.0,0.0,,0.042563855421686746,,eval_data\mixed_vivos\vi_VIVOSDEV08_032_steady_0.wav,,,
vivos/zipformer-vi-30m-sherpa-onnx-cpu,vi-asr-VIVOSDEV08_032-impulsive-15,ASR,vi,,15.0,impulsive,zipformer-vi-30m-sherpa-onnx-cpu,0.2496,367.0546875,0.0,0.0,,0.04811566265060241,,eval_data\mixed_vivos\vi_VIVOSDEV08_032_impulsive_15.wav,,,
vivos/zipformer-vi-30m-sherpa-onnx-cpu,vi-asr-VIVOSDEV08_032-impulsive-10,ASR,vi,,10.0,impulsive,zipformer-vi-30m-sherpa-onnx-cpu,0.18,367.0546875,0.0,0.0,,0.03469879518072289,,eval_data\mixed_vivos\vi_VIVOSDEV08_032_impulsive_10.wav,,,
vivos/zipformer-vi-30m-sherpa-onnx-cpu,vi-asr-VIVOSDEV08_032-impulsive-5,ASR,vi,,5.0,impulsive,zipformer-vi-30m-sherpa-onnx-cpu,0.1811,367.05859375,0.0,0.0,,0.034910843373493976,,eval_data\mixed_vivos\vi_VIVOSDEV08_032_impulsive_5.wav,,,
vivos/zipformer-vi-30m-sherpa-onnx-cpu,vi-asr-VIVOSDEV08_032-impulsive-0,ASR,vi,,0.0,impulsive,zipformer-vi-30m-sherpa-onnx-cpu,0.2278,367.06640625,0.0,0.0,,0.043913253012048195,,eval_data\mixed_vivos\vi_VIVOSDEV08_032_impulsive_0.wav,,,
vivos/zipformer-vi-30m-sherpa-onnx-cpu,vi-asr-VIVOSDEV08_093-clean,ASR,vi,,,clean,zipformer-vi-30m-sherpa-onnx-cpu,0.1565,367.06640625,0.25,0.058823529411764705,,0.036823529411764706,,eval_data\mixed_vivos\vi_VIVOSDEV08_093_clean.wav,,,
vivos/zipformer-vi-30m-sherpa-onnx-cpu,vi-asr-VIVOSDEV08_093-steady-15,ASR,vi,,15.0,steady,zipformer-vi-30m-sherpa-onnx-cpu,0.2062,367.07421875,0.25,0.058823529411764705,,0.048517647058823526,,eval_data\mixed_vivos\vi_VIVOSDEV08_093_steady_15.wav,,,
vivos/zipformer-vi-30m-sherpa-onnx-cpu,vi-asr-VIVOSDEV08_093-steady-10,ASR,vi,,10.0,steady,zipformer-vi-30m-sherpa-onnx-cpu,0.1854,367.07421875,0.25,0.0784313725490196,,0.04362352941176471,,eval_data\mixed_vivos\vi_VIVOSDEV08_093_steady_10.wav,,,
vivos/zipformer-vi-30m-sherpa-onnx-cpu,vi-asr-VIVOSDEV08_093-steady-5,ASR,vi,,5.0,steady,zipformer-vi-30m-sherpa-onnx-cpu,0.2029,367.07421875,0.25,0.0784313725490196,,0.04774117647058823,,eval_data\mixed_vivos\vi_VIVOSDEV08_093_steady_5.wav,,,
vivos/zipformer-vi-30m-sherpa-onnx-cpu,vi-asr-VIVOSDEV08_093-steady-0,ASR,vi,,0.0,steady,zipformer-vi-30m-sherpa-onnx-cpu,0.1557,367.078125,0.25,0.13725490196078433,,0.03663529411764706,,eval_data\mixed_vivos\vi_VIVOSDEV08_093_steady_0.wav,,,
vivos/zipformer-vi-30m-sherpa-onnx-cpu,vi-asr-VIVOSDEV08_093-impulsive-15,ASR,vi,,15.0,impulsive,zipformer-vi-30m-sherpa-onnx-cpu,0.1638,367.08203125,0.25,0.09803921568627451,,0.03854117647058824,,eval_data\mixed_vivos\vi_VIVOSDEV08_093_impulsive_15.wav,,,
vivos/zipformer-vi-30m-sherpa-onnx-cpu,vi-asr-VIVOSDEV08_093-impulsive-10,ASR,vi,,10.0,impulsive,zipformer-vi-30m-sherpa-onnx-cpu,0.1763,367.09375,0.25,0.09803921568627451,,0.04148235294117647,,eval_data\mixed_vivos\vi_VIVOSDEV08_093_impulsive_10.wav,,,
vivos/zipformer-vi-30m-sherpa-onnx-cpu,vi-asr-VIVOSDEV08_093-impulsive-5,ASR,vi,,5.0,impulsive,zipformer-vi-30m-sherpa-onnx-cpu,0.14,367.09765625,0.25,0.09803921568627451,,0.03294117647058824,,eval_data\mixed_vivos\vi_VIVOSDEV08_093_impulsive_5.wav,,,
vivos/zipformer-vi-30m-sherpa-onnx-cpu,vi-asr-VIVOSDEV08_093-impulsive-0,ASR,vi,,0.0,impulsive,zipformer-vi-30m-sherpa-onnx-cpu,0.1741,367.09765625,0.25,0.11764705882352941,,0.040964705882352945,,eval_data\mixed_vivos\vi_VIVOSDEV08_093_impulsive_0.wav,,,
vivos/zipformer-vi-30m-sherpa-onnx-cpu,vi-asr-VIVOSDEV08_159-clean,ASR,vi,,,clean,zipformer-vi-30m-sherpa-onnx-cpu,0.1011,367.1015625,0.0,0.0,,0.03594666666666667,,eval_data\mixed_vivos\vi_VIVOSDEV08_159_clean.wav,,,
vivos/zipformer-vi-30m-sherpa-onnx-cpu,vi-asr-VIVOSDEV08_159-steady-15,ASR,vi,,15.0,steady,zipformer-vi-30m-sherpa-onnx-cpu,0.1454,367.1015625,0.0,0.0,,0.05169777777777778,,eval_data\mixed_vivos\vi_VIVOSDEV08_159_steady_15.wav,,,
vivos/zipformer-vi-30m-sherpa-onnx-cpu,vi-asr-VIVOSDEV08_159-steady-10,ASR,vi,,10.0,steady,zipformer-vi-30m-sherpa-onnx-cpu,0.0751,367.109375,0.0,0.0,,0.02670222222222222,,eval_data\mixed_vivos\vi_VIVOSDEV08_159_steady_10.wav,,,
vivos/zipformer-vi-30m-sherpa-onnx-cpu,vi-asr-VIVOSDEV08_159-steady-5,ASR,vi,,5.0,steady,zipformer-vi-30m-sherpa-onnx-cpu,0.1259,367.109375,0.0,0.0,,0.04476444444444445,,eval_data\mixed_vivos\vi_VIVOSDEV08_159_steady_5.wav,,,
vivos/zipformer-vi-30m-sherpa-onnx-cpu,vi-asr-VIVOSDEV08_159-steady-0,ASR,vi,,0.0,steady,zipformer-vi-30m-sherpa-onnx-cpu,0.1108,367.11328125,0.125,0.030303030303030304,,0.03939555555555555,,eval_data\mixed_vivos\vi_VIVOSDEV08_159_steady_0.wav,,,
vivos/zipformer-vi-30m-sherpa-onnx-cpu,vi-asr-VIVOSDEV08_159-impulsive-15,ASR,vi,,15.0,impulsive,zipformer-vi-30m-sherpa-onnx-cpu,0.1163,367.11328125,0.0,0.0,,0.04135111111111111,,eval_data\mixed_vivos\vi_VIVOSDEV08_159_impulsive_15.wav,,,
vivos/zipformer-vi-30m-sherpa-onnx-cpu,vi-asr-VIVOSDEV08_159-impulsive-10,ASR,vi,,10.0,impulsive,zipformer-vi-30m-sherpa-onnx-cpu,0.0932,367.11328125,0.0,0.0,,0.03313777777777778,,eval_data\mixed_vivos\vi_VIVOSDEV08_159_impulsive_10.wav,,,
vivos/zipformer-vi-30m-sherpa-onnx-cpu,vi-asr-VIVOSDEV08_159-impulsive-5,ASR,vi,,5.0,impulsive,zipformer-vi-30m-sherpa-onnx-cpu,0.1142,367.11328125,0.0,0.0,,0.04060444444444444,,eval_data\mixed_vivos\vi_VIVOSDEV08_159_impulsive_5.wav,,,
vivos/zipformer-vi-30m-sherpa-onnx-cpu,vi-asr-VIVOSDEV08_159-impulsive-0,ASR,vi,,0.0,impulsive,zipformer-vi-30m-sherpa-onnx-cpu,0.136,367.11328125,0.0,0.0,,0.04835555555555556,,eval_data\mixed_vivos\vi_VIVOSDEV08_159_impulsive_0.wav,,,
vivos/zipformer-vi-30m-sherpa-onnx-cpu,vi-asr-VIVOSDEV08_208-clean,ASR,vi,,,clean,zipformer-vi-30m-sherpa-onnx-cpu,0.0888,367.11328125,0.0,0.0,,0.03946666666666667,,eval_data\mixed_vivos\vi_VIVOSDEV08_208_clean.wav,,,
vivos/zipformer-vi-30m-sherpa-onnx-cpu,vi-asr-VIVOSDEV08_208-steady-15,ASR,vi,,15.0,steady,zipformer-vi-30m-sherpa-onnx-cpu,0.0767,367.12109375,0.0,0.0,,0.03408888888888889,,eval_data\mixed_vivos\vi_VIVOSDEV08_208_steady_15.wav,,,
vivos/zipformer-vi-30m-sherpa-onnx-cpu,vi-asr-VIVOSDEV08_208-steady-10,ASR,vi,,10.0,steady,zipformer-vi-30m-sherpa-onnx-cpu,0.0669,367.12109375,0.0,0.0,,0.029733333333333334,,eval_data\mixed_vivos\vi_VIVOSDEV08_208_steady_10.wav,,,
vivos/zipformer-vi-30m-sherpa-onnx-cpu,vi-asr-VIVOSDEV08_208-steady-5,ASR,vi,,5.0,steady,zipformer-vi-30m-sherpa-onnx-cpu,0.115,367.12109375,0.0,0.0,,0.051111111111111114,,eval_data\mixed_vivos\vi_VIVOSDEV08_208_steady_5.wav,,,
vivos/zipformer-vi-30m-sherpa-onnx-cpu,vi-asr-VIVOSDEV08_208-steady-0,ASR,vi,,0.0,steady,zipformer-vi-30m-sherpa-onnx-cpu,0.1302,367.12109375,0.0,0.0,,0.05786666666666667,,eval_data\mixed_vivos\vi_VIVOSDEV08_208_steady_0.wav,,,
vivos/zipformer-vi-30m-sherpa-onnx-cpu,vi-asr-VIVOSDEV08_208-impulsive-15,ASR,vi,,15.0,impulsive,zipformer-vi-30m-sherpa-onnx-cpu,0.0842,367.12109375,0.0,0.0,,0.03742222222222222,,eval_data\mixed_vivos\vi_VIVOSDEV08_208_impulsive_15.wav,,,
vivos/zipformer-vi-30m-sherpa-onnx-cpu,vi-asr-VIVOSDEV08_208-impulsive-10,ASR,vi,,10.0,impulsive,zipformer-vi-30m-sherpa-onnx-cpu,0.0781,367.12109375,0.0,0.0,,0.03471111111111111,,eval_data\mixed_vivos\vi_VIVOSDEV08_208_impulsive_10.wav,,,
vivos/zipformer-vi-30m-sherpa-onnx-cpu,vi-asr-VIVOSDEV08_208-impulsive-5,ASR,vi,,5.0,impulsive,zipformer-vi-30m-sherpa-onnx-cpu,0.1013,367.12109375,0.0,0.0,,0.04502222222222222,,eval_data\mixed_vivos\vi_VIVOSDEV08_208_impulsive_5.wav,,,
vivos/zipformer-vi-30m-sherpa-onnx-cpu,vi-asr-VIVOSDEV08_208-impulsive-0,ASR,vi,,0.0,impulsive,zipformer-vi-30m-sherpa-onnx-cpu,0.0842,367.12109375,0.0,0.0,,0.03742222222222222,,eval_data\mixed_vivos\vi_VIVOSDEV08_208_impulsive_0.wav,,,
vivos/zipformer-vi-30m-sherpa-onnx-cpu,vi-asr-VIVOSDEV08_274-clean,ASR,vi,,,clean,zipformer-vi-30m-sherpa-onnx-cpu,0.0629,367.125,0.0,0.0,,0.03470344827586207,,eval_data\mixed_vivos\vi_VIVOSDEV08_274_clean.wav,,,
vivos/zipformer-vi-30m-sherpa-onnx-cpu,vi-asr-VIVOSDEV08_274-steady-15,ASR,vi,,15.0,steady,zipformer-vi-30m-sherpa-onnx-cpu,0.0789,367.12890625,0.0,0.0,,0.04353103448275862,,eval_data\mixed_vivos\vi_VIVOSDEV08_274_steady_15.wav,,,
vivos/zipformer-vi-30m-sherpa-onnx-cpu,vi-asr-VIVOSDEV08_274-steady-10,ASR,vi,,10.0,steady,zipformer-vi-30m-sherpa-onnx-cpu,0.0917,367.12890625,0.0,0.0,,0.05059310344827586,,eval_data\mixed_vivos\vi_VIVOSDEV08_274_steady_10.wav,,,
vivos/zipformer-vi-30m-sherpa-onnx-cpu,vi-asr-VIVOSDEV08_274-steady-5,ASR,vi,,5.0,steady,zipformer-vi-30m-sherpa-onnx-cpu,0.0753,367.1328125,0.0,0.0,,0.0415448275862069,,eval_data\mixed_vivos\vi_VIVOSDEV08_274_steady_5.wav,,,
vivos/zipformer-vi-30m-sherpa-onnx-cpu,vi-asr-VIVOSDEV08_274-steady-0,ASR,vi,,0.0,steady,zipformer-vi-30m-sherpa-onnx-cpu,0.053,367.13671875,0.0,0.0,,0.029241379310344828,,eval_data\mixed_vivos\vi_VIVOSDEV08_274_steady_0.wav,,,
vivos/zipformer-vi-30m-sherpa-onnx-cpu,vi-asr-VIVOSDEV08_274-impulsive-15,ASR,vi,,15.0,impulsive,zipformer-vi-30m-sherpa-onnx-cpu,0.0933,367.13671875,0.0,0.0,,0.05147586206896551,,eval_data\mixed_vivos\vi_VIVOSDEV08_274_impulsive_15.wav,,,
vivos/zipformer-vi-30m-sherpa-onnx-cpu,vi-asr-VIVOSDEV08_274-impulsive-10,ASR,vi,,10.0,impulsive,zipformer-vi-30m-sherpa-onnx-cpu,0.079,367.13671875,0.0,0.0,,0.043586206896551724,,eval_data\mixed_vivos\vi_VIVOSDEV08_274_impulsive_10.wav,,,
vivos/zipformer-vi-30m-sherpa-onnx-cpu,vi-asr-VIVOSDEV08_274-impulsive-5,ASR,vi,,5.0,impulsive,zipformer-vi-30m-sherpa-onnx-cpu,0.0749,367.13671875,0.0,0.0,,0.04132413793103448,,eval_data\mixed_vivos\vi_VIVOSDEV08_274_impulsive_5.wav,,,
vivos/zipformer-vi-30m-sherpa-onnx-cpu,vi-asr-VIVOSDEV08_274-impulsive-0,ASR,vi,,0.0,impulsive,zipformer-vi-30m-sherpa-onnx-cpu,0.0958,367.13671875,0.0,0.0,,0.0528551724137931,,eval_data\mixed_vivos\vi_VIVOSDEV08_274_impulsive_0.wav,,,
vivos/zipformer-vi-30m-sherpa-onnx-cpu,vi-asr-VIVOSDEV09_038-clean,ASR,vi,,,clean,zipformer-vi-30m-sherpa-onnx-cpu,0.1559,367.13671875,0.0,0.0,,0.04192268907563026,,eval_data\mixed_vivos\vi_VIVOSDEV09_038_clean.wav,,,
vivos/zipformer-vi-30m-sherpa-onnx-cpu,vi-asr-VIVOSDEV09_038-steady-15,ASR,vi,,15.0,steady,zipformer-vi-30m-sherpa-onnx-cpu,0.1786,367.13671875,0.0,0.0,,0.04802689075630252,,eval_data\mixed_vivos\vi_VIVOSDEV09_038_steady_15.wav,,,
vivos/zipformer-vi-30m-sherpa-onnx-cpu,vi-asr-VIVOSDEV09_038-steady-10,ASR,vi,,10.0,steady,zipformer-vi-30m-sherpa-onnx-cpu,0.1718,367.140625,0.0,0.0,,0.046198319327731094,,eval_data\mixed_vivos\vi_VIVOSDEV09_038_steady_10.wav,,,
vivos/zipformer-vi-30m-sherpa-onnx-cpu,vi-asr-VIVOSDEV09_038-steady-5,ASR,vi,,5.0,steady,zipformer-vi-30m-sherpa-onnx-cpu,0.1491,367.14453125,0.2222222222222222,0.10256410256410256,,0.04009411764705883,,eval_data\mixed_vivos\vi_VIVOSDEV09_038_steady_5.wav,,,
vivos/zipformer-vi-30m-sherpa-onnx-cpu,vi-asr-VIVOSDEV09_038-steady-0,ASR,vi,,0.0,steady,zipformer-vi-30m-sherpa-onnx-cpu,0.1369,367.14453125,0.4444444444444444,0.1282051282051282,,0.03681344537815126,,eval_data\mixed_vivos\vi_VIVOSDEV09_038_steady_0.wav,,,
vivos/zipformer-vi-30m-sherpa-onnx-cpu,vi-asr-VIVOSDEV09_038-impulsive-15,ASR,vi,,15.0,impulsive,zipformer-vi-30m-sherpa-onnx-cpu,0.1753,367.1484375,0.0,0.0,,0.04713949579831933,,eval_data\mixed_vivos\vi_VIVOSDEV09_038_impulsive_15.wav,,,
vivos/zipformer-vi-30m-sherpa-onnx-cpu,vi-asr-VIVOSDEV09_038-impulsive-10,ASR,vi,,10.0,impulsive,zipformer-vi-30m-sherpa-onnx-cpu,0.1629,367.1484375,0.0,0.0,,0.04380504201680672,,eval_data\mixed_vivos\vi_VIVOSDEV09_038_impulsive_10.wav,,,
vivos/zipformer-vi-30m-sherpa-onnx-cpu,vi-asr-VIVOSDEV09_038-impulsive-5,ASR,vi,,5.0,impulsive,zipformer-vi-30m-sherpa-onnx-cpu,0.1424,367.1484375,0.0,0.0,,0.038292436974789915,,eval_data\mixed_vivos\vi_VIVOSDEV09_038_impulsive_5.wav,,,
vivos/zipformer-vi-30m-sherpa-onnx-cpu,vi-asr-VIVOSDEV09_038-impulsive-0,ASR,vi,,0.0,impulsive,zipformer-vi-30m-sherpa-onnx-cpu,0.1586,367.1484375,0.0,0.0,,0.04264873949579832,,eval_data\mixed_vivos\vi_VIVOSDEV09_038_impulsive_0.wav,,,
vivos/zipformer-vi-30m-sherpa-onnx-cpu,vi-asr-VIVOSDEV09_091-clean,ASR,vi,,,clean,zipformer-vi-30m-sherpa-onnx-cpu,0.0726,367.1484375,0.0,0.0,,0.03808524590163934,,eval_data\mixed_vivos\vi_VIVOSDEV09_091_clean.wav,,,
vivos/zipformer-vi-30m-sherpa-onnx-cpu,vi-asr-VIVOSDEV09_091-steady-15,ASR,vi,,15.0,steady,zipformer-vi-30m-sherpa-onnx-cpu,0.0926,367.1484375,0.0,0.0,,0.04857704918032787,,eval_data\mixed_vivos\vi_VIVOSDEV09_091_steady_15.wav,,,
vivos/zipformer-vi-30m-sherpa-onnx-cpu,vi-asr-VIVOSDEV09_091-steady-10,ASR,vi,,10.0,steady,zipformer-vi-30m-sherpa-onnx-cpu,0.0667,367.1484375,0.0,0.0,,0.03499016393442623,,eval_data\mixed_vivos\vi_VIVOSDEV09_091_steady_10.wav,,,
vivos/zipformer-vi-30m-sherpa-onnx-cpu,vi-asr-VIVOSDEV09_091-steady-5,ASR,vi,,5.0,steady,zipformer-vi-30m-sherpa-onnx-cpu,0.0577,367.15234375,0.0,0.0,,0.030268852459016393,,eval_data\mixed_vivos\vi_VIVOSDEV09_091_steady_5.wav,,,
vivos/zipformer-vi-30m-sherpa-onnx-cpu,vi-asr-VIVOSDEV09_091-steady-0,ASR,vi,,0.0,steady,zipformer-vi-30m-sherpa-onnx-cpu,0.0947,367.15625,0.0,0.0,,0.04967868852459017,,eval_data\mixed_vivos\vi_VIVOSDEV09_091_steady_0.wav,,,
vivos/zipformer-vi-30m-sherpa-onnx-cpu,vi-asr-VIVOSDEV09_091-impulsive-15,ASR,vi,,15.0,impulsive,zipformer-vi-30m-sherpa-onnx-cpu,0.085,367.15625,0.0,0.0,,0.04459016393442623,,eval_data\mixed_vivos\vi_VIVOSDEV09_091_impulsive_15.wav,,,
vivos/zipformer-vi-30m-sherpa-onnx-cpu,vi-asr-VIVOSDEV09_091-impulsive-10,ASR,vi,,10.0,impulsive,zipformer-vi-30m-sherpa-onnx-cpu,0.0729,367.16015625,0.0,0.0,,0.03824262295081968,,eval_data\mixed_vivos\vi_VIVOSDEV09_091_impulsive_10.wav,,,
vivos/zipformer-vi-30m-sherpa-onnx-cpu,vi-asr-VIVOSDEV09_091-impulsive-5,ASR,vi,,5.0,impulsive,zipformer-vi-30m-sherpa-onnx-cpu,0.0708,367.1640625,0.0,0.0,,0.037140983606557376,,eval_data\mixed_vivos\vi_VIVOSDEV09_091_impulsive_5.wav,,,
vivos/zipformer-vi-30m-sherpa-onnx-cpu,vi-asr-VIVOSDEV09_091-impulsive-0,ASR,vi,,0.0,impulsive,zipformer-vi-30m-sherpa-onnx-cpu,0.0515,367.1640625,0.0,0.0,,0.02701639344262295,,eval_data\mixed_vivos\vi_VIVOSDEV09_091_impulsive_0.wav,,,
vivos/zipformer-vi-30m-sherpa-onnx-cpu,vi-asr-VIVOSDEV09_158-clean,ASR,vi,,,clean,zipformer-vi-30m-sherpa-onnx-cpu,0.1531,367.1640625,0.09090909090909091,0.021739130434782608,,0.04297543859649123,,eval_data\mixed_vivos\vi_VIVOSDEV09_158_clean.wav,,,
vivos/zipformer-vi-30m-sherpa-onnx-cpu,vi-asr-VIVOSDEV09_158-steady-15,ASR,vi,,15.0,steady,zipformer-vi-30m-sherpa-onnx-cpu,0.1379,367.16796875,0.09090909090909091,0.021739130434782608,,0.03870877192982456,,eval_data\mixed_vivos\vi_VIVOSDEV09_158_steady_15.wav,,,
vivos/zipformer-vi-30m-sherpa-onnx-cpu,vi-asr-VIVOSDEV09_158-steady-10,ASR,vi,,10.0,steady,zipformer-vi-30m-sherpa-onnx-cpu,0.152,367.171875,0.09090909090909091,0.021739130434782608,,0.042666666666666665,,eval_data\mixed_vivos\vi_VIVOSDEV09_158_steady_10.wav,,,
vivos/zipformer-vi-30m-sherpa-onnx-cpu,vi-asr-VIVOSDEV09_158-steady-5,ASR,vi,,5.0,steady,zipformer-vi-30m-sherpa-onnx-cpu,0.1512,367.1796875,0.18181818181818182,0.043478260869565216,,0.04244210526315789,,eval_data\mixed_vivos\vi_VIVOSDEV09_158_steady_5.wav,,,
vivos/zipformer-vi-30m-sherpa-onnx-cpu,vi-asr-VIVOSDEV09_158-steady-0,ASR,vi,,0.0,steady,zipformer-vi-30m-sherpa-onnx-cpu,0.1389,367.18359375,0.18181818181818182,0.10869565217391304,,0.038989473684210525,,eval_data\mixed_vivos\vi_VIVOSDEV09_158_steady_0.wav,,,
vivos/zipformer-vi-30m-sherpa-onnx-cpu,vi-asr-VIVOSDEV09_158-impulsive-15,ASR,vi,,15.0,impulsive,zipformer-vi-30m-sherpa-onnx-cpu,0.1591,367.1875,0.09090909090909091,0.021739130434782608,,0.04465964912280702,,eval_data\mixed_vivos\vi_VIVOSDEV09_158_impulsive_15.wav,,,
vivos/zipformer-vi-30m-sherpa-onnx-cpu,vi-asr-VIVOSDEV09_158-impulsive-10,ASR,vi,,10.0,impulsive,zipformer-vi-30m-sherpa-onnx-cpu,0.1442,367.19140625,0.09090909090909091,0.021739130434782608,,0.04047719298245614,,eval_data\mixed_vivos\vi_VIVOSDEV09_158_impulsive_10.wav,,,
vivos/zipformer-vi-30m-sherpa-onnx-cpu,vi-asr-VIVOSDEV09_158-impulsive-5,ASR,vi,,5.0,impulsive,zipformer-vi-30m-sherpa-onnx-cpu,0.1407,367.1953125,0.09090909090909091,0.021739130434782608,,0.03949473684210526,,eval_data\mixed_vivos\vi_VIVOSDEV09_158_impulsive_5.wav,,,
vivos/zipformer-vi-30m-sherpa-onnx-cpu,vi-asr-VIVOSDEV09_158-impulsive-0,ASR,vi,,0.0,impulsive,zipformer-vi-30m-sherpa-onnx-cpu,0.1324,367.19921875,0.09090909090909091,0.021739130434782608,,0.037164912280701755,,eval_data\mixed_vivos\vi_VIVOSDEV09_158_impulsive_0.wav,,,
vivos/zipformer-vi-30m-sherpa-onnx-cpu,vi-asr-VIVOSDEV09_203-clean,ASR,vi,,,clean,zipformer-vi-30m-sherpa-onnx-cpu,0.1195,367.203125,0.0,0.0,,0.043454545454545454,,eval_data\mixed_vivos\vi_VIVOSDEV09_203_clean.wav,,,
vivos/zipformer-vi-30m-sherpa-onnx-cpu,vi-asr-VIVOSDEV09_203-steady-15,ASR,vi,,15.0,steady,zipformer-vi-30m-sherpa-onnx-cpu,0.1072,367.203125,0.0,0.0,,0.03898181818181818,,eval_data\mixed_vivos\vi_VIVOSDEV09_203_steady_15.wav,,,
vivos/zipformer-vi-30m-sherpa-onnx-cpu,vi-asr-VIVOSDEV09_203-steady-10,ASR,vi,,10.0,steady,zipformer-vi-30m-sherpa-onnx-cpu,0.0906,367.2109375,0.0,0.0,,0.03294545454545455,,eval_data\mixed_vivos\vi_VIVOSDEV09_203_steady_10.wav,,,
vivos/zipformer-vi-30m-sherpa-onnx-cpu,vi-asr-VIVOSDEV09_203-steady-5,ASR,vi,,5.0,steady,zipformer-vi-30m-sherpa-onnx-cpu,0.1123,367.2109375,0.0,0.0,,0.040836363636363636,,eval_data\mixed_vivos\vi_VIVOSDEV09_203_steady_5.wav,,,
vivos/zipformer-vi-30m-sherpa-onnx-cpu,vi-asr-VIVOSDEV09_203-steady-0,ASR,vi,,0.0,steady,zipformer-vi-30m-sherpa-onnx-cpu,0.101,367.21875,0.0,0.0,,0.036727272727272726,,eval_data\mixed_vivos\vi_VIVOSDEV09_203_steady_0.wav,,,
vivos/zipformer-vi-30m-sherpa-onnx-cpu,vi-asr-VIVOSDEV09_203-impulsive-15,ASR,vi,,15.0,impulsive,zipformer-vi-30m-sherpa-onnx-cpu,0.1192,367.21875,0.0,0.0,,0.04334545454545455,,eval_data\mixed_vivos\vi_VIVOSDEV09_203_impulsive_15.wav,,,
vivos/zipformer-vi-30m-sherpa-onnx-cpu,vi-asr-VIVOSDEV09_203-impulsive-10,ASR,vi,,10.0,impulsive,zipformer-vi-30m-sherpa-onnx-cpu,0.1157,367.21875,0.0,0.0,,0.04207272727272727,,eval_data\mixed_vivos\vi_VIVOSDEV09_203_impulsive_10.wav,,,
vivos/zipformer-vi-30m-sherpa-onnx-cpu,vi-asr-VIVOSDEV09_203-impulsive-5,ASR,vi,,5.0,impulsive,zipformer-vi-30m-sherpa-onnx-cpu,0.0735,367.21875,0.0,0.0,,0.026727272727272725,,eval_data\mixed_vivos\vi_VIVOSDEV09_203_impulsive_5.wav,,,
vivos/zipformer-vi-30m-sherpa-onnx-cpu,vi-asr-VIVOSDEV09_203-impulsive-0,ASR,vi,,0.0,impulsive,zipformer-vi-30m-sherpa-onnx-cpu,0.109,367.21875,0.0,0.0,,0.039636363636363636,,eval_data\mixed_vivos\vi_VIVOSDEV09_203_impulsive_0.wav,,,
vivos/zipformer-vi-30m-sherpa-onnx-cpu,vi-asr-VIVOSDEV09_288-clean,ASR,vi,,,clean,zipformer-vi-30m-sherpa-onnx-cpu,0.1048,367.21875,0.0,0.0,,0.033536,,eval_data\mixed_vivos\vi_VIVOSDEV09_288_clean.wav,,,
vivos/zipformer-vi-30m-sherpa-onnx-cpu,vi-asr-VIVOSDEV09_288-steady-15,ASR,vi,,15.0,steady,zipformer-vi-30m-sherpa-onnx-cpu,0.1151,367.21875,0.0,0.0,,0.036832,,eval_data\mixed_vivos\vi_VIVOSDEV09_288_steady_15.wav,,,
vivos/zipformer-vi-30m-sherpa-onnx-cpu,vi-asr-VIVOSDEV09_288-steady-10,ASR,vi,,10.0,steady,zipformer-vi-30m-sherpa-onnx-cpu,0.1239,367.21875,0.0,0.0,,0.039647999999999996,,eval_data\mixed_vivos\vi_VIVOSDEV09_288_steady_10.wav,,,
vivos/zipformer-vi-30m-sherpa-onnx-cpu,vi-asr-VIVOSDEV09_288-steady-5,ASR,vi,,5.0,steady,zipformer-vi-30m-sherpa-onnx-cpu,0.1177,367.21875,0.0,0.0,,0.037664,,eval_data\mixed_vivos\vi_VIVOSDEV09_288_steady_5.wav,,,
vivos/zipformer-vi-30m-sherpa-onnx-cpu,vi-asr-VIVOSDEV09_288-steady-0,ASR,vi,,0.0,steady,zipformer-vi-30m-sherpa-onnx-cpu,0.1351,367.21875,0.0,0.0,,0.043232,,eval_data\mixed_vivos\vi_VIVOSDEV09_288_steady_0.wav,,,
vivos/zipformer-vi-30m-sherpa-onnx-cpu,vi-asr-VIVOSDEV09_288-impulsive-15,ASR,vi,,15.0,impulsive,zipformer-vi-30m-sherpa-onnx-cpu,0.1238,367.22265625,0.0,0.0,,0.039616,,eval_data\mixed_vivos\vi_VIVOSDEV09_288_impulsive_15.wav,,,
vivos/zipformer-vi-30m-sherpa-onnx-cpu,vi-asr-VIVOSDEV09_288-impulsive-10,ASR,vi,,10.0,impulsive,zipformer-vi-30m-sherpa-onnx-cpu,0.1068,367.22265625,0.0,0.0,,0.034176000000000005,,eval_data\mixed_vivos\vi_VIVOSDEV09_288_impulsive_10.wav,,,
vivos/zipformer-vi-30m-sherpa-onnx-cpu,vi-asr-VIVOSDEV09_288-impulsive-5,ASR,vi,,5.0,impulsive,zipformer-vi-30m-sherpa-onnx-cpu,0.1102,367.22265625,0.0,0.0,,0.035264000000000004,,eval_data\mixed_vivos\vi_VIVOSDEV09_288_impulsive_5.wav,,,
vivos/zipformer-vi-30m-sherpa-onnx-cpu,vi-asr-VIVOSDEV09_288-impulsive-0,ASR,vi,,0.0,impulsive,zipformer-vi-30m-sherpa-onnx-cpu,0.1113,367.22265625,0.0,0.0,,0.035616,,eval_data\mixed_vivos\vi_VIVOSDEV09_288_impulsive_0.wav,,,
vivos/zipformer-vi-30m-sherpa-onnx-cpu,vi-asr-VIVOSDEV10_024-clean,ASR,vi,,,clean,zipformer-vi-30m-sherpa-onnx-cpu,0.0876,367.23046875,0.375,0.20588235294117646,,0.02982127659574468,,eval_data\mixed_vivos\vi_VIVOSDEV10_024_clean.wav,,,
vivos/zipformer-vi-30m-sherpa-onnx-cpu,vi-asr-VIVOSDEV10_024-steady-15,ASR,vi,,15.0,steady,zipformer-vi-30m-sherpa-onnx-cpu,0.1005,367.234375,0.375,0.11764705882352941,,0.03421276595744681,,eval_data\mixed_vivos\vi_VIVOSDEV10_024_steady_15.wav,,,
vivos/zipformer-vi-30m-sherpa-onnx-cpu,vi-asr-VIVOSDEV10_024-steady-10,ASR,vi,,10.0,steady,zipformer-vi-30m-sherpa-onnx-cpu,0.1255,367.23828125,0.375,0.11764705882352941,,0.04272340425531915,,eval_data\mixed_vivos\vi_VIVOSDEV10_024_steady_10.wav,,,
vivos/zipformer-vi-30m-sherpa-onnx-cpu,vi-asr-VIVOSDEV10_024-steady-5,ASR,vi,,5.0,steady,zipformer-vi-30m-sherpa-onnx-cpu,0.1171,367.23828125,0.5,0.17647058823529413,,0.03986382978723404,,eval_data\mixed_vivos\vi_VIVOSDEV10_024_steady_5.wav,,,
vivos/zipformer-vi-30m-sherpa-onnx-cpu,vi-asr-VIVOSDEV10_024-steady-0,ASR,vi,,0.0,steady,zipformer-vi-30m-sherpa-onnx-cpu,0.126,367.23828125,0.5,0.20588235294117646,,0.042893617021276594,,eval_data\mixed_vivos\vi_VIVOSDEV10_024_steady_0.wav,,,
vivos/zipformer-vi-30m-sherpa-onnx-cpu,vi-asr-VIVOSDEV10_024-impulsive-15,ASR,vi,,15.0,impulsive,zipformer-vi-30m-sherpa-onnx-cpu,0.1316,367.23828125,0.375,0.14705882352941177,,0.0448,,eval_data\mixed_vivos\vi_VIVOSDEV10_024_impulsive_15.wav,,,
vivos/zipformer-vi-30m-sherpa-onnx-cpu,vi-asr-VIVOSDEV10_024-impulsive-10,ASR,vi,,10.0,impulsive,zipformer-vi-30m-sherpa-onnx-cpu,0.1325,367.2421875,0.375,0.14705882352941177,,0.04510638297872341,,eval_data\mixed_vivos\vi_VIVOSDEV10_024_impulsive_10.wav,,,
vivos/zipformer-vi-30m-sherpa-onnx-cpu,vi-asr-VIVOSDEV10_024-impulsive-5,ASR,vi,,5.0,impulsive,zipformer-vi-30m-sherpa-onnx-cpu,0.1529,367.24609375,0.375,0.14705882352941177,,0.052051063829787234,,eval_data\mixed_vivos\vi_VIVOSDEV10_024_impulsive_5.wav,,,
vivos/zipformer-vi-30m-sherpa-onnx-cpu,vi-asr-VIVOSDEV10_024-impulsive-0,ASR,vi,,0.0,impulsive,zipformer-vi-30m-sherpa-onnx-cpu,0.1012,367.25,0.375,0.14705882352941177,,0.034451063829787236,,eval_data\mixed_vivos\vi_VIVOSDEV10_024_impulsive_0.wav,,,
vivos/zipformer-vi-30m-sherpa-onnx-cpu,vi-asr-VIVOSDEV10_072-clean,ASR,vi,,,clean,zipformer-vi-30m-sherpa-onnx-cpu,0.2321,367.25,0.3333333333333333,0.19642857142857142,,0.05193846153846154,,eval_data\mixed_vivos\vi_VIVOSDEV10_072_clean.wav,,,
vivos/zipformer-vi-30m-sherpa-onnx-cpu,vi-asr-VIVOSDEV10_072-steady-15,ASR,vi,,15.0,steady,zipformer-vi-30m-sherpa-onnx-cpu,0.1728,367.26171875,0.0,0.0,,0.03866853146853147,,eval_data\mixed_vivos\vi_VIVOSDEV10_072_steady_15.wav,,,
vivos/zipformer-vi-30m-sherpa-onnx-cpu,vi-asr-VIVOSDEV10_072-steady-10,ASR,vi,,10.0,steady,zipformer-vi-30m-sherpa-onnx-cpu,0.1628,367.26171875,0.0,0.0,,0.03643076923076923,,eval_data\mixed_vivos\vi_VIVOSDEV10_072_steady_10.wav,,,
vivos/zipformer-vi-30m-sherpa-onnx-cpu,vi-asr-VIVOSDEV10_072-steady-5,ASR,vi,,5.0,steady,zipformer-vi-30m-sherpa-onnx-cpu,0.1746,367.26171875,0.0,0.0,,0.039071328671328676,,eval_data\mixed_vivos\vi_VIVOSDEV10_072_steady_5.wav,,,
vivos/zipformer-vi-30m-sherpa-onnx-cpu,vi-asr-VIVOSDEV10_072-steady-0,ASR,vi,,0.0,steady,zipformer-vi-30m-sherpa-onnx-cpu,0.1791,367.26171875,0.08333333333333333,0.07142857142857142,,0.040078321678321684,,eval_data\mixed_vivos\vi_VIVOSDEV10_072_steady_0.wav,,,
vivos/zipformer-vi-30m-sherpa-onnx-cpu,vi-asr-VIVOSDEV10_072-impulsive-15,ASR,vi,,15.0,impulsive,zipformer-vi-30m-sherpa-onnx-cpu,0.1996,367.265625,0.3333333333333333,0.19642857142857142,,0.044665734265734267,,eval_data\mixed_vivos\vi_VIVOSDEV10_072_impulsive_15.wav,,,
vivos/zipformer-vi-30m-sherpa-onnx-cpu,vi-asr-VIVOSDEV10_072-impulsive-10,ASR,vi,,10.0,impulsive,zipformer-vi-30m-sherpa-onnx-cpu,0.1753,367.26953125,0.3333333333333333,0.19642857142857142,,0.03922797202797203,,eval_data\mixed_vivos\vi_VIVOSDEV10_072_impulsive_10.wav,,,
vivos/zipformer-vi-30m-sherpa-onnx-cpu,vi-asr-VIVOSDEV10_072-impulsive-5,ASR,vi,,5.0,impulsive,zipformer-vi-30m-sherpa-onnx-cpu,0.1808,367.2734375,0.08333333333333333,0.08928571428571429,,0.04045874125874126,,eval_data\mixed_vivos\vi_VIVOSDEV10_072_impulsive_5.wav,,,
vivos/zipformer-vi-30m-sherpa-onnx-cpu,vi-asr-VIVOSDEV10_072-impulsive-0,ASR,vi,,0.0,impulsive,zipformer-vi-30m-sherpa-onnx-cpu,0.1708,367.27734375,0.08333333333333333,0.08928571428571429,,0.03822097902097902,,eval_data\mixed_vivos\vi_VIVOSDEV10_072_impulsive_0.wav,,,
vivos/zipformer-vi-30m-sherpa-onnx-cpu,vi-asr-VIVOSDEV10_156-clean,ASR,vi,,,clean,zipformer-vi-30m-sherpa-onnx-cpu,0.2192,367.86328125,0.2857142857142857,0.08064516129032258,,0.039854545454545455,,eval_data\mixed_vivos\vi_VIVOSDEV10_156_clean.wav,,,
vivos/zipformer-vi-30m-sherpa-onnx-cpu,vi-asr-VIVOSDEV10_156-steady-15,ASR,vi,,15.0,steady,zipformer-vi-30m-sherpa-onnx-cpu,0.2491,402.5859375,0.21428571428571427,0.06451612903225806,,0.04529090909090909,,eval_data\mixed_vivos\vi_VIVOSDEV10_156_steady_15.wav,,,
vivos/zipformer-vi-30m-sherpa-onnx-cpu,vi-asr-VIVOSDEV10_156-steady-10,ASR,vi,,10.0,steady,zipformer-vi-30m-sherpa-onnx-cpu,0.1981,402.58984375,0.14285714285714285,0.04838709677419355,,0.03601818181818182,,eval_data\mixed_vivos\vi_VIVOSDEV10_156_steady_10.wav,,,
vivos/zipformer-vi-30m-sherpa-onnx-cpu,vi-asr-VIVOSDEV10_156-steady-5,ASR,vi,,5.0,steady,zipformer-vi-30m-sherpa-onnx-cpu,0.2095,402.59375,0.14285714285714285,0.03225806451612903,,0.03809090909090909,,eval_data\mixed_vivos\vi_VIVOSDEV10_156_steady_5.wav,,,
vivos/zipformer-vi-30m-sherpa-onnx-cpu,vi-asr-VIVOSDEV10_156-steady-0,ASR,vi,,0.0,steady,zipformer-vi-30m-sherpa-onnx-cpu,0.2217,402.59375,0.14285714285714285,0.03225806451612903,,0.04030909090909091,,eval_data\mixed_vivos\vi_VIVOSDEV10_156_steady_0.wav,,,
vivos/zipformer-vi-30m-sherpa-onnx-cpu,vi-asr-VIVOSDEV10_156-impulsive-15,ASR,vi,,15.0,impulsive,zipformer-vi-30m-sherpa-onnx-cpu,0.2124,402.59765625,0.14285714285714285,0.04838709677419355,,0.03861818181818182,,eval_data\mixed_vivos\vi_VIVOSDEV10_156_impulsive_15.wav,,,
vivos/zipformer-vi-30m-sherpa-onnx-cpu,vi-asr-VIVOSDEV10_156-impulsive-10,ASR,vi,,10.0,impulsive,zipformer-vi-30m-sherpa-onnx-cpu,0.2469,402.6015625,0.14285714285714285,0.04838709677419355,,0.04489090909090909,,eval_data\mixed_vivos\vi_VIVOSDEV10_156_impulsive_10.wav,,,
vivos/zipformer-vi-30m-sherpa-onnx-cpu,vi-asr-VIVOSDEV10_156-impulsive-5,ASR,vi,,5.0,impulsive,zipformer-vi-30m-sherpa-onnx-cpu,0.2478,402.60546875,0.14285714285714285,0.04838709677419355,,0.04505454545454545,,eval_data\mixed_vivos\vi_VIVOSDEV10_156_impulsive_5.wav,,,
vivos/zipformer-vi-30m-sherpa-onnx-cpu,vi-asr-VIVOSDEV10_156-impulsive-0,ASR,vi,,0.0,impulsive,zipformer-vi-30m-sherpa-onnx-cpu,0.263,402.609375,0.14285714285714285,0.04838709677419355,,0.04781818181818182,,eval_data\mixed_vivos\vi_VIVOSDEV10_156_impulsive_0.wav,,,
vivos/zipformer-vi-30m-sherpa-onnx-cpu,vi-asr-VIVOSDEV10_212-clean,ASR,vi,,,clean,zipformer-vi-30m-sherpa-onnx-cpu,0.0567,402.61328125,0.0,0.0,,0.02835,,eval_data\mixed_vivos\vi_VIVOSDEV10_212_clean.wav,,,
vivos/zipformer-vi-30m-sherpa-onnx-cpu,vi-asr-VIVOSDEV10_212-steady-15,ASR,vi,,15.0,steady,zipformer-vi-30m-sherpa-onnx-cpu,0.089,402.625,0.0,0.0,,0.0445,,eval_data\mixed_vivos\vi_VIVOSDEV10_212_steady_15.wav,,,
vivos/zipformer-vi-30m-sherpa-onnx-cpu,vi-asr-VIVOSDEV10_212-steady-10,ASR,vi,,10.0,steady,zipformer-vi-30m-sherpa-onnx-cpu,0.0879,402.625,0.0,0.0,,0.04395,,eval_data\mixed_vivos\vi_VIVOSDEV10_212_steady_10.wav,,,
vivos/zipformer-vi-30m-sherpa-onnx-cpu,vi-asr-VIVOSDEV10_212-steady-5,ASR,vi,,5.0,steady,zipformer-vi-30m-sherpa-onnx-cpu,0.0664,402.62890625,0.0,0.0,,0.0332,,eval_data\mixed_vivos\vi_VIVOSDEV10_212_steady_5.wav,,,
vivos/zipformer-vi-30m-sherpa-onnx-cpu,vi-asr-VIVOSDEV10_212-steady-0,ASR,vi,,0.0,steady,zipformer-vi-30m-sherpa-onnx-cpu,0.112,402.62890625,0.0,0.0,,0.056,,eval_data\mixed_vivos\vi_VIVOSDEV10_212_steady_0.wav,,,
vivos/zipformer-vi-30m-sherpa-onnx-cpu,vi-asr-VIVOSDEV10_212-impulsive-15,ASR,vi,,15.0,impulsive,zipformer-vi-30m-sherpa-onnx-cpu,0.0986,402.62890625,0.0,0.0,,0.0493,,eval_data\mixed_vivos\vi_VIVOSDEV10_212_impulsive_15.wav,,,
vivos/zipformer-vi-30m-sherpa-onnx-cpu,vi-asr-VIVOSDEV10_212-impulsive-10,ASR,vi,,10.0,impulsive,zipformer-vi-30m-sherpa-onnx-cpu,0.0639,402.6328125,0.0,0.0,,0.03195,,eval_data\mixed_vivos\vi_VIVOSDEV10_212_impulsive_10.wav,,,
vivos/zipformer-vi-30m-sherpa-onnx-cpu,vi-asr-VIVOSDEV10_212-impulsive-5,ASR,vi,,5.0,impulsive,zipformer-vi-30m-sherpa-onnx-cpu,0.0823,402.63671875,0.0,0.0,,0.04115,,eval_data\mixed_vivos\vi_VIVOSDEV10_212_impulsive_5.wav,,,
vivos/zipformer-vi-30m-sherpa-onnx-cpu,vi-asr-VIVOSDEV10_212-impulsive-0,ASR,vi,,0.0,impulsive,zipformer-vi-30m-sherpa-onnx-cpu,0.0955,402.63671875,0.0,0.0,,0.04775,,eval_data\mixed_vivos\vi_VIVOSDEV10_212_impulsive_0.wav,,,
vivos/zipformer-vi-30m-sherpa-onnx-cpu,vi-asr-VIVOSDEV10_262-clean,ASR,vi,,,clean,zipformer-vi-30m-sherpa-onnx-cpu,0.138,402.63671875,0.7142857142857143,0.21428571428571427,,0.05018181818181819,,eval_data\mixed_vivos\vi_VIVOSDEV10_262_clean.wav,,,
vivos/zipformer-vi-30m-sherpa-onnx-cpu,vi-asr-VIVOSDEV10_262-steady-15,ASR,vi,,15.0,steady,zipformer-vi-30m-sherpa-onnx-cpu,0.1137,402.63671875,0.7142857142857143,0.21428571428571427,,0.041345454545454546,,eval_data\mixed_vivos\vi_VIVOSDEV10_262_steady_15.wav,,,
vivos/zipformer-vi-30m-sherpa-onnx-cpu,vi-asr-VIVOSDEV10_262-steady-10,ASR,vi,,10.0,steady,zipformer-vi-30m-sherpa-onnx-cpu,0.1009,402.63671875,0.5714285714285714,0.21428571428571427,,0.036690909090909093,,eval_data\mixed_vivos\vi_VIVOSDEV10_262_steady_10.wav,,,
vivos/zipformer-vi-30m-sherpa-onnx-cpu,vi-asr-VIVOSDEV10_262-steady-5,ASR,vi,,5.0,steady,zipformer-vi-30m-sherpa-onnx-cpu,0.1185,402.63671875,0.5714285714285714,0.21428571428571427,,0.04309090909090909,,eval_data\mixed_vivos\vi_VIVOSDEV10_262_steady_5.wav,,,
vivos/zipformer-vi-30m-sherpa-onnx-cpu,vi-asr-VIVOSDEV10_262-steady-0,ASR,vi,,0.0,steady,zipformer-vi-30m-sherpa-onnx-cpu,0.1195,402.63671875,0.5714285714285714,0.25,,0.043454545454545454,,eval_data\mixed_vivos\vi_VIVOSDEV10_262_steady_0.wav,,,
vivos/zipformer-vi-30m-sherpa-onnx-cpu,vi-asr-VIVOSDEV10_262-impulsive-15,ASR,vi,,15.0,impulsive,zipformer-vi-30m-sherpa-onnx-cpu,0.0947,402.63671875,0.7142857142857143,0.21428571428571427,,0.03443636363636364,,eval_data\mixed_vivos\vi_VIVOSDEV10_262_impulsive_15.wav,,,
vivos/zipformer-vi-30m-sherpa-onnx-cpu,vi-asr-VIVOSDEV10_262-impulsive-10,ASR,vi,,10.0,impulsive,zipformer-vi-30m-sherpa-onnx-cpu,0.0872,402.63671875,0.7142857142857143,0.21428571428571427,,0.03170909090909091,,eval_data\mixed_vivos\vi_VIVOSDEV10_262_impulsive_10.wav,,,
vivos/zipformer-vi-30m-sherpa-onnx-cpu,vi-asr-VIVOSDEV10_262-impulsive-5,ASR,vi,,5.0,impulsive,zipformer-vi-30m-sherpa-onnx-cpu,0.1134,402.63671875,0.7142857142857143,0.21428571428571427,,0.041236363636363634,,eval_data\mixed_vivos\vi_VIVOSDEV10_262_impulsive_5.wav,,,
vivos/zipformer-vi-30m-sherpa-onnx-cpu,vi-asr-VIVOSDEV10_262-impulsive-0,ASR,vi,,0.0,impulsive,zipformer-vi-30m-sherpa-onnx-cpu,0.111,402.63671875,0.7142857142857143,0.21428571428571427,,0.040363636363636365,,eval_data\mixed_vivos\vi_VIVOSDEV10_262_impulsive_0.wav,,,
vivos/zipformer-vi-30m-sherpa-onnx-cpu,vi-asr-VIVOSDEV11_038-clean,ASR,vi,,,clean,zipformer-vi-30m-sherpa-onnx-cpu,0.0968,402.63671875,0.0,0.0,,0.04185945945945946,,eval_data\mixed_vivos\vi_VIVOSDEV11_038_clean.wav,,,
vivos/zipformer-vi-30m-sherpa-onnx-cpu,vi-asr-VIVOSDEV11_038-steady-15,ASR,vi,,15.0,steady,zipformer-vi-30m-sherpa-onnx-cpu,0.0865,402.63671875,0.0,0.0,,0.0374054054054054,,eval_data\mixed_vivos\vi_VIVOSDEV11_038_steady_15.wav,,,
vivos/zipformer-vi-30m-sherpa-onnx-cpu,vi-asr-VIVOSDEV11_038-steady-10,ASR,vi,,10.0,steady,zipformer-vi-30m-sherpa-onnx-cpu,0.087,402.63671875,0.0,0.0,,0.037621621621621616,,eval_data\mixed_vivos\vi_VIVOSDEV11_038_steady_10.wav,,,
vivos/zipformer-vi-30m-sherpa-onnx-cpu,vi-asr-VIVOSDEV11_038-steady-5,ASR,vi,,5.0,steady,zipformer-vi-30m-sherpa-onnx-cpu,0.0708,402.63671875,0.0,0.0,,0.030616216216216217,,eval_data\mixed_vivos\vi_VIVOSDEV11_038_steady_5.wav,,,
vivos/zipformer-vi-30m-sherpa-onnx-cpu,vi-asr-VIVOSDEV11_038-steady-0,ASR,vi,,0.0,steady,zipformer-vi-30m-sherpa-onnx-cpu,0.0867,402.63671875,0.0,0.0,,0.03749189189189189,,eval_data\mixed_vivos\vi_VIVOSDEV11_038_steady_0.wav,,,
vivos/zipformer-vi-30m-sherpa-onnx-cpu,vi-asr-VIVOSDEV11_038-impulsive-15,ASR,vi,,15.0,impulsive,zipformer-vi-30m-sherpa-onnx-cpu,0.1132,402.63671875,0.0,0.0,,0.04895135135135135,,eval_data\mixed_vivos\vi_VIVOSDEV11_038_impulsive_15.wav,,,
vivos/zipformer-vi-30m-sherpa-onnx-cpu,vi-asr-VIVOSDEV11_038-impulsive-10,ASR,vi,,10.0,impulsive,zipformer-vi-30m-sherpa-onnx-cpu,0.1262,402.63671875,0.0,0.0,,0.05457297297297298,,eval_data\mixed_vivos\vi_VIVOSDEV11_038_impulsive_10.wav,,,
vivos/zipformer-vi-30m-sherpa-onnx-cpu,vi-asr-VIVOSDEV11_038-impulsive-5,ASR,vi,,5.0,impulsive,zipformer-vi-30m-sherpa-onnx-cpu,0.0954,402.63671875,0.0,0.0,,0.04125405405405405,,eval_data\mixed_vivos\vi_VIVOSDEV11_038_impulsive_5.wav,,,
vivos/zipformer-vi-30m-sherpa-onnx-cpu,vi-asr-VIVOSDEV11_038-impulsive-0,ASR,vi,,0.0,impulsive,zipformer-vi-30m-sherpa-onnx-cpu,0.0879,402.63671875,0.0,0.0,,0.03801081081081081,,eval_data\mixed_vivos\vi_VIVOSDEV11_038_impulsive_0.wav,,,
vivos/zipformer-vi-30m-sherpa-onnx-cpu,vi-asr-VIVOSDEV11_079-clean,ASR,vi,,,clean,zipformer-vi-30m-sherpa-onnx-cpu,0.1371,402.63671875,0.09090909090909091,0.020833333333333332,,0.03848421052631579,,eval_data\mixed_vivos\vi_VIVOSDEV11_079_clean.wav,,,
vivos/zipformer-vi-30m-sherpa-onnx-cpu,vi-asr-VIVOSDEV11_079-steady-15,ASR,vi,,15.0,steady,zipformer-vi-30m-sherpa-onnx-cpu,0.1789,402.63671875,0.09090909090909091,0.020833333333333332,,0.050217543859649126,,eval_data\mixed_vivos\vi_VIVOSDEV11_079_steady_15.wav,,,
vivos/zipformer-vi-30m-sherpa-onnx-cpu,vi-asr-VIVOSDEV11_079-steady-10,ASR,vi,,10.0,steady,zipformer-vi-30m-sherpa-onnx-cpu,0.1722,402.63671875,0.09090909090909091,0.020833333333333332,,0.04833684210526316,,eval_data\mixed_vivos\vi_VIVOSDEV11_079_steady_10.wav,,,
vivos/zipformer-vi-30m-sherpa-onnx-cpu,vi-asr-VIVOSDEV11_079-steady-5,ASR,vi,,5.0,steady,zipformer-vi-30m-sherpa-onnx-cpu,0.1064,402.63671875,0.09090909090909091,0.020833333333333332,,0.029866666666666666,,eval_data\mixed_vivos\vi_VIVOSDEV11_079_steady_5.wav,,,
vivos/zipformer-vi-30m-sherpa-onnx-cpu,vi-asr-VIVOSDEV11_079-steady-0,ASR,vi,,0.0,steady,zipformer-vi-30m-sherpa-onnx-cpu,0.1837,402.63671875,0.09090909090909091,0.020833333333333332,,0.05156491228070176,,eval_data\mixed_vivos\vi_VIVOSDEV11_079_steady_0.wav,,,
vivos/zipformer-vi-30m-sherpa-onnx-cpu,vi-asr-VIVOSDEV11_079-impulsive-15,ASR,vi,,15.0,impulsive,zipformer-vi-30m-sherpa-onnx-cpu,0.1517,402.63671875,0.09090909090909091,0.020833333333333332,,0.042582456140350874,,eval_data\mixed_vivos\vi_VIVOSDEV11_079_impulsive_15.wav,,,
vivos/zipformer-vi-30m-sherpa-onnx-cpu,vi-asr-VIVOSDEV11_079-impulsive-10,ASR,vi,,10.0,impulsive,zipformer-vi-30m-sherpa-onnx-cpu,0.1583,402.63671875,0.09090909090909091,0.020833333333333332,,0.044435087719298244,,eval_data\mixed_vivos\vi_VIVOSDEV11_079_impulsive_10.wav,,,
vivos/zipformer-vi-30m-sherpa-onnx-cpu,vi-asr-VIVOSDEV11_079-impulsive-5,ASR,vi,,5.0,impulsive,zipformer-vi-30m-sherpa-onnx-cpu,0.1601,402.63671875,0.09090909090909091,0.020833333333333332,,0.04494035087719298,,eval_data\mixed_vivos\vi_VIVOSDEV11_079_impulsive_5.wav,,,
vivos/zipformer-vi-30m-sherpa-onnx-cpu,vi-asr-VIVOSDEV11_079-impulsive-0,ASR,vi,,0.0,impulsive,zipformer-vi-30m-sherpa-onnx-cpu,0.149,402.63671875,0.09090909090909091,0.020833333333333332,,0.04182456140350877,,eval_data\mixed_vivos\vi_VIVOSDEV11_079_impulsive_0.wav,,,
vivos/zipformer-vi-30m-sherpa-onnx-cpu,vi-asr-VIVOSDEV11_136-clean,ASR,vi,,,clean,zipformer-vi-30m-sherpa-onnx-cpu,0.2166,402.69921875,0.0,0.0,,0.046208,,eval_data\mixed_vivos\vi_VIVOSDEV11_136_clean.wav,,,
vivos/zipformer-vi-30m-sherpa-onnx-cpu,vi-asr-VIVOSDEV11_136-steady-15,ASR,vi,,15.0,steady,zipformer-vi-30m-sherpa-onnx-cpu,0.1854,402.703125,0.0,0.0,,0.039552000000000004,,eval_data\mixed_vivos\vi_VIVOSDEV11_136_steady_15.wav,,,
vivos/zipformer-vi-30m-sherpa-onnx-cpu,vi-asr-VIVOSDEV11_136-steady-10,ASR,vi,,10.0,steady,zipformer-vi-30m-sherpa-onnx-cpu,0.1783,402.703125,0.0,0.0,,0.03803733333333333,,eval_data\mixed_vivos\vi_VIVOSDEV11_136_steady_10.wav,,,
vivos/zipformer-vi-30m-sherpa-onnx-cpu,vi-asr-VIVOSDEV11_136-steady-5,ASR,vi,,5.0,steady,zipformer-vi-30m-sherpa-onnx-cpu,0.1965,402.703125,0.0,0.0,,0.04192,,eval_data\mixed_vivos\vi_VIVOSDEV11_136_steady_5.wav,,,
vivos/zipformer-vi-30m-sherpa-onnx-cpu,vi-asr-VIVOSDEV11_136-steady-0,ASR,vi,,0.0,steady,zipformer-vi-30m-sherpa-onnx-cpu,0.1553,402.703125,0.0,0.0,,0.03313066666666666,,eval_data\mixed_vivos\vi_VIVOSDEV11_136_steady_0.wav,,,
vivos/zipformer-vi-30m-sherpa-onnx-cpu,vi-asr-VIVOSDEV11_136-impulsive-15,ASR,vi,,15.0,impulsive,zipformer-vi-30m-sherpa-onnx-cpu,0.175,402.70703125,0.0,0.0,,0.03733333333333333,,eval_data\mixed_vivos\vi_VIVOSDEV11_136_impulsive_15.wav,,,
vivos/zipformer-vi-30m-sherpa-onnx-cpu,vi-asr-VIVOSDEV11_136-impulsive-10,ASR,vi,,10.0,impulsive,zipformer-vi-30m-sherpa-onnx-cpu,0.2243,402.7109375,0.0,0.0,,0.047850666666666666,,eval_data\mixed_vivos\vi_VIVOSDEV11_136_impulsive_10.wav,,,
vivos/zipformer-vi-30m-sherpa-onnx-cpu,vi-asr-VIVOSDEV11_136-impulsive-5,ASR,vi,,5.0,impulsive,zipformer-vi-30m-sherpa-onnx-cpu,0.2187,402.7109375,0.0,0.0,,0.046656,,eval_data\mixed_vivos\vi_VIVOSDEV11_136_impulsive_5.wav,,,
vivos/zipformer-vi-30m-sherpa-onnx-cpu,vi-asr-VIVOSDEV11_136-impulsive-0,ASR,vi,,0.0,impulsive,zipformer-vi-30m-sherpa-onnx-cpu,0.1706,402.7109375,0.0,0.0,,0.036394666666666665,,eval_data\mixed_vivos\vi_VIVOSDEV11_136_impulsive_0.wav,,,
vivos/zipformer-vi-30m-sherpa-onnx-cpu,vi-asr-VIVOSDEV11_200-clean,ASR,vi,,,clean,zipformer-vi-30m-sherpa-onnx-cpu,0.1118,402.7109375,0.0,0.0,,0.0503887323943662,,eval_data\mixed_vivos\vi_VIVOSDEV11_200_clean.wav,,,
vivos/zipformer-vi-30m-sherpa-onnx-cpu,vi-asr-VIVOSDEV11_200-steady-15,ASR,vi,,15.0,steady,zipformer-vi-30m-sherpa-onnx-cpu,0.0993,402.71484375,0.0,0.0,,0.04475492957746479,,eval_data\mixed_vivos\vi_VIVOSDEV11_200_steady_15.wav,,,
vivos/zipformer-vi-30m-sherpa-onnx-cpu,vi-asr-VIVOSDEV11_200-steady-10,ASR,vi,,10.0,steady,zipformer-vi-30m-sherpa-onnx-cpu,0.0916,402.71484375,0.0,0.0,,0.04128450704225352,,eval_data\mixed_vivos\vi_VIVOSDEV11_200_steady_10.wav,,,
vivos/zipformer-vi-30m-sherpa-onnx-cpu,vi-asr-VIVOSDEV11_200-steady-5,ASR,vi,,5.0,steady,zipformer-vi-30m-sherpa-onnx-cpu,0.0907,402.71875,0.0,0.0,,0.04087887323943662,,eval_data\mixed_vivos\vi_VIVOSDEV11_200_steady_5.wav,,,
vivos/zipformer-vi-30m-sherpa-onnx-cpu,vi-asr-VIVOSDEV11_200-steady-0,ASR,vi,,0.0,steady,zipformer-vi-30m-sherpa-onnx-cpu,0.0792,402.71875,0.0,0.0,,0.03569577464788733,,eval_data\mixed_vivos\vi_VIVOSDEV11_200_steady_0.wav,,,
vivos/zipformer-vi-30m-sherpa-onnx-cpu,vi-asr-VIVOSDEV11_200-impulsive-15,ASR,vi,,15.0,impulsive,zipformer-vi-30m-sherpa-onnx-cpu,0.0988,402.71875,0.0,0.0,,0.04452957746478873,,eval_data\mixed_vivos\vi_VIVOSDEV11_200_impulsive_15.wav,,,
vivos/zipformer-vi-30m-sherpa-onnx-cpu,vi-asr-VIVOSDEV11_200-impulsive-10,ASR,vi,,10.0,impulsive,zipformer-vi-30m-sherpa-onnx-cpu,0.0926,402.73046875,0.0,0.0,,0.04173521126760563,,eval_data\mixed_vivos\vi_VIVOSDEV11_200_impulsive_10.wav,,,
vivos/zipformer-vi-30m-sherpa-onnx-cpu,vi-asr-VIVOSDEV11_200-impulsive-5,ASR,vi,,5.0,impulsive,zipformer-vi-30m-sherpa-onnx-cpu,0.0756,402.73046875,0.0,0.0,,0.03407323943661972,,eval_data\mixed_vivos\vi_VIVOSDEV11_200_impulsive_5.wav,,,
vivos/zipformer-vi-30m-sherpa-onnx-cpu,vi-asr-VIVOSDEV11_200-impulsive-0,ASR,vi,,0.0,impulsive,zipformer-vi-30m-sherpa-onnx-cpu,0.0909,402.73046875,0.0,0.0,,0.04096901408450704,,eval_data\mixed_vivos\vi_VIVOSDEV11_200_impulsive_0.wav,,,
vivos/zipformer-vi-30m-sherpa-onnx-cpu,vi-asr-VIVOSDEV11_274-clean,ASR,vi,,,clean,zipformer-vi-30m-sherpa-onnx-cpu,0.1229,402.734375,0.0,0.0,,0.04054432989690721,,eval_data\mixed_vivos\vi_VIVOSDEV11_274_clean.wav,,,
vivos/zipformer-vi-30m-sherpa-onnx-cpu,vi-asr-VIVOSDEV11_274-steady-15,ASR,vi,,15.0,steady,zipformer-vi-30m-sherpa-onnx-cpu,0.1377,402.73828125,0.0,0.0,,0.045426804123711334,,eval_data\mixed_vivos\vi_VIVOSDEV11_274_steady_15.wav,,,
vivos/zipformer-vi-30m-sherpa-onnx-cpu,vi-asr-VIVOSDEV11_274-steady-10,ASR,vi,,10.0,steady,zipformer-vi-30m-sherpa-onnx-cpu,0.1006,402.73828125,0.0,0.0,,0.03318762886597938,,eval_data\mixed_vivos\vi_VIVOSDEV11_274_steady_10.wav,,,
vivos/zipformer-vi-30m-sherpa-onnx-cpu,vi-asr-VIVOSDEV11_274-steady-5,ASR,vi,,5.0,steady,zipformer-vi-30m-sherpa-onnx-cpu,0.0925,402.7421875,0.0,0.0,,0.030515463917525774,,eval_data\mixed_vivos\vi_VIVOSDEV11_274_steady_5.wav,,,
vivos/zipformer-vi-30m-sherpa-onnx-cpu,vi-asr-VIVOSDEV11_274-steady-0,ASR,vi,,0.0,steady,zipformer-vi-30m-sherpa-onnx-cpu,0.1151,402.7421875,0.0,0.0,,0.03797113402061855,,eval_data\mixed_vivos\vi_VIVOSDEV11_274_steady_0.wav,,,
vivos/zipformer-vi-30m-sherpa-onnx-cpu,vi-asr-VIVOSDEV11_274-impulsive-15,ASR,vi,,15.0,impulsive,zipformer-vi-30m-sherpa-onnx-cpu,0.1605,402.7421875,0.0,0.0,,0.052948453608247424,,eval_data\mixed_vivos\vi_VIVOSDEV11_274_impulsive_15.wav,,,
vivos/zipformer-vi-30m-sherpa-onnx-cpu,vi-asr-VIVOSDEV11_274-impulsive-10,ASR,vi,,10.0,impulsive,zipformer-vi-30m-sherpa-onnx-cpu,0.0943,402.75,0.0,0.0,,0.03110927835051546,,eval_data\mixed_vivos\vi_VIVOSDEV11_274_impulsive_10.wav,,,
vivos/zipformer-vi-30m-sherpa-onnx-cpu,vi-asr-VIVOSDEV11_274-impulsive-5,ASR,vi,,5.0,impulsive,zipformer-vi-30m-sherpa-onnx-cpu,0.1148,402.76171875,0.0,0.0,,0.03787216494845361,,eval_data\mixed_vivos\vi_VIVOSDEV11_274_impulsive_5.wav,,,
vivos/zipformer-vi-30m-sherpa-onnx-cpu,vi-asr-VIVOSDEV11_274-impulsive-0,ASR,vi,,0.0,impulsive,zipformer-vi-30m-sherpa-onnx-cpu,0.0927,402.76171875,0.0,0.0,,0.030581443298969075,,eval_data\mixed_vivos\vi_VIVOSDEV11_274_impulsive_0.wav,,,
vivos/zipformer-vi-30m-sherpa-onnx-cpu,vi-asr-VIVOSDEV12_054-clean,ASR,vi,,,clean,zipformer-vi-30m-sherpa-onnx-cpu,0.2163,402.76171875,0.0,0.0,,0.044369230769230765,,eval_data\mixed_vivos\vi_VIVOSDEV12_054_clean.wav,,,
vivos/zipformer-vi-30m-sherpa-onnx-cpu,vi-asr-VIVOSDEV12_054-steady-15,ASR,vi,,15.0,steady,zipformer-vi-30m-sherpa-onnx-cpu,0.1682,402.9921875,0.0,0.0,,0.0345025641025641,,eval_data\mixed_vivos\vi_VIVOSDEV12_054_steady_15.wav,,,
vivos/zipformer-vi-30m-sherpa-onnx-cpu,vi-asr-VIVOSDEV12_054-steady-10,ASR,vi,,10.0,steady,zipformer-vi-30m-sherpa-onnx-cpu,0.2048,403.0,0.0,0.0,,0.042010256410256415,,eval_data\mixed_vivos\vi_VIVOSDEV12_054_steady_10.wav,,,
vivos/zipformer-vi-30m-sherpa-onnx-cpu,vi-asr-VIVOSDEV12_054-steady-5,ASR,vi,,5.0,steady,zipformer-vi-30m-sherpa-onnx-cpu,0.1867,403.0,0.0,0.0,,0.0382974358974359,,eval_data\mixed_vivos\vi_VIVOSDEV12_054_steady_5.wav,,,
vivos/zipformer-vi-30m-sherpa-onnx-cpu,vi-asr-VIVOSDEV12_054-steady-0,ASR,vi,,0.0,steady,zipformer-vi-30m-sherpa-onnx-cpu,0.1599,403.0,0.0,0.0,,0.032799999999999996,,eval_data\mixed_vivos\vi_VIVOSDEV12_054_steady_0.wav,,,
vivos/zipformer-vi-30m-sherpa-onnx-cpu,vi-asr-VIVOSDEV12_054-impulsive-15,ASR,vi,,15.0,impulsive,zipformer-vi-30m-sherpa-onnx-cpu,0.2294,403.00390625,0.0,0.0,,0.047056410256410254,,eval_data\mixed_vivos\vi_VIVOSDEV12_054_impulsive_15.wav,,,
vivos/zipformer-vi-30m-sherpa-onnx-cpu,vi-asr-VIVOSDEV12_054-impulsive-10,ASR,vi,,10.0,impulsive,zipformer-vi-30m-sherpa-onnx-cpu,0.2011,403.00390625,0.0,0.0,,0.04125128205128205,,eval_data\mixed_vivos\vi_VIVOSDEV12_054_impulsive_10.wav,,,
vivos/zipformer-vi-30m-sherpa-onnx-cpu,vi-asr-VIVOSDEV12_054-impulsive-5,ASR,vi,,5.0,impulsive,zipformer-vi-30m-sherpa-onnx-cpu,0.1951,403.00390625,0.0,0.0,,0.04002051282051282,,eval_data\mixed_vivos\vi_VIVOSDEV12_054_impulsive_5.wav,,,
vivos/zipformer-vi-30m-sherpa-onnx-cpu,vi-asr-VIVOSDEV12_054-impulsive-0,ASR,vi,,0.0,impulsive,zipformer-vi-30m-sherpa-onnx-cpu,0.187,403.00390625,0.0,0.0,,0.03835897435897436,,eval_data\mixed_vivos\vi_VIVOSDEV12_054_impulsive_0.wav,,,
vivos/zipformer-vi-30m-sherpa-onnx-cpu,vi-asr-VIVOSDEV12_076-clean,ASR,vi,,,clean,zipformer-vi-30m-sherpa-onnx-cpu,0.1671,403.01171875,0.0,0.0,,0.046905263157894735,,eval_data\mixed_vivos\vi_VIVOSDEV12_076_clean.wav,,,
vivos/zipformer-vi-30m-sherpa-onnx-cpu,vi-asr-VIVOSDEV12_076-steady-15,ASR,vi,,15.0,steady,zipformer-vi-30m-sherpa-onnx-cpu,0.1725,403.01171875,0.0,0.0,,0.04842105263157894,,eval_data\mixed_vivos\vi_VIVOSDEV12_076_steady_15.wav,,,
vivos/zipformer-vi-30m-sherpa-onnx-cpu,vi-asr-VIVOSDEV12_076-steady-10,ASR,vi,,10.0,steady,zipformer-vi-30m-sherpa-onnx-cpu,0.1489,403.01171875,0.0,0.0,,0.04179649122807018,,eval_data\mixed_vivos\vi_VIVOSDEV12_076_steady_10.wav,,,
vivos/zipformer-vi-30m-sherpa-onnx-cpu,vi-asr-VIVOSDEV12_076-steady-5,ASR,vi,,5.0,steady,zipformer-vi-30m-sherpa-onnx-cpu,0.129,403.01171875,0.0,0.0,,0.03621052631578948,,eval_data\mixed_vivos\vi_VIVOSDEV12_076_steady_5.wav,,,
vivos/zipformer-vi-30m-sherpa-onnx-cpu,vi-asr-VIVOSDEV12_076-steady-0,ASR,vi,,0.0,steady,zipformer-vi-30m-sherpa-onnx-cpu,0.1484,403.015625,0.0,0.0,,0.0416561403508772,,eval_data\mixed_vivos\vi_VIVOSDEV12_076_steady_0.wav,,,
vivos/zipformer-vi-30m-sherpa-onnx-cpu,vi-asr-VIVOSDEV12_076-impulsive-15,ASR,vi,,15.0,impulsive,zipformer-vi-30m-sherpa-onnx-cpu,0.1133,403.015625,0.0,0.0,,0.03180350877192983,,eval_data\mixed_vivos\vi_VIVOSDEV12_076_impulsive_15.wav,,,
vivos/zipformer-vi-30m-sherpa-onnx-cpu,vi-asr-VIVOSDEV12_076-impulsive-10,ASR,vi,,10.0,impulsive,zipformer-vi-30m-sherpa-onnx-cpu,0.1451,403.015625,0.0,0.0,,0.04072982456140351,,eval_data\mixed_vivos\vi_VIVOSDEV12_076_impulsive_10.wav,,,
vivos/zipformer-vi-30m-sherpa-onnx-cpu,vi-asr-VIVOSDEV12_076-impulsive-5,ASR,vi,,5.0,impulsive,zipformer-vi-30m-sherpa-onnx-cpu,0.3719,403.015625,0.0,0.0,,0.10439298245614036,,eval_data\mixed_vivos\vi_VIVOSDEV12_076_impulsive_5.wav,,,
vivos/zipformer-vi-30m-sherpa-onnx-cpu,vi-asr-VIVOSDEV12_076-impulsive-0,ASR,vi,,0.0,impulsive,zipformer-vi-30m-sherpa-onnx-cpu,0.1788,403.015625,0.0,0.0,,0.05018947368421052,,eval_data\mixed_vivos\vi_VIVOSDEV12_076_impulsive_0.wav,,,
vivos/zipformer-vi-30m-sherpa-onnx-cpu,vi-asr-VIVOSDEV12_135-clean,ASR,vi,,,clean,zipformer-vi-30m-sherpa-onnx-cpu,0.1016,403.015625,0.0,0.0,,0.040639999999999996,,eval_data\mixed_vivos\vi_VIVOSDEV12_135_clean.wav,,,
vivos/zipformer-vi-30m-sherpa-onnx-cpu,vi-asr-VIVOSDEV12_135-steady-15,ASR,vi,,15.0,steady,zipformer-vi-30m-sherpa-onnx-cpu,0.0876,403.015625,0.0,0.0,,0.03504,,eval_data\mixed_vivos\vi_VIVOSDEV12_135_steady_15.wav,,,
vivos/zipformer-vi-30m-sherpa-onnx-cpu,vi-asr-VIVOSDEV12_135-steady-10,ASR,vi,,10.0,steady,zipformer-vi-30m-sherpa-onnx-cpu,0.0925,403.01953125,0.0,0.0,,0.037,,eval_data\mixed_vivos\vi_VIVOSDEV12_135_steady_10.wav,,,
vivos/zipformer-vi-30m-sherpa-onnx-cpu,vi-asr-VIVOSDEV12_135-steady-5,ASR,vi,,5.0,steady,zipformer-vi-30m-sherpa-onnx-cpu,0.1103,403.0234375,0.0,0.0,,0.04412,,eval_data\mixed_vivos\vi_VIVOSDEV12_135_steady_5.wav,,,
vivos/zipformer-vi-30m-sherpa-onnx-cpu,vi-asr-VIVOSDEV12_135-steady-0,ASR,vi,,0.0,steady,zipformer-vi-30m-sherpa-onnx-cpu,0.0769,403.0234375,0.0,0.0,,0.03076,,eval_data\mixed_vivos\vi_VIVOSDEV12_135_steady_0.wav,,,
vivos/zipformer-vi-30m-sherpa-onnx-cpu,vi-asr-VIVOSDEV12_135-impulsive-15,ASR,vi,,15.0,impulsive,zipformer-vi-30m-sherpa-onnx-cpu,0.1109,403.0234375,0.0,0.0,,0.04436,,eval_data\mixed_vivos\vi_VIVOSDEV12_135_impulsive_15.wav,,,
vivos/zipformer-vi-30m-sherpa-onnx-cpu,vi-asr-VIVOSDEV12_135-impulsive-10,ASR,vi,,10.0,impulsive,zipformer-vi-30m-sherpa-onnx-cpu,0.1263,403.02734375,0.0,0.0,,0.050519999999999995,,eval_data\mixed_vivos\vi_VIVOSDEV12_135_impulsive_10.wav,,,
vivos/zipformer-vi-30m-sherpa-onnx-cpu,vi-asr-VIVOSDEV12_135-impulsive-5,ASR,vi,,5.0,impulsive,zipformer-vi-30m-sherpa-onnx-cpu,0.1114,403.02734375,0.0,0.0,,0.04456,,eval_data\mixed_vivos\vi_VIVOSDEV12_135_impulsive_5.wav,,,
vivos/zipformer-vi-30m-sherpa-onnx-cpu,vi-asr-VIVOSDEV12_135-impulsive-0,ASR,vi,,0.0,impulsive,zipformer-vi-30m-sherpa-onnx-cpu,0.1086,403.03125,0.0,0.0,,0.04344,,eval_data\mixed_vivos\vi_VIVOSDEV12_135_impulsive_0.wav,,,
vivos/zipformer-vi-30m-sherpa-onnx-cpu,vi-asr-VIVOSDEV12_197-clean,ASR,vi,,,clean,zipformer-vi-30m-sherpa-onnx-cpu,0.1712,403.03125,0.14285714285714285,0.03571428571428571,,0.03652266666666666,,eval_data\mixed_vivos\vi_VIVOSDEV12_197_clean.wav,,,
vivos/zipformer-vi-30m-sherpa-onnx-cpu,vi-asr-VIVOSDEV12_197-steady-15,ASR,vi,,15.0,steady,zipformer-vi-30m-sherpa-onnx-cpu,0.1846,403.03125,0.14285714285714285,0.03571428571428571,,0.03938133333333333,,eval_data\mixed_vivos\vi_VIVOSDEV12_197_steady_15.wav,,,
vivos/zipformer-vi-30m-sherpa-onnx-cpu,vi-asr-VIVOSDEV12_197-steady-10,ASR,vi,,10.0,steady,zipformer-vi-30m-sherpa-onnx-cpu,0.1737,403.03125,0.07142857142857142,0.017857142857142856,,0.037056,,eval_data\mixed_vivos\vi_VIVOSDEV12_197_steady_10.wav,,,
vivos/zipformer-vi-30m-sherpa-onnx-cpu,vi-asr-VIVOSDEV12_197-steady-5,ASR,vi,,5.0,steady,zipformer-vi-30m-sherpa-onnx-cpu,0.1786,403.03515625,0.07142857142857142,0.017857142857142856,,0.038101333333333334,,eval_data\mixed_vivos\vi_VIVOSDEV12_197_steady_5.wav,,,
vivos/zipformer-vi-30m-sherpa-onnx-cpu,vi-asr-VIVOSDEV12_197-steady-0,ASR,vi,,0.0,steady,zipformer-vi-30m-sherpa-onnx-cpu,0.179,403.03515625,0.14285714285714285,0.05357142857142857,,0.03818666666666667,,eval_data\mixed_vivos\vi_VIVOSDEV12_197_steady_0.wav,,,
vivos/zipformer-vi-30m-sherpa-onnx-cpu,vi-asr-VIVOSDEV12_197-impulsive-15,ASR,vi,,15.0,impulsive,zipformer-vi-30m-sherpa-onnx-cpu,0.1891,403.0390625,0.14285714285714285,0.03571428571428571,,0.04034133333333333,,eval_data\mixed_vivos\vi_VIVOSDEV12_197_impulsive_15.wav,,,
vivos/zipformer-vi-30m-sherpa-onnx-cpu,vi-asr-VIVOSDEV12_197-impulsive-10,ASR,vi,,10.0,impulsive,zipformer-vi-30m-sherpa-onnx-cpu,0.1785,403.0390625,0.14285714285714285,0.03571428571428571,,0.038079999999999996,,eval_data\mixed_vivos\vi_VIVOSDEV12_197_impulsive_10.wav,,,
vivos/zipformer-vi-30m-sherpa-onnx-cpu,vi-asr-VIVOSDEV12_197-impulsive-5,ASR,vi,,5.0,impulsive,zipformer-vi-30m-sherpa-onnx-cpu,0.1831,403.04296875,0.07142857142857142,0.017857142857142856,,0.03906133333333334,,eval_data\mixed_vivos\vi_VIVOSDEV12_197_impulsive_5.wav,,,
vivos/zipformer-vi-30m-sherpa-onnx-cpu,vi-asr-VIVOSDEV12_197-impulsive-0,ASR,vi,,0.0,impulsive,zipformer-vi-30m-sherpa-onnx-cpu,0.1606,403.04296875,0.07142857142857142,0.017857142857142856,,0.03426133333333333,,eval_data\mixed_vivos\vi_VIVOSDEV12_197_impulsive_0.wav,,,
vivos/zipformer-vi-30m-sherpa-onnx-cpu,vi-asr-VIVOSDEV12_271-clean,ASR,vi,,,clean,zipformer-vi-30m-sherpa-onnx-cpu,0.1567,403.05078125,0.09090909090909091,0.022727272727272728,,0.03948346456692914,,eval_data\mixed_vivos\vi_VIVOSDEV12_271_clean.wav,,,
vivos/zipformer-vi-30m-sherpa-onnx-cpu,vi-asr-VIVOSDEV12_271-steady-15,ASR,vi,,15.0,steady,zipformer-vi-30m-sherpa-onnx-cpu,0.2036,403.0546875,0.09090909090909091,0.022727272727272728,,0.0513007874015748,,eval_data\mixed_vivos\vi_VIVOSDEV12_271_steady_15.wav,,,
vivos/zipformer-vi-30m-sherpa-onnx-cpu,vi-asr-VIVOSDEV12_271-steady-10,ASR,vi,,10.0,steady,zipformer-vi-30m-sherpa-onnx-cpu,0.1892,403.0546875,0.09090909090909091,0.022727272727272728,,0.04767244094488189,,eval_data\mixed_vivos\vi_VIVOSDEV12_271_steady_10.wav,,,
vivos/zipformer-vi-30m-sherpa-onnx-cpu,vi-asr-VIVOSDEV12_271-steady-5,ASR,vi,,5.0,steady,zipformer-vi-30m-sherpa-onnx-cpu,0.1515,403.05859375,0.09090909090909091,0.022727272727272728,,0.03817322834645669,,eval_data\mixed_vivos\vi_VIVOSDEV12_271_steady_5.wav,,,
vivos/zipformer-vi-30m-sherpa-onnx-cpu,vi-asr-VIVOSDEV12_271-steady-0,ASR,vi,,0.0,steady,zipformer-vi-30m-sherpa-onnx-cpu,0.1846,403.06640625,0.09090909090909091,0.022727272727272728,,0.04651338582677165,,eval_data\mixed_vivos\vi_VIVOSDEV12_271_steady_0.wav,,,
vivos/zipformer-vi-30m-sherpa-onnx-cpu,vi-asr-VIVOSDEV12_271-impulsive-15,ASR,vi,,15.0,impulsive,zipformer-vi-30m-sherpa-onnx-cpu,0.1534,403.06640625,0.09090909090909091,0.022727272727272728,,0.03865196850393701,,eval_data\mixed_vivos\vi_VIVOSDEV12_271_impulsive_15.wav,,,
vivos/zipformer-vi-30m-sherpa-onnx-cpu,vi-asr-VIVOSDEV12_271-impulsive-10,ASR,vi,,10.0,impulsive,zipformer-vi-30m-sherpa-onnx-cpu,0.1894,403.06640625,0.09090909090909091,0.022727272727272728,,0.047722834645669295,,eval_data\mixed_vivos\vi_VIVOSDEV12_271_impulsive_10.wav,,,
vivos/zipformer-vi-30m-sherpa-onnx-cpu,vi-asr-VIVOSDEV12_271-impulsive-5,ASR,vi,,5.0,impulsive,zipformer-vi-30m-sherpa-onnx-cpu,0.192,403.0703125,0.09090909090909091,0.022727272727272728,,0.048377952755905514,,eval_data\mixed_vivos\vi_VIVOSDEV12_271_impulsive_5.wav,,,
vivos/zipformer-vi-30m-sherpa-onnx-cpu,vi-asr-VIVOSDEV12_271-impulsive-0,ASR,vi,,0.0,impulsive,zipformer-vi-30m-sherpa-onnx-cpu,0.1569,403.078125,0.09090909090909091,0.022727272727272728,,0.03953385826771654,,eval_data\mixed_vivos\vi_VIVOSDEV12_271_impulsive_0.wav,,,
vivos/zipformer-vi-30m-sherpa-onnx-cpu,vi-asr-VIVOSDEV13_061-clean,ASR,vi,,,clean,zipformer-vi-30m-sherpa-onnx-cpu,0.1544,403.078125,0.0,0.0,,0.03743597514774966,,eval_data\mixed_vivos\vi_VIVOSDEV13_061_clean.wav,,,
vivos/zipformer-vi-30m-sherpa-onnx-cpu,vi-asr-VIVOSDEV13_061-steady-15,ASR,vi,,15.0,steady,zipformer-vi-30m-sherpa-onnx-cpu,0.143,403.078125,0.0,0.0,,0.03467191998787695,,eval_data\mixed_vivos\vi_VIVOSDEV13_061_steady_15.wav,,,
vivos/zipformer-vi-30m-sherpa-onnx-cpu,vi-asr-VIVOSDEV13_061-steady-10,ASR,vi,,10.0,steady,zipformer-vi-30m-sherpa-onnx-cpu,0.1661,403.0859375,0.0,0.0,,0.04027276860130323,,eval_data\mixed_vivos\vi_VIVOSDEV13_061_steady_10.wav,,,
vivos/zipformer-vi-30m-sherpa-onnx-cpu,vi-asr-VIVOSDEV13_061-steady-5,ASR,vi,,5.0,steady,zipformer-vi-30m-sherpa-onnx-cpu,0.1286,403.09375,0.0,0.0,,0.031180481891195638,,eval_data\mixed_vivos\vi_VIVOSDEV13_061_steady_5.wav,,,
vivos/zipformer-vi-30m-sherpa-onnx-cpu,vi-asr-VIVOSDEV13_061-steady-0,ASR,vi,,0.0,steady,zipformer-vi-30m-sherpa-onnx-cpu,0.1556,403.09375,0.0,0.0,,0.037726928322473104,,eval_data\mixed_vivos\vi_VIVOSDEV13_061_steady_0.wav,,,
vivos/zipformer-vi-30m-sherpa-onnx-cpu,vi-asr-VIVOSDEV13_061-impulsive-15,ASR,vi,,15.0,impulsive,zipformer-vi-30m-sherpa-onnx-cpu,0.1577,403.09375,0.0,0.0,,0.03823609637823913,,eval_data\mixed_vivos\vi_VIVOSDEV13_061_impulsive_15.wav,,,
vivos/zipformer-vi-30m-sherpa-onnx-cpu,vi-asr-VIVOSDEV13_061-impulsive-10,ASR,vi,,10.0,impulsive,zipformer-vi-30m-sherpa-onnx-cpu,0.1254,403.09765625,0.0,0.0,,0.03040460675859979,,eval_data\mixed_vivos\vi_VIVOSDEV13_061_impulsive_10.wav,,,
vivos/zipformer-vi-30m-sherpa-onnx-cpu,vi-asr-VIVOSDEV13_061-impulsive-5,ASR,vi,,5.0,impulsive,zipformer-vi-30m-sherpa-onnx-cpu,0.156,403.109375,0.0,0.0,,0.037823912714047586,,eval_data\mixed_vivos\vi_VIVOSDEV13_061_impulsive_5.wav,,,
vivos/zipformer-vi-30m-sherpa-onnx-cpu,vi-asr-VIVOSDEV13_061-impulsive-0,ASR,vi,,0.0,impulsive,zipformer-vi-30m-sherpa-onnx-cpu,0.1789,403.11328125,0.0,0.0,,0.04337626913168662,,eval_data\mixed_vivos\vi_VIVOSDEV13_061_impulsive_0.wav,,,
vivos/zipformer-vi-30m-sherpa-onnx-cpu,vi-asr-VIVOSDEV13_104-clean,ASR,vi,,,clean,zipformer-vi-30m-sherpa-onnx-cpu,0.1916,403.29296875,0.0,0.0,,0.04380054293470496,,eval_data\mixed_vivos\vi_VIVOSDEV13_104_clean.wav,,,
vivos/zipformer-vi-30m-sherpa-onnx-cpu,vi-asr-VIVOSDEV13_104-steady-15,ASR,vi,,15.0,steady,zipformer-vi-30m-sherpa-onnx-cpu,0.1977,403.29296875,0.0,0.0,,0.04519502786112302,,eval_data\mixed_vivos\vi_VIVOSDEV13_104_steady_15.wav,,,
vivos/zipformer-vi-30m-sherpa-onnx-cpu,vi-asr-VIVOSDEV13_104-steady-10,ASR,vi,,10.0,steady,zipformer-vi-30m-sherpa-onnx-cpu,0.1743,403.29296875,0.0,0.0,,0.039845692241748824,,eval_data\mixed_vivos\vi_VIVOSDEV13_104_steady_10.wav,,,
vivos/zipformer-vi-30m-sherpa-onnx-cpu,vi-asr-VIVOSDEV13_104-steady-5,ASR,vi,,5.0,steady,zipformer-vi-30m-sherpa-onnx-cpu,0.1629,403.296875,0.0,0.0,,0.03723960565795113,,eval_data\mixed_vivos\vi_VIVOSDEV13_104_steady_5.wav,,,
vivos/zipformer-vi-30m-sherpa-onnx-cpu,vi-asr-VIVOSDEV13_104-steady-0,ASR,vi,,0.0,steady,zipformer-vi-30m-sherpa-onnx-cpu,0.2079,403.30078125,0.0,0.0,,0.04752678954136306,,eval_data\mixed_vivos\vi_VIVOSDEV13_104_steady_0.wav,,,
vivos/zipformer-vi-30m-sherpa-onnx-cpu,vi-asr-VIVOSDEV13_104-impulsive-15,ASR,vi,,15.0,impulsive,zipformer-vi-30m-sherpa-onnx-cpu,0.1718,403.30078125,0.0,0.0,,0.03927418202600372,,eval_data\mixed_vivos\vi_VIVOSDEV13_104_impulsive_15.wav,,,
vivos/zipformer-vi-30m-sherpa-onnx-cpu,vi-asr-VIVOSDEV13_104-impulsive-10,ASR,vi,,10.0,impulsive,zipformer-vi-30m-sherpa-onnx-cpu,0.2158,403.30078125,0.0,0.0,,0.04933276182311759,,eval_data\mixed_vivos\vi_VIVOSDEV13_104_impulsive_10.wav,,,
vivos/zipformer-vi-30m-sherpa-onnx-cpu,vi-asr-VIVOSDEV13_104-impulsive-5,ASR,vi,,5.0,impulsive,zipformer-vi-30m-sherpa-onnx-cpu,0.1659,403.3046875,0.0,0.0,,0.03792541791684526,,eval_data\mixed_vivos\vi_VIVOSDEV13_104_impulsive_5.wav,,,
vivos/zipformer-vi-30m-sherpa-onnx-cpu,vi-asr-VIVOSDEV13_104-impulsive-0,ASR,vi,,0.0,impulsive,zipformer-vi-30m-sherpa-onnx-cpu,0.1617,403.3046875,0.0,0.0,,0.03696528075439349,,eval_data\mixed_vivos\vi_VIVOSDEV13_104_impulsive_0.wav,,,
vivos/zipformer-vi-30m-sherpa-onnx-cpu,vi-asr-VIVOSDEV13_150-clean,ASR,vi,,,clean,zipformer-vi-30m-sherpa-onnx-cpu,0.1769,403.43359375,0.0,0.0,,0.042891347173814216,,eval_data\mixed_vivos\vi_VIVOSDEV13_150_clean.wav,,,
vivos/zipformer-vi-30m-sherpa-onnx-cpu,vi-asr-VIVOSDEV13_150-steady-15,ASR,vi,,15.0,steady,zipformer-vi-30m-sherpa-onnx-cpu,0.1808,403.4375,0.0,0.0,,0.043836944991665405,,eval_data\mixed_vivos\vi_VIVOSDEV13_150_steady_15.wav,,,
vivos/zipformer-vi-30m-sherpa-onnx-cpu,vi-asr-VIVOSDEV13_150-steady-10,ASR,vi,,10.0,steady,zipformer-vi-30m-sherpa-onnx-cpu,0.1827,403.4375,0.0,0.0,,0.044297620851644195,,eval_data\mixed_vivos\vi_VIVOSDEV13_150_steady_10.wav,,,
vivos/zipformer-vi-30m-sherpa-onnx-cpu,vi-asr-VIVOSDEV13_150-steady-5,ASR,vi,,5.0,steady,zipformer-vi-30m-sherpa-onnx-cpu,0.2012,403.4375,0.0,0.0,,0.04878314896196394,,eval_data\mixed_vivos\vi_VIVOSDEV13_150_steady_5.wav,,,
vivos/zipformer-vi-30m-sherpa-onnx-cpu,vi-asr-VIVOSDEV13_150-steady-0,ASR,vi,,0.0,steady,zipformer-vi-30m-sherpa-onnx-cpu,0.1648,403.4375,0.0,0.0,,0.03995756932868617,,eval_data\mixed_vivos\vi_VIVOSDEV13_150_steady_0.wav,,,
vivos/zipformer-vi-30m-sherpa-onnx-cpu,vi-asr-VIVOSDEV13_150-impulsive-15,ASR,vi,,15.0,impulsive,zipformer-vi-30m-sherpa-onnx-cpu,0.167,403.44140625,0.0,0.0,,0.04049098348234582,,eval_data\mixed_vivos\vi_VIVOSDEV13_150_impulsive_15.wav,,,
vivos/zipformer-vi-30m-sherpa-onnx-cpu,vi-asr-VIVOSDEV13_150-impulsive-10,ASR,vi,,10.0,impulsive,zipformer-vi-30m-sherpa-onnx-cpu,0.1602,403.44140625,0.0,0.0,,0.038842248825579635,,eval_data\mixed_vivos\vi_VIVOSDEV13_150_impulsive_10.wav,,,
vivos/zipformer-vi-30m-sherpa-onnx-cpu,vi-asr-VIVOSDEV13_150-impulsive-5,ASR,vi,,5.0,impulsive,zipformer-vi-30m-sherpa-onnx-cpu,0.1551,403.44140625,0.0,0.0,,0.037605697833005,,eval_data\mixed_vivos\vi_VIVOSDEV13_150_impulsive_5.wav,,,
vivos/zipformer-vi-30m-sherpa-onnx-cpu,vi-asr-VIVOSDEV13_150-impulsive-0,ASR,vi,,0.0,impulsive,zipformer-vi-30m-sherpa-onnx-cpu,0.2127,403.44140625,0.0,0.0,,0.05157145021973027,,eval_data\mixed_vivos\vi_VIVOSDEV13_150_impulsive_0.wav,,,
vivos/zipformer-vi-30m-sherpa-onnx-cpu,vi-asr-VIVOSDEV13_227-clean,ASR,vi,,,clean,zipformer-vi-30m-sherpa-onnx-cpu,0.1339,403.4453125,0.0,0.0,,0.04120792460088478,,eval_data\mixed_vivos\vi_VIVOSDEV13_227_clean.wav,,,
vivos/zipformer-vi-30m-sherpa-onnx-cpu,vi-asr-VIVOSDEV13_227-steady-15,ASR,vi,,15.0,steady,zipformer-vi-30m-sherpa-onnx-cpu,0.1311,403.4453125,0.0,0.0,,0.04034622042700519,,eval_data\mixed_vivos\vi_VIVOSDEV13_227_steady_15.wav,,,
vivos/zipformer-vi-30m-sherpa-onnx-cpu,vi-asr-VIVOSDEV13_227-steady-10,ASR,vi,,10.0,steady,zipformer-vi-30m-sherpa-onnx-cpu,0.1322,403.4453125,0.0,0.0,,0.040684747066743604,,eval_data\mixed_vivos\vi_VIVOSDEV13_227_steady_10.wav,,,
vivos/zipformer-vi-30m-sherpa-onnx-cpu,vi-asr-VIVOSDEV13_227-steady-5,ASR,vi,,5.0,steady,zipformer-vi-30m-sherpa-onnx-cpu,0.1127,403.4453125,0.0,0.0,,0.03468359299865358,,eval_data\mixed_vivos\vi_VIVOSDEV13_227_steady_5.wav,,,
vivos/zipformer-vi-30m-sherpa-onnx-cpu,vi-asr-VIVOSDEV13_227-steady-0,ASR,vi,,0.0,steady,zipformer-vi-30m-sherpa-onnx-cpu,0.1324,403.4453125,0.09090909090909091,0.06382978723404255,,0.04074629736487786,,eval_data\mixed_vivos\vi_VIVOSDEV13_227_steady_0.wav,,,
vivos/zipformer-vi-30m-sherpa-onnx-cpu,vi-asr-VIVOSDEV13_227-impulsive-15,ASR,vi,,15.0,impulsive,zipformer-vi-30m-sherpa-onnx-cpu,0.1494,403.4453125,0.0,0.0,,0.04597807270628967,,eval_data\mixed_vivos\vi_VIVOSDEV13_227_impulsive_15.wav,,,
vivos/zipformer-vi-30m-sherpa-onnx-cpu,vi-asr-VIVOSDEV13_227-impulsive-10,ASR,vi,,10.0,impulsive,zipformer-vi-30m-sherpa-onnx-cpu,0.121,403.4453125,0.0,0.0,,0.037237930371225234,,eval_data\mixed_vivos\vi_VIVOSDEV13_227_impulsive_10.wav,,,
vivos/zipformer-vi-30m-sherpa-onnx-cpu,vi-asr-VIVOSDEV13_227-impulsive-5,ASR,vi,,5.0,impulsive,zipformer-vi-30m-sherpa-onnx-cpu,0.108,403.453125,0.0,0.0,,0.03323716099249856,,eval_data\mixed_vivos\vi_VIVOSDEV13_227_impulsive_5.wav,,,
vivos/zipformer-vi-30m-sherpa-onnx-cpu,vi-asr-VIVOSDEV13_227-impulsive-0,ASR,vi,,0.0,impulsive,zipformer-vi-30m-sherpa-onnx-cpu,0.1253,403.45703125,0.0,0.0,,0.03856126178111175,,eval_data\mixed_vivos\vi_VIVOSDEV13_227_impulsive_0.wav,,,
vivos/zipformer-vi-30m-sherpa-onnx-cpu,vi-asr-VIVOSDEV13_263-clean,ASR,vi,,,clean,zipformer-vi-30m-sherpa-onnx-cpu,0.1214,403.4609375,0.0,0.0,,0.03809374387134732,,eval_data\mixed_vivos\vi_VIVOSDEV13_263_clean.wav,,,
vivos/zipformer-vi-30m-sherpa-onnx-cpu,vi-asr-VIVOSDEV13_263-steady-15,ASR,vi,,15.0,steady,zipformer-vi-30m-sherpa-onnx-cpu,0.128,403.4609375,0.0,0.0,,0.04016473818395764,,eval_data\mixed_vivos\vi_VIVOSDEV13_263_steady_15.wav,,,
vivos/zipformer-vi-30m-sherpa-onnx-cpu,vi-asr-VIVOSDEV13_263-steady-10,ASR,vi,,10.0,steady,zipformer-vi-30m-sherpa-onnx-cpu,0.1333,403.4609375,0.0,0.0,,0.04182780937438713,,eval_data\mixed_vivos\vi_VIVOSDEV13_263_steady_10.wav,,,
vivos/zipformer-vi-30m-sherpa-onnx-cpu,vi-asr-VIVOSDEV13_263-steady-5,ASR,vi,,5.0,steady,zipformer-vi-30m-sherpa-onnx-cpu,0.1137,403.46484375,0.08333333333333333,0.041666666666666664,,0.03567758383996862,,eval_data\mixed_vivos\vi_VIVOSDEV13_263_steady_5.wav,,,
vivos/zipformer-vi-30m-sherpa-onnx-cpu,vi-asr-VIVOSDEV13_263-steady-0,ASR,vi,,0.0,steady,zipformer-vi-30m-sherpa-onnx-cpu,0.1284,403.46484375,0.08333333333333333,0.041666666666666664,,0.0402902529907825,,eval_data\mixed_vivos\vi_VIVOSDEV13_263_steady_0.wav,,,
vivos/zipformer-vi-30m-sherpa-onnx-cpu,vi-asr-VIVOSDEV13_263-impulsive-15,ASR,vi,,15.0,impulsive,zipformer-vi-30m-sherpa-onnx-cpu,0.1012,403.46484375,0.0,0.0,,0.031755246126691505,,eval_data\mixed_vivos\vi_VIVOSDEV13_263_impulsive_15.wav,,,
vivos/zipformer-vi-30m-sherpa-onnx-cpu,vi-asr-VIVOSDEV13_263-impulsive-10,ASR,vi,,10.0,impulsive,zipformer-vi-30m-sherpa-onnx-cpu,0.1203,403.46484375,0.0,0.0,,0.037748578152578934,,eval_data\mixed_vivos\vi_VIVOSDEV13_263_impulsive_10.wav,,,
vivos/zipformer-vi-30m-sherpa-onnx-cpu,vi-asr-VIVOSDEV13_263-impulsive-5,ASR,vi,,5.0,impulsive,zipformer-vi-30m-sherpa-onnx-cpu,0.1372,403.46484375,0.0,0.0,,0.04305157874092959,,eval_data\mixed_vivos\vi_VIVOSDEV13_263_impulsive_5.wav,,,
vivos/zipformer-vi-30m-sherpa-onnx-cpu,vi-asr-VIVOSDEV13_263-impulsive-0,ASR,vi,,0.0,impulsive,zipformer-vi-30m-sherpa-onnx-cpu,0.1359,403.47265625,0.0,0.0,,0.04264365561874877,,eval_data\mixed_vivos\vi_VIVOSDEV13_263_impulsive_0.wav,,,
vivos/zipformer-vi-30m-sherpa-onnx-cpu,vi-asr-VIVOSDEV14_079-clean,ASR,vi,,,clean,zipformer-vi-30m-sherpa-onnx-cpu,0.139,403.484375,0.0,0.0,,0.04119281348397852,,eval_data\mixed_vivos\vi_VIVOSDEV14_079_clean.wav,,,
vivos/zipformer-vi-30m-sherpa-onnx-cpu,vi-asr-VIVOSDEV14_079-steady-15,ASR,vi,,15.0,steady,zipformer-vi-30m-sherpa-onnx-cpu,0.1186,403.484375,0.0,0.0,,0.03514724949064641,,eval_data\mixed_vivos\vi_VIVOSDEV14_079_steady_15.wav,,,
vivos/zipformer-vi-30m-sherpa-onnx-cpu,vi-asr-VIVOSDEV14_079-steady-10,ASR,vi,,10.0,steady,zipformer-vi-30m-sherpa-onnx-cpu,0.1431,403.48828125,0.0,0.0,,0.04240785330616781,,eval_data\mixed_vivos\vi_VIVOSDEV14_079_steady_10.wav,,,
vivos/zipformer-vi-30m-sherpa-onnx-cpu,vi-asr-VIVOSDEV14_079-steady-5,ASR,vi,,5.0,steady,zipformer-vi-30m-sherpa-onnx-cpu,0.1391,403.48828125,0.0,0.0,,0.04122244860159289,,eval_data\mixed_vivos\vi_VIVOSDEV14_079_steady_5.wav,,,
vivos/zipformer-vi-30m-sherpa-onnx-cpu,vi-asr-VIVOSDEV14_079-steady-0,ASR,vi,,0.0,steady,zipformer-vi-30m-sherpa-onnx-cpu,0.1508,403.49609375,0.09090909090909091,0.02,,0.044689757362474526,,eval_data\mixed_vivos\vi_VIVOSDEV14_079_steady_0.wav,,,
vivos/zipformer-vi-30m-sherpa-onnx-cpu,vi-asr-VIVOSDEV14_079-impulsive-15,ASR,vi,,15.0,impulsive,zipformer-vi-30m-sherpa-onnx-cpu,0.149,403.5,0.0,0.0,,0.044156325245415816,,eval_data\mixed_vivos\vi_VIVOSDEV14_079_impulsive_15.wav,,,
vivos/zipformer-vi-30m-sherpa-onnx-cpu,vi-asr-VIVOSDEV14_079-impulsive-10,ASR,vi,,10.0,impulsive,zipformer-vi-30m-sherpa-onnx-cpu,0.1249,403.5,0.0,0.0,,0.03701426190035192,,eval_data\mixed_vivos\vi_VIVOSDEV14_079_impulsive_10.wav,,,
vivos/zipformer-vi-30m-sherpa-onnx-cpu,vi-asr-VIVOSDEV14_079-impulsive-5,ASR,vi,,5.0,impulsive,zipformer-vi-30m-sherpa-onnx-cpu,0.1261,403.5,0.0,0.0,,0.03736988331172439,,eval_data\mixed_vivos\vi_VIVOSDEV14_079_impulsive_5.wav,,,
vivos/zipformer-vi-30m-sherpa-onnx-cpu,vi-asr-VIVOSDEV14_079-impulsive-0,ASR,vi,,0.0,impulsive,zipformer-vi-30m-sherpa-onnx-cpu,0.1412,403.50390625,0.0,0.0,,0.041844786071494715,,eval_data\mixed_vivos\vi_VIVOSDEV14_079_impulsive_0.wav,,,
vivos/zipformer-vi-30m-sherpa-onnx-cpu,vi-asr-VIVOSDEV14_114-clean,ASR,vi,,,clean,zipformer-vi-30m-sherpa-onnx-cpu,0.132,403.51171875,0.0,0.0,,0.038406983087834155,,eval_data\mixed_vivos\vi_VIVOSDEV14_114_clean.wav,,,
vivos/zipformer-vi-30m-sherpa-onnx-cpu,vi-asr-VIVOSDEV14_114-steady-15,ASR,vi,,15.0,steady,zipformer-vi-30m-sherpa-onnx-cpu,0.1451,403.515625,0.0,0.0,,0.0422185851973086,,eval_data\mixed_vivos\vi_VIVOSDEV14_114_steady_15.wav,,,
vivos/zipformer-vi-30m-sherpa-onnx-cpu,vi-asr-VIVOSDEV14_114-steady-10,ASR,vi,,10.0,steady,zipformer-vi-30m-sherpa-onnx-cpu,0.097,403.51953125,0.0,0.0,,0.02822331332969631,,eval_data\mixed_vivos\vi_VIVOSDEV14_114_steady_10.wav,,,
vivos/zipformer-vi-30m-sherpa-onnx-cpu,vi-asr-VIVOSDEV14_114-steady-5,ASR,vi,,5.0,steady,zipformer-vi-30m-sherpa-onnx-cpu,0.1488,403.51953125,0.0,0.0,,0.04329514457174031,,eval_data\mixed_vivos\vi_VIVOSDEV14_114_steady_5.wav,,,
vivos/zipformer-vi-30m-sherpa-onnx-cpu,vi-asr-VIVOSDEV14_114-steady-0,ASR,vi,,0.0,steady,zipformer-vi-30m-sherpa-onnx-cpu,0.1636,403.5234375,0.0,0.0,,0.04760138206946717,,eval_data\mixed_vivos\vi_VIVOSDEV14_114_steady_0.wav,,,
vivos/zipformer-vi-30m-sherpa-onnx-cpu,vi-asr-VIVOSDEV14_114-impulsive-15,ASR,vi,,15.0,impulsive,zipformer-vi-30m-sherpa-onnx-cpu,0.2022,403.52734375,0.0,0.0,,0.058832515002727764,,eval_data\mixed_vivos\vi_VIVOSDEV14_114_impulsive_15.wav,,,
vivos/zipformer-vi-30m-sherpa-onnx-cpu,vi-asr-VIVOSDEV14_114-impulsive-10,ASR,vi,,10.0,impulsive,zipformer-vi-30m-sherpa-onnx-cpu,0.1925,403.52734375,0.0,0.0,,0.056010183669758136,,eval_data\mixed_vivos\vi_VIVOSDEV14_114_impulsive_10.wav,,,
vivos/zipformer-vi-30m-sherpa-onnx-cpu,vi-asr-VIVOSDEV14_114-impulsive-5,ASR,vi,,5.0,impulsive,zipformer-vi-30m-sherpa-onnx-cpu,0.1985,403.53125,0.0,0.0,,0.05775595562829605,,eval_data\mixed_vivos\vi_VIVOSDEV14_114_impulsive_5.wav,,,
vivos/zipformer-vi-30m-sherpa-onnx-cpu,vi-asr-VIVOSDEV14_114-impulsive-0,ASR,vi,,0.0,impulsive,zipformer-vi-30m-sherpa-onnx-cpu,0.1833,403.53125,0.0,0.0,,0.05333333333333333,,eval_data\mixed_vivos\vi_VIVOSDEV14_114_impulsive_0.wav,,,
vivos/zipformer-vi-30m-sherpa-onnx-cpu,vi-asr-VIVOSDEV14_156-clean,ASR,vi,,,clean,zipformer-vi-30m-sherpa-onnx-cpu,0.1674,403.5390625,0.0,0.0,,0.054120024247322686,,eval_data\mixed_vivos\vi_VIVOSDEV14_156_clean.wav,,,
vivos/zipformer-vi-30m-sherpa-onnx-cpu,vi-asr-VIVOSDEV14_156-steady-15,ASR,vi,,15.0,steady,zipformer-vi-30m-sherpa-onnx-cpu,0.194,403.55078125,0.0,0.0,,0.06271974136189129,,eval_data\mixed_vivos\vi_VIVOSDEV14_156_steady_15.wav,,,
vivos/zipformer-vi-30m-sherpa-onnx-cpu,vi-asr-VIVOSDEV14_156-steady-10,ASR,vi,,10.0,steady,zipformer-vi-30m-sherpa-onnx-cpu,0.1909,403.5546875,0.0,0.0,,0.06171751869064457,,eval_data\mixed_vivos\vi_VIVOSDEV14_156_steady_10.wav,,,
vivos/zipformer-vi-30m-sherpa-onnx-cpu,vi-asr-VIVOSDEV14_156-steady-5,ASR,vi,,5.0,steady,zipformer-vi-30m-sherpa-onnx-cpu,0.1511,403.5546875,0.0,0.0,,0.04885027278238028,,eval_data\mixed_vivos\vi_VIVOSDEV14_156_steady_5.wav,,,
vivos/zipformer-vi-30m-sherpa-onnx-cpu,vi-asr-VIVOSDEV14_156-steady-0,ASR,vi,,0.0,steady,zipformer-vi-30m-sherpa-onnx-cpu,0.1659,403.5546875,0.08333333333333333,0.01818181818181818,,0.05363507779349363,,eval_data\mixed_vivos\vi_VIVOSDEV14_156_steady_0.wav,,,
vivos/zipformer-vi-30m-sherpa-onnx-cpu,vi-asr-VIVOSDEV14_156-impulsive-15,ASR,vi,,15.0,impulsive,zipformer-vi-30m-sherpa-onnx-cpu,0.1653,403.5546875,0.0,0.0,,0.05344109921196201,,eval_data\mixed_vivos\vi_VIVOSDEV14_156_impulsive_15.wav,,,
vivos/zipformer-vi-30m-sherpa-onnx-cpu,vi-asr-VIVOSDEV14_156-impulsive-10,ASR,vi,,10.0,impulsive,zipformer-vi-30m-sherpa-onnx-cpu,0.205,403.5546875,0.0,0.0,,0.0662760153566377,,eval_data\mixed_vivos\vi_VIVOSDEV14_156_impulsive_10.wav,,,
vivos/zipformer-vi-30m-sherpa-onnx-cpu,vi-asr-VIVOSDEV14_156-impulsive-5,ASR,vi,,5.0,impulsive,zipformer-vi-30m-sherpa-onnx-cpu,0.2091,403.55859375,0.0,0.0,,0.06760153566377046,,eval_data\mixed_vivos\vi_VIVOSDEV14_156_impulsive_5.wav,,,
vivos/zipformer-vi-30m-sherpa-onnx-cpu,vi-asr-VIVOSDEV14_156-impulsive-0,ASR,vi,,0.0,impulsive,zipformer-vi-30m-sherpa-onnx-cpu,0.1874,403.55859375,0.08333333333333333,0.10909090909090909,,0.06058597696504345,,eval_data\mixed_vivos\vi_VIVOSDEV14_156_impulsive_0.wav,,,
vivos/zipformer-vi-30m-sherpa-onnx-cpu,vi-asr-VIVOSDEV14_225-clean,ASR,vi,,,clean,zipformer-vi-30m-sherpa-onnx-cpu,0.2398,403.8046875,0.0,0.0,,0.05643182821003089,,eval_data\mixed_vivos\vi_VIVOSDEV14_225_clean.wav,,,
vivos/zipformer-vi-30m-sherpa-onnx-cpu,vi-asr-VIVOSDEV14_225-steady-15,ASR,vi,,15.0,steady,zipformer-vi-30m-sherpa-onnx-cpu,0.283,403.8046875,0.0,0.0,,0.06659802912192969,,eval_data\mixed_vivos\vi_VIVOSDEV14_225_steady_15.wav,,,
vivos/zipformer-vi-30m-sherpa-onnx-cpu,vi-asr-VIVOSDEV14_225-steady-10,ASR,vi,,10.0,steady,zipformer-vi-30m-sherpa-onnx-cpu,0.2159,403.80859375,0.0,0.0,,0.0508074716870128,,eval_data\mixed_vivos\vi_VIVOSDEV14_225_steady_10.wav,,,
vivos/zipformer-vi-30m-sherpa-onnx-cpu,vi-asr-VIVOSDEV14_225-steady-5,ASR,vi,,5.0,steady,zipformer-vi-30m-sherpa-onnx-cpu,0.19,403.80859375,0.0,0.0,,0.04471245771436976,,eval_data\mixed_vivos\vi_VIVOSDEV14_225_steady_5.wav,,,
vivos/zipformer-vi-30m-sherpa-onnx-cpu,vi-asr-VIVOSDEV14_225-steady-0,ASR,vi,,0.0,steady,zipformer-vi-30m-sherpa-onnx-cpu,0.1828,403.8125,0.0,0.0,,0.04301809089571996,,eval_data\mixed_vivos\vi_VIVOSDEV14_225_steady_0.wav,,,
vivos/zipformer-vi-30m-sherpa-onnx-cpu,vi-asr-VIVOSDEV14_225-impulsive-15,ASR,vi,,15.0,impulsive,zipformer-vi-30m-sherpa-onnx-cpu,0.1462,403.8125,0.08333333333333333,0.03636363636363636,,0.03440505956758347,,eval_data\mixed_vivos\vi_VIVOSDEV14_225_impulsive_15.wav,,,
vivos/zipformer-vi-30m-sherpa-onnx-cpu,vi-asr-VIVOSDEV14_225-impulsive-10,ASR,vi,,10.0,impulsive,zipformer-vi-30m-sherpa-onnx-cpu,0.1519,403.81640625,0.08333333333333333,0.03636363636363636,,0.035746433299014564,,eval_data\mixed_vivos\vi_VIVOSDEV14_225_impulsive_10.wav,,,
vivos/zipformer-vi-30m-sherpa-onnx-cpu,vi-asr-VIVOSDEV14_225-impulsive-5,ASR,vi,,5.0,impulsive,zipformer-vi-30m-sherpa-onnx-cpu,0.1549,403.8203125,0.08333333333333333,0.03636363636363636,,0.036452419473451986,,eval_data\mixed_vivos\vi_VIVOSDEV14_225_impulsive_5.wav,,,
vivos/zipformer-vi-30m-sherpa-onnx-cpu,vi-asr-VIVOSDEV14_225-impulsive-0,ASR,vi,,0.0,impulsive,zipformer-vi-30m-sherpa-onnx-cpu,0.1495,403.8203125,0.08333333333333333,0.03636363636363636,,0.03518164435946463,,eval_data\mixed_vivos\vi_VIVOSDEV14_225_impulsive_0.wav,,,
vivos/zipformer-vi-30m-sherpa-onnx-cpu,vi-asr-VIVOSDEV14_286-clean,ASR,vi,,,clean,zipformer-vi-30m-sherpa-onnx-cpu,0.1149,403.83984375,0.0,0.0,,0.03954398795439879,,eval_data\mixed_vivos\vi_VIVOSDEV14_286_clean.wav,,,
vivos/zipformer-vi-30m-sherpa-onnx-cpu,vi-asr-VIVOSDEV14_286-steady-15,ASR,vi,,15.0,steady,zipformer-vi-30m-sherpa-onnx-cpu,0.1029,403.83984375,0.0,0.0,,0.03541406754140675,,eval_data\mixed_vivos\vi_VIVOSDEV14_286_steady_15.wav,,,
vivos/zipformer-vi-30m-sherpa-onnx-cpu,vi-asr-VIVOSDEV14_286-steady-10,ASR,vi,,10.0,steady,zipformer-vi-30m-sherpa-onnx-cpu,0.1263,403.83984375,0.0,0.0,,0.04346741234674123,,eval_data\mixed_vivos\vi_VIVOSDEV14_286_steady_10.wav,,,
vivos/zipformer-vi-30m-sherpa-onnx-cpu,vi-asr-VIVOSDEV14_286-steady-5,ASR,vi,,5.0,steady,zipformer-vi-30m-sherpa-onnx-cpu,0.1171,403.83984375,0.0,0.0,,0.040301140030114,,eval_data\mixed_vivos\vi_VIVOSDEV14_286_steady_5.wav,,,
vivos/zipformer-vi-30m-sherpa-onnx-cpu,vi-asr-VIVOSDEV14_286-steady-0,ASR,vi,,0.0,steady,zipformer-vi-30m-sherpa-onnx-cpu,0.0939,403.84375,0.0,0.0,,0.032316627231662724,,eval_data\mixed_vivos\vi_VIVOSDEV14_286_steady_0.wav,,,
vivos/zipformer-vi-30m-sherpa-onnx-cpu,vi-asr-VIVOSDEV14_286-impulsive-15,ASR,vi,,15.0,impulsive,zipformer-vi-30m-sherpa-onnx-cpu,0.111,403.84375,0.0,0.0,,0.03820176382017638,,eval_data\mixed_vivos\vi_VIVOSDEV14_286_impulsive_15.wav,,,
vivos/zipformer-vi-30m-sherpa-onnx-cpu,vi-asr-VIVOSDEV14_286-impulsive-10,ASR,vi,,10.0,impulsive,zipformer-vi-30m-sherpa-onnx-cpu,0.1,403.84765625,0.0,0.0,,0.03441600344160035,,eval_data\mixed_vivos\vi_VIVOSDEV14_286_impulsive_10.wav,,,
vivos/zipformer-vi-30m-sherpa-onnx-cpu,vi-asr-VIVOSDEV14_286-impulsive-5,ASR,vi,,5.0,impulsive,zipformer-vi-30m-sherpa-onnx-cpu,0.1321,403.84765625,0.0,0.0,,0.04546354054635405,,eval_data\mixed_vivos\vi_VIVOSDEV14_286_impulsive_5.wav,,,
vivos/zipformer-vi-30m-sherpa-onnx-cpu,vi-asr-VIVOSDEV14_286-impulsive-0,ASR,vi,,0.0,impulsive,zipformer-vi-30m-sherpa-onnx-cpu,0.1069,403.84765625,0.0,0.0,,0.036790707679070764,,eval_data\mixed_vivos\vi_VIVOSDEV14_286_impulsive_0.wav,,,
vivos/zipformer-vi-30m-sherpa-onnx-cpu,vi-asr-VIVOSDEV15_021-clean,ASR,vi,,,clean,zipformer-vi-30m-sherpa-onnx-cpu,0.0952,403.84765625,0.09090909090909091,0.02127659574468085,,0.027699581742134934,,eval_data\mixed_vivos\vi_VIVOSDEV15_021_clean.wav,,,
vivos/zipformer-vi-30m-sherpa-onnx-cpu,vi-asr-VIVOSDEV15_021-steady-15,ASR,vi,,15.0,steady,zipformer-vi-30m-sherpa-onnx-cpu,0.1112,403.84765625,0.09090909090909091,0.02127659574468085,,0.032354973631569375,,eval_data\mixed_vivos\vi_VIVOSDEV15_021_steady_15.wav,,,
vivos/zipformer-vi-30m-sherpa-onnx-cpu,vi-asr-VIVOSDEV15_021-steady-10,ASR,vi,,10.0,steady,zipformer-vi-30m-sherpa-onnx-cpu,0.1351,403.8515625,0.09090909090909091,0.02127659574468085,,0.039308965266412074,,eval_data\mixed_vivos\vi_VIVOSDEV15_021_steady_10.wav,,,
vivos/zipformer-vi-30m-sherpa-onnx-cpu,vi-asr-VIVOSDEV15_021-steady-5,ASR,vi,,5.0,steady,zipformer-vi-30m-sherpa-onnx-cpu,0.1256,403.8515625,0.09090909090909091,0.02127659574468085,,0.03654482633206037,,eval_data\mixed_vivos\vi_VIVOSDEV15_021_steady_5.wav,,,
vivos/zipformer-vi-30m-sherpa-onnx-cpu,vi-asr-VIVOSDEV15_021-steady-0,ASR,vi,,0.0,steady,zipformer-vi-30m-sherpa-onnx-cpu,0.1394,403.85546875,0.09090909090909091,0.02127659574468085,,0.04056010183669758,,eval_data\mixed_vivos\vi_VIVOSDEV15_021_steady_0.wav,,,
vivos/zipformer-vi-30m-sherpa-onnx-cpu,vi-asr-VIVOSDEV15_021-impulsive-15,ASR,vi,,15.0,impulsive,zipformer-vi-30m-sherpa-onnx-cpu,0.1888,403.859375,0.09090909090909091,0.02127659574468085,,0.054933624295326416,,eval_data\mixed_vivos\vi_VIVOSDEV15_021_impulsive_15.wav,,,
vivos/zipformer-vi-30m-sherpa-onnx-cpu,vi-asr-VIVOSDEV15_021-impulsive-10,ASR,vi,,10.0,impulsive,zipformer-vi-30m-sherpa-onnx-cpu,0.1841,403.86328125,0.09090909090909091,0.02127659574468085,,0.05356610292780506,,eval_data\mixed_vivos\vi_VIVOSDEV15_021_impulsive_10.wav,,,
vivos/zipformer-vi-30m-sherpa-onnx-cpu,vi-asr-VIVOSDEV15_021-impulsive-5,ASR,vi,,5.0,impulsive,zipformer-vi-30m-sherpa-onnx-cpu,0.1481,403.8671875,0.09090909090909091,0.02127659574468085,,0.04309147117657756,,eval_data\mixed_vivos\vi_VIVOSDEV15_021_impulsive_5.wav,,,
vivos/zipformer-vi-30m-sherpa-onnx-cpu,vi-asr-VIVOSDEV15_021-impulsive-0,ASR,vi,,0.0,impulsive,zipformer-vi-30m-sherpa-onnx-cpu,0.1431,403.8671875,0.09090909090909091,0.02127659574468085,,0.04163666121112929,,eval_data\mixed_vivos\vi_VIVOSDEV15_021_impulsive_0.wav,,,
vivos/zipformer-vi-30m-sherpa-onnx-cpu,vi-asr-VIVOSDEV15_092-clean,ASR,vi,,,clean,zipformer-vi-30m-sherpa-onnx-cpu,0.1943,404.12890625,0.0,0.0,,0.04441777396770968,,eval_data\mixed_vivos\vi_VIVOSDEV15_092_clean.wav,,,
vivos/zipformer-vi-30m-sherpa-onnx-cpu,vi-asr-VIVOSDEV15_092-steady-15,ASR,vi,,15.0,steady,zipformer-vi-30m-sherpa-onnx-cpu,0.1943,404.12890625,0.0,0.0,,0.04441777396770968,,eval_data\mixed_vivos\vi_VIVOSDEV15_092_steady_15.wav,,,
vivos/zipformer-vi-30m-sherpa-onnx-cpu,vi-asr-VIVOSDEV15_092-steady-10,ASR,vi,,10.0,steady,zipformer-vi-30m-sherpa-onnx-cpu,0.2051,404.1328125,0.0,0.0,,0.046886698099728535,,eval_data\mixed_vivos\vi_VIVOSDEV15_092_steady_10.wav,,,
vivos/zipformer-vi-30m-sherpa-onnx-cpu,vi-asr-VIVOSDEV15_092-steady-5,ASR,vi,,5.0,steady,zipformer-vi-30m-sherpa-onnx-cpu,0.2261,404.1328125,0.0,0.0,,0.051687383911987426,,eval_data\mixed_vivos\vi_VIVOSDEV15_092_steady_5.wav,,,
vivos/zipformer-vi-30m-sherpa-onnx-cpu,vi-asr-VIVOSDEV15_092-steady-0,ASR,vi,,0.0,steady,zipformer-vi-30m-sherpa-onnx-cpu,0.1703,404.1328125,0.13333333333333333,0.047619047619047616,,0.03893127589655666,,eval_data\mixed_vivos\vi_VIVOSDEV15_092_steady_0.wav,,,
vivos/zipformer-vi-30m-sherpa-onnx-cpu,vi-asr-VIVOSDEV15_092-impulsive-15,ASR,vi,,15.0,impulsive,zipformer-vi-30m-sherpa-onnx-cpu,0.1674,404.13671875,0.0,0.0,,0.03826832404629233,,eval_data\mixed_vivos\vi_VIVOSDEV15_092_impulsive_15.wav,,,
vivos/zipformer-vi-30m-sherpa-onnx-cpu,vi-asr-VIVOSDEV15_092-impulsive-10,ASR,vi,,10.0,impulsive,zipformer-vi-30m-sherpa-onnx-cpu,0.1452,404.140625,0.0,0.0,,0.03319331333047578,,eval_data\mixed_vivos\vi_VIVOSDEV15_092_impulsive_10.wav,,,
vivos/zipformer-vi-30m-sherpa-onnx-cpu,vi-asr-VIVOSDEV15_092-impulsive-5,ASR,vi,,5.0,impulsive,zipformer-vi-30m-sherpa-onnx-cpu,0.1897,404.140625,0.0,0.0,,0.04336619517073868,,eval_data\mixed_vivos\vi_VIVOSDEV15_092_impulsive_5.wav,,,
vivos/zipformer-vi-30m-sherpa-onnx-cpu,vi-asr-VIVOSDEV15_092-impulsive-0,ASR,vi,,0.0,impulsive,zipformer-vi-30m-sherpa-onnx-cpu,0.1996,404.14453125,0.0,0.0,,0.0456293756250893,,eval_data\mixed_vivos\vi_VIVOSDEV15_092_impulsive_0.wav,,,
vivos/zipformer-vi-30m-sherpa-onnx-cpu,vi-asr-VIVOSDEV15_168-clean,ASR,vi,,,clean,zipformer-vi-30m-sherpa-onnx-cpu,0.2493,404.4921875,0.0,0.0,,0.04482301382177773,,eval_data\mixed_vivos\vi_VIVOSDEV15_168_clean.wav,,,
vivos/zipformer-vi-30m-sherpa-onnx-cpu,vi-asr-VIVOSDEV15_168-steady-15,ASR,vi,,15.0,steady,zipformer-vi-30m-sherpa-onnx-cpu,0.2487,404.875,0.0,0.0,,0.04471513653219463,,eval_data\mixed_vivos\vi_VIVOSDEV15_168_steady_15.wav,,,
vivos/zipformer-vi-30m-sherpa-onnx-cpu,vi-asr-VIVOSDEV15_168-steady-10,ASR,vi,,10.0,steady,zipformer-vi-30m-sherpa-onnx-cpu,0.2186,404.875,0.0,0.0,,0.039303292504775815,,eval_data\mixed_vivos\vi_VIVOSDEV15_168_steady_10.wav,,,
vivos/zipformer-vi-30m-sherpa-onnx-cpu,vi-asr-VIVOSDEV15_168-steady-5,ASR,vi,,5.0,steady,zipformer-vi-30m-sherpa-onnx-cpu,0.2161,404.875,0.0,0.0,,0.03885380379817957,,eval_data\mixed_vivos\vi_VIVOSDEV15_168_steady_5.wav,,,
vivos/zipformer-vi-30m-sherpa-onnx-cpu,vi-asr-VIVOSDEV15_168-steady-0,ASR,vi,,0.0,steady,zipformer-vi-30m-sherpa-onnx-cpu,0.2696,404.87890625,0.0,0.0,,0.04847286211933925,,eval_data\mixed_vivos\vi_VIVOSDEV15_168_steady_0.wav,,,
vivos/zipformer-vi-30m-sherpa-onnx-cpu,vi-asr-VIVOSDEV15_168-impulsive-15,ASR,vi,,15.0,impulsive,zipformer-vi-30m-sherpa-onnx-cpu,0.2151,404.87890625,0.0,0.0,,0.038674008315541075,,eval_data\mixed_vivos\vi_VIVOSDEV15_168_impulsive_15.wav,,,
vivos/zipformer-vi-30m-sherpa-onnx-cpu,vi-asr-VIVOSDEV15_168-impulsive-10,ASR,vi,,10.0,impulsive,zipformer-vi-30m-sherpa-onnx-cpu,0.1823,404.88671875,0.0,0.0,,0.03277671648499832,,eval_data\mixed_vivos\vi_VIVOSDEV15_168_impulsive_10.wav,,,
vivos/zipformer-vi-30m-sherpa-onnx-cpu,vi-asr-VIVOSDEV15_168-impulsive-5,ASR,vi,,5.0,impulsive,zipformer-vi-30m-sherpa-onnx-cpu,0.2123,404.89453125,0.13333333333333333,0.07017543859649122,,0.038170580964153274,,eval_data\mixed_vivos\vi_VIVOSDEV15_168_impulsive_5.wav,,,
vivos/zipformer-vi-30m-sherpa-onnx-cpu,vi-asr-VIVOSDEV15_168-impulsive-0,ASR,vi,,0.0,impulsive,zipformer-vi-30m-sherpa-onnx-cpu,0.2006,404.8984375,0.13333333333333333,0.07017543859649122,,0.03606697381728284,,eval_data\mixed_vivos\vi_VIVOSDEV15_168_impulsive_0.wav,,,
vivos/zipformer-vi-30m-sherpa-onnx-cpu,vi-asr-VIVOSDEV15_208-clean,ASR,vi,,,clean,zipformer-vi-30m-sherpa-onnx-cpu,0.1668,404.90234375,0.0,0.0,,0.03983878190774743,,eval_data\mixed_vivos\vi_VIVOSDEV15_208_clean.wav,,,
vivos/zipformer-vi-30m-sherpa-onnx-cpu,vi-asr-VIVOSDEV15_208-steady-15,ASR,vi,,15.0,steady,zipformer-vi-30m-sherpa-onnx-cpu,0.1643,404.90625,0.0,0.0,,0.03924167786236752,,eval_data\mixed_vivos\vi_VIVOSDEV15_208_steady_15.wav,,,
vivos/zipformer-vi-30m-sherpa-onnx-cpu,vi-asr-VIVOSDEV15_208-steady-10,ASR,vi,,10.0,steady,zipformer-vi-30m-sherpa-onnx-cpu,0.203,404.9140625,0.0,0.0,,0.04848484848484849,,eval_data\mixed_vivos\vi_VIVOSDEV15_208_steady_10.wav,,,
vivos/zipformer-vi-30m-sherpa-onnx-cpu,vi-asr-VIVOSDEV15_208-steady-5,ASR,vi,,5.0,steady,zipformer-vi-30m-sherpa-onnx-cpu,0.1548,404.91796875,0.0,0.0,,0.03697268248992387,,eval_data\mixed_vivos\vi_VIVOSDEV15_208_steady_5.wav,,,
vivos/zipformer-vi-30m-sherpa-onnx-cpu,vi-asr-VIVOSDEV15_208-steady-0,ASR,vi,,0.0,steady,zipformer-vi-30m-sherpa-onnx-cpu,0.1452,404.921875,0.15384615384615385,0.08620689655172414,,0.03467980295566503,,eval_data\mixed_vivos\vi_VIVOSDEV15_208_steady_0.wav,,,
vivos/zipformer-vi-30m-sherpa-onnx-cpu,vi-asr-VIVOSDEV15_208-impulsive-15,ASR,vi,,15.0,impulsive,zipformer-vi-30m-sherpa-onnx-cpu,0.1967,404.921875,0.0,0.0,,0.046980146290491125,,eval_data\mixed_vivos\vi_VIVOSDEV15_208_impulsive_15.wav,,,
vivos/zipformer-vi-30m-sherpa-onnx-cpu,vi-asr-VIVOSDEV15_208-impulsive-10,ASR,vi,,10.0,impulsive,zipformer-vi-30m-sherpa-onnx-cpu,0.1625,404.921875,0.0,0.0,,0.03881176294969399,,eval_data\mixed_vivos\vi_VIVOSDEV15_208_impulsive_10.wav,,,
vivos/zipformer-vi-30m-sherpa-onnx-cpu,vi-asr-VIVOSDEV15_208-impulsive-5,ASR,vi,,5.0,impulsive,zipformer-vi-30m-sherpa-onnx-cpu,0.1667,404.921875,0.0,0.0,,0.03981489774593223,,eval_data\mixed_vivos\vi_VIVOSDEV15_208_impulsive_5.wav,,,
vivos/zipformer-vi-30m-sherpa-onnx-cpu,vi-asr-VIVOSDEV15_208-impulsive-0,ASR,vi,,0.0,impulsive,zipformer-vi-30m-sherpa-onnx-cpu,0.1583,404.92578125,0.0,0.0,,0.037808628153455745,,eval_data\mixed_vivos\vi_VIVOSDEV15_208_impulsive_0.wav,,,
vivos/zipformer-vi-30m-sherpa-onnx-cpu,vi-asr-VIVOSDEV15_265-clean,ASR,vi,,,clean,zipformer-vi-30m-sherpa-onnx-cpu,0.1489,404.92578125,0.0,0.0,,0.034039148449778546,,eval_data\mixed_vivos\vi_VIVOSDEV15_265_clean.wav,,,
vivos/zipformer-vi-30m-sherpa-onnx-cpu,vi-asr-VIVOSDEV15_265-steady-15,ASR,vi,,15.0,steady,zipformer-vi-30m-sherpa-onnx-cpu,0.1686,404.92578125,0.0,0.0,,0.03854264894984998,,eval_data\mixed_vivos\vi_VIVOSDEV15_265_steady_15.wav,,,
vivos/zipformer-vi-30m-sherpa-onnx-cpu,vi-asr-VIVOSDEV15_265-steady-10,ASR,vi,,10.0,steady,zipformer-vi-30m-sherpa-onnx-cpu,0.1756,404.92578125,0.0,0.0,,0.04014287755393628,,eval_data\mixed_vivos\vi_VIVOSDEV15_265_steady_10.wav,,,
vivos/zipformer-vi-30m-sherpa-onnx-cpu,vi-asr-VIVOSDEV15_265-steady-5,ASR,vi,,5.0,steady,zipformer-vi-30m-sherpa-onnx-cpu,0.1734,404.9296875,0.0,0.0,,0.03963994856408058,,eval_data\mixed_vivos\vi_VIVOSDEV15_265_steady_5.wav,,,
vivos/zipformer-vi-30m-sherpa-onnx-cpu,vi-asr-VIVOSDEV15_265-steady-0,ASR,vi,,0.0,steady,zipformer-vi-30m-sherpa-onnx-cpu,0.1469,404.9296875,0.0,0.0,,0.033581940277182455,,eval_data\mixed_vivos\vi_VIVOSDEV15_265_steady_0.wav,,,
vivos/zipformer-vi-30m-sherpa-onnx-cpu,vi-asr-VIVOSDEV15_265-impulsive-15,ASR,vi,,15.0,impulsive,zipformer-vi-30m-sherpa-onnx-cpu,0.198,404.9296875,0.0,0.0,,0.045263609087012435,,eval_data\mixed_vivos\vi_VIVOSDEV15_265_impulsive_15.wav,,,
vivos/zipformer-vi-30m-sherpa-onnx-cpu,vi-asr-VIVOSDEV15_265-impulsive-10,ASR,vi,,10.0,impulsive,zipformer-vi-30m-sherpa-onnx-cpu,0.2172,404.9296875,0.0,0.0,,0.049652807543934856,,eval_data\mixed_vivos\vi_VIVOSDEV15_265_impulsive_10.wav,,,
vivos/zipformer-vi-30m-sherpa-onnx-cpu,vi-asr-VIVOSDEV15_265-impulsive-5,ASR,vi,,5.0,impulsive,zipformer-vi-30m-sherpa-onnx-cpu,0.1707,404.9296875,0.0,0.0,,0.03902271753107587,,eval_data\mixed_vivos\vi_VIVOSDEV15_265_impulsive_5.wav,,,
vivos/zipformer-vi-30m-sherpa-onnx-cpu,vi-asr-VIVOSDEV15_265-impulsive-0,ASR,vi,,0.0,impulsive,zipformer-vi-30m-sherpa-onnx-cpu,0.1948,404.9296875,0.0,0.0,,0.0445320760108587,,eval_data\mixed_vivos\vi_VIVOSDEV15_265_impulsive_0.wav,,,
vivos/zipformer-vi-30m-sherpa-onnx-cpu,vi-asr-VIVOSDEV16_050-clean,ASR,vi,,,clean,zipformer-vi-30m-sherpa-onnx-cpu,0.1588,404.9375,0.0,0.0,,0.04235372562093682,,eval_data\mixed_vivos\vi_VIVOSDEV16_050_clean.wav,,,
vivos/zipformer-vi-30m-sherpa-onnx-cpu,vi-asr-VIVOSDEV16_050-steady-15,ASR,vi,,15.0,steady,zipformer-vi-30m-sherpa-onnx-cpu,0.1053,404.9375,0.0,0.0,,0.02808468078013002,,eval_data\mixed_vivos\vi_VIVOSDEV16_050_steady_15.wav,,,
vivos/zipformer-vi-30m-sherpa-onnx-cpu,vi-asr-VIVOSDEV16_050-steady-10,ASR,vi,,10.0,steady,zipformer-vi-30m-sherpa-onnx-cpu,0.108,404.9375,0.0,0.0,,0.028804800800133354,,eval_data\mixed_vivos\vi_VIVOSDEV16_050_steady_10.wav,,,
vivos/zipformer-vi-30m-sherpa-onnx-cpu,vi-asr-VIVOSDEV16_050-steady-5,ASR,vi,,5.0,steady,zipformer-vi-30m-sherpa-onnx-cpu,0.0907,404.9375,0.0,0.0,,0.024190698449741622,,eval_data\mixed_vivos\vi_VIVOSDEV16_050_steady_5.wav,,,
vivos/zipformer-vi-30m-sherpa-onnx-cpu,vi-asr-VIVOSDEV16_050-steady-0,ASR,vi,,0.0,steady,zipformer-vi-30m-sherpa-onnx-cpu,0.0988,404.9375,0.08333333333333333,0.05263157894736842,,0.026351058509751623,,eval_data\mixed_vivos\vi_VIVOSDEV16_050_steady_0.wav,,,
vivos/zipformer-vi-30m-sherpa-onnx-cpu,vi-asr-VIVOSDEV16_050-impulsive-15,ASR,vi,,15.0,impulsive,zipformer-vi-30m-sherpa-onnx-cpu,0.1092,404.9453125,0.0,0.0,,0.02912485414235706,,eval_data\mixed_vivos\vi_VIVOSDEV16_050_impulsive_15.wav,,,
vivos/zipformer-vi-30m-sherpa-onnx-cpu,vi-asr-VIVOSDEV16_050-impulsive-10,ASR,vi,,10.0,impulsive,zipformer-vi-30m-sherpa-onnx-cpu,0.0961,404.9453125,0.0,0.0,,0.025630938489748293,,eval_data\mixed_vivos\vi_VIVOSDEV16_050_impulsive_10.wav,,,
vivos/zipformer-vi-30m-sherpa-onnx-cpu,vi-asr-VIVOSDEV16_050-impulsive-5,ASR,vi,,5.0,impulsive,zipformer-vi-30m-sherpa-onnx-cpu,0.1024,404.9453125,0.0,0.0,,0.027311218536422738,,eval_data\mixed_vivos\vi_VIVOSDEV16_050_impulsive_5.wav,,,
vivos/zipformer-vi-30m-sherpa-onnx-cpu,vi-asr-VIVOSDEV16_050-impulsive-0,ASR,vi,,0.0,impulsive,zipformer-vi-30m-sherpa-onnx-cpu,0.1089,404.9453125,0.0,0.0,,0.02904484080680113,,eval_data\mixed_vivos\vi_VIVOSDEV16_050_impulsive_0.wav,,,
vivos/zipformer-vi-30m-sherpa-onnx-cpu,vi-asr-VIVOSDEV16_079-clean,ASR,vi,,,clean,zipformer-vi-30m-sherpa-onnx-cpu,0.1646,405.24609375,0.0,0.0,,0.03292411551443931,,eval_data\mixed_vivos\vi_VIVOSDEV16_079_clean.wav,,,
vivos/zipformer-vi-30m-sherpa-onnx-cpu,vi-asr-VIVOSDEV16_079-steady-15,ASR,vi,,15.0,steady,zipformer-vi-30m-sherpa-onnx-cpu,0.1859,405.24609375,0.0,0.0,,0.03718464808101013,,eval_data\mixed_vivos\vi_VIVOSDEV16_079_steady_15.wav,,,
vivos/zipformer-vi-30m-sherpa-onnx-cpu,vi-asr-VIVOSDEV16_079-steady-10,ASR,vi,,10.0,steady,zipformer-vi-30m-sherpa-onnx-cpu,0.2654,405.24609375,0.0,0.0,,0.053086635829478694,,eval_data\mixed_vivos\vi_VIVOSDEV16_079_steady_10.wav,,,
vivos/zipformer-vi-30m-sherpa-onnx-cpu,vi-asr-VIVOSDEV16_079-steady-5,ASR,vi,,5.0,steady,zipformer-vi-30m-sherpa-onnx-cpu,0.2454,405.25,0.0,0.0,,0.04908613576697088,,eval_data\mixed_vivos\vi_VIVOSDEV16_079_steady_5.wav,,,
vivos/zipformer-vi-30m-sherpa-onnx-cpu,vi-asr-VIVOSDEV16_079-steady-0,ASR,vi,,0.0,steady,zipformer-vi-30m-sherpa-onnx-cpu,0.2358,405.25390625,0.0,0.0,,0.047165895736967126,,eval_data\mixed_vivos\vi_VIVOSDEV16_079_steady_0.wav,,,
vivos/zipformer-vi-30m-sherpa-onnx-cpu,vi-asr-VIVOSDEV16_079-impulsive-15,ASR,vi,,15.0,impulsive,zipformer-vi-30m-sherpa-onnx-cpu,0.275,405.25390625,0.0,0.0,,0.05500687585948244,,eval_data\mixed_vivos\vi_VIVOSDEV16_079_impulsive_15.wav,,,
vivos/zipformer-vi-30m-sherpa-onnx-cpu,vi-asr-VIVOSDEV16_079-impulsive-10,ASR,vi,,10.0,impulsive,zipformer-vi-30m-sherpa-onnx-cpu,0.1989,405.2578125,0.0,0.0,,0.039784973121640206,,eval_data\mixed_vivos\vi_VIVOSDEV16_079_impulsive_10.wav,,,
vivos/zipformer-vi-30m-sherpa-onnx-cpu,vi-asr-VIVOSDEV16_079-impulsive-5,ASR,vi,,5.0,impulsive,zipformer-vi-30m-sherpa-onnx-cpu,0.1941,405.2578125,0.0,0.0,,0.03882485310663833,,eval_data\mixed_vivos\vi_VIVOSDEV16_079_impulsive_5.wav,,,
vivos/zipformer-vi-30m-sherpa-onnx-cpu,vi-asr-VIVOSDEV16_079-impulsive-0,ASR,vi,,0.0,impulsive,zipformer-vi-30m-sherpa-onnx-cpu,0.1773,405.2578125,0.0,0.0,,0.03546443305413177,,eval_data\mixed_vivos\vi_VIVOSDEV16_079_impulsive_0.wav,,,
vivos/zipformer-vi-30m-sherpa-onnx-cpu,vi-asr-VIVOSDEV16_168-clean,ASR,vi,,,clean,zipformer-vi-30m-sherpa-onnx-cpu,0.1445,405.26171875,0.08333333333333333,0.018518518518518517,,0.03557470380058471,,eval_data\mixed_vivos\vi_VIVOSDEV16_168_clean.wav,,,
vivos/zipformer-vi-30m-sherpa-onnx-cpu,vi-asr-VIVOSDEV16_168-steady-15,ASR,vi,,15.0,steady,zipformer-vi-30m-sherpa-onnx-cpu,0.1556,405.265625,0.08333333333333333,0.018518518518518517,,0.03830743191260194,,eval_data\mixed_vivos\vi_VIVOSDEV16_168_steady_15.wav,,,
vivos/zipformer-vi-30m-sherpa-onnx-cpu,vi-asr-VIVOSDEV16_168-steady-10,ASR,vi,,10.0,steady,zipformer-vi-30m-sherpa-onnx-cpu,0.1337,405.265625,0.08333333333333333,0.018518518518518517,,0.032915833205108484,,eval_data\mixed_vivos\vi_VIVOSDEV16_168_steady_10.wav,,,
vivos/zipformer-vi-30m-sherpa-onnx-cpu,vi-asr-VIVOSDEV16_168-steady-5,ASR,vi,,5.0,steady,zipformer-vi-30m-sherpa-onnx-cpu,0.1338,405.265625,0.08333333333333333,0.018518518518518517,,0.03294045237728882,,eval_data\mixed_vivos\vi_VIVOSDEV16_168_steady_5.wav,,,
vivos/zipformer-vi-30m-sherpa-onnx-cpu,vi-asr-VIVOSDEV16_168-steady-0,ASR,vi,,0.0,steady,zipformer-vi-30m-sherpa-onnx-cpu,0.1421,405.2734375,0.08333333333333333,0.018518518518518517,,0.03498384366825666,,eval_data\mixed_vivos\vi_VIVOSDEV16_168_steady_0.wav,,,
vivos/zipformer-vi-30m-sherpa-onnx-cpu,vi-asr-VIVOSDEV16_168-impulsive-15,ASR,vi,,15.0,impulsive,zipformer-vi-30m-sherpa-onnx-cpu,0.1831,405.27734375,0.08333333333333333,0.018518518518518517,,0.04507770426219419,,eval_data\mixed_vivos\vi_VIVOSDEV16_168_impulsive_15.wav,,,
vivos/zipformer-vi-30m-sherpa-onnx-cpu,vi-asr-VIVOSDEV16_168-impulsive-10,ASR,vi,,10.0,impulsive,zipformer-vi-30m-sherpa-onnx-cpu,0.1866,405.27734375,0.08333333333333333,0.018518518518518517,,0.045939375288505925,,eval_data\mixed_vivos\vi_VIVOSDEV16_168_impulsive_10.wav,,,
vivos/zipformer-vi-30m-sherpa-onnx-cpu,vi-asr-VIVOSDEV16_168-impulsive-5,ASR,vi,,5.0,impulsive,zipformer-vi-30m-sherpa-onnx-cpu,0.1917,405.28125,0.08333333333333333,0.018518518518518517,,0.04719495306970304,,eval_data\mixed_vivos\vi_VIVOSDEV16_168_impulsive_5.wav,,,
vivos/zipformer-vi-30m-sherpa-onnx-cpu,vi-asr-VIVOSDEV16_168-impulsive-0,ASR,vi,,0.0,impulsive,zipformer-vi-30m-sherpa-onnx-cpu,0.1889,405.28515625,0.08333333333333333,0.018518518518518517,,0.046505616248653646,,eval_data\mixed_vivos\vi_VIVOSDEV16_168_impulsive_0.wav,,,
vivos/zipformer-vi-30m-sherpa-onnx-cpu,vi-asr-VIVOSDEV16_198-clean,ASR,vi,,,clean,zipformer-vi-30m-sherpa-onnx-cpu,0.197,405.53125,0.0,0.0,,0.037980479575852516,,eval_data\mixed_vivos\vi_VIVOSDEV16_198_clean.wav,,,
vivos/zipformer-vi-30m-sherpa-onnx-cpu,vi-asr-VIVOSDEV16_198-steady-15,ASR,vi,,15.0,steady,zipformer-vi-30m-sherpa-onnx-cpu,0.2166,405.5390625,0.0,0.0,,0.041759248102180985,,eval_data\mixed_vivos\vi_VIVOSDEV16_198_steady_15.wav,,,
vivos/zipformer-vi-30m-sherpa-onnx-cpu,vi-asr-VIVOSDEV16_198-steady-10,ASR,vi,,10.0,steady,zipformer-vi-30m-sherpa-onnx-cpu,0.2773,405.5390625,0.0,0.0,,0.05346186287504519,,eval_data\mixed_vivos\vi_VIVOSDEV16_198_steady_10.wav,,,
vivos/zipformer-vi-30m-sherpa-onnx-cpu,vi-asr-VIVOSDEV16_198-steady-5,ASR,vi,,5.0,steady,zipformer-vi-30m-sherpa-onnx-cpu,0.3278,405.5390625,0.0,0.0,,0.06319797565971803,,eval_data\mixed_vivos\vi_VIVOSDEV16_198_steady_5.wav,,,
vivos/zipformer-vi-30m-sherpa-onnx-cpu,vi-asr-VIVOSDEV16_198-steady-0,ASR,vi,,0.0,steady,zipformer-vi-30m-sherpa-onnx-cpu,0.3256,405.54296875,0.0,0.0,,0.06277382817206893,,eval_data\mixed_vivos\vi_VIVOSDEV16_198_steady_0.wav,,,
vivos/zipformer-vi-30m-sherpa-onnx-cpu,vi-asr-VIVOSDEV16_198-impulsive-15,ASR,vi,,15.0,impulsive,zipformer-vi-30m-sherpa-onnx-cpu,0.304,405.546875,0.0,0.0,,0.058609471020604896,,eval_data\mixed_vivos\vi_VIVOSDEV16_198_impulsive_15.wav,,,
vivos/zipformer-vi-30m-sherpa-onnx-cpu,vi-asr-VIVOSDEV16_198-impulsive-10,ASR,vi,,10.0,impulsive,zipformer-vi-30m-sherpa-onnx-cpu,0.2925,405.5546875,0.0,0.0,,0.05639233642607543,,eval_data\mixed_vivos\vi_VIVOSDEV16_198_impulsive_10.wav,,,
vivos/zipformer-vi-30m-sherpa-onnx-cpu,vi-asr-VIVOSDEV16_198-impulsive-5,ASR,vi,,5.0,impulsive,zipformer-vi-30m-sherpa-onnx-cpu,0.335,405.5546875,0.0,0.0,,0.06458609471020606,,eval_data\mixed_vivos\vi_VIVOSDEV16_198_impulsive_5.wav,,,
vivos/zipformer-vi-30m-sherpa-onnx-cpu,vi-asr-VIVOSDEV16_198-impulsive-0,ASR,vi,,0.0,impulsive,zipformer-vi-30m-sherpa-onnx-cpu,0.2874,405.55859375,0.0,0.0,,0.05540908543197976,,eval_data\mixed_vivos\vi_VIVOSDEV16_198_impulsive_0.wav,,,
vivos/zipformer-vi-30m-sherpa-onnx-cpu,vi-asr-VIVOSDEV16_273-clean,ASR,vi,,,clean,zipformer-vi-30m-sherpa-onnx-cpu,0.2062,405.59375,0.0,0.0,,0.04614911176388306,,eval_data\mixed_vivos\vi_VIVOSDEV16_273_clean.wav,,,
vivos/zipformer-vi-30m-sherpa-onnx-cpu,vi-asr-VIVOSDEV16_273-steady-15,ASR,vi,,15.0,steady,zipformer-vi-30m-sherpa-onnx-cpu,0.2314,405.6015625,0.0,0.0,,0.05178906140718982,,eval_data\mixed_vivos\vi_VIVOSDEV16_273_steady_15.wav,,,
vivos/zipformer-vi-30m-sherpa-onnx-cpu,vi-asr-VIVOSDEV16_273-steady-10,ASR,vi,,10.0,steady,zipformer-vi-30m-sherpa-onnx-cpu,0.2362,405.6015625,0.0,0.0,,0.05286333752972444,,eval_data\mixed_vivos\vi_VIVOSDEV16_273_steady_10.wav,,,
vivos/zipformer-vi-30m-sherpa-onnx-cpu,vi-asr-VIVOSDEV16_273-steady-5,ASR,vi,,5.0,steady,zipformer-vi-30m-sherpa-onnx-cpu,0.2686,405.6015625,0.0,0.0,,0.06011470135683313,,eval_data\mixed_vivos\vi_VIVOSDEV16_273_steady_5.wav,,,
vivos/zipformer-vi-30m-sherpa-onnx-cpu,vi-asr-VIVOSDEV16_273-steady-0,ASR,vi,,0.0,steady,zipformer-vi-30m-sherpa-onnx-cpu,0.2876,405.6015625,0.0,0.0,,0.064367044341866,,eval_data\mixed_vivos\vi_VIVOSDEV16_273_steady_0.wav,,,
vivos/zipformer-vi-30m-sherpa-onnx-cpu,vi-asr-VIVOSDEV16_273-impulsive-15,ASR,vi,,15.0,impulsive,zipformer-vi-30m-sherpa-onnx-cpu,0.2554,405.6015625,0.0,0.0,,0.05716044201986292,,eval_data\mixed_vivos\vi_VIVOSDEV16_273_impulsive_15.wav,,,
vivos/zipformer-vi-30m-sherpa-onnx-cpu,vi-asr-VIVOSDEV16_273-impulsive-10,ASR,vi,,10.0,impulsive,zipformer-vi-30m-sherpa-onnx-cpu,0.3297,405.60546875,0.0,0.0,,0.07378934116659673,,eval_data\mixed_vivos\vi_VIVOSDEV16_273_impulsive_10.wav,,,
vivos/zipformer-vi-30m-sherpa-onnx-cpu,vi-asr-VIVOSDEV16_273-impulsive-5,ASR,vi,,5.0,impulsive,zipformer-vi-30m-sherpa-onnx-cpu,0.2061,405.60546875,0.0,0.0,,0.04612673101133026,,eval_data\mixed_vivos\vi_VIVOSDEV16_273_impulsive_5.wav,,,
vivos/zipformer-vi-30m-sherpa-onnx-cpu,vi-asr-VIVOSDEV16_273-impulsive-0,ASR,vi,,0.0,impulsive,zipformer-vi-30m-sherpa-onnx-cpu,0.1949,405.60546875,0.0,0.0,,0.043620086725416146,,eval_data\mixed_vivos\vi_VIVOSDEV16_273_impulsive_0.wav,,,
vivos/zipformer-vi-30m-sherpa-onnx-cpu,vi-asr-VIVOSDEV17_048-clean,ASR,vi,,,clean,zipformer-vi-30m-sherpa-onnx-cpu,0.1407,405.6484375,0.0,0.0,,0.03752625437572928,,eval_data\mixed_vivos\vi_VIVOSDEV17_048_clean.wav,,,
vivos/zipformer-vi-30m-sherpa-onnx-cpu,vi-asr-VIVOSDEV17_048-steady-15,ASR,vi,,15.0,steady,zipformer-vi-30m-sherpa-onnx-cpu,0.1849,405.6484375,0.0,0.0,,0.049314885814302385,,eval_data\mixed_vivos\vi_VIVOSDEV17_048_steady_15.wav,,,
vivos/zipformer-vi-30m-sherpa-onnx-cpu,vi-asr-VIVOSDEV17_048-steady-10,ASR,vi,,10.0,steady,zipformer-vi-30m-sherpa-onnx-cpu,0.1619,405.65625,0.0,0.0,,0.04318053008834805,,eval_data\mixed_vivos\vi_VIVOSDEV17_048_steady_10.wav,,,
vivos/zipformer-vi-30m-sherpa-onnx-cpu,vi-asr-VIVOSDEV17_048-steady-5,ASR,vi,,5.0,steady,zipformer-vi-30m-sherpa-onnx-cpu,0.1722,405.65625,0.0,0.0,,0.04592765460910151,,eval_data\mixed_vivos\vi_VIVOSDEV17_048_steady_5.wav,,,
vivos/zipformer-vi-30m-sherpa-onnx-cpu,vi-asr-VIVOSDEV17_048-steady-0,ASR,vi,,0.0,steady,zipformer-vi-30m-sherpa-onnx-cpu,0.2064,405.65625,0.0,0.0,,0.055049174862477075,,eval_data\mixed_vivos\vi_VIVOSDEV17_048_steady_0.wav,,,
vivos/zipformer-vi-30m-sherpa-onnx-cpu,vi-asr-VIVOSDEV17_048-impulsive-15,ASR,vi,,15.0,impulsive,zipformer-vi-30m-sherpa-onnx-cpu,0.1799,405.65625,0.0,0.0,,0.047981330221703616,,eval_data\mixed_vivos\vi_VIVOSDEV17_048_impulsive_15.wav,,,
vivos/zipformer-vi-30m-sherpa-onnx-cpu,vi-asr-VIVOSDEV17_048-impulsive-10,ASR,vi,,10.0,impulsive,zipformer-vi-30m-sherpa-onnx-cpu,0.179,405.65625,0.0,0.0,,0.047741290215035835,,eval_data\mixed_vivos\vi_VIVOSDEV17_048_impulsive_10.wav,,,
vivos/zipformer-vi-30m-sherpa-onnx-cpu,vi-asr-VIVOSDEV17_048-impulsive-5,ASR,vi,,5.0,impulsive,zipformer-vi-30m-sherpa-onnx-cpu,0.1678,405.65625,0.0,0.0,,0.0447541256876146,,eval_data\mixed_vivos\vi_VIVOSDEV17_048_impulsive_5.wav,,,
vivos/zipformer-vi-30m-sherpa-onnx-cpu,vi-asr-VIVOSDEV17_048-impulsive-0,ASR,vi,,0.0,impulsive,zipformer-vi-30m-sherpa-onnx-cpu,0.1787,405.65625,0.0,0.0,,0.04766127687947991,,eval_data\mixed_vivos\vi_VIVOSDEV17_048_impulsive_0.wav,,,
vivos/zipformer-vi-30m-sherpa-onnx-cpu,vi-asr-VIVOSDEV17_100-clean,ASR,vi,,,clean,zipformer-vi-30m-sherpa-onnx-cpu,0.4402,405.68359375,0.0,0.0,,0.11093400535517403,,eval_data\mixed_vivos\vi_VIVOSDEV17_100_clean.wav,,,
vivos/zipformer-vi-30m-sherpa-onnx-cpu,vi-asr-VIVOSDEV17_100-steady-15,ASR,vi,,15.0,steady,zipformer-vi-30m-sherpa-onnx-cpu,0.2189,405.68359375,0.0,0.0,,0.0551645928492676,,eval_data\mixed_vivos\vi_VIVOSDEV17_100_steady_15.wav,,,
vivos/zipformer-vi-30m-sherpa-onnx-cpu,vi-asr-VIVOSDEV17_100-steady-10,ASR,vi,,10.0,steady,zipformer-vi-30m-sherpa-onnx-cpu,0.1407,405.68359375,0.0,0.0,,0.03545755237045203,,eval_data\mixed_vivos\vi_VIVOSDEV17_100_steady_10.wav,,,
vivos/zipformer-vi-30m-sherpa-onnx-cpu,vi-asr-VIVOSDEV17_100-steady-5,ASR,vi,,5.0,steady,zipformer-vi-30m-sherpa-onnx-cpu,0.1872,405.6875,0.0,0.0,,0.04717593321782958,,eval_data\mixed_vivos\vi_VIVOSDEV17_100_steady_5.wav,,,
vivos/zipformer-vi-30m-sherpa-onnx-cpu,vi-asr-VIVOSDEV17_100-steady-0,ASR,vi,,0.0,steady,zipformer-vi-30m-sherpa-onnx-cpu,0.1892,405.6875,0.0,0.0,,0.04767994959836195,,eval_data\mixed_vivos\vi_VIVOSDEV17_100_steady_0.wav,,,
vivos/zipformer-vi-30m-sherpa-onnx-cpu,vi-asr-VIVOSDEV17_100-impulsive-15,ASR,vi,,15.0,impulsive,zipformer-vi-30m-sherpa-onnx-cpu,0.1571,405.6875,0.0,0.0,,0.039590486690817446,,eval_data\mixed_vivos\vi_VIVOSDEV17_100_impulsive_15.wav,,,
vivos/zipformer-vi-30m-sherpa-onnx-cpu,vi-asr-VIVOSDEV17_100-impulsive-10,ASR,vi,,10.0,impulsive,zipformer-vi-30m-sherpa-onnx-cpu,0.163,405.6875,0.0,0.0,,0.041077335013387936,,eval_data\mixed_vivos\vi_VIVOSDEV17_100_impulsive_10.wav,,,
vivos/zipformer-vi-30m-sherpa-onnx-cpu,vi-asr-VIVOSDEV17_100-impulsive-5,ASR,vi,,5.0,impulsive,zipformer-vi-30m-sherpa-onnx-cpu,0.1651,405.6875,0.0,0.0,,0.04160655221294692,,eval_data\mixed_vivos\vi_VIVOSDEV17_100_impulsive_5.wav,,,
vivos/zipformer-vi-30m-sherpa-onnx-cpu,vi-asr-VIVOSDEV17_100-impulsive-0,ASR,vi,,0.0,impulsive,zipformer-vi-30m-sherpa-onnx-cpu,0.1527,405.6875,0.0,0.0,,0.03848165065364624,,eval_data\mixed_vivos\vi_VIVOSDEV17_100_impulsive_0.wav,,,
vivos/zipformer-vi-30m-sherpa-onnx-cpu,vi-asr-VIVOSDEV17_170-clean,ASR,vi,,,clean,zipformer-vi-30m-sherpa-onnx-cpu,0.1538,405.69140625,0.06666666666666667,0.01639344262295082,,0.040019515368352576,,eval_data\mixed_vivos\vi_VIVOSDEV17_170_clean.wav,,,
vivos/zipformer-vi-30m-sherpa-onnx-cpu,vi-asr-VIVOSDEV17_170-steady-15,ASR,vi,,15.0,steady,zipformer-vi-30m-sherpa-onnx-cpu,0.1235,405.6953125,0.06666666666666667,0.01639344262295082,,0.032135306553911204,,eval_data\mixed_vivos\vi_VIVOSDEV17_170_steady_15.wav,,,
vivos/zipformer-vi-30m-sherpa-onnx-cpu,vi-asr-VIVOSDEV17_170-steady-10,ASR,vi,,10.0,steady,zipformer-vi-30m-sherpa-onnx-cpu,0.1401,405.69921875,0.06666666666666667,0.01639344262295082,,0.036454708082615056,,eval_data\mixed_vivos\vi_VIVOSDEV17_170_steady_10.wav,,,
vivos/zipformer-vi-30m-sherpa-onnx-cpu,vi-asr-VIVOSDEV17_170-steady-5,ASR,vi,,5.0,steady,zipformer-vi-30m-sherpa-onnx-cpu,0.1557,405.69921875,0.06666666666666667,0.01639344262295082,,0.04051390469995121,,eval_data\mixed_vivos\vi_VIVOSDEV17_170_steady_5.wav,,,
vivos/zipformer-vi-30m-sherpa-onnx-cpu,vi-asr-VIVOSDEV17_170-steady-0,ASR,vi,,0.0,steady,zipformer-vi-30m-sherpa-onnx-cpu,0.136,405.703125,0.06666666666666667,0.01639344262295082,,0.035387867946007484,,eval_data\mixed_vivos\vi_VIVOSDEV17_170_steady_0.wav,,,
vivos/zipformer-vi-30m-sherpa-onnx-cpu,vi-asr-VIVOSDEV17_170-impulsive-15,ASR,vi,,15.0,impulsive,zipformer-vi-30m-sherpa-onnx-cpu,0.1472,405.70703125,0.06666666666666667,0.01639344262295082,,0.038302162953325745,,eval_data\mixed_vivos\vi_VIVOSDEV17_170_impulsive_15.wav,,,
vivos/zipformer-vi-30m-sherpa-onnx-cpu,vi-asr-VIVOSDEV17_170-impulsive-10,ASR,vi,,10.0,impulsive,zipformer-vi-30m-sherpa-onnx-cpu,0.146,405.7109375,0.06666666666666667,0.01639344262295082,,0.0379899170596845,,eval_data\mixed_vivos\vi_VIVOSDEV17_170_impulsive_10.wav,,,
vivos/zipformer-vi-30m-sherpa-onnx-cpu,vi-asr-VIVOSDEV17_170-impulsive-5,ASR,vi,,5.0,impulsive,zipformer-vi-30m-sherpa-onnx-cpu,0.1449,405.71484375,0.06666666666666667,0.01639344262295082,,0.03770369165718003,,eval_data\mixed_vivos\vi_VIVOSDEV17_170_impulsive_5.wav,,,
vivos/zipformer-vi-30m-sherpa-onnx-cpu,vi-asr-VIVOSDEV17_170-impulsive-0,ASR,vi,,0.0,impulsive,zipformer-vi-30m-sherpa-onnx-cpu,0.1219,405.71484375,0.06666666666666667,0.01639344262295082,,0.03171897869572288,,eval_data\mixed_vivos\vi_VIVOSDEV17_170_impulsive_0.wav,,,
vivos/zipformer-vi-30m-sherpa-onnx-cpu,vi-asr-VIVOSDEV17_213-clean,ASR,vi,,,clean,zipformer-vi-30m-sherpa-onnx-cpu,0.1488,405.72265625,0.0,0.0,,0.03691735152736859,,eval_data\mixed_vivos\vi_VIVOSDEV17_213_clean.wav,,,
vivos/zipformer-vi-30m-sherpa-onnx-cpu,vi-asr-VIVOSDEV17_213-steady-15,ASR,vi,,15.0,steady,zipformer-vi-30m-sherpa-onnx-cpu,0.1521,405.72265625,0.09090909090909091,0.041666666666666664,,0.037736083113661036,,eval_data\mixed_vivos\vi_VIVOSDEV17_213_steady_15.wav,,,
vivos/zipformer-vi-30m-sherpa-onnx-cpu,vi-asr-VIVOSDEV17_213-steady-10,ASR,vi,,10.0,steady,zipformer-vi-30m-sherpa-onnx-cpu,0.1972,405.7265625,0.0,0.0,,0.04892541479299116,,eval_data\mixed_vivos\vi_VIVOSDEV17_213_steady_10.wav,,,
vivos/zipformer-vi-30m-sherpa-onnx-cpu,vi-asr-VIVOSDEV17_213-steady-5,ASR,vi,,5.0,steady,zipformer-vi-30m-sherpa-onnx-cpu,0.1677,405.7265625,0.0,0.0,,0.04160645061249806,,eval_data\mixed_vivos\vi_VIVOSDEV17_213_steady_5.wav,,,
vivos/zipformer-vi-30m-sherpa-onnx-cpu,vi-asr-VIVOSDEV17_213-steady-0,ASR,vi,,0.0,steady,zipformer-vi-30m-sherpa-onnx-cpu,0.1632,405.73046875,0.0,0.0,,0.040489998449372004,,eval_data\mixed_vivos\vi_VIVOSDEV17_213_steady_0.wav,,,
vivos/zipformer-vi-30m-sherpa-onnx-cpu,vi-asr-VIVOSDEV17_213-impulsive-15,ASR,vi,,15.0,impulsive,zipformer-vi-30m-sherpa-onnx-cpu,0.1509,405.73046875,0.0,0.0,,0.03743836253682742,,eval_data\mixed_vivos\vi_VIVOSDEV17_213_impulsive_15.wav,,,
vivos/zipformer-vi-30m-sherpa-onnx-cpu,vi-asr-VIVOSDEV17_213-impulsive-10,ASR,vi,,10.0,impulsive,zipformer-vi-30m-sherpa-onnx-cpu,0.1809,405.734375,0.0,0.0,,0.04488137695766786,,eval_data\mixed_vivos\vi_VIVOSDEV17_213_impulsive_10.wav,,,
vivos/zipformer-vi-30m-sherpa-onnx-cpu,vi-asr-VIVOSDEV17_213-impulsive-5,ASR,vi,,5.0,impulsive,zipformer-vi-30m-sherpa-onnx-cpu,0.1666,405.7421875,0.0,0.0,,0.04133354008373392,,eval_data\mixed_vivos\vi_VIVOSDEV17_213_impulsive_5.wav,,,
vivos/zipformer-vi-30m-sherpa-onnx-cpu,vi-asr-VIVOSDEV17_213-impulsive-0,ASR,vi,,0.0,impulsive,zipformer-vi-30m-sherpa-onnx-cpu,0.1417,405.7421875,0.0,0.0,,0.03515583811443635,,eval_data\mixed_vivos\vi_VIVOSDEV17_213_impulsive_0.wav,,,
vivos/zipformer-vi-30m-sherpa-onnx-cpu,vi-asr-VIVOSDEV17_285-clean,ASR,vi,,,clean,zipformer-vi-30m-sherpa-onnx-cpu,0.1891,405.75390625,0.0,0.0,,0.044500661862038535,,eval_data\mixed_vivos\vi_VIVOSDEV17_285_clean.wav,,,
vivos/zipformer-vi-30m-sherpa-onnx-cpu,vi-asr-VIVOSDEV17_285-steady-15,ASR,vi,,15.0,steady,zipformer-vi-30m-sherpa-onnx-cpu,0.1772,405.7578125,0.0,0.0,,0.041700250036770116,,eval_data\mixed_vivos\vi_VIVOSDEV17_285_steady_15.wav,,,
vivos/zipformer-vi-30m-sherpa-onnx-cpu,vi-asr-VIVOSDEV17_285-steady-10,ASR,vi,,10.0,steady,zipformer-vi-30m-sherpa-onnx-cpu,0.1716,405.7578125,0.0,0.0,,0.04038240917782027,,eval_data\mixed_vivos\vi_VIVOSDEV17_285_steady_10.wav,,,
vivos/zipformer-vi-30m-sherpa-onnx-cpu,vi-asr-VIVOSDEV17_285-steady-5,ASR,vi,,5.0,steady,zipformer-vi-30m-sherpa-onnx-cpu,0.1618,405.76171875,0.0,0.0,,0.03807618767465804,,eval_data\mixed_vivos\vi_VIVOSDEV17_285_steady_5.wav,,,
vivos/zipformer-vi-30m-sherpa-onnx-cpu,vi-asr-VIVOSDEV17_285-steady-0,ASR,vi,,0.0,steady,zipformer-vi-30m-sherpa-onnx-cpu,0.1705,405.76953125,0.0,0.0,,0.04012354758052655,,eval_data\mixed_vivos\vi_VIVOSDEV17_285_steady_0.wav,,,
vivos/zipformer-vi-30m-sherpa-onnx-cpu,vi-asr-VIVOSDEV17_285-impulsive-15,ASR,vi,,15.0,impulsive,zipformer-vi-30m-sherpa-onnx-cpu,0.1821,405.76953125,0.0,0.0,,0.04285336078835123,,eval_data\mixed_vivos\vi_VIVOSDEV17_285_impulsive_15.wav,,,
vivos/zipformer-vi-30m-sherpa-onnx-cpu,vi-asr-VIVOSDEV17_285-impulsive-10,ASR,vi,,10.0,impulsive,zipformer-vi-30m-sherpa-onnx-cpu,0.1853,405.77734375,0.0,0.0,,0.04360641270775114,,eval_data\mixed_vivos\vi_VIVOSDEV17_285_impulsive_10.wav,,,
vivos/zipformer-vi-30m-sherpa-onnx-cpu,vi-asr-VIVOSDEV17_285-impulsive-5,ASR,vi,,5.0,impulsive,zipformer-vi-30m-sherpa-onnx-cpu,0.2063,405.78125,0.0,0.0,,0.04854831592881307,,eval_data\mixed_vivos\vi_VIVOSDEV17_285_impulsive_5.wav,,,
vivos/zipformer-vi-30m-sherpa-onnx-cpu,vi-asr-VIVOSDEV17_285-impulsive-0,ASR,vi,,0.0,impulsive,zipformer-vi-30m-sherpa-onnx-cpu,0.1917,405.7890625,0.0,0.0,,0.04511251654655097,,eval_data\mixed_vivos\vi_VIVOSDEV17_285_impulsive_0.wav,,,
vivos/zipformer-vi-30m-sherpa-onnx-cpu,vi-asr-VIVOSDEV18_051-clean,ASR,vi,,,clean,zipformer-vi-30m-sherpa-onnx-cpu,0.1532,405.79296875,0.09090909090909091,0.0784313725490196,,0.05329854316155686,,eval_data\mixed_vivos\vi_VIVOSDEV18_051_clean.wav,,,
vivos/zipformer-vi-30m-sherpa-onnx-cpu,vi-asr-VIVOSDEV18_051-steady-15,ASR,vi,,15.0,steady,zipformer-vi-30m-sherpa-onnx-cpu,0.1566,405.79296875,0.09090909090909091,0.0784313725490196,,0.05448140900195694,,eval_data\mixed_vivos\vi_VIVOSDEV18_051_steady_15.wav,,,
vivos/zipformer-vi-30m-sherpa-onnx-cpu,vi-asr-VIVOSDEV18_051-steady-10,ASR,vi,,10.0,steady,zipformer-vi-30m-sherpa-onnx-cpu,0.139,405.79296875,0.09090909090909091,0.0784313725490196,,0.048358338769297675,,eval_data\mixed_vivos\vi_VIVOSDEV18_051_steady_10.wav,,,
vivos/zipformer-vi-30m-sherpa-onnx-cpu,vi-asr-VIVOSDEV18_051-steady-5,ASR,vi,,5.0,steady,zipformer-vi-30m-sherpa-onnx-cpu,0.1191,405.79296875,0.09090909090909091,0.0784313725490196,,0.041435094585779514,,eval_data\mixed_vivos\vi_VIVOSDEV18_051_steady_5.wav,,,
vivos/zipformer-vi-30m-sherpa-onnx-cpu,vi-asr-VIVOSDEV18_051-steady-0,ASR,vi,,0.0,steady,zipformer-vi-30m-sherpa-onnx-cpu,0.0985,405.79296875,0.09090909090909091,0.0784313725490196,,0.03426831919982605,,eval_data\mixed_vivos\vi_VIVOSDEV18_051_steady_0.wav,,,
vivos/zipformer-vi-30m-sherpa-onnx-cpu,vi-asr-VIVOSDEV18_051-impulsive-15,ASR,vi,,15.0,impulsive,zipformer-vi-30m-sherpa-onnx-cpu,0.134,405.796875,0.09090909090909091,0.0784313725490196,,0.04661883018047402,,eval_data\mixed_vivos\vi_VIVOSDEV18_051_impulsive_15.wav,,,
vivos/zipformer-vi-30m-sherpa-onnx-cpu,vi-asr-VIVOSDEV18_051-impulsive-10,ASR,vi,,10.0,impulsive,zipformer-vi-30m-sherpa-onnx-cpu,0.1077,405.796875,0.09090909090909091,0.0784313725490196,,0.03746901500326158,,eval_data\mixed_vivos\vi_VIVOSDEV18_051_impulsive_10.wav,,,
vivos/zipformer-vi-30m-sherpa-onnx-cpu,vi-asr-VIVOSDEV18_051-impulsive-5,ASR,vi,,5.0,impulsive,zipformer-vi-30m-sherpa-onnx-cpu,0.1266,405.80078125,0.09090909090909091,0.0784313725490196,,0.044044357469015,,eval_data\mixed_vivos\vi_VIVOSDEV18_051_impulsive_5.wav,,,
vivos/zipformer-vi-30m-sherpa-onnx-cpu,vi-asr-VIVOSDEV18_051-impulsive-0,ASR,vi,,0.0,impulsive,zipformer-vi-30m-sherpa-onnx-cpu,0.102,405.8046875,0.09090909090909091,0.0784313725490196,,0.035485975212002606,,eval_data\mixed_vivos\vi_VIVOSDEV18_051_impulsive_0.wav,,,
vivos/zipformer-vi-30m-sherpa-onnx-cpu,vi-asr-VIVOSDEV18_118-clean,ASR,vi,,,clean,zipformer-vi-30m-sherpa-onnx-cpu,0.0991,405.8046875,0.0,0.0,,0.027342645283669597,,eval_data\mixed_vivos\vi_VIVOSDEV18_118_clean.wav,,,
vivos/zipformer-vi-30m-sherpa-onnx-cpu,vi-asr-VIVOSDEV18_118-steady-15,ASR,vi,,15.0,steady,zipformer-vi-30m-sherpa-onnx-cpu,0.1076,405.80859375,0.0,0.0,,0.02968787722021038,,eval_data\mixed_vivos\vi_VIVOSDEV18_118_steady_15.wav,,,
vivos/zipformer-vi-30m-sherpa-onnx-cpu,vi-asr-VIVOSDEV18_118-steady-10,ASR,vi,,10.0,steady,zipformer-vi-30m-sherpa-onnx-cpu,0.1444,405.80859375,0.0,0.0,,0.039841351957234004,,eval_data\mixed_vivos\vi_VIVOSDEV18_118_steady_10.wav,,,
vivos/zipformer-vi-30m-sherpa-onnx-cpu,vi-asr-VIVOSDEV18_118-steady-5,ASR,vi,,5.0,steady,zipformer-vi-30m-sherpa-onnx-cpu,0.1213,405.80859375,0.0,0.0,,0.033467839282634936,,eval_data\mixed_vivos\vi_VIVOSDEV18_118_steady_5.wav,,,
vivos/zipformer-vi-30m-sherpa-onnx-cpu,vi-asr-VIVOSDEV18_118-steady-0,ASR,vi,,0.0,steady,zipformer-vi-30m-sherpa-onnx-cpu,0.1419,405.80859375,0.0,0.0,,0.03915157785825142,,eval_data\mixed_vivos\vi_VIVOSDEV18_118_steady_0.wav,,,
vivos/zipformer-vi-30m-sherpa-onnx-cpu,vi-asr-VIVOSDEV18_118-impulsive-15,ASR,vi,,15.0,impulsive,zipformer-vi-30m-sherpa-onnx-cpu,0.1482,405.80859375,0.0,0.0,,0.04088980858768753,,eval_data\mixed_vivos\vi_VIVOSDEV18_118_impulsive_15.wav,,,
vivos/zipformer-vi-30m-sherpa-onnx-cpu,vi-asr-VIVOSDEV18_118-impulsive-10,ASR,vi,,10.0,impulsive,zipformer-vi-30m-sherpa-onnx-cpu,0.1648,405.8125,0.0,0.0,,0.045469908604931886,,eval_data\mixed_vivos\vi_VIVOSDEV18_118_impulsive_10.wav,,,
vivos/zipformer-vi-30m-sherpa-onnx-cpu,vi-asr-VIVOSDEV18_118-impulsive-5,ASR,vi,,5.0,impulsive,zipformer-vi-30m-sherpa-onnx-cpu,0.1679,405.8125,0.0,0.0,,0.04632522848767028,,eval_data\mixed_vivos\vi_VIVOSDEV18_118_impulsive_5.wav,,,
vivos/zipformer-vi-30m-sherpa-onnx-cpu,vi-asr-VIVOSDEV18_118-impulsive-0,ASR,vi,,0.0,impulsive,zipformer-vi-30m-sherpa-onnx-cpu,0.1525,405.8125,0.0,0.0,,0.042076220037937574,,eval_data\mixed_vivos\vi_VIVOSDEV18_118_impulsive_0.wav,,,
vivos/zipformer-vi-30m-sherpa-onnx-cpu,vi-asr-VIVOSDEV18_194-clean,ASR,vi,,,clean,zipformer-vi-30m-sherpa-onnx-cpu,0.1823,405.8125,0.0,0.0,,0.05256442602270679,,eval_data\mixed_vivos\vi_VIVOSDEV18_194_clean.wav,,,
vivos/zipformer-vi-30m-sherpa-onnx-cpu,vi-asr-VIVOSDEV18_194-steady-15,ASR,vi,,15.0,steady,zipformer-vi-30m-sherpa-onnx-cpu,0.1519,405.8125,0.0,0.0,,0.04379888268156425,,eval_data\mixed_vivos\vi_VIVOSDEV18_194_steady_15.wav,,,
vivos/zipformer-vi-30m-sherpa-onnx-cpu,vi-asr-VIVOSDEV18_194-steady-10,ASR,vi,,10.0,steady,zipformer-vi-30m-sherpa-onnx-cpu,0.1571,405.81640625,0.0,0.0,,0.04529825193728599,,eval_data\mixed_vivos\vi_VIVOSDEV18_194_steady_10.wav,,,
vivos/zipformer-vi-30m-sherpa-onnx-cpu,vi-asr-VIVOSDEV18_194-steady-5,ASR,vi,,5.0,steady,zipformer-vi-30m-sherpa-onnx-cpu,0.1861,405.81640625,0.0,0.0,,0.05366011894034961,,eval_data\mixed_vivos\vi_VIVOSDEV18_194_steady_5.wav,,,
vivos/zipformer-vi-30m-sherpa-onnx-cpu,vi-asr-VIVOSDEV18_194-steady-0,ASR,vi,,0.0,steady,zipformer-vi-30m-sherpa-onnx-cpu,0.15,405.81640625,0.0,0.0,,0.04325103622274283,,eval_data\mixed_vivos\vi_VIVOSDEV18_194_steady_0.wav,,,
vivos/zipformer-vi-30m-sherpa-onnx-cpu,vi-asr-VIVOSDEV18_194-impulsive-15,ASR,vi,,15.0,impulsive,zipformer-vi-30m-sherpa-onnx-cpu,0.1577,405.81640625,0.0,0.0,,0.04547125608217697,,eval_data\mixed_vivos\vi_VIVOSDEV18_194_impulsive_15.wav,,,
vivos/zipformer-vi-30m-sherpa-onnx-cpu,vi-asr-VIVOSDEV18_194-impulsive-10,ASR,vi,,10.0,impulsive,zipformer-vi-30m-sherpa-onnx-cpu,0.1435,405.8203125,0.0,0.0,,0.041376824653090644,,eval_data\mixed_vivos\vi_VIVOSDEV18_194_impulsive_10.wav,,,
vivos/zipformer-vi-30m-sherpa-onnx-cpu,vi-asr-VIVOSDEV18_194-impulsive-5,ASR,vi,,5.0,impulsive,zipformer-vi-30m-sherpa-onnx-cpu,0.1434,405.8203125,0.0,0.0,,0.04134799062894215,,eval_data\mixed_vivos\vi_VIVOSDEV18_194_impulsive_5.wav,,,
vivos/zipformer-vi-30m-sherpa-onnx-cpu,vi-asr-VIVOSDEV18_194-impulsive-0,ASR,vi,,0.0,impulsive,zipformer-vi-30m-sherpa-onnx-cpu,0.1937,405.82421875,0.0,0.0,,0.055851504775635254,,eval_data\mixed_vivos\vi_VIVOSDEV18_194_impulsive_0.wav,,,
vivos/zipformer-vi-30m-sherpa-onnx-cpu,vi-asr-VIVOSDEV18_252-clean,ASR,vi,,,clean,zipformer-vi-30m-sherpa-onnx-cpu,0.1152,405.828125,0.09090909090909091,0.022727272727272728,,0.036506238859180036,,eval_data\mixed_vivos\vi_VIVOSDEV18_252_clean.wav,,,
vivos/zipformer-vi-30m-sherpa-onnx-cpu,vi-asr-VIVOSDEV18_252-steady-15,ASR,vi,,15.0,steady,zipformer-vi-30m-sherpa-onnx-cpu,0.1035,405.828125,0.09090909090909091,0.022727272727272728,,0.03279857397504456,,eval_data\mixed_vivos\vi_VIVOSDEV18_252_steady_15.wav,,,
vivos/zipformer-vi-30m-sherpa-onnx-cpu,vi-asr-VIVOSDEV18_252-steady-10,ASR,vi,,10.0,steady,zipformer-vi-30m-sherpa-onnx-cpu,0.0952,405.828125,0.09090909090909091,0.022727272727272728,,0.03016835016835017,,eval_data\mixed_vivos\vi_VIVOSDEV18_252_steady_10.wav,,,
vivos/zipformer-vi-30m-sherpa-onnx-cpu,vi-asr-VIVOSDEV18_252-steady-5,ASR,vi,,5.0,steady,zipformer-vi-30m-sherpa-onnx-cpu,0.117,405.83203125,0.09090909090909091,0.022727272727272728,,0.037076648841354726,,eval_data\mixed_vivos\vi_VIVOSDEV18_252_steady_5.wav,,,
vivos/zipformer-vi-30m-sherpa-onnx-cpu,vi-asr-VIVOSDEV18_252-steady-0,ASR,vi,,0.0,steady,zipformer-vi-30m-sherpa-onnx-cpu,0.1265,405.83984375,0.18181818181818182,0.045454545454545456,,0.04008714596949891,,eval_data\mixed_vivos\vi_VIVOSDEV18_252_steady_0.wav,,,
vivos/zipformer-vi-30m-sherpa-onnx-cpu,vi-asr-VIVOSDEV18_252-impulsive-15,ASR,vi,,15.0,impulsive,zipformer-vi-30m-sherpa-onnx-cpu,0.1168,405.84765625,0.09090909090909091,0.022727272727272728,,0.037013269954446426,,eval_data\mixed_vivos\vi_VIVOSDEV18_252_impulsive_15.wav,,,
vivos/zipformer-vi-30m-sherpa-onnx-cpu,vi-asr-VIVOSDEV18_252-impulsive-10,ASR,vi,,10.0,impulsive,zipformer-vi-30m-sherpa-onnx-cpu,0.1397,405.84765625,0.09090909090909091,0.022727272727272728,,0.044270152505446615,,eval_data\mixed_vivos\vi_VIVOSDEV18_252_impulsive_10.wav,,,
vivos/zipformer-vi-30m-sherpa-onnx-cpu,vi-asr-VIVOSDEV18_252-impulsive-5,ASR,vi,,5.0,impulsive,zipformer-vi-30m-sherpa-onnx-cpu,0.1737,405.84765625,0.09090909090909091,0.022727272727272728,,0.05504456327985739,,eval_data\mixed_vivos\vi_VIVOSDEV18_252_impulsive_5.wav,,,
vivos/zipformer-vi-30m-sherpa-onnx-cpu,vi-asr-VIVOSDEV18_252-impulsive-0,ASR,vi,,0.0,impulsive,zipformer-vi-30m-sherpa-onnx-cpu,0.1393,405.84765625,0.09090909090909091,0.022727272727272728,,0.04414339473163002,,eval_data\mixed_vivos\vi_VIVOSDEV18_252_impulsive_0.wav,,,
vivos/zipformer-vi-30m-sherpa-onnx-cpu,vi-asr-VIVOSDEV18_280-clean,ASR,vi,,,clean,zipformer-vi-30m-sherpa-onnx-cpu,0.1386,405.84765625,0.0,0.0,,0.04719301979144499,,eval_data\mixed_vivos\vi_VIVOSDEV18_280_clean.wav,,,
vivos/zipformer-vi-30m-sherpa-onnx-cpu,vi-asr-VIVOSDEV18_280-steady-15,ASR,vi,,15.0,steady,zipformer-vi-30m-sherpa-onnx-cpu,0.1395,405.8515625,0.0,0.0,,0.04749946797190892,,eval_data\mixed_vivos\vi_VIVOSDEV18_280_steady_15.wav,,,
vivos/zipformer-vi-30m-sherpa-onnx-cpu,vi-asr-VIVOSDEV18_280-steady-10,ASR,vi,,10.0,steady,zipformer-vi-30m-sherpa-onnx-cpu,0.1252,405.8515625,0.0,0.0,,0.04263034688231539,,eval_data\mixed_vivos\vi_VIVOSDEV18_280_steady_10.wav,,,
vivos/zipformer-vi-30m-sherpa-onnx-cpu,vi-asr-VIVOSDEV18_280-steady-5,ASR,vi,,5.0,steady,zipformer-vi-30m-sherpa-onnx-cpu,0.1351,405.8515625,0.08333333333333333,0.017857142857142856,,0.046001276867418596,,eval_data\mixed_vivos\vi_VIVOSDEV18_280_steady_5.wav,,,
vivos/zipformer-vi-30m-sherpa-onnx-cpu,vi-asr-VIVOSDEV18_280-steady-0,ASR,vi,,0.0,steady,zipformer-vi-30m-sherpa-onnx-cpu,0.157,405.8515625,0.25,0.10714285714285714,,0.05345818259204086,,eval_data\mixed_vivos\vi_VIVOSDEV18_280_steady_0.wav,,,
vivos/zipformer-vi-30m-sherpa-onnx-cpu,vi-asr-VIVOSDEV18_280-impulsive-15,ASR,vi,,15.0,impulsive,zipformer-vi-30m-sherpa-onnx-cpu,0.14,405.8515625,0.0,0.0,,0.04766971696105555,,eval_data\mixed_vivos\vi_VIVOSDEV18_280_impulsive_15.wav,,,
vivos/zipformer-vi-30m-sherpa-onnx-cpu,vi-asr-VIVOSDEV18_280-impulsive-10,ASR,vi,,10.0,impulsive,zipformer-vi-30m-sherpa-onnx-cpu,0.1477,405.859375,0.0,0.0,,0.05029155139391359,,eval_data\mixed_vivos\vi_VIVOSDEV18_280_impulsive_10.wav,,,
vivos/zipformer-vi-30m-sherpa-onnx-cpu,vi-asr-VIVOSDEV18_280-impulsive-5,ASR,vi,,5.0,impulsive,zipformer-vi-30m-sherpa-onnx-cpu,0.1282,405.859375,0.08333333333333333,0.05357142857142857,,0.04365184081719515,,eval_data\mixed_vivos\vi_VIVOSDEV18_280_impulsive_5.wav,,,
vivos/zipformer-vi-30m-sherpa-onnx-cpu,vi-asr-VIVOSDEV18_280-impulsive-0,ASR,vi,,0.0,impulsive,zipformer-vi-30m-sherpa-onnx-cpu,0.1302,405.86328125,0.08333333333333333,0.05357142857142857,,0.04433283677378166,,eval_data\mixed_vivos\vi_VIVOSDEV18_280_impulsive_0.wav,,,
vivos/zipformer-vi-30m-sherpa-onnx-cpu,vi-asr-VIVOSDEV19_024-clean,ASR,vi,,,clean,zipformer-vi-30m-sherpa-onnx-cpu,0.1674,405.8984375,0.0,0.0,,0.0428612578012482,,eval_data\mixed_vivos\vi_VIVOSDEV19_024_clean.wav,,,
vivos/zipformer-vi-30m-sherpa-onnx-cpu,vi-asr-VIVOSDEV19_024-steady-15,ASR,vi,,15.0,steady,zipformer-vi-30m-sherpa-onnx-cpu,0.1763,405.90625,0.0,0.0,,0.04514002240358458,,eval_data\mixed_vivos\vi_VIVOSDEV19_024_steady_15.wav,,,
vivos/zipformer-vi-30m-sherpa-onnx-cpu,vi-asr-VIVOSDEV19_024-steady-10,ASR,vi,,10.0,steady,zipformer-vi-30m-sherpa-onnx-cpu,0.1472,405.91015625,0.0,0.0,,0.037689230276844295,,eval_data\mixed_vivos\vi_VIVOSDEV19_024_steady_10.wav,,,
vivos/zipformer-vi-30m-sherpa-onnx-cpu,vi-asr-VIVOSDEV19_024-steady-5,ASR,vi,,5.0,steady,zipformer-vi-30m-sherpa-onnx-cpu,0.1455,405.9140625,0.0,0.0,,0.037253960633701386,,eval_data\mixed_vivos\vi_VIVOSDEV19_024_steady_5.wav,,,
vivos/zipformer-vi-30m-sherpa-onnx-cpu,vi-asr-VIVOSDEV19_024-steady-0,ASR,vi,,0.0,steady,zipformer-vi-30m-sherpa-onnx-cpu,0.1498,405.91796875,0.0,0.0,,0.03835493678988638,,eval_data\mixed_vivos\vi_VIVOSDEV19_024_steady_0.wav,,,
vivos/zipformer-vi-30m-sherpa-onnx-cpu,vi-asr-VIVOSDEV19_024-impulsive-15,ASR,vi,,15.0,impulsive,zipformer-vi-30m-sherpa-onnx-cpu,0.1499,405.92578125,0.0,0.0,,0.038380540886541845,,eval_data\mixed_vivos\vi_VIVOSDEV19_024_impulsive_15.wav,,,
vivos/zipformer-vi-30m-sherpa-onnx-cpu,vi-asr-VIVOSDEV19_024-impulsive-10,ASR,vi,,10.0,impulsive,zipformer-vi-30m-sherpa-onnx-cpu,0.1333,405.9296875,0.0,0.0,,0.03413026084173468,,eval_data\mixed_vivos\vi_VIVOSDEV19_024_impulsive_10.wav,,,
vivos/zipformer-vi-30m-sherpa-onnx-cpu,vi-asr-VIVOSDEV19_024-impulsive-5,ASR,vi,,5.0,impulsive,zipformer-vi-30m-sherpa-onnx-cpu,0.1498,405.9375,0.0,0.0,,0.03835493678988638,,eval_data\mixed_vivos\vi_VIVOSDEV19_024_impulsive_5.wav,,,
vivos/zipformer-vi-30m-sherpa-onnx-cpu,vi-asr-VIVOSDEV19_024-impulsive-0,ASR,vi,,0.0,impulsive,zipformer-vi-30m-sherpa-onnx-cpu,0.1422,405.94140625,0.0,0.0,,0.03640902544407105,,eval_data\mixed_vivos\vi_VIVOSDEV19_024_impulsive_0.wav,,,
vivos/zipformer-vi-30m-sherpa-onnx-cpu,vi-asr-VIVOSDEV19_071-clean,ASR,vi,,,clean,zipformer-vi-30m-sherpa-onnx-cpu,0.2444,406.81640625,0.07692307692307693,0.017857142857142856,,0.04031755851118672,,eval_data\mixed_vivos\vi_VIVOSDEV19_071_clean.wav,,,
vivos/zipformer-vi-30m-sherpa-onnx-cpu,vi-asr-VIVOSDEV19_071-steady-15,ASR,vi,,15.0,steady,zipformer-vi-30m-sherpa-onnx-cpu,0.229,409.81640625,0.07692307692307693,0.017857142857142856,,0.037777090421692965,,eval_data\mixed_vivos\vi_VIVOSDEV19_071_steady_15.wav,,,
vivos/zipformer-vi-30m-sherpa-onnx-cpu,vi-asr-VIVOSDEV19_071-steady-10,ASR,vi,,10.0,steady,zipformer-vi-30m-sherpa-onnx-cpu,0.2421,409.8203125,0.0,0.0,,0.039938137952366226,,eval_data\mixed_vivos\vi_VIVOSDEV19_071_steady_10.wav,,,
vivos/zipformer-vi-30m-sherpa-onnx-cpu,vi-asr-VIVOSDEV19_071-steady-5,ASR,vi,,5.0,steady,zipformer-vi-30m-sherpa-onnx-cpu,0.2447,409.8203125,0.0,0.0,,0.04036704814929375,,eval_data\mixed_vivos\vi_VIVOSDEV19_071_steady_5.wav,,,
vivos/zipformer-vi-30m-sherpa-onnx-cpu,vi-asr-VIVOSDEV19_071-steady-0,ASR,vi,,0.0,steady,zipformer-vi-30m-sherpa-onnx-cpu,0.2459,409.8203125,0.0,0.0,,0.04056500670172183,,eval_data\mixed_vivos\vi_VIVOSDEV19_071_steady_0.wav,,,
vivos/zipformer-vi-30m-sherpa-onnx-cpu,vi-asr-VIVOSDEV19_071-impulsive-15,ASR,vi,,15.0,impulsive,zipformer-vi-30m-sherpa-onnx-cpu,0.2449,409.8203125,0.07692307692307693,0.017857142857142856,,0.04040004124136509,,eval_data\mixed_vivos\vi_VIVOSDEV19_071_impulsive_15.wav,,,
vivos/zipformer-vi-30m-sherpa-onnx-cpu,vi-asr-VIVOSDEV19_071-impulsive-10,ASR,vi,,10.0,impulsive,zipformer-vi-30m-sherpa-onnx-cpu,0.281,409.84375,0.07692307692307693,0.017857142857142856,,0.04635529436024333,,eval_data\mixed_vivos\vi_VIVOSDEV19_071_impulsive_10.wav,,,
vivos/zipformer-vi-30m-sherpa-onnx-cpu,vi-asr-VIVOSDEV19_071-impulsive-5,ASR,vi,,5.0,impulsive,zipformer-vi-30m-sherpa-onnx-cpu,0.2702,409.84375,0.07692307692307693,0.017857142857142856,,0.04457366738839056,,eval_data\mixed_vivos\vi_VIVOSDEV19_071_impulsive_5.wav,,,
vivos/zipformer-vi-30m-sherpa-onnx-cpu,vi-asr-VIVOSDEV19_071-impulsive-0,ASR,vi,,0.0,impulsive,zipformer-vi-30m-sherpa-onnx-cpu,0.2434,409.84375,0.07692307692307693,0.017857142857142856,,0.040152593050829986,,eval_data\mixed_vivos\vi_VIVOSDEV19_071_impulsive_0.wav,,,
vivos/zipformer-vi-30m-sherpa-onnx-cpu,vi-asr-VIVOSDEV19_158-clean,ASR,vi,,,clean,zipformer-vi-30m-sherpa-onnx-cpu,0.1672,409.8671875,0.0,0.0,,0.034747369788284195,,eval_data\mixed_vivos\vi_VIVOSDEV19_158_clean.wav,,,
vivos/zipformer-vi-30m-sherpa-onnx-cpu,vi-asr-VIVOSDEV19_158-steady-15,ASR,vi,,15.0,steady,zipformer-vi-30m-sherpa-onnx-cpu,0.2088,409.8671875,0.0,0.0,,0.04339264839589558,,eval_data\mixed_vivos\vi_VIVOSDEV19_158_steady_15.wav,,,
vivos/zipformer-vi-30m-sherpa-onnx-cpu,vi-asr-VIVOSDEV19_158-steady-10,ASR,vi,,10.0,steady,zipformer-vi-30m-sherpa-onnx-cpu,0.2028,409.8671875,0.0,0.0,,0.04214573321210547,,eval_data\mixed_vivos\vi_VIVOSDEV19_158_steady_10.wav,,,
vivos/zipformer-vi-30m-sherpa-onnx-cpu,vi-asr-VIVOSDEV19_158-steady-5,ASR,vi,,5.0,steady,zipformer-vi-30m-sherpa-onnx-cpu,0.3741,409.8671875,0.0,0.0,,0.07774516170931291,,eval_data\mixed_vivos\vi_VIVOSDEV19_158_steady_5.wav,,,
vivos/zipformer-vi-30m-sherpa-onnx-cpu,vi-asr-VIVOSDEV19_158-steady-0,ASR,vi,,0.0,steady,zipformer-vi-30m-sherpa-onnx-cpu,0.2737,409.8671875,0.09090909090909091,0.10204081632653061,,0.05688011430055852,,eval_data\mixed_vivos\vi_VIVOSDEV19_158_steady_0.wav,,,
vivos/zipformer-vi-30m-sherpa-onnx-cpu,vi-asr-VIVOSDEV19_158-impulsive-15,ASR,vi,,15.0,impulsive,zipformer-vi-30m-sherpa-onnx-cpu,0.2142,409.8671875,0.09090909090909091,0.10204081632653061,,0.044514872061306665,,eval_data\mixed_vivos\vi_VIVOSDEV19_158_impulsive_15.wav,,,
vivos/zipformer-vi-30m-sherpa-onnx-cpu,vi-asr-VIVOSDEV19_158-impulsive-10,ASR,vi,,10.0,impulsive,zipformer-vi-30m-sherpa-onnx-cpu,0.2295,409.8671875,0.09090909090909091,0.10204081632653061,,0.04769450577997143,,eval_data\mixed_vivos\vi_VIVOSDEV19_158_impulsive_10.wav,,,
vivos/zipformer-vi-30m-sherpa-onnx-cpu,vi-asr-VIVOSDEV19_158-impulsive-5,ASR,vi,,5.0,impulsive,zipformer-vi-30m-sherpa-onnx-cpu,0.1755,409.87109375,0.09090909090909091,0.10204081632653061,,0.036472269125860504,,eval_data\mixed_vivos\vi_VIVOSDEV19_158_impulsive_5.wav,,,
vivos/zipformer-vi-30m-sherpa-onnx-cpu,vi-asr-VIVOSDEV19_158-impulsive-0,ASR,vi,,0.0,impulsive,zipformer-vi-30m-sherpa-onnx-cpu,0.2211,409.87109375,0.09090909090909091,0.10204081632653061,,0.045948824522665285,,eval_data\mixed_vivos\vi_VIVOSDEV19_158_impulsive_0.wav,,,
vivos/zipformer-vi-30m-sherpa-onnx-cpu,vi-asr-VIVOSDEV19_222-clean,ASR,vi,,,clean,zipformer-vi-30m-sherpa-onnx-cpu,0.2999,409.87109375,0.0,0.0,,0.04947314156098567,,eval_data\mixed_vivos\vi_VIVOSDEV19_222_clean.wav,,,
vivos/zipformer-vi-30m-sherpa-onnx-cpu,vi-asr-VIVOSDEV19_222-steady-15,ASR,vi,,15.0,steady,zipformer-vi-30m-sherpa-onnx-cpu,0.3063,409.875,0.0,0.0,,0.050528920507268794,,eval_data\mixed_vivos\vi_VIVOSDEV19_222_steady_15.wav,,,
vivos/zipformer-vi-30m-sherpa-onnx-cpu,vi-asr-VIVOSDEV19_222-steady-10,ASR,vi,,10.0,steady,zipformer-vi-30m-sherpa-onnx-cpu,0.2831,409.875,0.07142857142857142,0.016666666666666666,,0.046701721826992476,,eval_data\mixed_vivos\vi_VIVOSDEV19_222_steady_10.wav,,,
vivos/zipformer-vi-30m-sherpa-onnx-cpu,vi-asr-VIVOSDEV19_222-steady-5,ASR,vi,,5.0,steady,zipformer-vi-30m-sherpa-onnx-cpu,0.2575,409.87890625,0.07142857142857142,0.016666666666666666,,0.04247860604185999,,eval_data\mixed_vivos\vi_VIVOSDEV19_222_steady_5.wav,,,
vivos/zipformer-vi-30m-sherpa-onnx-cpu,vi-asr-VIVOSDEV19_222-steady-0,ASR,vi,,0.0,steady,zipformer-vi-30m-sherpa-onnx-cpu,0.2372,409.87890625,0.07142857142857142,0.06666666666666667,,0.03912980719661821,,eval_data\mixed_vivos\vi_VIVOSDEV19_222_steady_0.wav,,,
vivos/zipformer-vi-30m-sherpa-onnx-cpu,vi-asr-VIVOSDEV19_222-impulsive-15,ASR,vi,,15.0,impulsive,zipformer-vi-30m-sherpa-onnx-cpu,0.268,409.87890625,0.0,0.0,,0.04421074337560574,,eval_data\mixed_vivos\vi_VIVOSDEV19_222_impulsive_15.wav,,,
vivos/zipformer-vi-30m-sherpa-onnx-cpu,vi-asr-VIVOSDEV19_222-impulsive-10,ASR,vi,,10.0,impulsive,zipformer-vi-30m-sherpa-onnx-cpu,0.24,409.87890625,0.0,0.0,,0.039591710485617077,,eval_data\mixed_vivos\vi_VIVOSDEV19_222_impulsive_10.wav,,,
vivos/zipformer-vi-30m-sherpa-onnx-cpu,vi-asr-VIVOSDEV19_222-impulsive-5,ASR,vi,,5.0,impulsive,zipformer-vi-30m-sherpa-onnx-cpu,0.2374,409.87890625,0.0,0.0,,0.039162800288689556,,eval_data\mixed_vivos\vi_VIVOSDEV19_222_impulsive_5.wav,,,
vivos/zipformer-vi-30m-sherpa-onnx-cpu,vi-asr-VIVOSDEV19_222-impulsive-0,ASR,vi,,0.0,impulsive,zipformer-vi-30m-sherpa-onnx-cpu,0.2334,409.87890625,0.0,0.0,,0.0385029384472626,,eval_data\mixed_vivos\vi_VIVOSDEV19_222_impulsive_0.wav,,,
vivos/zipformer-vi-30m-sherpa-onnx-cpu,vi-asr-VIVOSDEV19_262-clean,ASR,vi,,,clean,zipformer-vi-30m-sherpa-onnx-cpu,0.2035,409.87890625,0.0,0.0,,0.04371056517653376,,eval_data\mixed_vivos\vi_VIVOSDEV19_262_clean.wav,,,
vivos/zipformer-vi-30m-sherpa-onnx-cpu,vi-asr-VIVOSDEV19_262-steady-15,ASR,vi,,15.0,steady,zipformer-vi-30m-sherpa-onnx-cpu,0.1817,409.87890625,0.0,0.0,,0.03902805745737683,,eval_data\mixed_vivos\vi_VIVOSDEV19_262_steady_15.wav,,,
vivos/zipformer-vi-30m-sherpa-onnx-cpu,vi-asr-VIVOSDEV19_262-steady-10,ASR,vi,,10.0,steady,zipformer-vi-30m-sherpa-onnx-cpu,0.1992,409.87890625,0.0,0.0,,0.04278695126862666,,eval_data\mixed_vivos\vi_VIVOSDEV19_262_steady_10.wav,,,
vivos/zipformer-vi-30m-sherpa-onnx-cpu,vi-asr-VIVOSDEV19_262-steady-5,ASR,vi,,5.0,steady,zipformer-vi-30m-sherpa-onnx-cpu,0.1969,409.890625,0.0,0.0,,0.0422929252248624,,eval_data\mixed_vivos\vi_VIVOSDEV19_262_steady_5.wav,,,
vivos/zipformer-vi-30m-sherpa-onnx-cpu,vi-asr-VIVOSDEV19_262-steady-0,ASR,vi,,0.0,steady,zipformer-vi-30m-sherpa-onnx-cpu,0.1772,409.890625,0.15384615384615385,0.05084745762711865,,0.038061484763055445,,eval_data\mixed_vivos\vi_VIVOSDEV19_262_steady_0.wav,,,
vivos/zipformer-vi-30m-sherpa-onnx-cpu,vi-asr-VIVOSDEV19_262-impulsive-15,ASR,vi,,15.0,impulsive,zipformer-vi-30m-sherpa-onnx-cpu,0.1805,409.890625,0.0,0.0,,0.03877030473889113,,eval_data\mixed_vivos\vi_VIVOSDEV19_262_impulsive_15.wav,,,
vivos/zipformer-vi-30m-sherpa-onnx-cpu,vi-asr-VIVOSDEV19_262-impulsive-10,ASR,vi,,10.0,impulsive,zipformer-vi-30m-sherpa-onnx-cpu,0.2056,409.890625,0.0,0.0,,0.04416163243388375,,eval_data\mixed_vivos\vi_VIVOSDEV19_262_impulsive_10.wav,,,
vivos/zipformer-vi-30m-sherpa-onnx-cpu,vi-asr-VIVOSDEV19_262-impulsive-5,ASR,vi,,5.0,impulsive,zipformer-vi-30m-sherpa-onnx-cpu,0.1535,409.890625,0.0,0.0,,0.032970868572962816,,eval_data\mixed_vivos\vi_VIVOSDEV19_262_impulsive_5.wav,,,
vivos/zipformer-vi-30m-sherpa-onnx-cpu,vi-asr-VIVOSDEV19_262-impulsive-0,ASR,vi,,0.0,impulsive,zipformer-vi-30m-sherpa-onnx-cpu,0.1822,409.890625,0.0,0.0,,0.03913545442341254,,eval_data\mixed_vivos\vi_VIVOSDEV19_262_impulsive_0.wav,,,
